company,statement,csv_row,line_item,occurrence,currency,value_kind,unit_multiplier,period_end,published_value,expected_from_lineage,lineage_matches,output_status,winning_report_year,winning_document_id,source_page,reported_label,raw_value
nestle,income_statement,2,Sales,1,CHF,currency,1000000,2016-12-31,89469,89469,1,matched,2017,8f47cb3d59aadd3895be903f5ae082ad2371dd3bf9f419c5a854f7af3be3e35a,8,Sales,89 469
nestle,income_statement,2,Sales,1,CHF,currency,1000000,2017-12-31,89791,89791,1,matched,2017,8f47cb3d59aadd3895be903f5ae082ad2371dd3bf9f419c5a854f7af3be3e35a,8,Sales,89 791
nestle,income_statement,2,Sales,1,CHF,currency,1000000,2018-12-31,91439,91439,1,matched,2019,9df923d9549e016108620003feebc27fff33b03444fd75872c1609b191236410,6,Sales,91 439
nestle,income_statement,2,Sales,1,CHF,currency,1000000,2019-12-31,92568,92568,1,matched,2019,9df923d9549e016108620003feebc27fff33b03444fd75872c1609b191236410,6,Sales,92 568
nestle,income_statement,2,Sales,1,CHF,currency,1000000,2020-12-31,84343,84343,1,matched,2021,612204283a79b31191a40cf4d71d2b78b08cd33b7776e55a492b711e2f028faf,6,Sales,84 343
nestle,income_statement,2,Sales,1,CHF,currency,1000000,2021-12-31,87088,87088,1,matched,2021,612204283a79b31191a40cf4d71d2b78b08cd33b7776e55a492b711e2f028faf,6,Sales,87 088
nestle,income_statement,2,Sales,1,CHF,currency,1000000,2022-12-31,94424,94424,1,matched,2023,b4b71d8027210bcc31361bee01b94c6e6af0c4d92a91c0fa356f584af497d6af,6,Sales,94 424
nestle,income_statement,2,Sales,1,CHF,currency,1000000,2023-12-31,92998,92998,1,matched,2023,b4b71d8027210bcc31361bee01b94c6e6af0c4d92a91c0fa356f584af497d6af,6,Sales,92 998
nestle,income_statement,2,Sales,1,CHF,currency,1000000,2024-12-31,91354,91354,1,matched,2025,8045fcce3038da3d3bef927fecfcf2091706f1a481016a282afcfa9de52778a4,6,Sales,91 354
nestle,income_statement,2,Sales,1,CHF,currency,1000000,2025-12-31,89490,89490,1,matched,2025,8045fcce3038da3d3bef927fecfcf2091706f1a481016a282afcfa9de52778a4,6,Sales,89 490
nestle,income_statement,3,Other revenue,1,CHF,currency,1000000,2016-12-31,317,317,1,matched,2017,8f47cb3d59aadd3895be903f5ae082ad2371dd3bf9f419c5a854f7af3be3e35a,8,Other revenue,317
nestle,income_statement,3,Other revenue,1,CHF,currency,1000000,2017-12-31,330,330,1,matched,2017,8f47cb3d59aadd3895be903f5ae082ad2371dd3bf9f419c5a854f7af3be3e35a,8,Other revenue,330
nestle,income_statement,3,Other revenue,1,CHF,currency,1000000,2018-12-31,311,311,1,matched,2019,9df923d9549e016108620003feebc27fff33b03444fd75872c1609b191236410,6,Other revenue,311
nestle,income_statement,3,Other revenue,1,CHF,currency,1000000,2019-12-31,297,297,1,matched,2019,9df923d9549e016108620003feebc27fff33b03444fd75872c1609b191236410,6,Other revenue,297
nestle,income_statement,3,Other revenue,1,CHF,currency,1000000,2020-12-31,338,338,1,matched,2021,612204283a79b31191a40cf4d71d2b78b08cd33b7776e55a492b711e2f028faf,6,Other revenue,338
nestle,income_statement,3,Other revenue,1,CHF,currency,1000000,2021-12-31,382,382,1,matched,2021,612204283a79b31191a40cf4d71d2b78b08cd33b7776e55a492b711e2f028faf,6,Other revenue,382
nestle,income_statement,3,Other revenue,1,CHF,currency,1000000,2022-12-31,356,356,1,matched,2023,b4b71d8027210bcc31361bee01b94c6e6af0c4d92a91c0fa356f584af497d6af,6,Other revenue,356
nestle,income_statement,3,Other revenue,1,CHF,currency,1000000,2023-12-31,353,353,1,matched,2023,b4b71d8027210bcc31361bee01b94c6e6af0c4d92a91c0fa356f584af497d6af,6,Other revenue,353
nestle,income_statement,3,Other revenue,1,CHF,currency,1000000,2024-12-31,366,366,1,matched,2025,8045fcce3038da3d3bef927fecfcf2091706f1a481016a282afcfa9de52778a4,6,Other revenue,366
nestle,income_statement,3,Other revenue,1,CHF,currency,1000000,2025-12-31,395,395,1,matched,2025,8045fcce3038da3d3bef927fecfcf2091706f1a481016a282afcfa9de52778a4,6,Other revenue,395
nestle,income_statement,4,Cost of goods sold,1,CHF,currency,1000000,2016-12-31,-44199,-44199,1,matched,2017,8f47cb3d59aadd3895be903f5ae082ad2371dd3bf9f419c5a854f7af3be3e35a,8,Cost of goods sold,(44 199)
nestle,income_statement,4,Cost of goods sold,1,CHF,currency,1000000,2017-12-31,-44923,-44923,1,matched,2017,8f47cb3d59aadd3895be903f5ae082ad2371dd3bf9f419c5a854f7af3be3e35a,8,Cost of goods sold,(44 923)
nestle,income_statement,4,Cost of goods sold,1,CHF,currency,1000000,2018-12-31,-46070,-46070,1,matched,2019,9df923d9549e016108620003feebc27fff33b03444fd75872c1609b191236410,6,Cost of goods sold,(46 070)
nestle,income_statement,4,Cost of goods sold,1,CHF,currency,1000000,2019-12-31,-46647,-46647,1,matched,2019,9df923d9549e016108620003feebc27fff33b03444fd75872c1609b191236410,6,Cost of goods sold,(46 647)
nestle,income_statement,4,Cost of goods sold,1,CHF,currency,1000000,2020-12-31,-42971,-42971,1,matched,2021,612204283a79b31191a40cf4d71d2b78b08cd33b7776e55a492b711e2f028faf,6,Cost of goods sold,(42 971)
nestle,income_statement,4,Cost of goods sold,1,CHF,currency,1000000,2021-12-31,-45468,-45468,1,matched,2021,612204283a79b31191a40cf4d71d2b78b08cd33b7776e55a492b711e2f028faf,6,Cost of goods sold,(45 468)
nestle,income_statement,4,Cost of goods sold,1,CHF,currency,1000000,2022-12-31,-51745,-51745,1,matched,2023,b4b71d8027210bcc31361bee01b94c6e6af0c4d92a91c0fa356f584af497d6af,6,Cost of goods sold,(51 745)
nestle,income_statement,4,Cost of goods sold,1,CHF,currency,1000000,2023-12-31,-50328,-50328,1,matched,2023,b4b71d8027210bcc31361bee01b94c6e6af0c4d92a91c0fa356f584af497d6af,6,Cost of goods sold,(50 328)
nestle,income_statement,4,Cost of goods sold,1,CHF,currency,1000000,2024-12-31,-48670,-48670,1,matched,2025,8045fcce3038da3d3bef927fecfcf2091706f1a481016a282afcfa9de52778a4,6,Cost of goods sold,(48 670)
nestle,income_statement,4,Cost of goods sold,1,CHF,currency,1000000,2025-12-31,-48694,-48694,1,matched,2025,8045fcce3038da3d3bef927fecfcf2091706f1a481016a282afcfa9de52778a4,6,Cost of goods sold,(48 694)
nestle,income_statement,5,Distribution expenses,1,CHF,currency,1000000,2016-12-31,-8059,-8059,1,matched,2017,8f47cb3d59aadd3895be903f5ae082ad2371dd3bf9f419c5a854f7af3be3e35a,8,Distribution expenses,(8 059)
nestle,income_statement,5,Distribution expenses,1,CHF,currency,1000000,2017-12-31,-8205,-8205,1,matched,2017,8f47cb3d59aadd3895be903f5ae082ad2371dd3bf9f419c5a854f7af3be3e35a,8,Distribution expenses,(8 205)
nestle,income_statement,5,Distribution expenses,1,CHF,currency,1000000,2018-12-31,-8469,-8469,1,matched,2019,9df923d9549e016108620003feebc27fff33b03444fd75872c1609b191236410,6,Distribution expenses,(8 469)
nestle,income_statement,5,Distribution expenses,1,CHF,currency,1000000,2019-12-31,-8496,-8496,1,matched,2019,9df923d9549e016108620003feebc27fff33b03444fd75872c1609b191236410,6,Distribution expenses,(8 496)
nestle,income_statement,5,Distribution expenses,1,CHF,currency,1000000,2020-12-31,-7861,-7861,1,matched,2021,612204283a79b31191a40cf4d71d2b78b08cd33b7776e55a492b711e2f028faf,6,Distribution expenses,(7 861)
nestle,income_statement,5,Distribution expenses,1,CHF,currency,1000000,2021-12-31,-7919,-7919,1,matched,2021,612204283a79b31191a40cf4d71d2b78b08cd33b7776e55a492b711e2f028faf,6,Distribution expenses,(7 919)
nestle,income_statement,5,Distribution expenses,1,CHF,currency,1000000,2022-12-31,-8386,-8386,1,matched,2023,b4b71d8027210bcc31361bee01b94c6e6af0c4d92a91c0fa356f584af497d6af,6,Distribution expenses,(8 386)
nestle,income_statement,5,Distribution expenses,1,CHF,currency,1000000,2023-12-31,-7765,-7765,1,matched,2023,b4b71d8027210bcc31361bee01b94c6e6af0c4d92a91c0fa356f584af497d6af,6,Distribution expenses,(7 765)
nestle,income_statement,5,Distribution expenses,1,CHF,currency,1000000,2024-12-31,-7567,-7567,1,matched,2025,8045fcce3038da3d3bef927fecfcf2091706f1a481016a282afcfa9de52778a4,6,Distribution expenses,(7 567)
nestle,income_statement,5,Distribution expenses,1,CHF,currency,1000000,2025-12-31,-7306,-7306,1,matched,2025,8045fcce3038da3d3bef927fecfcf2091706f1a481016a282afcfa9de52778a4,6,Distribution expenses,(7 306)
nestle,income_statement,6,Marketing and administration expenses,1,CHF,currency,1000000,2016-12-31,-21485,-21485,1,matched,2017,8f47cb3d59aadd3895be903f5ae082ad2371dd3bf9f419c5a854f7af3be3e35a,8,Marketing and administration expenses,(21 485)
nestle,income_statement,6,Marketing and administration expenses,1,CHF,currency,1000000,2017-12-31,-20540,-20540,1,matched,2017,8f47cb3d59aadd3895be903f5ae082ad2371dd3bf9f419c5a854f7af3be3e35a,8,Marketing and administration expenses,(20 540)
nestle,income_statement,6,Marketing and administration expenses,1,CHF,currency,1000000,2018-12-31,-20003,-20003,1,matched,2019,9df923d9549e016108620003feebc27fff33b03444fd75872c1609b191236410,6,Marketing and administration expenses,(20 003)
nestle,income_statement,6,Marketing and administration expenses,1,CHF,currency,1000000,2019-12-31,-19790,-19790,1,matched,2019,9df923d9549e016108620003feebc27fff33b03444fd75872c1609b191236410,6,Marketing and administration expenses,(19 790)
nestle,income_statement,6,Marketing and administration expenses,1,CHF,currency,1000000,2020-12-31,-17370,-17370,1,matched,2021,612204283a79b31191a40cf4d71d2b78b08cd33b7776e55a492b711e2f028faf,6,Marketing and administration expenses,(17 370)
nestle,income_statement,6,Marketing and administration expenses,1,CHF,currency,1000000,2021-12-31,-17294,-17294,1,matched,2021,612204283a79b31191a40cf4d71d2b78b08cd33b7776e55a492b711e2f028faf,6,Marketing and administration expenses,(17 294)
nestle,income_statement,6,Marketing and administration expenses,1,CHF,currency,1000000,2022-12-31,-16850,-16850,1,matched,2023,b4b71d8027210bcc31361bee01b94c6e6af0c4d92a91c0fa356f584af497d6af,6,Marketing and administration expenses,(16 850)
nestle,income_statement,6,Marketing and administration expenses,1,CHF,currency,1000000,2023-12-31,-17549,-17549,1,matched,2023,b4b71d8027210bcc31361bee01b94c6e6af0c4d92a91c0fa356f584af497d6af,6,Marketing and administration expenses,(17 549)
nestle,income_statement,6,Marketing and administration expenses,1,CHF,currency,1000000,2024-12-31,-18112,-18112,1,matched,2025,8045fcce3038da3d3bef927fecfcf2091706f1a481016a282afcfa9de52778a4,6,Marketing and administration expenses,(18 112)
nestle,income_statement,6,Marketing and administration expenses,1,CHF,currency,1000000,2025-12-31,-17883,-17883,1,matched,2025,8045fcce3038da3d3bef927fecfcf2091706f1a481016a282afcfa9de52778a4,6,Marketing and administration expenses,(17 883)
nestle,income_statement,7,Research and development costs,1,CHF,currency,1000000,2016-12-31,-1736,-1736,1,matched,2017,8f47cb3d59aadd3895be903f5ae082ad2371dd3bf9f419c5a854f7af3be3e35a,8,Research and development costs,(1 736)
nestle,income_statement,7,Research and development costs,1,CHF,currency,1000000,2017-12-31,-1724,-1724,1,matched,2017,8f47cb3d59aadd3895be903f5ae082ad2371dd3bf9f419c5a854f7af3be3e35a,8,Research and development costs,(1 724)
nestle,income_statement,7,Research and development costs,1,CHF,currency,1000000,2018-12-31,-1687,-1687,1,matched,2019,9df923d9549e016108620003feebc27fff33b03444fd75872c1609b191236410,6,Research and development costs,(1 687)
nestle,income_statement,7,Research and development costs,1,CHF,currency,1000000,2019-12-31,-1672,-1672,1,matched,2019,9df923d9549e016108620003feebc27fff33b03444fd75872c1609b191236410,6,Research and development costs,(1 672)
nestle,income_statement,7,Research and development costs,1,CHF,currency,1000000,2020-12-31,-1576,-1576,1,matched,2021,612204283a79b31191a40cf4d71d2b78b08cd33b7776e55a492b711e2f028faf,6,Research and development costs,(1 576)
nestle,income_statement,7,Research and development costs,1,CHF,currency,1000000,2021-12-31,-1670,-1670,1,matched,2021,612204283a79b31191a40cf4d71d2b78b08cd33b7776e55a492b711e2f028faf,6,Research and development costs,(1 670)
nestle,income_statement,7,Research and development costs,1,CHF,currency,1000000,2022-12-31,-1696,-1696,1,matched,2023,b4b71d8027210bcc31361bee01b94c6e6af0c4d92a91c0fa356f584af497d6af,6,Research and development costs,(1 696)
nestle,income_statement,7,Research and development costs,1,CHF,currency,1000000,2023-12-31,-1656,-1656,1,matched,2023,b4b71d8027210bcc31361bee01b94c6e6af0c4d92a91c0fa356f584af497d6af,6,Research and development costs,(1 656)
nestle,income_statement,7,Research and development costs,1,CHF,currency,1000000,2024-12-31,-1667,-1667,1,matched,2025,8045fcce3038da3d3bef927fecfcf2091706f1a481016a282afcfa9de52778a4,6,Research and development costs,(1 667)
nestle,income_statement,7,Research and development costs,1,CHF,currency,1000000,2025-12-31,-1613,-1613,1,matched,2025,8045fcce3038da3d3bef927fecfcf2091706f1a481016a282afcfa9de52778a4,6,Research and development costs,(1 613)
nestle,income_statement,8,Other trading income,1,CHF,currency,1000000,2016-12-31,99,99,1,matched,2017,8f47cb3d59aadd3895be903f5ae082ad2371dd3bf9f419c5a854f7af3be3e35a,8,Other trading income,99
nestle,income_statement,8,Other trading income,1,CHF,currency,1000000,2017-12-31,111,111,1,matched,2017,8f47cb3d59aadd3895be903f5ae082ad2371dd3bf9f419c5a854f7af3be3e35a,8,Other trading income,111
nestle,income_statement,8,Other trading income,1,CHF,currency,1000000,2018-12-31,37,37,1,matched,2019,9df923d9549e016108620003feebc27fff33b03444fd75872c1609b191236410,6,Other trading income,37
nestle,income_statement,8,Other trading income,1,CHF,currency,1000000,2019-12-31,163,163,1,matched,2019,9df923d9549e016108620003feebc27fff33b03444fd75872c1609b191236410,6,Other trading income,163
nestle,income_statement,8,Other trading income,1,CHF,currency,1000000,2020-12-31,238,238,1,matched,2021,612204283a79b31191a40cf4d71d2b78b08cd33b7776e55a492b711e2f028faf,6,Other trading income,238
nestle,income_statement,8,Other trading income,1,CHF,currency,1000000,2021-12-31,171,171,1,matched,2021,612204283a79b31191a40cf4d71d2b78b08cd33b7776e55a492b711e2f028faf,6,Other trading income,171
nestle,income_statement,8,Other trading income,1,CHF,currency,1000000,2022-12-31,107,107,1,matched,2023,b4b71d8027210bcc31361bee01b94c6e6af0c4d92a91c0fa356f584af497d6af,6,Other trading income,107
nestle,income_statement,8,Other trading income,1,CHF,currency,1000000,2023-12-31,132,132,1,matched,2023,b4b71d8027210bcc31361bee01b94c6e6af0c4d92a91c0fa356f584af497d6af,6,Other trading income,132
nestle,income_statement,8,Other trading income,1,CHF,currency,1000000,2024-12-31,124,124,1,matched,2025,8045fcce3038da3d3bef927fecfcf2091706f1a481016a282afcfa9de52778a4,6,Other trading income,124
nestle,income_statement,8,Other trading income,1,CHF,currency,1000000,2025-12-31,135,135,1,matched,2025,8045fcce3038da3d3bef927fecfcf2091706f1a481016a282afcfa9de52778a4,6,Other trading income,135
nestle,income_statement,9,Other trading expenses,1,CHF,currency,1000000,2016-12-31,-713,-713,1,matched,2017,8f47cb3d59aadd3895be903f5ae082ad2371dd3bf9f419c5a854f7af3be3e35a,8,Other trading expenses,(713)
nestle,income_statement,9,Other trading expenses,1,CHF,currency,1000000,2017-12-31,-1607,-1607,1,matched,2017,8f47cb3d59aadd3895be903f5ae082ad2371dd3bf9f419c5a854f7af3be3e35a,8,Other trading expenses,(1 607)
nestle,income_statement,9,Other trading expenses,1,CHF,currency,1000000,2018-12-31,-1769,-1769,1,matched,2019,9df923d9549e016108620003feebc27fff33b03444fd75872c1609b191236410,6,Other trading expenses,(1 769)
nestle,income_statement,9,Other trading expenses,1,CHF,currency,1000000,2019-12-31,-2749,-2749,1,matched,2019,9df923d9549e016108620003feebc27fff33b03444fd75872c1609b191236410,6,Other trading expenses,(2 749)
nestle,income_statement,9,Other trading expenses,1,CHF,currency,1000000,2020-12-31,-908,-908,1,matched,2021,612204283a79b31191a40cf4d71d2b78b08cd33b7776e55a492b711e2f028faf,6,Other trading expenses,(908)
nestle,income_statement,9,Other trading expenses,1,CHF,currency,1000000,2021-12-31,-3131,-3131,1,matched,2021,612204283a79b31191a40cf4d71d2b78b08cd33b7776e55a492b711e2f028faf,6,Other trading expenses,(3 131)
nestle,income_statement,9,Other trading expenses,1,CHF,currency,1000000,2022-12-31,-3015,-3015,1,matched,2023,b4b71d8027210bcc31361bee01b94c6e6af0c4d92a91c0fa356f584af497d6af,6,Other trading expenses,(3 015)
nestle,income_statement,9,Other trading expenses,1,CHF,currency,1000000,2023-12-31,-1665,-1665,1,matched,2023,b4b71d8027210bcc31361bee01b94c6e6af0c4d92a91c0fa356f584af497d6af,6,Other trading expenses,(1 665)
nestle,income_statement,9,Other trading expenses,1,CHF,currency,1000000,2024-12-31,-1195,-1195,1,matched,2025,8045fcce3038da3d3bef927fecfcf2091706f1a481016a282afcfa9de52778a4,6,Other trading expenses,(1 195)
nestle,income_statement,9,Other trading expenses,1,CHF,currency,1000000,2025-12-31,-1849,-1849,1,matched,2025,8045fcce3038da3d3bef927fecfcf2091706f1a481016a282afcfa9de52778a4,6,Other trading expenses,(1 849)
nestle,income_statement,10,Trading operating profit,1,CHF,currency,1000000,2016-12-31,13693,13693,1,matched,2017,8f47cb3d59aadd3895be903f5ae082ad2371dd3bf9f419c5a854f7af3be3e35a,8,Trading operating proﬁt,13 693
nestle,income_statement,10,Trading operating profit,1,CHF,currency,1000000,2017-12-31,13233,13233,1,matched,2017,8f47cb3d59aadd3895be903f5ae082ad2371dd3bf9f419c5a854f7af3be3e35a,8,Trading operating proﬁt,13 233
nestle,income_statement,10,Trading operating profit,1,CHF,currency,1000000,2018-12-31,13789,13789,1,matched,2019,9df923d9549e016108620003feebc27fff33b03444fd75872c1609b191236410,6,Trading operating profit,13 789
nestle,income_statement,10,Trading operating profit,1,CHF,currency,1000000,2019-12-31,13674,13674,1,matched,2019,9df923d9549e016108620003feebc27fff33b03444fd75872c1609b191236410,6,Trading operating profit,13 674
nestle,income_statement,10,Trading operating profit,1,CHF,currency,1000000,2020-12-31,14233,14233,1,matched,2021,612204283a79b31191a40cf4d71d2b78b08cd33b7776e55a492b711e2f028faf,6,Trading operating profit,14 233
nestle,income_statement,10,Trading operating profit,1,CHF,currency,1000000,2021-12-31,12159,12159,1,matched,2021,612204283a79b31191a40cf4d71d2b78b08cd33b7776e55a492b711e2f028faf,6,Trading operating profit,12 159
nestle,income_statement,10,Trading operating profit,1,CHF,currency,1000000,2022-12-31,13195,13195,1,matched,2023,b4b71d8027210bcc31361bee01b94c6e6af0c4d92a91c0fa356f584af497d6af,6,Trading operating profit,13 195
nestle,income_statement,10,Trading operating profit,1,CHF,currency,1000000,2023-12-31,14520,14520,1,matched,2023,b4b71d8027210bcc31361bee01b94c6e6af0c4d92a91c0fa356f584af497d6af,6,Trading operating profit,14 520
nestle,income_statement,10,Trading operating profit,1,CHF,currency,1000000,2024-12-31,14633,14633,1,matched,2025,8045fcce3038da3d3bef927fecfcf2091706f1a481016a282afcfa9de52778a4,6,Trading operating profit,14 633
nestle,income_statement,10,Trading operating profit,1,CHF,currency,1000000,2025-12-31,12675,12675,1,matched,2025,8045fcce3038da3d3bef927fecfcf2091706f1a481016a282afcfa9de52778a4,6,Trading operating profit,12 675
nestle,income_statement,11,Other operating income,1,CHF,currency,1000000,2016-12-31,354,354,1,matched,2017,8f47cb3d59aadd3895be903f5ae082ad2371dd3bf9f419c5a854f7af3be3e35a,8,Other operating income,354
nestle,income_statement,11,Other operating income,1,CHF,currency,1000000,2017-12-31,379,379,1,matched,2017,8f47cb3d59aadd3895be903f5ae082ad2371dd3bf9f419c5a854f7af3be3e35a,8,Other operating income,379
nestle,income_statement,11,Other operating income,1,CHF,currency,1000000,2018-12-31,2535,2535,1,matched,2019,9df923d9549e016108620003feebc27fff33b03444fd75872c1609b191236410,6,Other operating income,2 535
nestle,income_statement,11,Other operating income,1,CHF,currency,1000000,2019-12-31,3717,3717,1,matched,2019,9df923d9549e016108620003feebc27fff33b03444fd75872c1609b191236410,6,Other operating income,3 717
nestle,income_statement,11,Other operating income,1,CHF,currency,1000000,2020-12-31,1919,1919,1,matched,2021,612204283a79b31191a40cf4d71d2b78b08cd33b7776e55a492b711e2f028faf,6,Other operating income,1 919
nestle,income_statement,11,Other operating income,1,CHF,currency,1000000,2021-12-31,698,698,1,matched,2021,612204283a79b31191a40cf4d71d2b78b08cd33b7776e55a492b711e2f028faf,6,Other operating income,698
nestle,income_statement,11,Other operating income,1,CHF,currency,1000000,2022-12-31,340,340,1,matched,2023,b4b71d8027210bcc31361bee01b94c6e6af0c4d92a91c0fa356f584af497d6af,6,Other operating income,340
nestle,income_statement,11,Other operating income,1,CHF,currency,1000000,2023-12-31,298,298,1,matched,2023,b4b71d8027210bcc31361bee01b94c6e6af0c4d92a91c0fa356f584af497d6af,6,Other operating income,298
nestle,income_statement,11,Other operating income,1,CHF,currency,1000000,2024-12-31,474,474,1,matched,2025,8045fcce3038da3d3bef927fecfcf2091706f1a481016a282afcfa9de52778a4,6,Other operating income,474
nestle,income_statement,11,Other operating income,1,CHF,currency,1000000,2025-12-31,253,253,1,matched,2025,8045fcce3038da3d3bef927fecfcf2091706f1a481016a282afcfa9de52778a4,6,Other operating income,253
nestle,income_statement,12,Other operating expenses,1,CHF,currency,1000000,2016-12-31,-884,-884,1,matched,2017,8f47cb3d59aadd3895be903f5ae082ad2371dd3bf9f419c5a854f7af3be3e35a,8,Other operating expenses,(884)
nestle,income_statement,12,Other operating expenses,1,CHF,currency,1000000,2017-12-31,-3500,-3500,1,matched,2017,8f47cb3d59aadd3895be903f5ae082ad2371dd3bf9f419c5a854f7af3be3e35a,8,Other operating expenses,(3 500)
nestle,income_statement,12,Other operating expenses,1,CHF,currency,1000000,2018-12-31,-2572,-2572,1,matched,2019,9df923d9549e016108620003feebc27fff33b03444fd75872c1609b191236410,6,Other operating expenses,(2 572)
nestle,income_statement,12,Other operating expenses,1,CHF,currency,1000000,2019-12-31,-1313,-1313,1,matched,2019,9df923d9549e016108620003feebc27fff33b03444fd75872c1609b191236410,6,Other operating expenses,(1 313)
nestle,income_statement,12,Other operating expenses,1,CHF,currency,1000000,2020-12-31,-1356,-1356,1,matched,2021,612204283a79b31191a40cf4d71d2b78b08cd33b7776e55a492b711e2f028faf,6,Other operating expenses,(1 356)
nestle,income_statement,12,Other operating expenses,1,CHF,currency,1000000,2021-12-31,-1178,-1178,1,matched,2021,612204283a79b31191a40cf4d71d2b78b08cd33b7776e55a492b711e2f028faf,6,Other operating expenses,(1 178)
nestle,income_statement,12,Other operating expenses,1,CHF,currency,1000000,2022-12-31,-1209,-1209,1,matched,2023,b4b71d8027210bcc31361bee01b94c6e6af0c4d92a91c0fa356f584af497d6af,6,Other operating expenses,(1 209)
nestle,income_statement,12,Other operating expenses,1,CHF,currency,1000000,2023-12-31,-755,-755,1,matched,2023,b4b71d8027210bcc31361bee01b94c6e6af0c4d92a91c0fa356f584af497d6af,6,Other operating expenses,(755)
nestle,income_statement,12,Other operating expenses,1,CHF,currency,1000000,2024-12-31,-383,-383,1,matched,2025,8045fcce3038da3d3bef927fecfcf2091706f1a481016a282afcfa9de52778a4,6,Other operating expenses,(383)
nestle,income_statement,12,Other operating expenses,1,CHF,currency,1000000,2025-12-31,-651,-651,1,matched,2025,8045fcce3038da3d3bef927fecfcf2091706f1a481016a282afcfa9de52778a4,6,Other operating expenses,(651)
nestle,income_statement,13,Operating profit,1,CHF,currency,1000000,2016-12-31,13163,13163,1,matched,2017,8f47cb3d59aadd3895be903f5ae082ad2371dd3bf9f419c5a854f7af3be3e35a,8,Operating proﬁt,13 163
nestle,income_statement,13,Operating profit,1,CHF,currency,1000000,2017-12-31,10112,10112,1,matched,2017,8f47cb3d59aadd3895be903f5ae082ad2371dd3bf9f419c5a854f7af3be3e35a,8,Operating proﬁt,10 112
nestle,income_statement,13,Operating profit,1,CHF,currency,1000000,2018-12-31,13752,13752,1,matched,2019,9df923d9549e016108620003feebc27fff33b03444fd75872c1609b191236410,6,Operating profit,13 752
nestle,income_statement,13,Operating profit,1,CHF,currency,1000000,2019-12-31,16078,16078,1,matched,2019,9df923d9549e016108620003feebc27fff33b03444fd75872c1609b191236410,6,Operating profit,16 078
nestle,income_statement,13,Operating profit,1,CHF,currency,1000000,2020-12-31,14796,14796,1,matched,2021,612204283a79b31191a40cf4d71d2b78b08cd33b7776e55a492b711e2f028faf,6,Operating profit,14 796
nestle,income_statement,13,Operating profit,1,CHF,currency,1000000,2021-12-31,11679,11679,1,matched,2021,612204283a79b31191a40cf4d71d2b78b08cd33b7776e55a492b711e2f028faf,6,Operating profit,11 679
nestle,income_statement,13,Operating profit,1,CHF,currency,1000000,2022-12-31,12326,12326,1,matched,2023,b4b71d8027210bcc31361bee01b94c6e6af0c4d92a91c0fa356f584af497d6af,6,Operating profit,12 326
nestle,income_statement,13,Operating profit,1,CHF,currency,1000000,2023-12-31,14063,14063,1,matched,2023,b4b71d8027210bcc31361bee01b94c6e6af0c4d92a91c0fa356f584af497d6af,6,Operating profit,14 063
nestle,income_statement,13,Operating profit,1,CHF,currency,1000000,2024-12-31,14724,14724,1,matched,2025,8045fcce3038da3d3bef927fecfcf2091706f1a481016a282afcfa9de52778a4,6,Operating profit,14 724
nestle,income_statement,13,Operating profit,1,CHF,currency,1000000,2025-12-31,12277,12277,1,matched,2025,8045fcce3038da3d3bef927fecfcf2091706f1a481016a282afcfa9de52778a4,6,Operating profit,12 277
nestle,income_statement,14,Financial income,1,CHF,currency,1000000,2016-12-31,121,121,1,matched,2017,8f47cb3d59aadd3895be903f5ae082ad2371dd3bf9f419c5a854f7af3be3e35a,8,Financial income,121
nestle,income_statement,14,Financial income,1,CHF,currency,1000000,2017-12-31,152,152,1,matched,2017,8f47cb3d59aadd3895be903f5ae082ad2371dd3bf9f419c5a854f7af3be3e35a,8,Financial income,152
nestle,income_statement,14,Financial income,1,CHF,currency,1000000,2018-12-31,247,247,1,matched,2019,9df923d9549e016108620003feebc27fff33b03444fd75872c1609b191236410,6,Financial income,247
nestle,income_statement,14,Financial income,1,CHF,currency,1000000,2019-12-31,200,200,1,matched,2019,9df923d9549e016108620003feebc27fff33b03444fd75872c1609b191236410,6,Financial income,200
nestle,income_statement,14,Financial income,1,CHF,currency,1000000,2020-12-31,109,109,1,matched,2021,612204283a79b31191a40cf4d71d2b78b08cd33b7776e55a492b711e2f028faf,6,Financial income,109
nestle,income_statement,14,Financial income,1,CHF,currency,1000000,2021-12-31,80,80,1,matched,2021,612204283a79b31191a40cf4d71d2b78b08cd33b7776e55a492b711e2f028faf,6,Financial income,80
nestle,income_statement,14,Financial income,1,CHF,currency,1000000,2022-12-31,210,210,1,matched,2023,b4b71d8027210bcc31361bee01b94c6e6af0c4d92a91c0fa356f584af497d6af,6,Financial income,210
nestle,income_statement,14,Financial income,1,CHF,currency,1000000,2023-12-31,284,284,1,matched,2023,b4b71d8027210bcc31361bee01b94c6e6af0c4d92a91c0fa356f584af497d6af,6,Financial income,284
nestle,income_statement,14,Financial income,1,CHF,currency,1000000,2024-12-31,358,358,1,matched,2025,8045fcce3038da3d3bef927fecfcf2091706f1a481016a282afcfa9de52778a4,6,Financial income,358
nestle,income_statement,14,Financial income,1,CHF,currency,1000000,2025-12-31,300,300,1,matched,2025,8045fcce3038da3d3bef927fecfcf2091706f1a481016a282afcfa9de52778a4,6,Financial income,300
nestle,income_statement,15,Financial expense,1,CHF,currency,1000000,2016-12-31,-758,-758,1,matched,2017,8f47cb3d59aadd3895be903f5ae082ad2371dd3bf9f419c5a854f7af3be3e35a,8,Financial expense,(758)
nestle,income_statement,15,Financial expense,1,CHF,currency,1000000,2017-12-31,-771,-771,1,matched,2017,8f47cb3d59aadd3895be903f5ae082ad2371dd3bf9f419c5a854f7af3be3e35a,8,Financial expense,(771)
nestle,income_statement,15,Financial expense,1,CHF,currency,1000000,2018-12-31,-1008,-1008,1,matched,2019,9df923d9549e016108620003feebc27fff33b03444fd75872c1609b191236410,6,Financial expense,(1 008)
nestle,income_statement,15,Financial expense,1,CHF,currency,1000000,2019-12-31,-1216,-1216,1,matched,2019,9df923d9549e016108620003feebc27fff33b03444fd75872c1609b191236410,6,Financial expense,(1 216)
nestle,income_statement,15,Financial expense,1,CHF,currency,1000000,2020-12-31,-983,-983,1,matched,2021,612204283a79b31191a40cf4d71d2b78b08cd33b7776e55a492b711e2f028faf,6,Financial expense,(983)
nestle,income_statement,15,Financial expense,1,CHF,currency,1000000,2021-12-31,-953,-953,1,matched,2021,612204283a79b31191a40cf4d71d2b78b08cd33b7776e55a492b711e2f028faf,6,Financial expense,(953)
nestle,income_statement,15,Financial expense,1,CHF,currency,1000000,2022-12-31,-1250,-1250,1,matched,2023,b4b71d8027210bcc31361bee01b94c6e6af0c4d92a91c0fa356f584af497d6af,6,Financial expense,(1 250)
nestle,income_statement,15,Financial expense,1,CHF,currency,1000000,2023-12-31,-1644,-1644,1,matched,2023,b4b71d8027210bcc31361bee01b94c6e6af0c4d92a91c0fa356f584af497d6af,6,Financial expense,(1 644)
nestle,income_statement,15,Financial expense,1,CHF,currency,1000000,2024-12-31,-1843,-1843,1,matched,2025,8045fcce3038da3d3bef927fecfcf2091706f1a481016a282afcfa9de52778a4,6,Financial expense,(1 843)
nestle,income_statement,15,Financial expense,1,CHF,currency,1000000,2025-12-31,-1826,-1826,1,matched,2025,8045fcce3038da3d3bef927fecfcf2091706f1a481016a282afcfa9de52778a4,6,Financial expense,(1 826)
nestle,income_statement,16,Taxes,1,CHF,currency,1000000,2016-12-31,-4413,-4413,1,matched,2017,8f47cb3d59aadd3895be903f5ae082ad2371dd3bf9f419c5a854f7af3be3e35a,8,Taxes,(4 413)
nestle,income_statement,16,Taxes,1,CHF,currency,1000000,2017-12-31,-2779,-2779,1,matched,2017,8f47cb3d59aadd3895be903f5ae082ad2371dd3bf9f419c5a854f7af3be3e35a,8,Taxes,(2 779)
nestle,income_statement,16,Taxes,1,CHF,currency,1000000,2018-12-31,-3439,-3439,1,matched,2019,9df923d9549e016108620003feebc27fff33b03444fd75872c1609b191236410,6,Taxes,(3 439)
nestle,income_statement,16,Taxes,1,CHF,currency,1000000,2019-12-31,-3159,-3159,1,matched,2019,9df923d9549e016108620003feebc27fff33b03444fd75872c1609b191236410,6,Taxes,(3 159)
nestle,income_statement,16,Taxes,1,CHF,currency,1000000,2020-12-31,-3365,-3365,1,matched,2021,612204283a79b31191a40cf4d71d2b78b08cd33b7776e55a492b711e2f028faf,6,Taxes,(3 365)
nestle,income_statement,16,Taxes,1,CHF,currency,1000000,2021-12-31,-2261,-2261,1,matched,2021,612204283a79b31191a40cf4d71d2b78b08cd33b7776e55a492b711e2f028faf,6,Taxes,(2 261)
nestle,income_statement,16,Taxes,1,CHF,currency,1000000,2022-12-31,-2730,-2730,1,matched,2023,b4b71d8027210bcc31361bee01b94c6e6af0c4d92a91c0fa356f584af497d6af,6,Taxes,(2 730)
nestle,income_statement,16,Taxes,1,CHF,currency,1000000,2023-12-31,-2314,-2314,1,matched,2023,b4b71d8027210bcc31361bee01b94c6e6af0c4d92a91c0fa356f584af497d6af,6,Taxes,(2 314)
nestle,income_statement,16,Taxes,1,CHF,currency,1000000,2024-12-31,-3314,-3314,1,matched,2025,8045fcce3038da3d3bef927fecfcf2091706f1a481016a282afcfa9de52778a4,6,Taxes,(3 314)
nestle,income_statement,16,Taxes,1,CHF,currency,1000000,2025-12-31,-2640,-2640,1,matched,2025,8045fcce3038da3d3bef927fecfcf2091706f1a481016a282afcfa9de52778a4,6,Taxes,(2 640)
nestle,income_statement,17,Trading operating profit,2,,percent,1,2016-12-31,15.3,15.3,1,matched,2017,8f47cb3d59aadd3895be903f5ae082ad2371dd3bf9f419c5a854f7af3be3e35a,8,Trading operating proﬁt,15.3%
nestle,income_statement,17,Trading operating profit,2,,percent,1,2017-12-31,14.7,14.7,1,matched,2017,8f47cb3d59aadd3895be903f5ae082ad2371dd3bf9f419c5a854f7af3be3e35a,8,Trading operating proﬁt,14.7%
nestle,income_statement,17,Trading operating profit,2,,percent,1,2018-12-31,15.1,15.1,1,matched,2019,9df923d9549e016108620003feebc27fff33b03444fd75872c1609b191236410,6,Trading operating profit,15.1%
nestle,income_statement,17,Trading operating profit,2,,percent,1,2019-12-31,14.8,14.8,1,matched,2019,9df923d9549e016108620003feebc27fff33b03444fd75872c1609b191236410,6,Trading operating profit,14.8%
nestle,income_statement,17,Trading operating profit,2,,percent,1,2020-12-31,16.9,16.9,1,matched,2021,612204283a79b31191a40cf4d71d2b78b08cd33b7776e55a492b711e2f028faf,6,Trading operating profit,16.9%
nestle,income_statement,17,Trading operating profit,2,,percent,1,2021-12-31,14.0,14,1,matched,2021,612204283a79b31191a40cf4d71d2b78b08cd33b7776e55a492b711e2f028faf,6,Trading operating profit,14.0%
nestle,income_statement,17,Trading operating profit,2,,percent,1,2022-12-31,14.0,14,1,matched,2023,b4b71d8027210bcc31361bee01b94c6e6af0c4d92a91c0fa356f584af497d6af,6,Trading operating profit,14.0%
nestle,income_statement,17,Trading operating profit,2,,percent,1,2023-12-31,15.6,15.6,1,matched,2023,b4b71d8027210bcc31361bee01b94c6e6af0c4d92a91c0fa356f584af497d6af,6,Trading operating profit,15.6%
nestle,income_statement,17,Trading operating profit,2,,percent,1,2024-12-31,16.0,16,1,matched,2025,8045fcce3038da3d3bef927fecfcf2091706f1a481016a282afcfa9de52778a4,6,Trading operating profit,16.0%
nestle,income_statement,17,Trading operating profit,2,,percent,1,2025-12-31,14.2,14.2,1,matched,2025,8045fcce3038da3d3bef927fecfcf2091706f1a481016a282afcfa9de52778a4,6,Trading operating profit,14.2%
nestle,income_statement,18,Income from associates and joint ventures,1,CHF,currency,1000000,2016-12-31,770,770,1,matched,2017,8f47cb3d59aadd3895be903f5ae082ad2371dd3bf9f419c5a854f7af3be3e35a,8,Income from associates and joint ventures,770
nestle,income_statement,18,Income from associates and joint ventures,1,CHF,currency,1000000,2017-12-31,824,824,1,matched,2017,8f47cb3d59aadd3895be903f5ae082ad2371dd3bf9f419c5a854f7af3be3e35a,8,Income from associates and joint ventures,824
nestle,income_statement,18,Income from associates and joint ventures,1,CHF,currency,1000000,2018-12-31,916,916,1,matched,2019,9df923d9549e016108620003feebc27fff33b03444fd75872c1609b191236410,6,Income from associates and joint ventures,916
nestle,income_statement,18,Income from associates and joint ventures,1,CHF,currency,1000000,2019-12-31,1001,1001,1,matched,2019,9df923d9549e016108620003feebc27fff33b03444fd75872c1609b191236410,6,Income from associates and joint ventures,1 001
nestle,income_statement,18,Income from associates and joint ventures,1,CHF,currency,1000000,2020-12-31,1815,1815,1,matched,2021,612204283a79b31191a40cf4d71d2b78b08cd33b7776e55a492b711e2f028faf,6,Income from associates and joint ventures,1 815
nestle,income_statement,18,Income from associates and joint ventures,1,CHF,currency,1000000,2021-12-31,8651,8651,1,matched,2021,612204283a79b31191a40cf4d71d2b78b08cd33b7776e55a492b711e2f028faf,6,Income from associates and joint ventures,8 651
nestle,income_statement,18,Income from associates and joint ventures,1,CHF,currency,1000000,2022-12-31,1040,1040,1,matched,2023,b4b71d8027210bcc31361bee01b94c6e6af0c4d92a91c0fa356f584af497d6af,6,Income from associates and joint ventures,1 040
nestle,income_statement,18,Income from associates and joint ventures,1,CHF,currency,1000000,2023-12-31,1120,1120,1,matched,2023,b4b71d8027210bcc31361bee01b94c6e6af0c4d92a91c0fa356f584af497d6af,6,Income from associates and joint ventures,1 120
nestle,income_statement,18,Income from associates and joint ventures,1,CHF,currency,1000000,2024-12-31,1249,1249,1,matched,2025,8045fcce3038da3d3bef927fecfcf2091706f1a481016a282afcfa9de52778a4,6,Income from associates and joint ventures,1 249
nestle,income_statement,18,Income from associates and joint ventures,1,CHF,currency,1000000,2025-12-31,1143,1143,1,matched,2025,8045fcce3038da3d3bef927fecfcf2091706f1a481016a282afcfa9de52778a4,6,Income from associates and joint ventures,1 143
nestle,income_statement,19,"Profit before taxes, associates and joint ventures",1,CHF,currency,1000000,2016-12-31,12526,12526,1,matched,2017,8f47cb3d59aadd3895be903f5ae082ad2371dd3bf9f419c5a854f7af3be3e35a,8,"Proﬁt before taxes, associates and joint ventures",12 526
nestle,income_statement,19,"Profit before taxes, associates and joint ventures",1,CHF,currency,1000000,2017-12-31,9493,9493,1,matched,2017,8f47cb3d59aadd3895be903f5ae082ad2371dd3bf9f419c5a854f7af3be3e35a,8,"Proﬁt before taxes, associates and joint ventures",9 493
nestle,income_statement,19,"Profit before taxes, associates and joint ventures",1,CHF,currency,1000000,2018-12-31,12991,12991,1,matched,2019,9df923d9549e016108620003feebc27fff33b03444fd75872c1609b191236410,6,"Profit before taxes, associates and joint ventures",12 991
nestle,income_statement,19,"Profit before taxes, associates and joint ventures",1,CHF,currency,1000000,2019-12-31,15062,15062,1,matched,2019,9df923d9549e016108620003feebc27fff33b03444fd75872c1609b191236410,6,"Profit before taxes, associates and joint ventures",15 062
nestle,income_statement,19,"Profit before taxes, associates and joint ventures",1,CHF,currency,1000000,2020-12-31,13922,13922,1,matched,2021,612204283a79b31191a40cf4d71d2b78b08cd33b7776e55a492b711e2f028faf,6,"Profit before taxes, associates and joint ventures",13 922
nestle,income_statement,19,"Profit before taxes, associates and joint ventures",1,CHF,currency,1000000,2021-12-31,10806,10806,1,matched,2021,612204283a79b31191a40cf4d71d2b78b08cd33b7776e55a492b711e2f028faf,6,"Profit before taxes, associates and joint ventures",10 806
nestle,income_statement,19,"Profit before taxes, associates and joint ventures",1,CHF,currency,1000000,2022-12-31,11286,11286,1,matched,2023,b4b71d8027210bcc31361bee01b94c6e6af0c4d92a91c0fa356f584af497d6af,6,"Profit before taxes, associates and joint ventures",11 286
nestle,income_statement,19,"Profit before taxes, associates and joint ventures",1,CHF,currency,1000000,2023-12-31,12703,12703,1,matched,2023,b4b71d8027210bcc31361bee01b94c6e6af0c4d92a91c0fa356f584af497d6af,6,"Profit before taxes, associates and joint ventures",12 703
nestle,income_statement,19,"Profit before taxes, associates and joint ventures",1,CHF,currency,1000000,2024-12-31,13239,13239,1,matched,2025,8045fcce3038da3d3bef927fecfcf2091706f1a481016a282afcfa9de52778a4,6,"Profit before taxes, associates and joint ventures",13 239
nestle,income_statement,19,"Profit before taxes, associates and joint ventures",1,CHF,currency,1000000,2025-12-31,10751,10751,1,matched,2025,8045fcce3038da3d3bef927fecfcf2091706f1a481016a282afcfa9de52778a4,6,"Profit before taxes, associates and joint ventures",10 751
nestle,income_statement,20,Profit for the year,1,CHF,currency,1000000,2016-12-31,8883,8883,1,matched,2017,8f47cb3d59aadd3895be903f5ae082ad2371dd3bf9f419c5a854f7af3be3e35a,8,Proﬁt for the year,8 883
nestle,income_statement,20,Profit for the year,1,CHF,currency,1000000,2017-12-31,7538,7538,1,matched,2017,8f47cb3d59aadd3895be903f5ae082ad2371dd3bf9f419c5a854f7af3be3e35a,8,Proﬁt for the year,7 538
nestle,income_statement,20,Profit for the year,1,CHF,currency,1000000,2018-12-31,10468,10468,1,matched,2019,9df923d9549e016108620003feebc27fff33b03444fd75872c1609b191236410,6,Profit for the year,10 468
nestle,income_statement,20,Profit for the year,1,CHF,currency,1000000,2019-12-31,12904,12904,1,matched,2019,9df923d9549e016108620003feebc27fff33b03444fd75872c1609b191236410,6,Profit for the year,12 904
nestle,income_statement,20,Profit for the year,1,CHF,currency,1000000,2020-12-31,12372,12372,1,matched,2021,612204283a79b31191a40cf4d71d2b78b08cd33b7776e55a492b711e2f028faf,6,Profit for the year,12 372
nestle,income_statement,20,Profit for the year,1,CHF,currency,1000000,2021-12-31,17196,17196,1,matched,2021,612204283a79b31191a40cf4d71d2b78b08cd33b7776e55a492b711e2f028faf,6,Profit for the year,17 196
nestle,income_statement,20,Profit for the year,1,CHF,currency,1000000,2022-12-31,9596,9596,1,matched,2023,b4b71d8027210bcc31361bee01b94c6e6af0c4d92a91c0fa356f584af497d6af,6,Profit for the year,9 596
nestle,income_statement,20,Profit for the year,1,CHF,currency,1000000,2023-12-31,11509,11509,1,matched,2023,b4b71d8027210bcc31361bee01b94c6e6af0c4d92a91c0fa356f584af497d6af,6,Profit for the year,11 509
nestle,income_statement,20,Profit for the year,1,CHF,currency,1000000,2024-12-31,11174,11174,1,matched,2025,8045fcce3038da3d3bef927fecfcf2091706f1a481016a282afcfa9de52778a4,6,Profit for the year,11 174
nestle,income_statement,20,Profit for the year,1,CHF,currency,1000000,2025-12-31,9254,9254,1,matched,2025,8045fcce3038da3d3bef927fecfcf2091706f1a481016a282afcfa9de52778a4,6,Profit for the year,9 254
nestle,income_statement,21,of which attributable to non-controlling interests,1,CHF,currency,1000000,2016-12-31,352,352,1,matched,2017,8f47cb3d59aadd3895be903f5ae082ad2371dd3bf9f419c5a854f7af3be3e35a,8,   of which attributable to non-controlling interests,352
nestle,income_statement,21,of which attributable to non-controlling interests,1,CHF,currency,1000000,2017-12-31,355,355,1,matched,2017,8f47cb3d59aadd3895be903f5ae082ad2371dd3bf9f419c5a854f7af3be3e35a,8,   of which attributable to non-controlling interests,355
nestle,income_statement,21,of which attributable to non-controlling interests,1,CHF,currency,1000000,2018-12-31,333,333,1,matched,2019,9df923d9549e016108620003feebc27fff33b03444fd75872c1609b191236410,6,   of which attributable to non-controlling interests,333
nestle,income_statement,21,of which attributable to non-controlling interests,1,CHF,currency,1000000,2019-12-31,295,295,1,matched,2019,9df923d9549e016108620003feebc27fff33b03444fd75872c1609b191236410,6,   of which attributable to non-controlling interests,295
nestle,income_statement,21,of which attributable to non-controlling interests,1,CHF,currency,1000000,2020-12-31,140,140,1,matched,2021,612204283a79b31191a40cf4d71d2b78b08cd33b7776e55a492b711e2f028faf,6,   of which attributable to non-controlling interests,140
nestle,income_statement,21,of which attributable to non-controlling interests,1,CHF,currency,1000000,2021-12-31,291,291,1,matched,2021,612204283a79b31191a40cf4d71d2b78b08cd33b7776e55a492b711e2f028faf,6,   of which attributable to non-controlling interests,291
nestle,income_statement,21,of which attributable to non-controlling interests,1,CHF,currency,1000000,2022-12-31,326,326,1,matched,2023,b4b71d8027210bcc31361bee01b94c6e6af0c4d92a91c0fa356f584af497d6af,6,   of which attributable to non-controlling interests,326
nestle,income_statement,21,of which attributable to non-controlling interests,1,CHF,currency,1000000,2023-12-31,300,300,1,matched,2023,b4b71d8027210bcc31361bee01b94c6e6af0c4d92a91c0fa356f584af497d6af,6,   of which attributable to non-controlling interests,300
nestle,income_statement,21,of which attributable to non-controlling interests,1,CHF,currency,1000000,2024-12-31,290,290,1,matched,2025,8045fcce3038da3d3bef927fecfcf2091706f1a481016a282afcfa9de52778a4,6,   of which attributable to non-controlling interests,290
nestle,income_statement,21,of which attributable to non-controlling interests,1,CHF,currency,1000000,2025-12-31,221,221,1,matched,2025,8045fcce3038da3d3bef927fecfcf2091706f1a481016a282afcfa9de52778a4,6,   of which attributable to non-controlling interests,221
nestle,income_statement,22,of which attributable to shareholders of the parent (Net profit),1,CHF,currency,1000000,2016-12-31,8531,8531,1,matched,2017,8f47cb3d59aadd3895be903f5ae082ad2371dd3bf9f419c5a854f7af3be3e35a,8,   of which attributable to shareholders of the parent (Net proﬁt),8 531
nestle,income_statement,22,of which attributable to shareholders of the parent (Net profit),1,CHF,currency,1000000,2017-12-31,7183,7183,1,matched,2017,8f47cb3d59aadd3895be903f5ae082ad2371dd3bf9f419c5a854f7af3be3e35a,8,   of which attributable to shareholders of the parent (Net proﬁt),7 183
nestle,income_statement,22,of which attributable to shareholders of the parent (Net profit),1,CHF,currency,1000000,2018-12-31,10135,10135,1,matched,2019,9df923d9549e016108620003feebc27fff33b03444fd75872c1609b191236410,6,   of which attributable to shareholders of the parent (Net profit),10 135
nestle,income_statement,22,of which attributable to shareholders of the parent (Net profit),1,CHF,currency,1000000,2019-12-31,12609,12609,1,matched,2019,9df923d9549e016108620003feebc27fff33b03444fd75872c1609b191236410,6,   of which attributable to shareholders of the parent (Net profit),12 609
nestle,income_statement,22,of which attributable to shareholders of the parent (Net profit),1,CHF,currency,1000000,2020-12-31,12232,12232,1,matched,2021,612204283a79b31191a40cf4d71d2b78b08cd33b7776e55a492b711e2f028faf,6,   of which attributable to shareholders of the parent (Net profit),12 232
nestle,income_statement,22,of which attributable to shareholders of the parent (Net profit),1,CHF,currency,1000000,2021-12-31,16905,16905,1,matched,2021,612204283a79b31191a40cf4d71d2b78b08cd33b7776e55a492b711e2f028faf,6,   of which attributable to shareholders of the parent (Net profit),16 905
nestle,income_statement,22,of which attributable to shareholders of the parent (Net profit),1,CHF,currency,1000000,2022-12-31,9270,9270,1,matched,2023,b4b71d8027210bcc31361bee01b94c6e6af0c4d92a91c0fa356f584af497d6af,6,   of which attributable to shareholders of the parent (Net profit),9 270
nestle,income_statement,22,of which attributable to shareholders of the parent (Net profit),1,CHF,currency,1000000,2023-12-31,11209,11209,1,matched,2023,b4b71d8027210bcc31361bee01b94c6e6af0c4d92a91c0fa356f584af497d6af,6,   of which attributable to shareholders of the parent (Net profit),11 209
nestle,income_statement,22,of which attributable to shareholders of the parent (Net profit),1,CHF,currency,1000000,2024-12-31,10884,10884,1,matched,2025,8045fcce3038da3d3bef927fecfcf2091706f1a481016a282afcfa9de52778a4,6,   of which attributable to shareholders of the parent (Net profit),10 884
nestle,income_statement,22,of which attributable to shareholders of the parent (Net profit),1,CHF,currency,1000000,2025-12-31,9033,9033,1,matched,2025,8045fcce3038da3d3bef927fecfcf2091706f1a481016a282afcfa9de52778a4,6,   of which attributable to shareholders of the parent (Net profit),9 033
nestle,income_statement,23,Profit for the year attributable to shareholders of the parent (Net profit),1,,percent,1,2016-12-31,9.5,9.5,1,matched,2017,8f47cb3d59aadd3895be903f5ae082ad2371dd3bf9f419c5a854f7af3be3e35a,8,Proﬁt for the year attributable to shareholders of the parent (Net proﬁ t),9.5%
nestle,income_statement,23,Profit for the year attributable to shareholders of the parent (Net profit),1,,percent,1,2017-12-31,8.0,8,1,matched,2017,8f47cb3d59aadd3895be903f5ae082ad2371dd3bf9f419c5a854f7af3be3e35a,8,Proﬁt for the year attributable to shareholders of the parent (Net proﬁ t),8.0%
nestle,income_statement,23,Profit for the year attributable to shareholders of the parent (Net profit),1,,percent,1,2018-12-31,11.1,11.1,1,matched,2019,9df923d9549e016108620003feebc27fff33b03444fd75872c1609b191236410,6,Profit for the year attributable to shareholders of the parent (Net profit),11.1%
nestle,income_statement,23,Profit for the year attributable to shareholders of the parent (Net profit),1,,percent,1,2019-12-31,13.6,13.6,1,matched,2019,9df923d9549e016108620003feebc27fff33b03444fd75872c1609b191236410,6,Profit for the year attributable to shareholders of the parent (Net profit),13.6%
nestle,income_statement,23,Profit for the year attributable to shareholders of the parent (Net profit),1,,percent,1,2020-12-31,14.5,14.5,1,matched,2021,612204283a79b31191a40cf4d71d2b78b08cd33b7776e55a492b711e2f028faf,6,Profit for the year attributable to shareholders of the parent (Net profit),14.5%
nestle,income_statement,23,Profit for the year attributable to shareholders of the parent (Net profit),1,,percent,1,2021-12-31,19.4,19.4,1,matched,2021,612204283a79b31191a40cf4d71d2b78b08cd33b7776e55a492b711e2f028faf,6,Profit for the year attributable to shareholders of the parent (Net profit),19.4%
nestle,income_statement,23,Profit for the year attributable to shareholders of the parent (Net profit),1,,percent,1,2022-12-31,9.8,9.8,1,matched,2023,b4b71d8027210bcc31361bee01b94c6e6af0c4d92a91c0fa356f584af497d6af,6,Profit for the year attributable to shareholders of the parent (Net profit),9.8%
nestle,income_statement,23,Profit for the year attributable to shareholders of the parent (Net profit),1,,percent,1,2023-12-31,12.1,12.1,1,matched,2023,b4b71d8027210bcc31361bee01b94c6e6af0c4d92a91c0fa356f584af497d6af,6,Profit for the year attributable to shareholders of the parent (Net profit),12.1%
nestle,income_statement,23,Profit for the year attributable to shareholders of the parent (Net profit),1,,percent,1,2024-12-31,11.9,11.9,1,matched,2025,8045fcce3038da3d3bef927fecfcf2091706f1a481016a282afcfa9de52778a4,6,Profit for the year attributable to shareholders of the parent (Net profit),11.9%
nestle,income_statement,23,Profit for the year attributable to shareholders of the parent (Net profit),1,,percent,1,2025-12-31,10.1,10.1,1,matched,2025,8045fcce3038da3d3bef927fecfcf2091706f1a481016a282afcfa9de52778a4,6,Profit for the year attributable to shareholders of the parent (Net profit),10.1%
nestle,income_statement,24,Basic earnings per share,1,CHF,currency_per_share,1,2016-12-31,2.76,2.76,1,matched,2017,8f47cb3d59aadd3895be903f5ae082ad2371dd3bf9f419c5a854f7af3be3e35a,8,Basic earnings per share,2.76
nestle,income_statement,24,Basic earnings per share,1,CHF,currency_per_share,1,2017-12-31,2.32,2.32,1,matched,2017,8f47cb3d59aadd3895be903f5ae082ad2371dd3bf9f419c5a854f7af3be3e35a,8,Basic earnings per share,2.32
nestle,income_statement,24,Basic earnings per share,1,CHF,currency_per_share,1,2018-12-31,3.36,3.36,1,matched,2019,9df923d9549e016108620003feebc27fff33b03444fd75872c1609b191236410,6,Basic earnings per share,3.36
nestle,income_statement,24,Basic earnings per share,1,CHF,currency_per_share,1,2019-12-31,4.30,4.3,1,matched,2019,9df923d9549e016108620003feebc27fff33b03444fd75872c1609b191236410,6,Basic earnings per share,4.30
nestle,income_statement,24,Basic earnings per share,1,CHF,currency_per_share,1,2020-12-31,4.30,4.3,1,matched,2021,612204283a79b31191a40cf4d71d2b78b08cd33b7776e55a492b711e2f028faf,6,Basic earnings per share,4.30
nestle,income_statement,24,Basic earnings per share,1,CHF,currency_per_share,1,2021-12-31,6.06,6.06,1,matched,2021,612204283a79b31191a40cf4d71d2b78b08cd33b7776e55a492b711e2f028faf,6,Basic earnings per share,6.06
nestle,income_statement,24,Basic earnings per share,1,CHF,currency_per_share,1,2022-12-31,3.42,3.42,1,matched,2023,b4b71d8027210bcc31361bee01b94c6e6af0c4d92a91c0fa356f584af497d6af,6,Basic earnings per share,3.42
nestle,income_statement,24,Basic earnings per share,1,CHF,currency_per_share,1,2023-12-31,4.24,4.24,1,matched,2023,b4b71d8027210bcc31361bee01b94c6e6af0c4d92a91c0fa356f584af497d6af,6,Basic earnings per share,4.24
nestle,income_statement,24,Basic earnings per share,1,CHF,currency_per_share,1,2024-12-31,4.19,4.19,1,matched,2025,8045fcce3038da3d3bef927fecfcf2091706f1a481016a282afcfa9de52778a4,6,Basic earnings per share,4.19
nestle,income_statement,24,Basic earnings per share,1,CHF,currency_per_share,1,2025-12-31,3.51,3.51,1,matched,2025,8045fcce3038da3d3bef927fecfcf2091706f1a481016a282afcfa9de52778a4,6,Basic earnings per share,3.51
nestle,income_statement,25,Diluted earnings per share,1,CHF,currency_per_share,1,2016-12-31,2.75,2.75,1,matched,2017,8f47cb3d59aadd3895be903f5ae082ad2371dd3bf9f419c5a854f7af3be3e35a,8,Diluted earnings per share,2.75
nestle,income_statement,25,Diluted earnings per share,1,CHF,currency_per_share,1,2017-12-31,2.32,2.32,1,matched,2017,8f47cb3d59aadd3895be903f5ae082ad2371dd3bf9f419c5a854f7af3be3e35a,8,Diluted earnings per share,2.32
nestle,income_statement,25,Diluted earnings per share,1,CHF,currency_per_share,1,2018-12-31,3.36,3.36,1,matched,2019,9df923d9549e016108620003feebc27fff33b03444fd75872c1609b191236410,6,Diluted earnings per share,3.36
nestle,income_statement,25,Diluted earnings per share,1,CHF,currency_per_share,1,2019-12-31,4.30,4.3,1,matched,2019,9df923d9549e016108620003feebc27fff33b03444fd75872c1609b191236410,6,Diluted earnings per share,4.30
nestle,income_statement,25,Diluted earnings per share,1,CHF,currency_per_share,1,2020-12-31,4.29,4.29,1,matched,2021,612204283a79b31191a40cf4d71d2b78b08cd33b7776e55a492b711e2f028faf,6,Diluted earnings per share,4.29
nestle,income_statement,25,Diluted earnings per share,1,CHF,currency_per_share,1,2021-12-31,6.06,6.06,1,matched,2021,612204283a79b31191a40cf4d71d2b78b08cd33b7776e55a492b711e2f028faf,6,Diluted earnings per share,6.06
nestle,income_statement,25,Diluted earnings per share,1,CHF,currency_per_share,1,2022-12-31,3.42,3.42,1,matched,2023,b4b71d8027210bcc31361bee01b94c6e6af0c4d92a91c0fa356f584af497d6af,6,Diluted earnings per share,3.42
nestle,income_statement,25,Diluted earnings per share,1,CHF,currency_per_share,1,2023-12-31,4.23,4.23,1,matched,2023,b4b71d8027210bcc31361bee01b94c6e6af0c4d92a91c0fa356f584af497d6af,6,Diluted earnings per share,4.23
nestle,income_statement,25,Diluted earnings per share,1,CHF,currency_per_share,1,2024-12-31,4.19,4.19,1,matched,2025,8045fcce3038da3d3bef927fecfcf2091706f1a481016a282afcfa9de52778a4,6,Diluted earnings per share,4.19
nestle,income_statement,25,Diluted earnings per share,1,CHF,currency_per_share,1,2025-12-31,3.51,3.51,1,matched,2025,8045fcce3038da3d3bef927fecfcf2091706f1a481016a282afcfa9de52778a4,6,Diluted earnings per share,3.51
nestle,balance_sheet,2,Cash and cash equivalents,1,CHF,currency,1000000,2016-12-31,7990,7990,1,matched,2017,8f47cb3d59aadd3895be903f5ae082ad2371dd3bf9f419c5a854f7af3be3e35a,10-11,Cash and cash equivalents,7 990
nestle,balance_sheet,2,Cash and cash equivalents,1,CHF,currency,1000000,2017-12-31,7938,7938,1,matched,2017,8f47cb3d59aadd3895be903f5ae082ad2371dd3bf9f419c5a854f7af3be3e35a,10-11,Cash and cash equivalents,7 938
nestle,balance_sheet,2,Cash and cash equivalents,1,CHF,currency,1000000,2018-12-31,4500,4500,1,matched,2019,9df923d9549e016108620003feebc27fff33b03444fd75872c1609b191236410,8-9,Cash and cash equivalents,4 500
nestle,balance_sheet,2,Cash and cash equivalents,1,CHF,currency,1000000,2019-12-31,7469,7469,1,matched,2019,9df923d9549e016108620003feebc27fff33b03444fd75872c1609b191236410,8-9,Cash and cash equivalents,7 469
nestle,balance_sheet,2,Cash and cash equivalents,1,CHF,currency,1000000,2020-12-31,5235,5235,1,matched,2021,612204283a79b31191a40cf4d71d2b78b08cd33b7776e55a492b711e2f028faf,8-9,Cash and cash equivalents,5 235
nestle,balance_sheet,2,Cash and cash equivalents,1,CHF,currency,1000000,2021-12-31,6988,6988,1,matched,2021,612204283a79b31191a40cf4d71d2b78b08cd33b7776e55a492b711e2f028faf,8-9,Cash and cash equivalents,6 988
nestle,balance_sheet,2,Cash and cash equivalents,1,CHF,currency,1000000,2022-12-31,5511,5511,1,matched,2023,b4b71d8027210bcc31361bee01b94c6e6af0c4d92a91c0fa356f584af497d6af,8-9,Cash and cash equivalents,5 511
nestle,balance_sheet,2,Cash and cash equivalents,1,CHF,currency,1000000,2023-12-31,4816,4816,1,matched,2023,b4b71d8027210bcc31361bee01b94c6e6af0c4d92a91c0fa356f584af497d6af,8-9,Cash and cash equivalents,4 816
nestle,balance_sheet,2,Cash and cash equivalents,1,CHF,currency,1000000,2024-12-31,5556,5556,1,matched,2025,8045fcce3038da3d3bef927fecfcf2091706f1a481016a282afcfa9de52778a4,8-9,Cash and cash equivalents,5 556
nestle,balance_sheet,2,Cash and cash equivalents,1,CHF,currency,1000000,2025-12-31,4579,4579,1,matched,2025,8045fcce3038da3d3bef927fecfcf2091706f1a481016a282afcfa9de52778a4,8-9,Cash and cash equivalents,4 579
nestle,balance_sheet,3,Short-term investments,1,CHF,currency,1000000,2016-12-31,1306,1306,1,matched,2017,8f47cb3d59aadd3895be903f5ae082ad2371dd3bf9f419c5a854f7af3be3e35a,10-11,Short-term investments,1 306
nestle,balance_sheet,3,Short-term investments,1,CHF,currency,1000000,2017-12-31,655,655,1,matched,2017,8f47cb3d59aadd3895be903f5ae082ad2371dd3bf9f419c5a854f7af3be3e35a,10-11,Short-term investments,655
nestle,balance_sheet,3,Short-term investments,1,CHF,currency,1000000,2018-12-31,5801,5801,1,matched,2019,9df923d9549e016108620003feebc27fff33b03444fd75872c1609b191236410,8-9,Short-term investments,5 801
nestle,balance_sheet,3,Short-term investments,1,CHF,currency,1000000,2019-12-31,2794,2794,1,matched,2019,9df923d9549e016108620003feebc27fff33b03444fd75872c1609b191236410,8-9,Short-term investments,2 794
nestle,balance_sheet,3,Short-term investments,1,CHF,currency,1000000,2020-12-31,3374,3374,1,matched,2021,612204283a79b31191a40cf4d71d2b78b08cd33b7776e55a492b711e2f028faf,8-9,Short-term investments,3 374
nestle,balance_sheet,3,Short-term investments,1,CHF,currency,1000000,2021-12-31,7007,7007,1,matched,2021,612204283a79b31191a40cf4d71d2b78b08cd33b7776e55a492b711e2f028faf,8-9,Short-term investments,7 007
nestle,balance_sheet,3,Short-term investments,1,CHF,currency,1000000,2022-12-31,1176,1176,1,matched,2023,b4b71d8027210bcc31361bee01b94c6e6af0c4d92a91c0fa356f584af497d6af,8-9,Short-term investments,1 176
nestle,balance_sheet,3,Short-term investments,1,CHF,currency,1000000,2023-12-31,1035,1035,1,matched,2023,b4b71d8027210bcc31361bee01b94c6e6af0c4d92a91c0fa356f584af497d6af,8-9,Short-term investments,1 035
nestle,balance_sheet,3,Short-term investments,1,CHF,currency,1000000,2024-12-31,2315,2315,1,matched,2025,8045fcce3038da3d3bef927fecfcf2091706f1a481016a282afcfa9de52778a4,8-9,Short-term investments,2 315
nestle,balance_sheet,3,Short-term investments,1,CHF,currency,1000000,2025-12-31,1651,1651,1,matched,2025,8045fcce3038da3d3bef927fecfcf2091706f1a481016a282afcfa9de52778a4,8-9,Short-term investments,1 651
nestle,balance_sheet,4,Inventories,1,CHF,currency,1000000,2016-12-31,8401,8401,1,matched,2017,8f47cb3d59aadd3895be903f5ae082ad2371dd3bf9f419c5a854f7af3be3e35a,10-11,Inventories,8 401
nestle,balance_sheet,4,Inventories,1,CHF,currency,1000000,2017-12-31,9061,9061,1,matched,2017,8f47cb3d59aadd3895be903f5ae082ad2371dd3bf9f419c5a854f7af3be3e35a,10-11,Inventories,9 061
nestle,balance_sheet,4,Inventories,1,CHF,currency,1000000,2018-12-31,9125,9125,1,matched,2019,9df923d9549e016108620003feebc27fff33b03444fd75872c1609b191236410,8-9,Inventories,9 125
nestle,balance_sheet,4,Inventories,1,CHF,currency,1000000,2019-12-31,9343,9343,1,matched,2019,9df923d9549e016108620003feebc27fff33b03444fd75872c1609b191236410,8-9,Inventories,9 343
nestle,balance_sheet,4,Inventories,1,CHF,currency,1000000,2020-12-31,10101,10101,1,matched,2021,612204283a79b31191a40cf4d71d2b78b08cd33b7776e55a492b711e2f028faf,8-9,Inventories,10 101
nestle,balance_sheet,4,Inventories,1,CHF,currency,1000000,2021-12-31,11982,11982,1,matched,2021,612204283a79b31191a40cf4d71d2b78b08cd33b7776e55a492b711e2f028faf,8-9,Inventories,11 982
nestle,balance_sheet,4,Inventories,1,CHF,currency,1000000,2022-12-31,15019,15019,1,matched,2023,b4b71d8027210bcc31361bee01b94c6e6af0c4d92a91c0fa356f584af497d6af,8-9,Inventories,15 019
nestle,balance_sheet,4,Inventories,1,CHF,currency,1000000,2023-12-31,11896,11896,1,matched,2023,b4b71d8027210bcc31361bee01b94c6e6af0c4d92a91c0fa356f584af497d6af,8-9,Inventories,11 896
nestle,balance_sheet,4,Inventories,1,CHF,currency,1000000,2024-12-31,13260,13260,1,matched,2025,8045fcce3038da3d3bef927fecfcf2091706f1a481016a282afcfa9de52778a4,8-9,Inventories,13 260
nestle,balance_sheet,4,Inventories,1,CHF,currency,1000000,2025-12-31,12813,12813,1,matched,2025,8045fcce3038da3d3bef927fecfcf2091706f1a481016a282afcfa9de52778a4,8-9,Inventories,12 813
nestle,balance_sheet,5,Trade and other receivables,1,CHF,currency,1000000,2016-12-31,12411,12411,1,matched,2017,8f47cb3d59aadd3895be903f5ae082ad2371dd3bf9f419c5a854f7af3be3e35a,10-11,Trade and other receivables,12 411
nestle,balance_sheet,5,Trade and other receivables,1,CHF,currency,1000000,2017-12-31,12422,12422,1,matched,2017,8f47cb3d59aadd3895be903f5ae082ad2371dd3bf9f419c5a854f7af3be3e35a,10-11,Trade and other receivables,12 422
nestle,balance_sheet,5,Trade and other receivables,1,CHF,currency,1000000,2018-12-31,11167,11167,1,matched,2019,9df923d9549e016108620003feebc27fff33b03444fd75872c1609b191236410,8-9,Trade and other receivables,11 167
nestle,balance_sheet,5,Trade and other receivables,1,CHF,currency,1000000,2019-12-31,11766,11766,1,matched,2019,9df923d9549e016108620003feebc27fff33b03444fd75872c1609b191236410,8-9,Trade and other receivables,11 766
nestle,balance_sheet,5,Trade and other receivables,1,CHF,currency,1000000,2020-12-31,10746,10746,1,matched,2021,612204283a79b31191a40cf4d71d2b78b08cd33b7776e55a492b711e2f028faf,8-9,Trade and other receivables,10 746
nestle,balance_sheet,5,Trade and other receivables,1,CHF,currency,1000000,2021-12-31,11155,11155,1,matched,2021,612204283a79b31191a40cf4d71d2b78b08cd33b7776e55a492b711e2f028faf,8-9,Trade and other receivables,11 155
nestle,balance_sheet,5,Trade and other receivables,1,CHF,currency,1000000,2022-12-31,11116,11116,1,matched,2023,b4b71d8027210bcc31361bee01b94c6e6af0c4d92a91c0fa356f584af497d6af,8-9,Trade and other receivables,11 116
nestle,balance_sheet,5,Trade and other receivables,1,CHF,currency,1000000,2023-12-31,10995,10995,1,matched,2023,b4b71d8027210bcc31361bee01b94c6e6af0c4d92a91c0fa356f584af497d6af,8-9,Trade and other receivables,10 995
nestle,balance_sheet,5,Trade and other receivables,1,CHF,currency,1000000,2024-12-31,11251,11251,1,matched,2025,8045fcce3038da3d3bef927fecfcf2091706f1a481016a282afcfa9de52778a4,8-9,Trade and other receivables,11 251
nestle,balance_sheet,5,Trade and other receivables,1,CHF,currency,1000000,2025-12-31,10561,10561,1,matched,2025,8045fcce3038da3d3bef927fecfcf2091706f1a481016a282afcfa9de52778a4,8-9,Trade and other receivables,10 561
nestle,balance_sheet,6,Prepayments,1,CHF,currency,1000000,2016-12-31,573,573,1,matched,2017,8f47cb3d59aadd3895be903f5ae082ad2371dd3bf9f419c5a854f7af3be3e35a,10-11,Prepayments and accrued income,573
nestle,balance_sheet,6,Prepayments,1,CHF,currency,1000000,2017-12-31,607,607,1,matched,2017,8f47cb3d59aadd3895be903f5ae082ad2371dd3bf9f419c5a854f7af3be3e35a,10-11,Prepayments and accrued income,607
nestle,balance_sheet,6,Prepayments,1,CHF,currency,1000000,2018-12-31,530,530,1,matched,2019,9df923d9549e016108620003feebc27fff33b03444fd75872c1609b191236410,8-9,Prepayments and accrued income,530
nestle,balance_sheet,6,Prepayments,1,CHF,currency,1000000,2019-12-31,498,498,1,matched,2019,9df923d9549e016108620003feebc27fff33b03444fd75872c1609b191236410,8-9,Prepayments and accrued income,498
nestle,balance_sheet,6,Prepayments,1,CHF,currency,1000000,2020-12-31,477,477,1,matched,2021,612204283a79b31191a40cf4d71d2b78b08cd33b7776e55a492b711e2f028faf,8-9,Prepayments,477
nestle,balance_sheet,6,Prepayments,1,CHF,currency,1000000,2021-12-31,575,575,1,matched,2021,612204283a79b31191a40cf4d71d2b78b08cd33b7776e55a492b711e2f028faf,8-9,Prepayments,575
nestle,balance_sheet,6,Prepayments,1,CHF,currency,1000000,2022-12-31,549,549,1,matched,2023,b4b71d8027210bcc31361bee01b94c6e6af0c4d92a91c0fa356f584af497d6af,8-9,Prepayments,549
nestle,balance_sheet,6,Prepayments,1,CHF,currency,1000000,2023-12-31,521,521,1,matched,2023,b4b71d8027210bcc31361bee01b94c6e6af0c4d92a91c0fa356f584af497d6af,8-9,Prepayments,521
nestle,balance_sheet,6,Prepayments,1,CHF,currency,1000000,2024-12-31,543,543,1,matched,2025,8045fcce3038da3d3bef927fecfcf2091706f1a481016a282afcfa9de52778a4,8-9,Prepayments,543
nestle,balance_sheet,6,Prepayments,1,CHF,currency,1000000,2025-12-31,479,479,1,matched,2025,8045fcce3038da3d3bef927fecfcf2091706f1a481016a282afcfa9de52778a4,8-9,Prepayments,479
nestle,balance_sheet,7,Derivative assets,1,CHF,currency,1000000,2016-12-31,550,550,1,matched,2017,8f47cb3d59aadd3895be903f5ae082ad2371dd3bf9f419c5a854f7af3be3e35a,10-11,Derivative assets,550
nestle,balance_sheet,7,Derivative assets,1,CHF,currency,1000000,2017-12-31,231,231,1,matched,2017,8f47cb3d59aadd3895be903f5ae082ad2371dd3bf9f419c5a854f7af3be3e35a,10-11,Derivative assets,231
nestle,balance_sheet,7,Derivative assets,1,CHF,currency,1000000,2018-12-31,183,183,1,matched,2019,9df923d9549e016108620003feebc27fff33b03444fd75872c1609b191236410,8-9,Derivative assets,183
nestle,balance_sheet,7,Derivative assets,1,CHF,currency,1000000,2019-12-31,254,254,1,matched,2019,9df923d9549e016108620003feebc27fff33b03444fd75872c1609b191236410,8-9,Derivative assets,254
nestle,balance_sheet,7,Derivative assets,1,CHF,currency,1000000,2020-12-31,310,310,1,matched,2021,612204283a79b31191a40cf4d71d2b78b08cd33b7776e55a492b711e2f028faf,8-9,Derivative assets,310
nestle,balance_sheet,7,Derivative assets,1,CHF,currency,1000000,2021-12-31,278,278,1,matched,2021,612204283a79b31191a40cf4d71d2b78b08cd33b7776e55a492b711e2f028faf,8-9,Derivative assets,278
nestle,balance_sheet,7,Derivative assets,1,CHF,currency,1000000,2022-12-31,309,309,1,matched,2023,b4b71d8027210bcc31361bee01b94c6e6af0c4d92a91c0fa356f584af497d6af,8-9,Derivative assets,309
nestle,balance_sheet,7,Derivative assets,1,CHF,currency,1000000,2023-12-31,278,278,1,matched,2023,b4b71d8027210bcc31361bee01b94c6e6af0c4d92a91c0fa356f584af497d6af,8-9,Derivative assets,278
nestle,balance_sheet,7,Derivative assets,1,CHF,currency,1000000,2024-12-31,792,792,1,matched,2025,8045fcce3038da3d3bef927fecfcf2091706f1a481016a282afcfa9de52778a4,8-9,Derivative assets,792
nestle,balance_sheet,7,Derivative assets,1,CHF,currency,1000000,2025-12-31,295,295,1,matched,2025,8045fcce3038da3d3bef927fecfcf2091706f1a481016a282afcfa9de52778a4,8-9,Derivative assets,295
nestle,balance_sheet,8,Current income tax assets,1,CHF,currency,1000000,2016-12-31,786,786,1,matched,2017,8f47cb3d59aadd3895be903f5ae082ad2371dd3bf9f419c5a854f7af3be3e35a,10-11,Current income tax assets,786
nestle,balance_sheet,8,Current income tax assets,1,CHF,currency,1000000,2017-12-31,919,919,1,matched,2017,8f47cb3d59aadd3895be903f5ae082ad2371dd3bf9f419c5a854f7af3be3e35a,10-11,Current income tax assets,919
nestle,balance_sheet,8,Current income tax assets,1,CHF,currency,1000000,2018-12-31,869,869,1,matched,2019,9df923d9549e016108620003feebc27fff33b03444fd75872c1609b191236410,8-9,Current income tax assets,869
nestle,balance_sheet,8,Current income tax assets,1,CHF,currency,1000000,2019-12-31,768,768,1,matched,2019,9df923d9549e016108620003feebc27fff33b03444fd75872c1609b191236410,8-9,Current income tax assets,768
nestle,balance_sheet,8,Current income tax assets,1,CHF,currency,1000000,2020-12-31,708,708,1,matched,2021,612204283a79b31191a40cf4d71d2b78b08cd33b7776e55a492b711e2f028faf,8-9,Current income tax assets,708
nestle,balance_sheet,8,Current income tax assets,1,CHF,currency,1000000,2021-12-31,1204,1204,1,matched,2021,612204283a79b31191a40cf4d71d2b78b08cd33b7776e55a492b711e2f028faf,8-9,Current income tax assets,1 204
nestle,balance_sheet,8,Current income tax assets,1,CHF,currency,1000000,2022-12-31,1285,1285,1,matched,2023,b4b71d8027210bcc31361bee01b94c6e6af0c4d92a91c0fa356f584af497d6af,8-9,Current income tax assets,1 285
nestle,balance_sheet,8,Current income tax assets,1,CHF,currency,1000000,2023-12-31,1284,1284,1,matched,2023,b4b71d8027210bcc31361bee01b94c6e6af0c4d92a91c0fa356f584af497d6af,8-9,Current income tax assets,1 284
nestle,balance_sheet,8,Current income tax assets,1,CHF,currency,1000000,2024-12-31,1334,1334,1,matched,2025,8045fcce3038da3d3bef927fecfcf2091706f1a481016a282afcfa9de52778a4,8-9,Current income tax assets,1 334
nestle,balance_sheet,8,Current income tax assets,1,CHF,currency,1000000,2025-12-31,1383,1383,1,matched,2025,8045fcce3038da3d3bef927fecfcf2091706f1a481016a282afcfa9de52778a4,8-9,Current income tax assets,1 383
nestle,balance_sheet,9,Assets held for sale,1,CHF,currency,1000000,2016-12-31,25,25,1,matched,2017,8f47cb3d59aadd3895be903f5ae082ad2371dd3bf9f419c5a854f7af3be3e35a,10-11,Assets held for sale,25
nestle,balance_sheet,9,Assets held for sale,1,CHF,currency,1000000,2017-12-31,357,357,1,matched,2017,8f47cb3d59aadd3895be903f5ae082ad2371dd3bf9f419c5a854f7af3be3e35a,10-11,Assets held for sale,357
nestle,balance_sheet,9,Assets held for sale,1,CHF,currency,1000000,2018-12-31,8828,8828,1,matched,2019,9df923d9549e016108620003feebc27fff33b03444fd75872c1609b191236410,8-9,Assets held for sale,8 828
nestle,balance_sheet,9,Assets held for sale,1,CHF,currency,1000000,2019-12-31,2771,2771,1,matched,2019,9df923d9549e016108620003feebc27fff33b03444fd75872c1609b191236410,8-9,Assets held for sale,2 771
nestle,balance_sheet,9,Assets held for sale,1,CHF,currency,1000000,2020-12-31,3117,3117,1,matched,2021,612204283a79b31191a40cf4d71d2b78b08cd33b7776e55a492b711e2f028faf,8-9,Assets held for sale,3 117
nestle,balance_sheet,9,Assets held for sale,1,CHF,currency,1000000,2021-12-31,68,68,1,matched,2021,612204283a79b31191a40cf4d71d2b78b08cd33b7776e55a492b711e2f028faf,8-9,Assets held for sale,68
nestle,balance_sheet,9,Assets held for sale,1,CHF,currency,1000000,2022-12-31,97,97,1,matched,2023,b4b71d8027210bcc31361bee01b94c6e6af0c4d92a91c0fa356f584af497d6af,8-9,Assets held for sale,97
nestle,balance_sheet,9,Assets held for sale,1,CHF,currency,1000000,2023-12-31,32,32,1,matched,2023,b4b71d8027210bcc31361bee01b94c6e6af0c4d92a91c0fa356f584af497d6af,8-9,Assets held for sale,32
nestle,balance_sheet,9,Assets held for sale,1,CHF,currency,1000000,2024-12-31,137,137,1,matched,2025,8045fcce3038da3d3bef927fecfcf2091706f1a481016a282afcfa9de52778a4,8-9,Assets held for sale,137
nestle,balance_sheet,9,Assets held for sale,1,CHF,currency,1000000,2025-12-31,208,208,1,matched,2025,8045fcce3038da3d3bef927fecfcf2091706f1a481016a282afcfa9de52778a4,8-9,Assets held for sale,208
nestle,balance_sheet,10,Total current assets,1,CHF,currency,1000000,2016-12-31,32042,32042,1,matched,2017,8f47cb3d59aadd3895be903f5ae082ad2371dd3bf9f419c5a854f7af3be3e35a,10-11,Total current assets,32 042
nestle,balance_sheet,10,Total current assets,1,CHF,currency,1000000,2017-12-31,32190,32190,1,matched,2017,8f47cb3d59aadd3895be903f5ae082ad2371dd3bf9f419c5a854f7af3be3e35a,10-11,Total current assets,32 190
nestle,balance_sheet,10,Total current assets,1,CHF,currency,1000000,2018-12-31,41003,41003,1,matched,2019,9df923d9549e016108620003feebc27fff33b03444fd75872c1609b191236410,8-9,Total current assets,41 003
nestle,balance_sheet,10,Total current assets,1,CHF,currency,1000000,2019-12-31,35663,35663,1,matched,2019,9df923d9549e016108620003feebc27fff33b03444fd75872c1609b191236410,8-9,Total current assets,35 663
nestle,balance_sheet,10,Total current assets,1,CHF,currency,1000000,2020-12-31,34068,34068,1,matched,2021,612204283a79b31191a40cf4d71d2b78b08cd33b7776e55a492b711e2f028faf,8-9,Total current assets,34 068
nestle,balance_sheet,10,Total current assets,1,CHF,currency,1000000,2021-12-31,39257,39257,1,matched,2021,612204283a79b31191a40cf4d71d2b78b08cd33b7776e55a492b711e2f028faf,8-9,Total current assets,39 257
nestle,balance_sheet,10,Total current assets,1,CHF,currency,1000000,2022-12-31,35062,35062,1,matched,2023,b4b71d8027210bcc31361bee01b94c6e6af0c4d92a91c0fa356f584af497d6af,8-9,Total current assets,35 062
nestle,balance_sheet,10,Total current assets,1,CHF,currency,1000000,2023-12-31,30857,30857,1,matched,2023,b4b71d8027210bcc31361bee01b94c6e6af0c4d92a91c0fa356f584af497d6af,8-9,Total current assets,30 857
nestle,balance_sheet,10,Total current assets,1,CHF,currency,1000000,2024-12-31,35188,35188,1,matched,2025,8045fcce3038da3d3bef927fecfcf2091706f1a481016a282afcfa9de52778a4,8-9,Total current assets,35 188
nestle,balance_sheet,10,Total current assets,1,CHF,currency,1000000,2025-12-31,31969,31969,1,matched,2025,8045fcce3038da3d3bef927fecfcf2091706f1a481016a282afcfa9de52778a4,8-9,Total current assets,31 969
nestle,balance_sheet,11,"Property, plant and equipment",1,CHF,currency,1000000,2016-12-31,27554,27554,1,matched,2017,8f47cb3d59aadd3895be903f5ae082ad2371dd3bf9f419c5a854f7af3be3e35a,10-11,"Property, plant and equipment",27 554
nestle,balance_sheet,11,"Property, plant and equipment",1,CHF,currency,1000000,2017-12-31,27775,27775,1,matched,2017,8f47cb3d59aadd3895be903f5ae082ad2371dd3bf9f419c5a854f7af3be3e35a,10-11,"Property, plant and equipment",27 775
nestle,balance_sheet,11,"Property, plant and equipment",1,CHF,currency,1000000,2018-12-31,29956,29956,1,matched,2019,9df923d9549e016108620003feebc27fff33b03444fd75872c1609b191236410,8-9,"Property, plant and equipment",29 956
nestle,balance_sheet,11,"Property, plant and equipment",1,CHF,currency,1000000,2019-12-31,28762,28762,1,matched,2019,9df923d9549e016108620003feebc27fff33b03444fd75872c1609b191236410,8-9,"Property, plant and equipment",28 762
nestle,balance_sheet,11,"Property, plant and equipment",1,CHF,currency,1000000,2020-12-31,25840,25840,1,matched,2021,612204283a79b31191a40cf4d71d2b78b08cd33b7776e55a492b711e2f028faf,8-9,"Property, plant and equipment",25 840
nestle,balance_sheet,11,"Property, plant and equipment",1,CHF,currency,1000000,2021-12-31,28345,28345,1,matched,2021,612204283a79b31191a40cf4d71d2b78b08cd33b7776e55a492b711e2f028faf,8-9,"Property, plant and equipment",28 345
nestle,balance_sheet,11,"Property, plant and equipment",1,CHF,currency,1000000,2022-12-31,30141,30141,1,matched,2023,b4b71d8027210bcc31361bee01b94c6e6af0c4d92a91c0fa356f584af497d6af,8-9,"Property, plant and equipment",30 141
nestle,balance_sheet,11,"Property, plant and equipment",1,CHF,currency,1000000,2023-12-31,30467,30467,1,matched,2023,b4b71d8027210bcc31361bee01b94c6e6af0c4d92a91c0fa356f584af497d6af,8-9,"Property, plant and equipment",30 467
nestle,balance_sheet,11,"Property, plant and equipment",1,CHF,currency,1000000,2024-12-31,33706,33706,1,matched,2025,8045fcce3038da3d3bef927fecfcf2091706f1a481016a282afcfa9de52778a4,8-9,"Property, plant and equipment",33 706
nestle,balance_sheet,11,"Property, plant and equipment",1,CHF,currency,1000000,2025-12-31,32549,32549,1,matched,2025,8045fcce3038da3d3bef927fecfcf2091706f1a481016a282afcfa9de52778a4,8-9,"Property, plant and equipment",32 549
nestle,balance_sheet,12,Goodwill,1,CHF,currency,1000000,2016-12-31,33007,33007,1,matched,2017,8f47cb3d59aadd3895be903f5ae082ad2371dd3bf9f419c5a854f7af3be3e35a,10-11,Goodwill,33 007
nestle,balance_sheet,12,Goodwill,1,CHF,currency,1000000,2017-12-31,29748,29748,1,matched,2017,8f47cb3d59aadd3895be903f5ae082ad2371dd3bf9f419c5a854f7af3be3e35a,10-11,Goodwill,29 748
nestle,balance_sheet,12,Goodwill,1,CHF,currency,1000000,2018-12-31,31702,31702,1,matched,2019,9df923d9549e016108620003feebc27fff33b03444fd75872c1609b191236410,8-9,Goodwill,31 702
nestle,balance_sheet,12,Goodwill,1,CHF,currency,1000000,2019-12-31,28896,28896,1,matched,2019,9df923d9549e016108620003feebc27fff33b03444fd75872c1609b191236410,8-9,Goodwill,28 896
nestle,balance_sheet,12,Goodwill,1,CHF,currency,1000000,2020-12-31,27620,27620,1,matched,2021,612204283a79b31191a40cf4d71d2b78b08cd33b7776e55a492b711e2f028faf,8-9,Goodwill,27 620
nestle,balance_sheet,12,Goodwill,1,CHF,currency,1000000,2021-12-31,31012,31012,1,matched,2021,612204283a79b31191a40cf4d71d2b78b08cd33b7776e55a492b711e2f028faf,8-9,Goodwill,31 012
nestle,balance_sheet,12,Goodwill,1,CHF,currency,1000000,2022-12-31,31262,31262,1,matched,2023,b4b71d8027210bcc31361bee01b94c6e6af0c4d92a91c0fa356f584af497d6af,8-9,Goodwill,31 262
nestle,balance_sheet,12,Goodwill,1,CHF,currency,1000000,2023-12-31,28693,28693,1,matched,2023,b4b71d8027210bcc31361bee01b94c6e6af0c4d92a91c0fa356f584af497d6af,8-9,Goodwill,28 693
nestle,balance_sheet,12,Goodwill,1,CHF,currency,1000000,2024-12-31,30595,30595,1,matched,2025,8045fcce3038da3d3bef927fecfcf2091706f1a481016a282afcfa9de52778a4,8-9,Goodwill,30 595
nestle,balance_sheet,12,Goodwill,1,CHF,currency,1000000,2025-12-31,27636,27636,1,matched,2025,8045fcce3038da3d3bef927fecfcf2091706f1a481016a282afcfa9de52778a4,8-9,Goodwill,27 636
nestle,balance_sheet,13,Intangible assets,1,CHF,currency,1000000,2016-12-31,20397,20397,1,matched,2017,8f47cb3d59aadd3895be903f5ae082ad2371dd3bf9f419c5a854f7af3be3e35a,10-11,Intangible assets,20 397
nestle,balance_sheet,13,Intangible assets,1,CHF,currency,1000000,2017-12-31,20615,20615,1,matched,2017,8f47cb3d59aadd3895be903f5ae082ad2371dd3bf9f419c5a854f7af3be3e35a,10-11,Intangible assets,20 615
nestle,balance_sheet,13,Intangible assets,1,CHF,currency,1000000,2018-12-31,18634,18634,1,matched,2019,9df923d9549e016108620003feebc27fff33b03444fd75872c1609b191236410,8-9,Intangible assets,18 634
nestle,balance_sheet,13,Intangible assets,1,CHF,currency,1000000,2019-12-31,17824,17824,1,matched,2019,9df923d9549e016108620003feebc27fff33b03444fd75872c1609b191236410,8-9,Intangible assets,17 824
nestle,balance_sheet,13,Intangible assets,1,CHF,currency,1000000,2020-12-31,20148,20148,1,matched,2021,612204283a79b31191a40cf4d71d2b78b08cd33b7776e55a492b711e2f028faf,8-9,Intangible assets,20 148
nestle,balance_sheet,13,Intangible assets,1,CHF,currency,1000000,2021-12-31,22223,22223,1,matched,2021,612204283a79b31191a40cf4d71d2b78b08cd33b7776e55a492b711e2f028faf,8-9,Intangible assets,22 223
nestle,balance_sheet,13,Intangible assets,1,CHF,currency,1000000,2022-12-31,20237,20237,1,matched,2023,b4b71d8027210bcc31361bee01b94c6e6af0c4d92a91c0fa356f584af497d6af,8-9,Intangible assets,20 237
nestle,balance_sheet,13,Intangible assets,1,CHF,currency,1000000,2023-12-31,18225,18225,1,matched,2023,b4b71d8027210bcc31361bee01b94c6e6af0c4d92a91c0fa356f584af497d6af,8-9,Intangible assets,18 225
nestle,balance_sheet,13,Intangible assets,1,CHF,currency,1000000,2024-12-31,19245,19245,1,matched,2025,8045fcce3038da3d3bef927fecfcf2091706f1a481016a282afcfa9de52778a4,8-9,Intangible assets,19 245
nestle,balance_sheet,13,Intangible assets,1,CHF,currency,1000000,2025-12-31,16673,16673,1,matched,2025,8045fcce3038da3d3bef927fecfcf2091706f1a481016a282afcfa9de52778a4,8-9,Intangible assets,16 673
nestle,balance_sheet,14,Investments in associates and joint ventures,1,CHF,currency,1000000,2016-12-31,10709,10709,1,matched,2017,8f47cb3d59aadd3895be903f5ae082ad2371dd3bf9f419c5a854f7af3be3e35a,10-11,Investments in associates and joint ventures,10 709
nestle,balance_sheet,14,Investments in associates and joint ventures,1,CHF,currency,1000000,2017-12-31,11628,11628,1,matched,2017,8f47cb3d59aadd3895be903f5ae082ad2371dd3bf9f419c5a854f7af3be3e35a,10-11,Investments in associates and joint ventures,11 628
nestle,balance_sheet,14,Investments in associates and joint ventures,1,CHF,currency,1000000,2018-12-31,10792,10792,1,matched,2019,9df923d9549e016108620003feebc27fff33b03444fd75872c1609b191236410,8-9,Investments in associates and joint ventures,10 792
nestle,balance_sheet,14,Investments in associates and joint ventures,1,CHF,currency,1000000,2019-12-31,11505,11505,1,matched,2019,9df923d9549e016108620003feebc27fff33b03444fd75872c1609b191236410,8-9,Investments in associates and joint ventures,11 505
nestle,balance_sheet,14,Investments in associates and joint ventures,1,CHF,currency,1000000,2020-12-31,12005,12005,1,matched,2021,612204283a79b31191a40cf4d71d2b78b08cd33b7776e55a492b711e2f028faf,8-9,Investments in associates and joint ventures,12 005
nestle,balance_sheet,14,Investments in associates and joint ventures,1,CHF,currency,1000000,2021-12-31,11806,11806,1,matched,2021,612204283a79b31191a40cf4d71d2b78b08cd33b7776e55a492b711e2f028faf,8-9,Investments in associates and joint ventures,11 806
nestle,balance_sheet,14,Investments in associates and joint ventures,1,CHF,currency,1000000,2022-12-31,13023,13023,1,matched,2023,b4b71d8027210bcc31361bee01b94c6e6af0c4d92a91c0fa356f584af497d6af,8-9,Investments in associates and joint ventures,13 023
nestle,balance_sheet,14,Investments in associates and joint ventures,1,CHF,currency,1000000,2023-12-31,13088,13088,1,matched,2023,b4b71d8027210bcc31361bee01b94c6e6af0c4d92a91c0fa356f584af497d6af,8-9,Investments in associates and joint ventures,13 088
nestle,balance_sheet,14,Investments in associates and joint ventures,1,CHF,currency,1000000,2024-12-31,14326,14326,1,matched,2025,8045fcce3038da3d3bef927fecfcf2091706f1a481016a282afcfa9de52778a4,8-9,Investments in associates and joint ventures,14 326
nestle,balance_sheet,14,Investments in associates and joint ventures,1,CHF,currency,1000000,2025-12-31,12096,12096,1,matched,2025,8045fcce3038da3d3bef927fecfcf2091706f1a481016a282afcfa9de52778a4,8-9,Investments in associates and joint ventures,12 096
nestle,balance_sheet,15,Financial assets,1,CHF,currency,1000000,2016-12-31,5719,5719,1,matched,2017,8f47cb3d59aadd3895be903f5ae082ad2371dd3bf9f419c5a854f7af3be3e35a,10-11,Financial assets,5 719
nestle,balance_sheet,15,Financial assets,1,CHF,currency,1000000,2017-12-31,6003,6003,1,matched,2017,8f47cb3d59aadd3895be903f5ae082ad2371dd3bf9f419c5a854f7af3be3e35a,10-11,Financial assets,6 003
nestle,balance_sheet,15,Financial assets,1,CHF,currency,1000000,2018-12-31,2567,2567,1,matched,2019,9df923d9549e016108620003feebc27fff33b03444fd75872c1609b191236410,8-9,Financial assets,2 567
nestle,balance_sheet,15,Financial assets,1,CHF,currency,1000000,2019-12-31,2611,2611,1,matched,2019,9df923d9549e016108620003feebc27fff33b03444fd75872c1609b191236410,8-9,Financial assets,2 611
nestle,balance_sheet,15,Financial assets,1,CHF,currency,1000000,2020-12-31,2594,2594,1,matched,2021,612204283a79b31191a40cf4d71d2b78b08cd33b7776e55a492b711e2f028faf,8-9,Financial assets,2 594
nestle,balance_sheet,15,Financial assets,1,CHF,currency,1000000,2021-12-31,2824,2824,1,matched,2021,612204283a79b31191a40cf4d71d2b78b08cd33b7776e55a492b711e2f028faf,8-9,Financial assets,2 824
nestle,balance_sheet,15,Financial assets,1,CHF,currency,1000000,2022-12-31,3253,3253,1,matched,2023,b4b71d8027210bcc31361bee01b94c6e6af0c4d92a91c0fa356f584af497d6af,8-9,Financial assets,3 253
nestle,balance_sheet,15,Financial assets,1,CHF,currency,1000000,2023-12-31,2947,2947,1,matched,2023,b4b71d8027210bcc31361bee01b94c6e6af0c4d92a91c0fa356f584af497d6af,8-9,Financial assets,2 947
nestle,balance_sheet,15,Financial assets,1,CHF,currency,1000000,2024-12-31,3650,3650,1,matched,2025,8045fcce3038da3d3bef927fecfcf2091706f1a481016a282afcfa9de52778a4,8-9,Financial assets,3 650
nestle,balance_sheet,15,Financial assets,1,CHF,currency,1000000,2025-12-31,3641,3641,1,matched,2025,8045fcce3038da3d3bef927fecfcf2091706f1a481016a282afcfa9de52778a4,8-9,Financial assets,3 641
nestle,balance_sheet,16,Derivative assets,2,CHF,currency,1000000,2016-12-31,,,0,blank_no_source,,,,,
nestle,balance_sheet,16,Derivative assets,2,CHF,currency,1000000,2017-12-31,,,0,blank_no_source,,,,,
nestle,balance_sheet,16,Derivative assets,2,CHF,currency,1000000,2018-12-31,,,0,blank_no_source,,,,,
nestle,balance_sheet,16,Derivative assets,2,CHF,currency,1000000,2019-12-31,,,0,blank_no_source,,,,,
nestle,balance_sheet,16,Derivative assets,2,CHF,currency,1000000,2020-12-31,,,0,blank_no_source,,,,,
nestle,balance_sheet,16,Derivative assets,2,CHF,currency,1000000,2021-12-31,,,0,blank_no_source,,,,,
nestle,balance_sheet,16,Derivative assets,2,CHF,currency,1000000,2022-12-31,—,—,1,matched,2023,b4b71d8027210bcc31361bee01b94c6e6af0c4d92a91c0fa356f584af497d6af,8-9,Derivative assets,—
nestle,balance_sheet,16,Derivative assets,2,CHF,currency,1000000,2023-12-31,130,130,1,matched,2023,b4b71d8027210bcc31361bee01b94c6e6af0c4d92a91c0fa356f584af497d6af,8-9,Derivative assets,130
nestle,balance_sheet,16,Derivative assets,2,CHF,currency,1000000,2024-12-31,84,84,1,matched,2025,8045fcce3038da3d3bef927fecfcf2091706f1a481016a282afcfa9de52778a4,8-9,Derivative assets,84
nestle,balance_sheet,16,Derivative assets,2,CHF,currency,1000000,2025-12-31,229,229,1,matched,2025,8045fcce3038da3d3bef927fecfcf2091706f1a481016a282afcfa9de52778a4,8-9,Derivative assets,229
nestle,balance_sheet,17,Employee benefits assets and reimbursement rights,1,CHF,currency,1000000,2016-12-31,310,310,1,matched,2017,8f47cb3d59aadd3895be903f5ae082ad2371dd3bf9f419c5a854f7af3be3e35a,10-11,Employee beneﬁts assets,310
nestle,balance_sheet,17,Employee benefits assets and reimbursement rights,1,CHF,currency,1000000,2017-12-31,392,392,1,matched,2017,8f47cb3d59aadd3895be903f5ae082ad2371dd3bf9f419c5a854f7af3be3e35a,10-11,Employee beneﬁts assets,392
nestle,balance_sheet,17,Employee benefits assets and reimbursement rights,1,CHF,currency,1000000,2018-12-31,487,487,1,matched,2019,9df923d9549e016108620003feebc27fff33b03444fd75872c1609b191236410,8-9,Employee benefits assets,487
nestle,balance_sheet,17,Employee benefits assets and reimbursement rights,1,CHF,currency,1000000,2019-12-31,510,510,1,matched,2019,9df923d9549e016108620003feebc27fff33b03444fd75872c1609b191236410,8-9,Employee benefits assets,510
nestle,balance_sheet,17,Employee benefits assets and reimbursement rights,1,CHF,currency,1000000,2020-12-31,468,468,1,matched,2021,612204283a79b31191a40cf4d71d2b78b08cd33b7776e55a492b711e2f028faf,8-9,Employee benefits assets and reimbursement rights,468
nestle,balance_sheet,17,Employee benefits assets and reimbursement rights,1,CHF,currency,1000000,2021-12-31,2417,2417,1,matched,2021,612204283a79b31191a40cf4d71d2b78b08cd33b7776e55a492b711e2f028faf,8-9,Employee benefits assets and reimbursement rights,2 417
nestle,balance_sheet,17,Employee benefits assets and reimbursement rights,1,CHF,currency,1000000,2022-12-31,1161,1161,1,matched,2023,b4b71d8027210bcc31361bee01b94c6e6af0c4d92a91c0fa356f584af497d6af,8-9,Employee benefits assets and reimbursement rights,1 161
nestle,balance_sheet,17,Employee benefits assets and reimbursement rights,1,CHF,currency,1000000,2023-12-31,962,962,1,matched,2023,b4b71d8027210bcc31361bee01b94c6e6af0c4d92a91c0fa356f584af497d6af,8-9,Employee benefits assets and reimbursement rights,962
nestle,balance_sheet,17,Employee benefits assets and reimbursement rights,1,CHF,currency,1000000,2024-12-31,1475,1475,1,matched,2025,8045fcce3038da3d3bef927fecfcf2091706f1a481016a282afcfa9de52778a4,8-9,Employee benefits assets and reimbursement rights,1 475
nestle,balance_sheet,17,Employee benefits assets and reimbursement rights,1,CHF,currency,1000000,2025-12-31,1412,1412,1,matched,2025,8045fcce3038da3d3bef927fecfcf2091706f1a481016a282afcfa9de52778a4,8-9,Employee benefits assets and reimbursement rights,1 412
nestle,balance_sheet,18,Deferred tax assets,1,CHF,currency,1000000,2016-12-31,2049,2049,1,matched,2017,8f47cb3d59aadd3895be903f5ae082ad2371dd3bf9f419c5a854f7af3be3e35a,10-11,Deferred tax assets,2 049
nestle,balance_sheet,18,Deferred tax assets,1,CHF,currency,1000000,2017-12-31,1967,1967,1,matched,2017,8f47cb3d59aadd3895be903f5ae082ad2371dd3bf9f419c5a854f7af3be3e35a,10-11,Deferred tax assets,1 967
nestle,balance_sheet,18,Deferred tax assets,1,CHF,currency,1000000,2018-12-31,1816,1816,1,matched,2019,9df923d9549e016108620003feebc27fff33b03444fd75872c1609b191236410,8-9,Deferred tax assets,1 816
nestle,balance_sheet,18,Deferred tax assets,1,CHF,currency,1000000,2019-12-31,2114,2114,1,matched,2019,9df923d9549e016108620003feebc27fff33b03444fd75872c1609b191236410,8-9,Deferred tax assets,2 114
nestle,balance_sheet,18,Deferred tax assets,1,CHF,currency,1000000,2020-12-31,1285,1285,1,matched,2021,612204283a79b31191a40cf4d71d2b78b08cd33b7776e55a492b711e2f028faf,8-9,Deferred tax assets,1 285
nestle,balance_sheet,18,Deferred tax assets,1,CHF,currency,1000000,2021-12-31,1258,1258,1,matched,2021,612204283a79b31191a40cf4d71d2b78b08cd33b7776e55a492b711e2f028faf,8-9,Deferred tax assets,1 258
nestle,balance_sheet,18,Deferred tax assets,1,CHF,currency,1000000,2022-12-31,1043,1043,1,matched,2023,b4b71d8027210bcc31361bee01b94c6e6af0c4d92a91c0fa356f584af497d6af,8-9,Deferred tax assets,1 043
nestle,balance_sheet,18,Deferred tax assets,1,CHF,currency,1000000,2023-12-31,1181,1181,1,matched,2023,b4b71d8027210bcc31361bee01b94c6e6af0c4d92a91c0fa356f584af497d6af,8-9,Deferred tax assets,1 181
nestle,balance_sheet,18,Deferred tax assets,1,CHF,currency,1000000,2024-12-31,995,995,1,matched,2025,8045fcce3038da3d3bef927fecfcf2091706f1a481016a282afcfa9de52778a4,8-9,Deferred tax assets,995
nestle,balance_sheet,18,Deferred tax assets,1,CHF,currency,1000000,2025-12-31,946,946,1,matched,2025,8045fcce3038da3d3bef927fecfcf2091706f1a481016a282afcfa9de52778a4,8-9,Deferred tax assets,946
nestle,balance_sheet,19,Current income tax assets,2,CHF,currency,1000000,2016-12-31,114,114,1,matched,2017,8f47cb3d59aadd3895be903f5ae082ad2371dd3bf9f419c5a854f7af3be3e35a,10-11,Current income tax assets,114
nestle,balance_sheet,19,Current income tax assets,2,CHF,currency,1000000,2017-12-31,62,62,1,matched,2017,8f47cb3d59aadd3895be903f5ae082ad2371dd3bf9f419c5a854f7af3be3e35a,10-11,Current income tax assets,62
nestle,balance_sheet,19,Current income tax assets,2,CHF,currency,1000000,2018-12-31,58,58,1,matched,2019,9df923d9549e016108620003feebc27fff33b03444fd75872c1609b191236410,8-9,Current income tax assets,58
nestle,balance_sheet,19,Current income tax assets,2,CHF,currency,1000000,2019-12-31,55,55,1,matched,2019,9df923d9549e016108620003feebc27fff33b03444fd75872c1609b191236410,8-9,Current income tax assets,55
nestle,balance_sheet,19,Current income tax assets,2,CHF,currency,1000000,2020-12-31,,,0,blank_no_source,,,,,
nestle,balance_sheet,19,Current income tax assets,2,CHF,currency,1000000,2021-12-31,,,0,blank_no_source,,,,,
nestle,balance_sheet,19,Current income tax assets,2,CHF,currency,1000000,2022-12-31,,,0,blank_no_source,,,,,
nestle,balance_sheet,19,Current income tax assets,2,CHF,currency,1000000,2023-12-31,,,0,blank_no_source,,,,,
nestle,balance_sheet,19,Current income tax assets,2,CHF,currency,1000000,2024-12-31,,,0,blank_no_source,,,,,
nestle,balance_sheet,19,Current income tax assets,2,CHF,currency,1000000,2025-12-31,,,0,blank_no_source,,,,,
nestle,balance_sheet,20,Total non-current assets,1,CHF,currency,1000000,2016-12-31,99859,99859,1,matched,2017,8f47cb3d59aadd3895be903f5ae082ad2371dd3bf9f419c5a854f7af3be3e35a,10-11,Total non-current assets,99 859
nestle,balance_sheet,20,Total non-current assets,1,CHF,currency,1000000,2017-12-31,98190,98190,1,matched,2017,8f47cb3d59aadd3895be903f5ae082ad2371dd3bf9f419c5a854f7af3be3e35a,10-11,Total non-current assets,98 190
nestle,balance_sheet,20,Total non-current assets,1,CHF,currency,1000000,2018-12-31,96012,96012,1,matched,2019,9df923d9549e016108620003feebc27fff33b03444fd75872c1609b191236410,8-9,Total non-current assets,96 012
nestle,balance_sheet,20,Total non-current assets,1,CHF,currency,1000000,2019-12-31,92277,92277,1,matched,2019,9df923d9549e016108620003feebc27fff33b03444fd75872c1609b191236410,8-9,Total non-current assets,92 277
nestle,balance_sheet,20,Total non-current assets,1,CHF,currency,1000000,2020-12-31,89960,89960,1,matched,2021,612204283a79b31191a40cf4d71d2b78b08cd33b7776e55a492b711e2f028faf,8-9,Total non-current assets,89 960
nestle,balance_sheet,20,Total non-current assets,1,CHF,currency,1000000,2021-12-31,99885,99885,1,matched,2021,612204283a79b31191a40cf4d71d2b78b08cd33b7776e55a492b711e2f028faf,8-9,Total non-current assets,99 885
nestle,balance_sheet,20,Total non-current assets,1,CHF,currency,1000000,2022-12-31,100120,100120,1,matched,2023,b4b71d8027210bcc31361bee01b94c6e6af0c4d92a91c0fa356f584af497d6af,8-9,Total non-current assets,100 120
nestle,balance_sheet,20,Total non-current assets,1,CHF,currency,1000000,2023-12-31,95693,95693,1,matched,2023,b4b71d8027210bcc31361bee01b94c6e6af0c4d92a91c0fa356f584af497d6af,8-9,Total non-current assets,95 693
nestle,balance_sheet,20,Total non-current assets,1,CHF,currency,1000000,2024-12-31,104076,104076,1,matched,2025,8045fcce3038da3d3bef927fecfcf2091706f1a481016a282afcfa9de52778a4,8-9,Total non-current assets,104 076
nestle,balance_sheet,20,Total non-current assets,1,CHF,currency,1000000,2025-12-31,95182,95182,1,matched,2025,8045fcce3038da3d3bef927fecfcf2091706f1a481016a282afcfa9de52778a4,8-9,Total non-current assets,95 182
nestle,balance_sheet,21,Total assets,1,CHF,currency,1000000,2016-12-31,131901,131901,1,matched,2017,8f47cb3d59aadd3895be903f5ae082ad2371dd3bf9f419c5a854f7af3be3e35a,10-11,Total assets,131 901
nestle,balance_sheet,21,Total assets,1,CHF,currency,1000000,2017-12-31,130380,130380,1,matched,2017,8f47cb3d59aadd3895be903f5ae082ad2371dd3bf9f419c5a854f7af3be3e35a,10-11,Total assets,130 380
nestle,balance_sheet,21,Total assets,1,CHF,currency,1000000,2018-12-31,137015,137015,1,matched,2019,9df923d9549e016108620003feebc27fff33b03444fd75872c1609b191236410,8-9,Total assets,137 015
nestle,balance_sheet,21,Total assets,1,CHF,currency,1000000,2019-12-31,127940,127940,1,matched,2019,9df923d9549e016108620003feebc27fff33b03444fd75872c1609b191236410,8-9,Total assets,127 940
nestle,balance_sheet,21,Total assets,1,CHF,currency,1000000,2020-12-31,124028,124028,1,matched,2021,612204283a79b31191a40cf4d71d2b78b08cd33b7776e55a492b711e2f028faf,8-9,Total assets,124 028
nestle,balance_sheet,21,Total assets,1,CHF,currency,1000000,2021-12-31,139142,139142,1,matched,2021,612204283a79b31191a40cf4d71d2b78b08cd33b7776e55a492b711e2f028faf,8-9,Total assets,139 142
nestle,balance_sheet,21,Total assets,1,CHF,currency,1000000,2022-12-31,135182,135182,1,matched,2023,b4b71d8027210bcc31361bee01b94c6e6af0c4d92a91c0fa356f584af497d6af,8-9,Total assets,135 182
nestle,balance_sheet,21,Total assets,1,CHF,currency,1000000,2023-12-31,126550,126550,1,matched,2023,b4b71d8027210bcc31361bee01b94c6e6af0c4d92a91c0fa356f584af497d6af,8-9,Total assets,126 550
nestle,balance_sheet,21,Total assets,1,CHF,currency,1000000,2024-12-31,139264,139264,1,matched,2025,8045fcce3038da3d3bef927fecfcf2091706f1a481016a282afcfa9de52778a4,8-9,Total assets,139 264
nestle,balance_sheet,21,Total assets,1,CHF,currency,1000000,2025-12-31,127151,127151,1,matched,2025,8045fcce3038da3d3bef927fecfcf2091706f1a481016a282afcfa9de52778a4,8-9,Total assets,127 151
nestle,balance_sheet,22,Financial debt,1,CHF,currency,1000000,2016-12-31,12118,12118,1,matched,2017,8f47cb3d59aadd3895be903f5ae082ad2371dd3bf9f419c5a854f7af3be3e35a,10-11,Financial debt,12 118
nestle,balance_sheet,22,Financial debt,1,CHF,currency,1000000,2017-12-31,10536,10536,1,matched,2017,8f47cb3d59aadd3895be903f5ae082ad2371dd3bf9f419c5a854f7af3be3e35a,10-11,Financial debt,10 536
nestle,balance_sheet,22,Financial debt,1,CHF,currency,1000000,2018-12-31,14694,14694,1,matched,2019,9df923d9549e016108620003feebc27fff33b03444fd75872c1609b191236410,8-9,Financial debt,14 694
nestle,balance_sheet,22,Financial debt,1,CHF,currency,1000000,2019-12-31,14032,14032,1,matched,2019,9df923d9549e016108620003feebc27fff33b03444fd75872c1609b191236410,8-9,Financial debt,14 032
nestle,balance_sheet,22,Financial debt,1,CHF,currency,1000000,2020-12-31,12019,12019,1,matched,2021,612204283a79b31191a40cf4d71d2b78b08cd33b7776e55a492b711e2f028faf,8-9,Financial debt,12 019
nestle,balance_sheet,22,Financial debt,1,CHF,currency,1000000,2021-12-31,10092,10092,1,matched,2021,612204283a79b31191a40cf4d71d2b78b08cd33b7776e55a492b711e2f028faf,8-9,Financial debt,10 092
nestle,balance_sheet,22,Financial debt,1,CHF,currency,1000000,2022-12-31,10892,10892,1,matched,2023,b4b71d8027210bcc31361bee01b94c6e6af0c4d92a91c0fa356f584af497d6af,8-9,Financial debt,10 892
nestle,balance_sheet,22,Financial debt,1,CHF,currency,1000000,2023-12-31,9416,9416,1,matched,2023,b4b71d8027210bcc31361bee01b94c6e6af0c4d92a91c0fa356f584af497d6af,8-9,Financial debt,9 416
nestle,balance_sheet,22,Financial debt,1,CHF,currency,1000000,2024-12-31,11863,11863,1,matched,2025,8045fcce3038da3d3bef927fecfcf2091706f1a481016a282afcfa9de52778a4,8-9,Financial debt,11 863
nestle,balance_sheet,22,Financial debt,1,CHF,currency,1000000,2025-12-31,11606,11606,1,matched,2025,8045fcce3038da3d3bef927fecfcf2091706f1a481016a282afcfa9de52778a4,8-9,Financial debt,11 606
nestle,balance_sheet,23,Derivative liabilities,1,CHF,currency,1000000,2016-12-31,1068,1068,1,matched,2017,8f47cb3d59aadd3895be903f5ae082ad2371dd3bf9f419c5a854f7af3be3e35a,10-11,Derivative liabilities,1 068
nestle,balance_sheet,23,Derivative liabilities,1,CHF,currency,1000000,2017-12-31,507,507,1,matched,2017,8f47cb3d59aadd3895be903f5ae082ad2371dd3bf9f419c5a854f7af3be3e35a,10-11,Derivative liabilities,507
nestle,balance_sheet,23,Derivative liabilities,1,CHF,currency,1000000,2018-12-31,448,448,1,matched,2019,9df923d9549e016108620003feebc27fff33b03444fd75872c1609b191236410,8-9,Derivative liabilities,448
nestle,balance_sheet,23,Derivative liabilities,1,CHF,currency,1000000,2019-12-31,420,420,1,matched,2019,9df923d9549e016108620003feebc27fff33b03444fd75872c1609b191236410,8-9,Derivative liabilities,420
nestle,balance_sheet,23,Derivative liabilities,1,CHF,currency,1000000,2020-12-31,254,254,1,matched,2021,612204283a79b31191a40cf4d71d2b78b08cd33b7776e55a492b711e2f028faf,8-9,Derivative liabilities,254
nestle,balance_sheet,23,Derivative liabilities,1,CHF,currency,1000000,2021-12-31,464,464,1,matched,2021,612204283a79b31191a40cf4d71d2b78b08cd33b7776e55a492b711e2f028faf,8-9,Derivative liabilities,464
nestle,balance_sheet,23,Derivative liabilities,1,CHF,currency,1000000,2022-12-31,352,352,1,matched,2023,b4b71d8027210bcc31361bee01b94c6e6af0c4d92a91c0fa356f584af497d6af,8-9,Derivative liabilities,352
nestle,balance_sheet,23,Derivative liabilities,1,CHF,currency,1000000,2023-12-31,317,317,1,matched,2023,b4b71d8027210bcc31361bee01b94c6e6af0c4d92a91c0fa356f584af497d6af,8-9,Derivative liabilities,317
nestle,balance_sheet,23,Derivative liabilities,1,CHF,currency,1000000,2024-12-31,408,408,1,matched,2025,8045fcce3038da3d3bef927fecfcf2091706f1a481016a282afcfa9de52778a4,8-9,Derivative liabilities,408
nestle,balance_sheet,23,Derivative liabilities,1,CHF,currency,1000000,2025-12-31,202,202,1,matched,2025,8045fcce3038da3d3bef927fecfcf2091706f1a481016a282afcfa9de52778a4,8-9,Derivative liabilities,202
nestle,balance_sheet,24,Trade and other payables,1,CHF,currency,1000000,2016-12-31,18629,18629,1,matched,2017,8f47cb3d59aadd3895be903f5ae082ad2371dd3bf9f419c5a854f7af3be3e35a,10-11,Trade and other payables,18 629
nestle,balance_sheet,24,Trade and other payables,1,CHF,currency,1000000,2017-12-31,18872,18872,1,matched,2017,8f47cb3d59aadd3895be903f5ae082ad2371dd3bf9f419c5a854f7af3be3e35a,10-11,Trade and other payables,18 872
nestle,balance_sheet,24,Trade and other payables,1,CHF,currency,1000000,2018-12-31,17800,17800,1,matched,2019,9df923d9549e016108620003feebc27fff33b03444fd75872c1609b191236410,8-9,Trade and other payables,17 800
nestle,balance_sheet,24,Trade and other payables,1,CHF,currency,1000000,2019-12-31,18803,18803,1,matched,2019,9df923d9549e016108620003feebc27fff33b03444fd75872c1609b191236410,8-9,Trade and other payables,18 803
nestle,balance_sheet,24,Trade and other payables,1,CHF,currency,1000000,2020-12-31,18515,18515,1,matched,2021,612204283a79b31191a40cf4d71d2b78b08cd33b7776e55a492b711e2f028faf,8-9,Trade and other payables,18 515
nestle,balance_sheet,24,Trade and other payables,1,CHF,currency,1000000,2021-12-31,20907,20907,1,matched,2021,612204283a79b31191a40cf4d71d2b78b08cd33b7776e55a492b711e2f028faf,8-9,Trade and other payables,20 907
nestle,balance_sheet,24,Trade and other payables,1,CHF,currency,1000000,2022-12-31,20523,20523,1,matched,2023,b4b71d8027210bcc31361bee01b94c6e6af0c4d92a91c0fa356f584af497d6af,8-9,Trade and other payables,20 523
nestle,balance_sheet,24,Trade and other payables,1,CHF,currency,1000000,2023-12-31,19204,19204,1,matched,2023,b4b71d8027210bcc31361bee01b94c6e6af0c4d92a91c0fa356f584af497d6af,8-9,Trade and other payables,19 204
nestle,balance_sheet,24,Trade and other payables,1,CHF,currency,1000000,2024-12-31,21807,21807,1,matched,2025,8045fcce3038da3d3bef927fecfcf2091706f1a481016a282afcfa9de52778a4,8-9,Trade and other payables,21 807
nestle,balance_sheet,24,Trade and other payables,1,CHF,currency,1000000,2025-12-31,20023,20023,1,matched,2025,8045fcce3038da3d3bef927fecfcf2091706f1a481016a282afcfa9de52778a4,8-9,Trade and other payables,20 023
nestle,balance_sheet,25,Accruals,1,CHF,currency,1000000,2016-12-31,3855,3855,1,matched,2017,8f47cb3d59aadd3895be903f5ae082ad2371dd3bf9f419c5a854f7af3be3e35a,10-11,Accruals and deferred income,3 855
nestle,balance_sheet,25,Accruals,1,CHF,currency,1000000,2017-12-31,4094,4094,1,matched,2017,8f47cb3d59aadd3895be903f5ae082ad2371dd3bf9f419c5a854f7af3be3e35a,10-11,Accruals and deferred income,4 094
nestle,balance_sheet,25,Accruals,1,CHF,currency,1000000,2018-12-31,4075,4075,1,matched,2019,9df923d9549e016108620003feebc27fff33b03444fd75872c1609b191236410,8-9,Accruals and deferred income,4 075
nestle,balance_sheet,25,Accruals,1,CHF,currency,1000000,2019-12-31,4492,4492,1,matched,2019,9df923d9549e016108620003feebc27fff33b03444fd75872c1609b191236410,8-9,Accruals and deferred income,4 492
nestle,balance_sheet,25,Accruals,1,CHF,currency,1000000,2020-12-31,4917,4917,1,matched,2021,612204283a79b31191a40cf4d71d2b78b08cd33b7776e55a492b711e2f028faf,8-9,Accruals,4 917
nestle,balance_sheet,25,Accruals,1,CHF,currency,1000000,2021-12-31,5051,5051,1,matched,2021,612204283a79b31191a40cf4d71d2b78b08cd33b7776e55a492b711e2f028faf,8-9,Accruals,5 051
nestle,balance_sheet,25,Accruals,1,CHF,currency,1000000,2022-12-31,5114,5114,1,matched,2023,b4b71d8027210bcc31361bee01b94c6e6af0c4d92a91c0fa356f584af497d6af,8-9,Accruals,5 114
nestle,balance_sheet,25,Accruals,1,CHF,currency,1000000,2023-12-31,5112,5112,1,matched,2023,b4b71d8027210bcc31361bee01b94c6e6af0c4d92a91c0fa356f584af497d6af,8-9,Accruals,5 112
nestle,balance_sheet,25,Accruals,1,CHF,currency,1000000,2024-12-31,5466,5466,1,matched,2025,8045fcce3038da3d3bef927fecfcf2091706f1a481016a282afcfa9de52778a4,8-9,Accruals,5 466
nestle,balance_sheet,25,Accruals,1,CHF,currency,1000000,2025-12-31,5575,5575,1,matched,2025,8045fcce3038da3d3bef927fecfcf2091706f1a481016a282afcfa9de52778a4,8-9,Accruals,5 575
nestle,balance_sheet,26,Provisions,1,CHF,currency,1000000,2016-12-31,620,620,1,matched,2017,8f47cb3d59aadd3895be903f5ae082ad2371dd3bf9f419c5a854f7af3be3e35a,10-11,Provisions,620
nestle,balance_sheet,26,Provisions,1,CHF,currency,1000000,2017-12-31,863,863,1,matched,2017,8f47cb3d59aadd3895be903f5ae082ad2371dd3bf9f419c5a854f7af3be3e35a,10-11,Provisions,863
nestle,balance_sheet,26,Provisions,1,CHF,currency,1000000,2018-12-31,780,780,1,matched,2019,9df923d9549e016108620003feebc27fff33b03444fd75872c1609b191236410,8-9,Provisions,780
nestle,balance_sheet,26,Provisions,1,CHF,currency,1000000,2019-12-31,802,802,1,matched,2019,9df923d9549e016108620003feebc27fff33b03444fd75872c1609b191236410,8-9,Provisions,802
nestle,balance_sheet,26,Provisions,1,CHF,currency,1000000,2020-12-31,508,508,1,matched,2021,612204283a79b31191a40cf4d71d2b78b08cd33b7776e55a492b711e2f028faf,8-9,Provisions,508
nestle,balance_sheet,26,Provisions,1,CHF,currency,1000000,2021-12-31,532,532,1,matched,2021,612204283a79b31191a40cf4d71d2b78b08cd33b7776e55a492b711e2f028faf,8-9,Provisions,532
nestle,balance_sheet,26,Provisions,1,CHF,currency,1000000,2022-12-31,620,620,1,matched,2023,b4b71d8027210bcc31361bee01b94c6e6af0c4d92a91c0fa356f584af497d6af,8-9,Provisions,620
nestle,balance_sheet,26,Provisions,1,CHF,currency,1000000,2023-12-31,675,675,1,matched,2023,b4b71d8027210bcc31361bee01b94c6e6af0c4d92a91c0fa356f584af497d6af,8-9,Provisions,675
nestle,balance_sheet,26,Provisions,1,CHF,currency,1000000,2024-12-31,865,865,1,matched,2025,8045fcce3038da3d3bef927fecfcf2091706f1a481016a282afcfa9de52778a4,8-9,Provisions,865
nestle,balance_sheet,26,Provisions,1,CHF,currency,1000000,2025-12-31,850,850,1,matched,2025,8045fcce3038da3d3bef927fecfcf2091706f1a481016a282afcfa9de52778a4,8-9,Provisions,850
nestle,balance_sheet,27,Current income tax liabilities,1,CHF,currency,1000000,2016-12-31,1221,1221,1,matched,2017,8f47cb3d59aadd3895be903f5ae082ad2371dd3bf9f419c5a854f7af3be3e35a,10-11,Current income tax liabilities,1 221
nestle,balance_sheet,27,Current income tax liabilities,1,CHF,currency,1000000,2017-12-31,1170,1170,1,matched,2017,8f47cb3d59aadd3895be903f5ae082ad2371dd3bf9f419c5a854f7af3be3e35a,10-11,Current income tax liabilities,1 170
nestle,balance_sheet,27,Current income tax liabilities,1,CHF,currency,1000000,2018-12-31,2731,2731,1,matched,2019,9df923d9549e016108620003feebc27fff33b03444fd75872c1609b191236410,8-9,Current income tax liabilities,2 731
nestle,balance_sheet,27,Current income tax liabilities,1,CHF,currency,1000000,2019-12-31,2673,2673,1,matched,2019,9df923d9549e016108620003feebc27fff33b03444fd75872c1609b191236410,8-9,Current income tax liabilities,2 673
nestle,balance_sheet,27,Current income tax liabilities,1,CHF,currency,1000000,2020-12-31,2661,2661,1,matched,2021,612204283a79b31191a40cf4d71d2b78b08cd33b7776e55a492b711e2f028faf,8-9,Current income tax liabilities,2 661
nestle,balance_sheet,27,Current income tax liabilities,1,CHF,currency,1000000,2021-12-31,2962,2962,1,matched,2021,612204283a79b31191a40cf4d71d2b78b08cd33b7776e55a492b711e2f028faf,8-9,Current income tax liabilities,2 962
nestle,balance_sheet,27,Current income tax liabilities,1,CHF,currency,1000000,2022-12-31,2447,2447,1,matched,2023,b4b71d8027210bcc31361bee01b94c6e6af0c4d92a91c0fa356f584af497d6af,8-9,Current income tax liabilities,2 447
nestle,balance_sheet,27,Current income tax liabilities,1,CHF,currency,1000000,2023-12-31,2360,2360,1,matched,2023,b4b71d8027210bcc31361bee01b94c6e6af0c4d92a91c0fa356f584af497d6af,8-9,Current income tax liabilities,2 360
nestle,balance_sheet,27,Current income tax liabilities,1,CHF,currency,1000000,2024-12-31,2435,2435,1,matched,2025,8045fcce3038da3d3bef927fecfcf2091706f1a481016a282afcfa9de52778a4,8-9,Current income tax liabilities,2 435
nestle,balance_sheet,27,Current income tax liabilities,1,CHF,currency,1000000,2025-12-31,2338,2338,1,matched,2025,8045fcce3038da3d3bef927fecfcf2091706f1a481016a282afcfa9de52778a4,8-9,Current income tax liabilities,2 338
nestle,balance_sheet,28,Liabilities directly associated with assets held for sale,1,CHF,currency,1000000,2016-12-31,6,6,1,matched,2017,8f47cb3d59aadd3895be903f5ae082ad2371dd3bf9f419c5a854f7af3be3e35a,10-11,Liabilities directly associated with assets held for sale,6
nestle,balance_sheet,28,Liabilities directly associated with assets held for sale,1,CHF,currency,1000000,2017-12-31,12,12,1,matched,2017,8f47cb3d59aadd3895be903f5ae082ad2371dd3bf9f419c5a854f7af3be3e35a,10-11,Liabilities directly associated with assets held for sale,12
nestle,balance_sheet,28,Liabilities directly associated with assets held for sale,1,CHF,currency,1000000,2018-12-31,2502,2502,1,matched,2019,9df923d9549e016108620003feebc27fff33b03444fd75872c1609b191236410,8-9,Liabilities directly associated with assets held for sale,2 502
nestle,balance_sheet,28,Liabilities directly associated with assets held for sale,1,CHF,currency,1000000,2019-12-31,393,393,1,matched,2019,9df923d9549e016108620003feebc27fff33b03444fd75872c1609b191236410,8-9,Liabilities directly associated with assets held for sale,393
nestle,balance_sheet,28,Liabilities directly associated with assets held for sale,1,CHF,currency,1000000,2020-12-31,848,848,1,matched,2021,612204283a79b31191a40cf4d71d2b78b08cd33b7776e55a492b711e2f028faf,8-9,Liabilities directly associated with assets held for sale,848
nestle,balance_sheet,28,Liabilities directly associated with assets held for sale,1,CHF,currency,1000000,2021-12-31,12,12,1,matched,2021,612204283a79b31191a40cf4d71d2b78b08cd33b7776e55a492b711e2f028faf,8-9,Liabilities directly associated with assets held for sale,12
nestle,balance_sheet,28,Liabilities directly associated with assets held for sale,1,CHF,currency,1000000,2022-12-31,28,28,1,matched,2023,b4b71d8027210bcc31361bee01b94c6e6af0c4d92a91c0fa356f584af497d6af,8-9,Liabilities directly associated with assets held for sale,28
nestle,balance_sheet,28,Liabilities directly associated with assets held for sale,1,CHF,currency,1000000,2023-12-31,—,—,1,matched,2023,b4b71d8027210bcc31361bee01b94c6e6af0c4d92a91c0fa356f584af497d6af,8-9,Liabilities directly associated with assets held for sale,—
nestle,balance_sheet,28,Liabilities directly associated with assets held for sale,1,CHF,currency,1000000,2024-12-31,19,19,1,matched,2025,8045fcce3038da3d3bef927fecfcf2091706f1a481016a282afcfa9de52778a4,8-9,Liabilities directly associated with assets held for sale,19
nestle,balance_sheet,28,Liabilities directly associated with assets held for sale,1,CHF,currency,1000000,2025-12-31,100,100,1,matched,2025,8045fcce3038da3d3bef927fecfcf2091706f1a481016a282afcfa9de52778a4,8-9,Liabilities directly associated with assets held for sale,100
nestle,balance_sheet,29,Total current liabilities,1,CHF,currency,1000000,2016-12-31,37517,37517,1,matched,2017,8f47cb3d59aadd3895be903f5ae082ad2371dd3bf9f419c5a854f7af3be3e35a,10-11,Total current liabilities,37 517
nestle,balance_sheet,29,Total current liabilities,1,CHF,currency,1000000,2017-12-31,36054,36054,1,matched,2017,8f47cb3d59aadd3895be903f5ae082ad2371dd3bf9f419c5a854f7af3be3e35a,10-11,Total current liabilities,36 054
nestle,balance_sheet,29,Total current liabilities,1,CHF,currency,1000000,2018-12-31,43030,43030,1,matched,2019,9df923d9549e016108620003feebc27fff33b03444fd75872c1609b191236410,8-9,Total current liabilities,43 030
nestle,balance_sheet,29,Total current liabilities,1,CHF,currency,1000000,2019-12-31,41615,41615,1,matched,2019,9df923d9549e016108620003feebc27fff33b03444fd75872c1609b191236410,8-9,Total current liabilities,41 615
nestle,balance_sheet,29,Total current liabilities,1,CHF,currency,1000000,2020-12-31,39722,39722,1,matched,2021,612204283a79b31191a40cf4d71d2b78b08cd33b7776e55a492b711e2f028faf,8-9,Total current liabilities,39 722
nestle,balance_sheet,29,Total current liabilities,1,CHF,currency,1000000,2021-12-31,40020,40020,1,matched,2021,612204283a79b31191a40cf4d71d2b78b08cd33b7776e55a492b711e2f028faf,8-9,Total current liabilities,40 020
nestle,balance_sheet,29,Total current liabilities,1,CHF,currency,1000000,2022-12-31,39976,39976,1,matched,2023,b4b71d8027210bcc31361bee01b94c6e6af0c4d92a91c0fa356f584af497d6af,8-9,Total current liabilities,39 976
nestle,balance_sheet,29,Total current liabilities,1,CHF,currency,1000000,2023-12-31,37084,37084,1,matched,2023,b4b71d8027210bcc31361bee01b94c6e6af0c4d92a91c0fa356f584af497d6af,8-9,Total current liabilities,37 084
nestle,balance_sheet,29,Total current liabilities,1,CHF,currency,1000000,2024-12-31,42863,42863,1,matched,2025,8045fcce3038da3d3bef927fecfcf2091706f1a481016a282afcfa9de52778a4,8-9,Total current liabilities,42 863
nestle,balance_sheet,29,Total current liabilities,1,CHF,currency,1000000,2025-12-31,40694,40694,1,matched,2025,8045fcce3038da3d3bef927fecfcf2091706f1a481016a282afcfa9de52778a4,8-9,Total current liabilities,40 694
nestle,balance_sheet,30,Financial debt,2,CHF,currency,1000000,2016-12-31,11091,11091,1,matched,2017,8f47cb3d59aadd3895be903f5ae082ad2371dd3bf9f419c5a854f7af3be3e35a,10-11,Financial debt,11 091
nestle,balance_sheet,30,Financial debt,2,CHF,currency,1000000,2017-12-31,15932,15932,1,matched,2017,8f47cb3d59aadd3895be903f5ae082ad2371dd3bf9f419c5a854f7af3be3e35a,10-11,Financial debt,15 932
nestle,balance_sheet,30,Financial debt,2,CHF,currency,1000000,2018-12-31,25700,25700,1,matched,2019,9df923d9549e016108620003feebc27fff33b03444fd75872c1609b191236410,8-9,Financial debt,25 700
nestle,balance_sheet,30,Financial debt,2,CHF,currency,1000000,2019-12-31,23132,23132,1,matched,2019,9df923d9549e016108620003feebc27fff33b03444fd75872c1609b191236410,8-9,Financial debt,23 132
nestle,balance_sheet,30,Financial debt,2,CHF,currency,1000000,2020-12-31,27928,27928,1,matched,2021,612204283a79b31191a40cf4d71d2b78b08cd33b7776e55a492b711e2f028faf,8-9,Financial debt,27 928
nestle,balance_sheet,30,Financial debt,2,CHF,currency,1000000,2021-12-31,36482,36482,1,matched,2021,612204283a79b31191a40cf4d71d2b78b08cd33b7776e55a492b711e2f028faf,8-9,Financial debt,36 482
nestle,balance_sheet,30,Financial debt,2,CHF,currency,1000000,2022-12-31,43420,43420,1,matched,2023,b4b71d8027210bcc31361bee01b94c6e6af0c4d92a91c0fa356f584af497d6af,8-9,Financial debt,43 420
nestle,balance_sheet,30,Financial debt,2,CHF,currency,1000000,2023-12-31,45825,45825,1,matched,2023,b4b71d8027210bcc31361bee01b94c6e6af0c4d92a91c0fa356f584af497d6af,8-9,Financial debt,45 825
nestle,balance_sheet,30,Financial debt,2,CHF,currency,1000000,2024-12-31,51697,51697,1,matched,2025,8045fcce3038da3d3bef927fecfcf2091706f1a481016a282afcfa9de52778a4,8-9,Financial debt,51 697
nestle,balance_sheet,30,Financial debt,2,CHF,currency,1000000,2025-12-31,46246,46246,1,matched,2025,8045fcce3038da3d3bef927fecfcf2091706f1a481016a282afcfa9de52778a4,8-9,Financial debt,46 246
nestle,balance_sheet,31,Derivative liabilities,2,CHF,currency,1000000,2016-12-31,,,0,blank_no_source,,,,,
nestle,balance_sheet,31,Derivative liabilities,2,CHF,currency,1000000,2017-12-31,,,0,blank_no_source,,,,,
nestle,balance_sheet,31,Derivative liabilities,2,CHF,currency,1000000,2018-12-31,,,0,blank_no_source,,,,,
nestle,balance_sheet,31,Derivative liabilities,2,CHF,currency,1000000,2019-12-31,,,0,blank_no_source,,,,,
nestle,balance_sheet,31,Derivative liabilities,2,CHF,currency,1000000,2020-12-31,,,0,blank_no_source,,,,,
nestle,balance_sheet,31,Derivative liabilities,2,CHF,currency,1000000,2021-12-31,,,0,blank_no_source,,,,,
nestle,balance_sheet,31,Derivative liabilities,2,CHF,currency,1000000,2022-12-31,470,470,1,matched,2023,b4b71d8027210bcc31361bee01b94c6e6af0c4d92a91c0fa356f584af497d6af,8-9,Derivative liabilities,470
nestle,balance_sheet,31,Derivative liabilities,2,CHF,currency,1000000,2023-12-31,239,239,1,matched,2023,b4b71d8027210bcc31361bee01b94c6e6af0c4d92a91c0fa356f584af497d6af,8-9,Derivative liabilities,239
nestle,balance_sheet,31,Derivative liabilities,2,CHF,currency,1000000,2024-12-31,307,307,1,matched,2025,8045fcce3038da3d3bef927fecfcf2091706f1a481016a282afcfa9de52778a4,8-9,Derivative liabilities,307
nestle,balance_sheet,31,Derivative liabilities,2,CHF,currency,1000000,2025-12-31,144,144,1,matched,2025,8045fcce3038da3d3bef927fecfcf2091706f1a481016a282afcfa9de52778a4,8-9,Derivative liabilities,144
nestle,balance_sheet,32,Employee benefits liabilities,1,CHF,currency,1000000,2016-12-31,8420,8420,1,matched,2017,8f47cb3d59aadd3895be903f5ae082ad2371dd3bf9f419c5a854f7af3be3e35a,10-11,Employee beneﬁts liabilities,8 420
nestle,balance_sheet,32,Employee benefits liabilities,1,CHF,currency,1000000,2017-12-31,7111,7111,1,matched,2017,8f47cb3d59aadd3895be903f5ae082ad2371dd3bf9f419c5a854f7af3be3e35a,10-11,Employee beneﬁts liabilities,7 111
nestle,balance_sheet,32,Employee benefits liabilities,1,CHF,currency,1000000,2018-12-31,5919,5919,1,matched,2019,9df923d9549e016108620003feebc27fff33b03444fd75872c1609b191236410,8-9,Employee benefits liabilities,5 919
nestle,balance_sheet,32,Employee benefits liabilities,1,CHF,currency,1000000,2019-12-31,6151,6151,1,matched,2019,9df923d9549e016108620003feebc27fff33b03444fd75872c1609b191236410,8-9,Employee benefits liabilities,6 151
nestle,balance_sheet,32,Employee benefits liabilities,1,CHF,currency,1000000,2020-12-31,5118,5118,1,matched,2021,612204283a79b31191a40cf4d71d2b78b08cd33b7776e55a492b711e2f028faf,8-9,Employee benefits liabilities,5 118
nestle,balance_sheet,32,Employee benefits liabilities,1,CHF,currency,1000000,2021-12-31,3779,3779,1,matched,2021,612204283a79b31191a40cf4d71d2b78b08cd33b7776e55a492b711e2f028faf,8-9,Employee benefits liabilities,3 779
nestle,balance_sheet,32,Employee benefits liabilities,1,CHF,currency,1000000,2022-12-31,2884,2884,1,matched,2023,b4b71d8027210bcc31361bee01b94c6e6af0c4d92a91c0fa356f584af497d6af,8-9,Employee benefits liabilities,2 884
nestle,balance_sheet,32,Employee benefits liabilities,1,CHF,currency,1000000,2023-12-31,2718,2718,1,matched,2023,b4b71d8027210bcc31361bee01b94c6e6af0c4d92a91c0fa356f584af497d6af,8-9,Employee benefits liabilities,2 718
nestle,balance_sheet,32,Employee benefits liabilities,1,CHF,currency,1000000,2024-12-31,2629,2629,1,matched,2025,8045fcce3038da3d3bef927fecfcf2091706f1a481016a282afcfa9de52778a4,8-9,Employee benefits liabilities,2 629
nestle,balance_sheet,32,Employee benefits liabilities,1,CHF,currency,1000000,2025-12-31,2299,2299,1,matched,2025,8045fcce3038da3d3bef927fecfcf2091706f1a481016a282afcfa9de52778a4,8-9,Employee benefits liabilities,2 299
nestle,balance_sheet,33,Provisions,2,CHF,currency,1000000,2016-12-31,2640,2640,1,matched,2017,8f47cb3d59aadd3895be903f5ae082ad2371dd3bf9f419c5a854f7af3be3e35a,10-11,Provisions,2 640
nestle,balance_sheet,33,Provisions,2,CHF,currency,1000000,2017-12-31,2445,2445,1,matched,2017,8f47cb3d59aadd3895be903f5ae082ad2371dd3bf9f419c5a854f7af3be3e35a,10-11,Provisions,2 445
nestle,balance_sheet,33,Provisions,2,CHF,currency,1000000,2018-12-31,1033,1033,1,matched,2019,9df923d9549e016108620003feebc27fff33b03444fd75872c1609b191236410,8-9,Provisions,1 033
nestle,balance_sheet,33,Provisions,2,CHF,currency,1000000,2019-12-31,1162,1162,1,matched,2019,9df923d9549e016108620003feebc27fff33b03444fd75872c1609b191236410,8-9,Provisions,1 162
nestle,balance_sheet,33,Provisions,2,CHF,currency,1000000,2020-12-31,1029,1029,1,matched,2021,612204283a79b31191a40cf4d71d2b78b08cd33b7776e55a492b711e2f028faf,8-9,Provisions,1 029
nestle,balance_sheet,33,Provisions,2,CHF,currency,1000000,2021-12-31,1106,1106,1,matched,2021,612204283a79b31191a40cf4d71d2b78b08cd33b7776e55a492b711e2f028faf,8-9,Provisions,1 106
nestle,balance_sheet,33,Provisions,2,CHF,currency,1000000,2022-12-31,1113,1113,1,matched,2023,b4b71d8027210bcc31361bee01b94c6e6af0c4d92a91c0fa356f584af497d6af,8-9,Provisions,1 113
nestle,balance_sheet,33,Provisions,2,CHF,currency,1000000,2023-12-31,1303,1303,1,matched,2023,b4b71d8027210bcc31361bee01b94c6e6af0c4d92a91c0fa356f584af497d6af,8-9,Provisions,1 303
nestle,balance_sheet,33,Provisions,2,CHF,currency,1000000,2024-12-31,1086,1086,1,matched,2025,8045fcce3038da3d3bef927fecfcf2091706f1a481016a282afcfa9de52778a4,8-9,Provisions,1 086
nestle,balance_sheet,33,Provisions,2,CHF,currency,1000000,2025-12-31,980,980,1,matched,2025,8045fcce3038da3d3bef927fecfcf2091706f1a481016a282afcfa9de52778a4,8-9,Provisions,980
nestle,balance_sheet,34,Deferred tax liabilities,1,CHF,currency,1000000,2016-12-31,3865,3865,1,matched,2017,8f47cb3d59aadd3895be903f5ae082ad2371dd3bf9f419c5a854f7af3be3e35a,10-11,Deferred tax liabilities,3 865
nestle,balance_sheet,34,Deferred tax liabilities,1,CHF,currency,1000000,2017-12-31,3559,3559,1,matched,2017,8f47cb3d59aadd3895be903f5ae082ad2371dd3bf9f419c5a854f7af3be3e35a,10-11,Deferred tax liabilities,3 559
nestle,balance_sheet,34,Deferred tax liabilities,1,CHF,currency,1000000,2018-12-31,2540,2540,1,matched,2019,9df923d9549e016108620003feebc27fff33b03444fd75872c1609b191236410,8-9,Deferred tax liabilities,2 540
nestle,balance_sheet,34,Deferred tax liabilities,1,CHF,currency,1000000,2019-12-31,2589,2589,1,matched,2019,9df923d9549e016108620003feebc27fff33b03444fd75872c1609b191236410,8-9,Deferred tax liabilities,2 589
nestle,balance_sheet,34,Deferred tax liabilities,1,CHF,currency,1000000,2020-12-31,2636,2636,1,matched,2021,612204283a79b31191a40cf4d71d2b78b08cd33b7776e55a492b711e2f028faf,8-9,Deferred tax liabilities,2 636
nestle,balance_sheet,34,Deferred tax liabilities,1,CHF,currency,1000000,2021-12-31,3794,3794,1,matched,2021,612204283a79b31191a40cf4d71d2b78b08cd33b7776e55a492b711e2f028faf,8-9,Deferred tax liabilities,3 794
nestle,balance_sheet,34,Deferred tax liabilities,1,CHF,currency,1000000,2022-12-31,3671,3671,1,matched,2023,b4b71d8027210bcc31361bee01b94c6e6af0c4d92a91c0fa356f584af497d6af,8-9,Deferred tax liabilities,3 671
nestle,balance_sheet,34,Deferred tax liabilities,1,CHF,currency,1000000,2023-12-31,2886,2886,1,matched,2023,b4b71d8027210bcc31361bee01b94c6e6af0c4d92a91c0fa356f584af497d6af,8-9,Deferred tax liabilities,2 886
nestle,balance_sheet,34,Deferred tax liabilities,1,CHF,currency,1000000,2024-12-31,3767,3767,1,matched,2025,8045fcce3038da3d3bef927fecfcf2091706f1a481016a282afcfa9de52778a4,8-9,Deferred tax liabilities,3 767
nestle,balance_sheet,34,Deferred tax liabilities,1,CHF,currency,1000000,2025-12-31,3554,3554,1,matched,2025,8045fcce3038da3d3bef927fecfcf2091706f1a481016a282afcfa9de52778a4,8-9,Deferred tax liabilities,3 554
nestle,balance_sheet,35,Other payables,1,CHF,currency,1000000,2016-12-31,2387,2387,1,matched,2017,8f47cb3d59aadd3895be903f5ae082ad2371dd3bf9f419c5a854f7af3be3e35a,10-11,Other payables,2 387
nestle,balance_sheet,35,Other payables,1,CHF,currency,1000000,2017-12-31,2502,2502,1,matched,2017,8f47cb3d59aadd3895be903f5ae082ad2371dd3bf9f419c5a854f7af3be3e35a,10-11,Other payables,2 502
nestle,balance_sheet,35,Other payables,1,CHF,currency,1000000,2018-12-31,390,390,1,matched,2019,9df923d9549e016108620003feebc27fff33b03444fd75872c1609b191236410,8-9,Other payables,390
nestle,balance_sheet,35,Other payables,1,CHF,currency,1000000,2019-12-31,429,429,1,matched,2019,9df923d9549e016108620003feebc27fff33b03444fd75872c1609b191236410,8-9,Other payables,429
nestle,balance_sheet,35,Other payables,1,CHF,currency,1000000,2020-12-31,1081,1081,1,matched,2021,612204283a79b31191a40cf4d71d2b78b08cd33b7776e55a492b711e2f028faf,8-9,Other payables,1 081
nestle,balance_sheet,35,Other payables,1,CHF,currency,1000000,2021-12-31,234,234,1,matched,2021,612204283a79b31191a40cf4d71d2b78b08cd33b7776e55a492b711e2f028faf,8-9,Other payables,234
nestle,balance_sheet,35,Other payables,1,CHF,currency,1000000,2022-12-31,856,856,1,matched,2023,b4b71d8027210bcc31361bee01b94c6e6af0c4d92a91c0fa356f584af497d6af,8-9,Other payables,856
nestle,balance_sheet,35,Other payables,1,CHF,currency,1000000,2023-12-31,108,108,1,matched,2023,b4b71d8027210bcc31361bee01b94c6e6af0c4d92a91c0fa356f584af497d6af,8-9,Other payables,108
nestle,balance_sheet,35,Other payables,1,CHF,currency,1000000,2024-12-31,222,222,1,matched,2025,8045fcce3038da3d3bef927fecfcf2091706f1a481016a282afcfa9de52778a4,8-9,Other payables,222
nestle,balance_sheet,35,Other payables,1,CHF,currency,1000000,2025-12-31,176,176,1,matched,2025,8045fcce3038da3d3bef927fecfcf2091706f1a481016a282afcfa9de52778a4,8-9,Other payables,176
nestle,balance_sheet,36,Total non-current liabilities,1,CHF,currency,1000000,2016-12-31,28403,28403,1,matched,2017,8f47cb3d59aadd3895be903f5ae082ad2371dd3bf9f419c5a854f7af3be3e35a,10-11,Total non-current liabilities,28 403
nestle,balance_sheet,36,Total non-current liabilities,1,CHF,currency,1000000,2017-12-31,31549,31549,1,matched,2017,8f47cb3d59aadd3895be903f5ae082ad2371dd3bf9f419c5a854f7af3be3e35a,10-11,Total non-current liabilities,31 549
nestle,balance_sheet,36,Total non-current liabilities,1,CHF,currency,1000000,2018-12-31,35582,35582,1,matched,2019,9df923d9549e016108620003feebc27fff33b03444fd75872c1609b191236410,8-9,Total non-current liabilities,35 582
nestle,balance_sheet,36,Total non-current liabilities,1,CHF,currency,1000000,2019-12-31,33463,33463,1,matched,2019,9df923d9549e016108620003feebc27fff33b03444fd75872c1609b191236410,8-9,Total non-current liabilities,33 463
nestle,balance_sheet,36,Total non-current liabilities,1,CHF,currency,1000000,2020-12-31,37792,37792,1,matched,2021,612204283a79b31191a40cf4d71d2b78b08cd33b7776e55a492b711e2f028faf,8-9,Total non-current liabilities,37 792
nestle,balance_sheet,36,Total non-current liabilities,1,CHF,currency,1000000,2021-12-31,45395,45395,1,matched,2021,612204283a79b31191a40cf4d71d2b78b08cd33b7776e55a492b711e2f028faf,8-9,Total non-current liabilities,45 395
nestle,balance_sheet,36,Total non-current liabilities,1,CHF,currency,1000000,2022-12-31,52414,52414,1,matched,2023,b4b71d8027210bcc31361bee01b94c6e6af0c4d92a91c0fa356f584af497d6af,8-9,Total non-current liabilities,52 414
nestle,balance_sheet,36,Total non-current liabilities,1,CHF,currency,1000000,2023-12-31,53079,53079,1,matched,2023,b4b71d8027210bcc31361bee01b94c6e6af0c4d92a91c0fa356f584af497d6af,8-9,Total non-current liabilities,53 079
nestle,balance_sheet,36,Total non-current liabilities,1,CHF,currency,1000000,2024-12-31,59708,59708,1,matched,2025,8045fcce3038da3d3bef927fecfcf2091706f1a481016a282afcfa9de52778a4,8-9,Total non-current liabilities,59 708
nestle,balance_sheet,36,Total non-current liabilities,1,CHF,currency,1000000,2025-12-31,53399,53399,1,matched,2025,8045fcce3038da3d3bef927fecfcf2091706f1a481016a282afcfa9de52778a4,8-9,Total non-current liabilities,53 399
nestle,balance_sheet,37,Total liabilities,1,CHF,currency,1000000,2016-12-31,65920,65920,1,matched,2017,8f47cb3d59aadd3895be903f5ae082ad2371dd3bf9f419c5a854f7af3be3e35a,10-11,Total liabilities,65 920
nestle,balance_sheet,37,Total liabilities,1,CHF,currency,1000000,2017-12-31,67603,67603,1,matched,2017,8f47cb3d59aadd3895be903f5ae082ad2371dd3bf9f419c5a854f7af3be3e35a,10-11,Total liabilities,67 603
nestle,balance_sheet,37,Total liabilities,1,CHF,currency,1000000,2018-12-31,78612,78612,1,matched,2019,9df923d9549e016108620003feebc27fff33b03444fd75872c1609b191236410,8-9,Total liabilities,78 612
nestle,balance_sheet,37,Total liabilities,1,CHF,currency,1000000,2019-12-31,75078,75078,1,matched,2019,9df923d9549e016108620003feebc27fff33b03444fd75872c1609b191236410,8-9,Total liabilities,75 078
nestle,balance_sheet,37,Total liabilities,1,CHF,currency,1000000,2020-12-31,77514,77514,1,matched,2021,612204283a79b31191a40cf4d71d2b78b08cd33b7776e55a492b711e2f028faf,8-9,Total liabilities,77 514
nestle,balance_sheet,37,Total liabilities,1,CHF,currency,1000000,2021-12-31,85415,85415,1,matched,2021,612204283a79b31191a40cf4d71d2b78b08cd33b7776e55a492b711e2f028faf,8-9,Total liabilities,85 415
nestle,balance_sheet,37,Total liabilities,1,CHF,currency,1000000,2022-12-31,92390,92390,1,matched,2023,b4b71d8027210bcc31361bee01b94c6e6af0c4d92a91c0fa356f584af497d6af,8-9,Total liabilities,92 390
nestle,balance_sheet,37,Total liabilities,1,CHF,currency,1000000,2023-12-31,90163,90163,1,matched,2023,b4b71d8027210bcc31361bee01b94c6e6af0c4d92a91c0fa356f584af497d6af,8-9,Total liabilities,90 163
nestle,balance_sheet,37,Total liabilities,1,CHF,currency,1000000,2024-12-31,102571,102571,1,matched,2025,8045fcce3038da3d3bef927fecfcf2091706f1a481016a282afcfa9de52778a4,8-9,Total liabilities,102 571
nestle,balance_sheet,37,Total liabilities,1,CHF,currency,1000000,2025-12-31,94093,94093,1,matched,2025,8045fcce3038da3d3bef927fecfcf2091706f1a481016a282afcfa9de52778a4,8-9,Total liabilities,94 093
nestle,balance_sheet,38,Share capital,1,CHF,currency,1000000,2016-12-31,311,311,1,matched,2017,8f47cb3d59aadd3895be903f5ae082ad2371dd3bf9f419c5a854f7af3be3e35a,10-11,Share capital,311
nestle,balance_sheet,38,Share capital,1,CHF,currency,1000000,2017-12-31,311,311,1,matched,2017,8f47cb3d59aadd3895be903f5ae082ad2371dd3bf9f419c5a854f7af3be3e35a,10-11,Share capital,311
nestle,balance_sheet,38,Share capital,1,CHF,currency,1000000,2018-12-31,306,306,1,matched,2019,9df923d9549e016108620003feebc27fff33b03444fd75872c1609b191236410,8-9,Share capital,306
nestle,balance_sheet,38,Share capital,1,CHF,currency,1000000,2019-12-31,298,298,1,matched,2019,9df923d9549e016108620003feebc27fff33b03444fd75872c1609b191236410,8-9,Share capital,298
nestle,balance_sheet,38,Share capital,1,CHF,currency,1000000,2020-12-31,288,288,1,matched,2021,612204283a79b31191a40cf4d71d2b78b08cd33b7776e55a492b711e2f028faf,8-9,Share capital,288
nestle,balance_sheet,38,Share capital,1,CHF,currency,1000000,2021-12-31,282,282,1,matched,2021,612204283a79b31191a40cf4d71d2b78b08cd33b7776e55a492b711e2f028faf,8-9,Share capital,282
nestle,balance_sheet,38,Share capital,1,CHF,currency,1000000,2022-12-31,275,275,1,matched,2023,b4b71d8027210bcc31361bee01b94c6e6af0c4d92a91c0fa356f584af497d6af,8-9,Share capital,275
nestle,balance_sheet,38,Share capital,1,CHF,currency,1000000,2023-12-31,267,267,1,matched,2023,b4b71d8027210bcc31361bee01b94c6e6af0c4d92a91c0fa356f584af497d6af,8-9,Share capital,267
nestle,balance_sheet,38,Share capital,1,CHF,currency,1000000,2024-12-31,262,262,1,matched,2025,8045fcce3038da3d3bef927fecfcf2091706f1a481016a282afcfa9de52778a4,8-9,Share capital,262
nestle,balance_sheet,38,Share capital,1,CHF,currency,1000000,2025-12-31,258,258,1,matched,2025,8045fcce3038da3d3bef927fecfcf2091706f1a481016a282afcfa9de52778a4,8-9,Share capital,258
nestle,balance_sheet,39,Treasury shares,1,CHF,currency,1000000,2016-12-31,-990,-990,1,matched,2017,8f47cb3d59aadd3895be903f5ae082ad2371dd3bf9f419c5a854f7af3be3e35a,10-11,Treasury shares,(990)
nestle,balance_sheet,39,Treasury shares,1,CHF,currency,1000000,2017-12-31,-4537,-4537,1,matched,2017,8f47cb3d59aadd3895be903f5ae082ad2371dd3bf9f419c5a854f7af3be3e35a,10-11,Treasury shares,(4 537)
nestle,balance_sheet,39,Treasury shares,1,CHF,currency,1000000,2018-12-31,-6948,-6948,1,matched,2019,9df923d9549e016108620003feebc27fff33b03444fd75872c1609b191236410,8-9,Treasury shares,(6 948)
nestle,balance_sheet,39,Treasury shares,1,CHF,currency,1000000,2019-12-31,-9752,-9752,1,matched,2019,9df923d9549e016108620003feebc27fff33b03444fd75872c1609b191236410,8-9,Treasury shares,(9 752)
nestle,balance_sheet,39,Treasury shares,1,CHF,currency,1000000,2020-12-31,-6643,-6643,1,matched,2021,612204283a79b31191a40cf4d71d2b78b08cd33b7776e55a492b711e2f028faf,8-9,Treasury shares,(6 643)
nestle,balance_sheet,39,Treasury shares,1,CHF,currency,1000000,2021-12-31,-6194,-6194,1,matched,2021,612204283a79b31191a40cf4d71d2b78b08cd33b7776e55a492b711e2f028faf,8-9,Treasury shares,(6 194)
nestle,balance_sheet,39,Treasury shares,1,CHF,currency,1000000,2022-12-31,-9303,-9303,1,matched,2023,b4b71d8027210bcc31361bee01b94c6e6af0c4d92a91c0fa356f584af497d6af,8-9,Treasury shares,(9 303)
nestle,balance_sheet,39,Treasury shares,1,CHF,currency,1000000,2023-12-31,-5155,-5155,1,matched,2023,b4b71d8027210bcc31361bee01b94c6e6af0c4d92a91c0fa356f584af497d6af,8-9,Treasury shares,(5 155)
nestle,balance_sheet,39,Treasury shares,1,CHF,currency,1000000,2024-12-31,-4283,-4283,1,matched,2025,8045fcce3038da3d3bef927fecfcf2091706f1a481016a282afcfa9de52778a4,8-9,Treasury shares,(4 283)
nestle,balance_sheet,39,Treasury shares,1,CHF,currency,1000000,2025-12-31,-388,-388,1,matched,2025,8045fcce3038da3d3bef927fecfcf2091706f1a481016a282afcfa9de52778a4,8-9,Treasury shares,(388)
nestle,balance_sheet,40,Translation reserve,1,CHF,currency,1000000,2016-12-31,-18799,-18799,1,matched,2017,8f47cb3d59aadd3895be903f5ae082ad2371dd3bf9f419c5a854f7af3be3e35a,10-11,Translation reserve,(18 799)
nestle,balance_sheet,40,Translation reserve,1,CHF,currency,1000000,2017-12-31,-19433,-19433,1,matched,2017,8f47cb3d59aadd3895be903f5ae082ad2371dd3bf9f419c5a854f7af3be3e35a,10-11,Translation reserve,(19 433)
nestle,balance_sheet,40,Translation reserve,1,CHF,currency,1000000,2018-12-31,-20432,-20432,1,matched,2019,9df923d9549e016108620003feebc27fff33b03444fd75872c1609b191236410,8-9,Translation reserve,(20 432)
nestle,balance_sheet,40,Translation reserve,1,CHF,currency,1000000,2019-12-31,-21526,-21526,1,matched,2019,9df923d9549e016108620003feebc27fff33b03444fd75872c1609b191236410,8-9,Translation reserve,(21 526)
nestle,balance_sheet,40,Translation reserve,1,CHF,currency,1000000,2020-12-31,-24397,-24397,1,matched,2021,612204283a79b31191a40cf4d71d2b78b08cd33b7776e55a492b711e2f028faf,8-9,Translation reserve,(24 397)
nestle,balance_sheet,40,Translation reserve,1,CHF,currency,1000000,2021-12-31,-22266,-22266,1,matched,2021,612204283a79b31191a40cf4d71d2b78b08cd33b7776e55a492b711e2f028faf,8-9,Translation reserve,(22 266)
nestle,balance_sheet,40,Translation reserve,1,CHF,currency,1000000,2022-12-31,-23559,-23559,1,matched,2023,b4b71d8027210bcc31361bee01b94c6e6af0c4d92a91c0fa356f584af497d6af,8-9,Translation reserve,(23 559)
nestle,balance_sheet,40,Translation reserve,1,CHF,currency,1000000,2023-12-31,-27581,-27581,1,matched,2023,b4b71d8027210bcc31361bee01b94c6e6af0c4d92a91c0fa356f584af497d6af,8-9,Translation reserve,(27 581)
nestle,balance_sheet,40,Translation reserve,1,CHF,currency,1000000,2024-12-31,-26788,-26788,1,matched,2025,8045fcce3038da3d3bef927fecfcf2091706f1a481016a282afcfa9de52778a4,8-9,Translation reserve,(26 788)
nestle,balance_sheet,40,Translation reserve,1,CHF,currency,1000000,2025-12-31,-29944,-29944,1,matched,2025,8045fcce3038da3d3bef927fecfcf2091706f1a481016a282afcfa9de52778a4,8-9,Translation reserve,(29 944)
nestle,balance_sheet,41,Other reserves,1,CHF,currency,1000000,2016-12-31,1198,1198,1,matched,2017,8f47cb3d59aadd3895be903f5ae082ad2371dd3bf9f419c5a854f7af3be3e35a,10-11,Other reserves,1 198
nestle,balance_sheet,41,Other reserves,1,CHF,currency,1000000,2017-12-31,989,989,1,matched,2017,8f47cb3d59aadd3895be903f5ae082ad2371dd3bf9f419c5a854f7af3be3e35a,10-11,Other reserves,989
nestle,balance_sheet,41,Other reserves,1,CHF,currency,1000000,2018-12-31,-183,-183,1,matched,2019,9df923d9549e016108620003feebc27fff33b03444fd75872c1609b191236410,8-9,Other reserves,(183)
nestle,balance_sheet,41,Other reserves,1,CHF,currency,1000000,2019-12-31,-45,-45,1,matched,2019,9df923d9549e016108620003feebc27fff33b03444fd75872c1609b191236410,8-9,Other reserves,(45)
nestle,balance_sheet,41,Other reserves,1,CHF,currency,1000000,2020-12-31,-365,-365,1,matched,2021,612204283a79b31191a40cf4d71d2b78b08cd33b7776e55a492b711e2f028faf,8-9,Other reserves,(365)
nestle,balance_sheet,41,Other reserves,1,CHF,currency,1000000,2021-12-31,-45,-45,1,matched,2021,612204283a79b31191a40cf4d71d2b78b08cd33b7776e55a492b711e2f028faf,8-9,Other reserves,(45)
nestle,balance_sheet,41,Other reserves,1,CHF,currency,1000000,2022-12-31,-63,-63,1,matched,2023,b4b71d8027210bcc31361bee01b94c6e6af0c4d92a91c0fa356f584af497d6af,8-9,Other reserves,(63)
nestle,balance_sheet,41,Other reserves,1,CHF,currency,1000000,2023-12-31,-50,-50,1,matched,2023,b4b71d8027210bcc31361bee01b94c6e6af0c4d92a91c0fa356f584af497d6af,8-9,Other reserves,(50)
nestle,balance_sheet,41,Other reserves,1,CHF,currency,1000000,2024-12-31,363,363,1,matched,2025,8045fcce3038da3d3bef927fecfcf2091706f1a481016a282afcfa9de52778a4,8-9,Other reserves,363
nestle,balance_sheet,41,Other reserves,1,CHF,currency,1000000,2025-12-31,-667,-667,1,matched,2025,8045fcce3038da3d3bef927fecfcf2091706f1a481016a282afcfa9de52778a4,8-9,Other reserves,(667)
nestle,balance_sheet,42,Retained earnings,1,CHF,currency,1000000,2016-12-31,82870,82870,1,matched,2017,8f47cb3d59aadd3895be903f5ae082ad2371dd3bf9f419c5a854f7af3be3e35a,10-11,Retained earnings,82 870
nestle,balance_sheet,42,Retained earnings,1,CHF,currency,1000000,2017-12-31,84174,84174,1,matched,2017,8f47cb3d59aadd3895be903f5ae082ad2371dd3bf9f419c5a854f7af3be3e35a,10-11,Retained earnings,84 174
nestle,balance_sheet,42,Retained earnings,1,CHF,currency,1000000,2018-12-31,84620,84620,1,matched,2019,9df923d9549e016108620003feebc27fff33b03444fd75872c1609b191236410,8-9,Retained earnings,84 620
nestle,balance_sheet,42,Retained earnings,1,CHF,currency,1000000,2019-12-31,83060,83060,1,matched,2019,9df923d9549e016108620003feebc27fff33b03444fd75872c1609b191236410,8-9,Retained earnings,83 060
nestle,balance_sheet,42,Retained earnings,1,CHF,currency,1000000,2020-12-31,76812,76812,1,matched,2021,612204283a79b31191a40cf4d71d2b78b08cd33b7776e55a492b711e2f028faf,8-9,Retained earnings,76 812
nestle,balance_sheet,42,Retained earnings,1,CHF,currency,1000000,2021-12-31,81363,81363,1,matched,2021,612204283a79b31191a40cf4d71d2b78b08cd33b7776e55a492b711e2f028faf,8-9,Retained earnings,81 363
nestle,balance_sheet,42,Retained earnings,1,CHF,currency,1000000,2022-12-31,74632,74632,1,matched,2023,b4b71d8027210bcc31361bee01b94c6e6af0c4d92a91c0fa356f584af497d6af,8-9,Retained earnings,74 632
nestle,balance_sheet,42,Retained earnings,1,CHF,currency,1000000,2023-12-31,68261,68261,1,matched,2023,b4b71d8027210bcc31361bee01b94c6e6af0c4d92a91c0fa356f584af497d6af,8-9,Retained earnings,68 261
nestle,balance_sheet,42,Retained earnings,1,CHF,currency,1000000,2024-12-31,66363,66363,1,matched,2025,8045fcce3038da3d3bef927fecfcf2091706f1a481016a282afcfa9de52778a4,8-9,Retained earnings,66 363
nestle,balance_sheet,42,Retained earnings,1,CHF,currency,1000000,2025-12-31,63551,63551,1,matched,2025,8045fcce3038da3d3bef927fecfcf2091706f1a481016a282afcfa9de52778a4,8-9,Retained earnings,63 551
nestle,balance_sheet,43,Total equity attributable to shareholders of the parent,1,CHF,currency,1000000,2016-12-31,64590,64590,1,matched,2017,8f47cb3d59aadd3895be903f5ae082ad2371dd3bf9f419c5a854f7af3be3e35a,10-11,Total equity attributable to shareholders of the parent,64 590
nestle,balance_sheet,43,Total equity attributable to shareholders of the parent,1,CHF,currency,1000000,2017-12-31,61504,61504,1,matched,2017,8f47cb3d59aadd3895be903f5ae082ad2371dd3bf9f419c5a854f7af3be3e35a,10-11,Total equity attributable to shareholders of the parent,61 504
nestle,balance_sheet,43,Total equity attributable to shareholders of the parent,1,CHF,currency,1000000,2018-12-31,57363,57363,1,matched,2019,9df923d9549e016108620003feebc27fff33b03444fd75872c1609b191236410,8-9,Total equity attributable to shareholders of the parent,57 363
nestle,balance_sheet,43,Total equity attributable to shareholders of the parent,1,CHF,currency,1000000,2019-12-31,52035,52035,1,matched,2019,9df923d9549e016108620003feebc27fff33b03444fd75872c1609b191236410,8-9,Total equity attributable to shareholders of the parent,52 035
nestle,balance_sheet,43,Total equity attributable to shareholders of the parent,1,CHF,currency,1000000,2020-12-31,45695,45695,1,matched,2021,612204283a79b31191a40cf4d71d2b78b08cd33b7776e55a492b711e2f028faf,8-9,Total equity attributable to shareholders of the parent,45 695
nestle,balance_sheet,43,Total equity attributable to shareholders of the parent,1,CHF,currency,1000000,2021-12-31,53140,53140,1,matched,2021,612204283a79b31191a40cf4d71d2b78b08cd33b7776e55a492b711e2f028faf,8-9,Total equity attributable to shareholders of the parent,53 140
nestle,balance_sheet,43,Total equity attributable to shareholders of the parent,1,CHF,currency,1000000,2022-12-31,41982,41982,1,matched,2023,b4b71d8027210bcc31361bee01b94c6e6af0c4d92a91c0fa356f584af497d6af,8-9,Total equity attributable to shareholders of the parent,41 982
nestle,balance_sheet,43,Total equity attributable to shareholders of the parent,1,CHF,currency,1000000,2023-12-31,35742,35742,1,matched,2023,b4b71d8027210bcc31361bee01b94c6e6af0c4d92a91c0fa356f584af497d6af,8-9,Total equity attributable to shareholders of the parent,35 742
nestle,balance_sheet,43,Total equity attributable to shareholders of the parent,1,CHF,currency,1000000,2024-12-31,35917,35917,1,matched,2025,8045fcce3038da3d3bef927fecfcf2091706f1a481016a282afcfa9de52778a4,8-9,Total equity attributable to shareholders of the parent,35 917
nestle,balance_sheet,43,Total equity attributable to shareholders of the parent,1,CHF,currency,1000000,2025-12-31,32810,32810,1,matched,2025,8045fcce3038da3d3bef927fecfcf2091706f1a481016a282afcfa9de52778a4,8-9,Total equity attributable to shareholders of the parent,32 810
nestle,balance_sheet,44,Non-controlling interests,1,CHF,currency,1000000,2016-12-31,1391,1391,1,matched,2017,8f47cb3d59aadd3895be903f5ae082ad2371dd3bf9f419c5a854f7af3be3e35a,10-11,Non-controlling interests,1 391
nestle,balance_sheet,44,Non-controlling interests,1,CHF,currency,1000000,2017-12-31,1273,1273,1,matched,2017,8f47cb3d59aadd3895be903f5ae082ad2371dd3bf9f419c5a854f7af3be3e35a,10-11,Non-controlling interests,1 273
nestle,balance_sheet,44,Non-controlling interests,1,CHF,currency,1000000,2018-12-31,1040,1040,1,matched,2019,9df923d9549e016108620003feebc27fff33b03444fd75872c1609b191236410,8-9,Non-controlling interests,1 040
nestle,balance_sheet,44,Non-controlling interests,1,CHF,currency,1000000,2019-12-31,827,827,1,matched,2019,9df923d9549e016108620003feebc27fff33b03444fd75872c1609b191236410,8-9,Non-controlling interests,827
nestle,balance_sheet,44,Non-controlling interests,1,CHF,currency,1000000,2020-12-31,819,819,1,matched,2021,612204283a79b31191a40cf4d71d2b78b08cd33b7776e55a492b711e2f028faf,8-9,Non-controlling interests,819
nestle,balance_sheet,44,Non-controlling interests,1,CHF,currency,1000000,2021-12-31,587,587,1,matched,2021,612204283a79b31191a40cf4d71d2b78b08cd33b7776e55a492b711e2f028faf,8-9,Non-controlling interests,587
nestle,balance_sheet,44,Non-controlling interests,1,CHF,currency,1000000,2022-12-31,810,810,1,matched,2023,b4b71d8027210bcc31361bee01b94c6e6af0c4d92a91c0fa356f584af497d6af,8-9,Non-controlling interests,810
nestle,balance_sheet,44,Non-controlling interests,1,CHF,currency,1000000,2023-12-31,645,645,1,matched,2023,b4b71d8027210bcc31361bee01b94c6e6af0c4d92a91c0fa356f584af497d6af,8-9,Non-controlling interests,645
nestle,balance_sheet,44,Non-controlling interests,1,CHF,currency,1000000,2024-12-31,776,776,1,matched,2025,8045fcce3038da3d3bef927fecfcf2091706f1a481016a282afcfa9de52778a4,8-9,Non-controlling interests,776
nestle,balance_sheet,44,Non-controlling interests,1,CHF,currency,1000000,2025-12-31,248,248,1,matched,2025,8045fcce3038da3d3bef927fecfcf2091706f1a481016a282afcfa9de52778a4,8-9,Non-controlling interests,248
nestle,balance_sheet,45,Total equity,1,CHF,currency,1000000,2016-12-31,65981,65981,1,matched,2017,8f47cb3d59aadd3895be903f5ae082ad2371dd3bf9f419c5a854f7af3be3e35a,10-11,Total equity,65 981
nestle,balance_sheet,45,Total equity,1,CHF,currency,1000000,2017-12-31,62777,62777,1,matched,2017,8f47cb3d59aadd3895be903f5ae082ad2371dd3bf9f419c5a854f7af3be3e35a,10-11,Total equity,62 777
nestle,balance_sheet,45,Total equity,1,CHF,currency,1000000,2018-12-31,58403,58403,1,matched,2019,9df923d9549e016108620003feebc27fff33b03444fd75872c1609b191236410,8-9,Total equity,58 403
nestle,balance_sheet,45,Total equity,1,CHF,currency,1000000,2019-12-31,52862,52862,1,matched,2019,9df923d9549e016108620003feebc27fff33b03444fd75872c1609b191236410,8-9,Total equity,52 862
nestle,balance_sheet,45,Total equity,1,CHF,currency,1000000,2020-12-31,46514,46514,1,matched,2021,612204283a79b31191a40cf4d71d2b78b08cd33b7776e55a492b711e2f028faf,8-9,Total equity,46 514
nestle,balance_sheet,45,Total equity,1,CHF,currency,1000000,2021-12-31,53727,53727,1,matched,2021,612204283a79b31191a40cf4d71d2b78b08cd33b7776e55a492b711e2f028faf,8-9,Total equity,53 727
nestle,balance_sheet,45,Total equity,1,CHF,currency,1000000,2022-12-31,42792,42792,1,matched,2023,b4b71d8027210bcc31361bee01b94c6e6af0c4d92a91c0fa356f584af497d6af,8-9,Total equity,42 792
nestle,balance_sheet,45,Total equity,1,CHF,currency,1000000,2023-12-31,36387,36387,1,matched,2023,b4b71d8027210bcc31361bee01b94c6e6af0c4d92a91c0fa356f584af497d6af,8-9,Total equity,36 387
nestle,balance_sheet,45,Total equity,1,CHF,currency,1000000,2024-12-31,36693,36693,1,matched,2025,8045fcce3038da3d3bef927fecfcf2091706f1a481016a282afcfa9de52778a4,8-9,Total equity,36 693
nestle,balance_sheet,45,Total equity,1,CHF,currency,1000000,2025-12-31,33058,33058,1,matched,2025,8045fcce3038da3d3bef927fecfcf2091706f1a481016a282afcfa9de52778a4,8-9,Total equity,33 058
nestle,balance_sheet,46,Total liabilities and equity,1,CHF,currency,1000000,2016-12-31,131901,131901,1,matched,2017,8f47cb3d59aadd3895be903f5ae082ad2371dd3bf9f419c5a854f7af3be3e35a,10-11,Total liabilities and equity,131 901
nestle,balance_sheet,46,Total liabilities and equity,1,CHF,currency,1000000,2017-12-31,130380,130380,1,matched,2017,8f47cb3d59aadd3895be903f5ae082ad2371dd3bf9f419c5a854f7af3be3e35a,10-11,Total liabilities and equity,130 380
nestle,balance_sheet,46,Total liabilities and equity,1,CHF,currency,1000000,2018-12-31,137015,137015,1,matched,2019,9df923d9549e016108620003feebc27fff33b03444fd75872c1609b191236410,8-9,Total liabilities and equity,137 015
nestle,balance_sheet,46,Total liabilities and equity,1,CHF,currency,1000000,2019-12-31,127940,127940,1,matched,2019,9df923d9549e016108620003feebc27fff33b03444fd75872c1609b191236410,8-9,Total liabilities and equity,127 940
nestle,balance_sheet,46,Total liabilities and equity,1,CHF,currency,1000000,2020-12-31,124028,124028,1,matched,2021,612204283a79b31191a40cf4d71d2b78b08cd33b7776e55a492b711e2f028faf,8-9,Total liabilities and equity,124 028
nestle,balance_sheet,46,Total liabilities and equity,1,CHF,currency,1000000,2021-12-31,139142,139142,1,matched,2021,612204283a79b31191a40cf4d71d2b78b08cd33b7776e55a492b711e2f028faf,8-9,Total liabilities and equity,139 142
nestle,balance_sheet,46,Total liabilities and equity,1,CHF,currency,1000000,2022-12-31,135182,135182,1,matched,2023,b4b71d8027210bcc31361bee01b94c6e6af0c4d92a91c0fa356f584af497d6af,8-9,Total liabilities and equity,135 182
nestle,balance_sheet,46,Total liabilities and equity,1,CHF,currency,1000000,2023-12-31,126550,126550,1,matched,2023,b4b71d8027210bcc31361bee01b94c6e6af0c4d92a91c0fa356f584af497d6af,8-9,Total liabilities and equity,126 550
nestle,balance_sheet,46,Total liabilities and equity,1,CHF,currency,1000000,2024-12-31,139264,139264,1,matched,2025,8045fcce3038da3d3bef927fecfcf2091706f1a481016a282afcfa9de52778a4,8-9,Total liabilities and equity,139 264
nestle,balance_sheet,46,Total liabilities and equity,1,CHF,currency,1000000,2025-12-31,127151,127151,1,matched,2025,8045fcce3038da3d3bef927fecfcf2091706f1a481016a282afcfa9de52778a4,8-9,Total liabilities and equity,127 151
nestle,cash_flow,2,Operating profit,1,CHF,currency,1000000,2016-12-31,13163,13163,1,matched,2017,8f47cb3d59aadd3895be903f5ae082ad2371dd3bf9f419c5a854f7af3be3e35a,12,Operating proﬁt,13 163
nestle,cash_flow,2,Operating profit,1,CHF,currency,1000000,2017-12-31,10112,10112,1,matched,2017,8f47cb3d59aadd3895be903f5ae082ad2371dd3bf9f419c5a854f7af3be3e35a,12,Operating proﬁt,10 112
nestle,cash_flow,2,Operating profit,1,CHF,currency,1000000,2018-12-31,13752,13752,1,matched,2019,9df923d9549e016108620003feebc27fff33b03444fd75872c1609b191236410,10,Operating profit,13 752
nestle,cash_flow,2,Operating profit,1,CHF,currency,1000000,2019-12-31,16078,16078,1,matched,2019,9df923d9549e016108620003feebc27fff33b03444fd75872c1609b191236410,10,Operating profit,16 078
nestle,cash_flow,2,Operating profit,1,CHF,currency,1000000,2020-12-31,14796,14796,1,matched,2021,612204283a79b31191a40cf4d71d2b78b08cd33b7776e55a492b711e2f028faf,10,Operating profit,14 796
nestle,cash_flow,2,Operating profit,1,CHF,currency,1000000,2021-12-31,11679,11679,1,matched,2021,612204283a79b31191a40cf4d71d2b78b08cd33b7776e55a492b711e2f028faf,10,Operating profit,11 679
nestle,cash_flow,2,Operating profit,1,CHF,currency,1000000,2022-12-31,12326,12326,1,matched,2023,b4b71d8027210bcc31361bee01b94c6e6af0c4d92a91c0fa356f584af497d6af,10,Operating profit,12 326
nestle,cash_flow,2,Operating profit,1,CHF,currency,1000000,2023-12-31,14063,14063,1,matched,2023,b4b71d8027210bcc31361bee01b94c6e6af0c4d92a91c0fa356f584af497d6af,10,Operating profit,14 063
nestle,cash_flow,2,Operating profit,1,CHF,currency,1000000,2024-12-31,14724,14724,1,matched,2025,8045fcce3038da3d3bef927fecfcf2091706f1a481016a282afcfa9de52778a4,10,Operating profit,14 724
nestle,cash_flow,2,Operating profit,1,CHF,currency,1000000,2025-12-31,12277,12277,1,matched,2025,8045fcce3038da3d3bef927fecfcf2091706f1a481016a282afcfa9de52778a4,10,Operating profit,12 277
nestle,cash_flow,3,Depreciation and amortization,1,CHF,currency,1000000,2016-12-31,3132,3132,1,matched,2017,8f47cb3d59aadd3895be903f5ae082ad2371dd3bf9f419c5a854f7af3be3e35a,12,Depreciation and amortisation,3 132
nestle,cash_flow,3,Depreciation and amortization,1,CHF,currency,1000000,2017-12-31,3227,3227,1,matched,2017,8f47cb3d59aadd3895be903f5ae082ad2371dd3bf9f419c5a854f7af3be3e35a,12,Depreciation and amortisation,3 227
nestle,cash_flow,3,Depreciation and amortization,1,CHF,currency,1000000,2018-12-31,3924,3924,1,matched,2019,9df923d9549e016108620003feebc27fff33b03444fd75872c1609b191236410,10,Depreciation and amortization,3 924
nestle,cash_flow,3,Depreciation and amortization,1,CHF,currency,1000000,2019-12-31,3713,3713,1,matched,2019,9df923d9549e016108620003feebc27fff33b03444fd75872c1609b191236410,10,Depreciation and amortization,3 713
nestle,cash_flow,3,Depreciation and amortization,1,CHF,currency,1000000,2020-12-31,3465,3465,1,matched,2021,612204283a79b31191a40cf4d71d2b78b08cd33b7776e55a492b711e2f028faf,10,Depreciation and amortization,3 465
nestle,cash_flow,3,Depreciation and amortization,1,CHF,currency,1000000,2021-12-31,3440,3440,1,matched,2021,612204283a79b31191a40cf4d71d2b78b08cd33b7776e55a492b711e2f028faf,10,Depreciation and amortization,3 440
nestle,cash_flow,3,Depreciation and amortization,1,CHF,currency,1000000,2022-12-31,3541,3541,1,matched,2023,b4b71d8027210bcc31361bee01b94c6e6af0c4d92a91c0fa356f584af497d6af,10,Depreciation and amortization,3 541
nestle,cash_flow,3,Depreciation and amortization,1,CHF,currency,1000000,2023-12-31,3458,3458,1,matched,2023,b4b71d8027210bcc31361bee01b94c6e6af0c4d92a91c0fa356f584af497d6af,10,Depreciation and amortization,3 458
nestle,cash_flow,3,Depreciation and amortization,1,CHF,currency,1000000,2024-12-31,3582,3582,1,matched,2025,8045fcce3038da3d3bef927fecfcf2091706f1a481016a282afcfa9de52778a4,10,Depreciation and amortization,3 582
nestle,cash_flow,3,Depreciation and amortization,1,CHF,currency,1000000,2025-12-31,3633,3633,1,matched,2025,8045fcce3038da3d3bef927fecfcf2091706f1a481016a282afcfa9de52778a4,10,Depreciation and amortization,3 633
nestle,cash_flow,4,Impairment,1,CHF,currency,1000000,2016-12-31,640,640,1,matched,2017,8f47cb3d59aadd3895be903f5ae082ad2371dd3bf9f419c5a854f7af3be3e35a,12,Impairment,640
nestle,cash_flow,4,Impairment,1,CHF,currency,1000000,2017-12-31,3557,3557,1,matched,2017,8f47cb3d59aadd3895be903f5ae082ad2371dd3bf9f419c5a854f7af3be3e35a,12,Impairment,3 557
nestle,cash_flow,4,Impairment,1,CHF,currency,1000000,2018-12-31,1248,1248,1,matched,2019,9df923d9549e016108620003feebc27fff33b03444fd75872c1609b191236410,10,Impairment,1 248
nestle,cash_flow,4,Impairment,1,CHF,currency,1000000,2019-12-31,2336,2336,1,matched,2019,9df923d9549e016108620003feebc27fff33b03444fd75872c1609b191236410,10,Impairment,2 336
nestle,cash_flow,4,Impairment,1,CHF,currency,1000000,2020-12-31,711,711,1,matched,2021,612204283a79b31191a40cf4d71d2b78b08cd33b7776e55a492b711e2f028faf,10,Impairment,711
nestle,cash_flow,4,Impairment,1,CHF,currency,1000000,2021-12-31,2614,2614,1,matched,2021,612204283a79b31191a40cf4d71d2b78b08cd33b7776e55a492b711e2f028faf,10,Impairment,2 614
nestle,cash_flow,4,Impairment,1,CHF,currency,1000000,2022-12-31,2726,2726,1,matched,2023,b4b71d8027210bcc31361bee01b94c6e6af0c4d92a91c0fa356f584af497d6af,10,Impairment,2 726
nestle,cash_flow,4,Impairment,1,CHF,currency,1000000,2023-12-31,647,647,1,matched,2023,b4b71d8027210bcc31361bee01b94c6e6af0c4d92a91c0fa356f584af497d6af,10,Impairment,647
nestle,cash_flow,4,Impairment,1,CHF,currency,1000000,2024-12-31,580,580,1,matched,2025,8045fcce3038da3d3bef927fecfcf2091706f1a481016a282afcfa9de52778a4,10,Impairment,580
nestle,cash_flow,4,Impairment,1,CHF,currency,1000000,2025-12-31,923,923,1,matched,2025,8045fcce3038da3d3bef927fecfcf2091706f1a481016a282afcfa9de52778a4,10,Impairment,923
nestle,cash_flow,5,Other non-cash items of income and expense,1,CHF,currency,1000000,2016-12-31,35,35,1,matched,2017,8f47cb3d59aadd3895be903f5ae082ad2371dd3bf9f419c5a854f7af3be3e35a,12,Other non-cash items of income and expense,35
nestle,cash_flow,5,Other non-cash items of income and expense,1,CHF,currency,1000000,2017-12-31,-185,-185,1,matched,2017,8f47cb3d59aadd3895be903f5ae082ad2371dd3bf9f419c5a854f7af3be3e35a,12,Other non-cash items of income and expense,(185)
nestle,cash_flow,5,Other non-cash items of income and expense,1,CHF,currency,1000000,2018-12-31,137,137,1,matched,2019,9df923d9549e016108620003feebc27fff33b03444fd75872c1609b191236410,10,Other non-cash items of income and expense,137
nestle,cash_flow,5,Other non-cash items of income and expense,1,CHF,currency,1000000,2019-12-31,-28,-28,1,matched,2019,9df923d9549e016108620003feebc27fff33b03444fd75872c1609b191236410,10,Other non-cash items of income and expense,(28)
nestle,cash_flow,5,Other non-cash items of income and expense,1,CHF,currency,1000000,2020-12-31,248,248,1,matched,2021,612204283a79b31191a40cf4d71d2b78b08cd33b7776e55a492b711e2f028faf,10,Other non-cash items of income and expense,248
nestle,cash_flow,5,Other non-cash items of income and expense,1,CHF,currency,1000000,2021-12-31,-253,-253,1,matched,2021,612204283a79b31191a40cf4d71d2b78b08cd33b7776e55a492b711e2f028faf,10,Other non-cash items of income and expense,(253)
nestle,cash_flow,5,Other non-cash items of income and expense,1,CHF,currency,1000000,2022-12-31,216,216,1,matched,2023,b4b71d8027210bcc31361bee01b94c6e6af0c4d92a91c0fa356f584af497d6af,10,Other non-cash items of income and expense,216
nestle,cash_flow,5,Other non-cash items of income and expense,1,CHF,currency,1000000,2023-12-31,82,82,1,matched,2023,b4b71d8027210bcc31361bee01b94c6e6af0c4d92a91c0fa356f584af497d6af,10,Other non-cash items of income and expense,82
nestle,cash_flow,5,Other non-cash items of income and expense,1,CHF,currency,1000000,2024-12-31,-229,-229,1,matched,2025,8045fcce3038da3d3bef927fecfcf2091706f1a481016a282afcfa9de52778a4,10,Other non-cash items of income and expense,(229)
nestle,cash_flow,5,Other non-cash items of income and expense,1,CHF,currency,1000000,2025-12-31,110,110,1,matched,2025,8045fcce3038da3d3bef927fecfcf2091706f1a481016a282afcfa9de52778a4,10,Other non-cash items of income and expense,110
nestle,cash_flow,6,Cash flow before changes in operating assets and liabilities,1,CHF,currency,1000000,2016-12-31,16970,16970,1,matched,2017,8f47cb3d59aadd3895be903f5ae082ad2371dd3bf9f419c5a854f7af3be3e35a,12,Cash ﬂ ow before changes in operating assets and liabilities,16 970
nestle,cash_flow,6,Cash flow before changes in operating assets and liabilities,1,CHF,currency,1000000,2017-12-31,16843,16843,1,matched,2017,8f47cb3d59aadd3895be903f5ae082ad2371dd3bf9f419c5a854f7af3be3e35a,12,Cash ﬂ ow before changes in operating assets and liabilities,16 843
nestle,cash_flow,6,Cash flow before changes in operating assets and liabilities,1,CHF,currency,1000000,2018-12-31,18375,18375,1,matched,2019,9df923d9549e016108620003feebc27fff33b03444fd75872c1609b191236410,10,Cash flow before changes in operating assets and liabilities,18 375
nestle,cash_flow,6,Cash flow before changes in operating assets and liabilities,1,CHF,currency,1000000,2019-12-31,18683,18683,1,matched,2019,9df923d9549e016108620003feebc27fff33b03444fd75872c1609b191236410,10,Cash flow before changes in operating assets and liabilities,18 683
nestle,cash_flow,6,Cash flow before changes in operating assets and liabilities,1,CHF,currency,1000000,2020-12-31,17542,17542,1,matched,2021,612204283a79b31191a40cf4d71d2b78b08cd33b7776e55a492b711e2f028faf,10,Cash flow before changes in operating assets and liabilities,17 542
nestle,cash_flow,6,Cash flow before changes in operating assets and liabilities,1,CHF,currency,1000000,2021-12-31,17245,17245,1,matched,2021,612204283a79b31191a40cf4d71d2b78b08cd33b7776e55a492b711e2f028faf,10,Cash flow before changes in operating assets and liabilities,17 245
nestle,cash_flow,6,Cash flow before changes in operating assets and liabilities,1,CHF,currency,1000000,2022-12-31,18888,18888,1,matched,2023,b4b71d8027210bcc31361bee01b94c6e6af0c4d92a91c0fa356f584af497d6af,10,Cash flow before changes in operating assets and liabilities,18 888
nestle,cash_flow,6,Cash flow before changes in operating assets and liabilities,1,CHF,currency,1000000,2023-12-31,18471,18471,1,matched,2023,b4b71d8027210bcc31361bee01b94c6e6af0c4d92a91c0fa356f584af497d6af,10,Cash flow before changes in operating assets and liabilities,18 471
nestle,cash_flow,6,Cash flow before changes in operating assets and liabilities,1,CHF,currency,1000000,2024-12-31,18719,18719,1,matched,2025,8045fcce3038da3d3bef927fecfcf2091706f1a481016a282afcfa9de52778a4,10,Cash flow before changes in operating assets and liabilities,18 719
nestle,cash_flow,6,Cash flow before changes in operating assets and liabilities,1,CHF,currency,1000000,2025-12-31,17180,17180,1,matched,2025,8045fcce3038da3d3bef927fecfcf2091706f1a481016a282afcfa9de52778a4,10,Cash flow before changes in operating assets and liabilities,17 180
nestle,cash_flow,7,Decrease/(increase) in working capital,1,CHF,currency,1000000,2016-12-31,1801,1801,1,matched,2017,8f47cb3d59aadd3895be903f5ae082ad2371dd3bf9f419c5a854f7af3be3e35a,12,Decrease/(increase) in working capital,1 801
nestle,cash_flow,7,Decrease/(increase) in working capital,1,CHF,currency,1000000,2017-12-31,-243,-243,1,matched,2017,8f47cb3d59aadd3895be903f5ae082ad2371dd3bf9f419c5a854f7af3be3e35a,12,Decrease/(increase) in working capital,(243)
nestle,cash_flow,7,Decrease/(increase) in working capital,1,CHF,currency,1000000,2018-12-31,472,472,1,matched,2019,9df923d9549e016108620003feebc27fff33b03444fd75872c1609b191236410,10,Decrease/(increase) in working capital,472
nestle,cash_flow,7,Decrease/(increase) in working capital,1,CHF,currency,1000000,2019-12-31,349,349,1,matched,2019,9df923d9549e016108620003feebc27fff33b03444fd75872c1609b191236410,10,Decrease/(increase) in working capital,349
nestle,cash_flow,7,Decrease/(increase) in working capital,1,CHF,currency,1000000,2020-12-31,314,314,1,matched,2021,612204283a79b31191a40cf4d71d2b78b08cd33b7776e55a492b711e2f028faf,10,Decrease/(increase) in working capital,314
nestle,cash_flow,7,Decrease/(increase) in working capital,1,CHF,currency,1000000,2021-12-31,-173,-173,1,matched,2021,612204283a79b31191a40cf4d71d2b78b08cd33b7776e55a492b711e2f028faf,10,Decrease/(increase) in working capital,(173)
nestle,cash_flow,7,Decrease/(increase) in working capital,1,CHF,currency,1000000,2022-12-31,-3133,-3133,1,matched,2023,b4b71d8027210bcc31361bee01b94c6e6af0c4d92a91c0fa356f584af497d6af,10,Decrease/(increase) in working capital,(3 133)
nestle,cash_flow,7,Decrease/(increase) in working capital,1,CHF,currency,1000000,2023-12-31,1134,1134,1,matched,2023,b4b71d8027210bcc31361bee01b94c6e6af0c4d92a91c0fa356f584af497d6af,10,Decrease/(increase) in working capital,1 134
nestle,cash_flow,7,Decrease/(increase) in working capital,1,CHF,currency,1000000,2024-12-31,1208,1208,1,matched,2025,8045fcce3038da3d3bef927fecfcf2091706f1a481016a282afcfa9de52778a4,10,Decrease/(increase) in working capital,1 208
nestle,cash_flow,7,Decrease/(increase) in working capital,1,CHF,currency,1000000,2025-12-31,488,488,1,matched,2025,8045fcce3038da3d3bef927fecfcf2091706f1a481016a282afcfa9de52778a4,10,Decrease/(increase) in working capital,488
nestle,cash_flow,8,Variation of other operating assets and liabilities,1,CHF,currency,1000000,2016-12-31,54,54,1,matched,2017,8f47cb3d59aadd3895be903f5ae082ad2371dd3bf9f419c5a854f7af3be3e35a,12,Variation of other operating assets and liabilities,54
nestle,cash_flow,8,Variation of other operating assets and liabilities,1,CHF,currency,1000000,2017-12-31,393,393,1,matched,2017,8f47cb3d59aadd3895be903f5ae082ad2371dd3bf9f419c5a854f7af3be3e35a,12,Variation of other operating assets and liabilities,393
nestle,cash_flow,8,Variation of other operating assets and liabilities,1,CHF,currency,1000000,2018-12-31,-37,-37,1,matched,2019,9df923d9549e016108620003feebc27fff33b03444fd75872c1609b191236410,10,Variation of other operating assets and liabilities,(37)
nestle,cash_flow,8,Variation of other operating assets and liabilities,1,CHF,currency,1000000,2019-12-31,-94,-94,1,matched,2019,9df923d9549e016108620003feebc27fff33b03444fd75872c1609b191236410,10,Variation of other operating assets and liabilities,(94)
nestle,cash_flow,8,Variation of other operating assets and liabilities,1,CHF,currency,1000000,2020-12-31,-699,-699,1,matched,2021,612204283a79b31191a40cf4d71d2b78b08cd33b7776e55a492b711e2f028faf,10,Variation of other operating assets and liabilities,(699)
nestle,cash_flow,8,Variation of other operating assets and liabilities,1,CHF,currency,1000000,2021-12-31,-427,-427,1,matched,2021,612204283a79b31191a40cf4d71d2b78b08cd33b7776e55a492b711e2f028faf,10,Variation of other operating assets and liabilities,(427)
nestle,cash_flow,8,Variation of other operating assets and liabilities,1,CHF,currency,1000000,2022-12-31,-514,-514,1,matched,2023,b4b71d8027210bcc31361bee01b94c6e6af0c4d92a91c0fa356f584af497d6af,10,Variation of other operating assets and liabilities,(514)
nestle,cash_flow,8,Variation of other operating assets and liabilities,1,CHF,currency,1000000,2023-12-31,-425,-425,1,matched,2023,b4b71d8027210bcc31361bee01b94c6e6af0c4d92a91c0fa356f584af497d6af,10,Variation of other operating assets and liabilities,(425)
nestle,cash_flow,8,Variation of other operating assets and liabilities,1,CHF,currency,1000000,2024-12-31,-334,-334,1,matched,2025,8045fcce3038da3d3bef927fecfcf2091706f1a481016a282afcfa9de52778a4,10,Variation of other operating assets and liabilities,(334)
nestle,cash_flow,8,Variation of other operating assets and liabilities,1,CHF,currency,1000000,2025-12-31,-807,-807,1,matched,2025,8045fcce3038da3d3bef927fecfcf2091706f1a481016a282afcfa9de52778a4,10,Variation of other operating assets and liabilities,(807)
nestle,cash_flow,9,Cash generated from operations,1,CHF,currency,1000000,2016-12-31,18825,18825,1,matched,2017,8f47cb3d59aadd3895be903f5ae082ad2371dd3bf9f419c5a854f7af3be3e35a,12,Cash generated from operations,18 825
nestle,cash_flow,9,Cash generated from operations,1,CHF,currency,1000000,2017-12-31,16993,16993,1,matched,2017,8f47cb3d59aadd3895be903f5ae082ad2371dd3bf9f419c5a854f7af3be3e35a,12,Cash generated from operations,16 993
nestle,cash_flow,9,Cash generated from operations,1,CHF,currency,1000000,2018-12-31,18810,18810,1,matched,2019,9df923d9549e016108620003feebc27fff33b03444fd75872c1609b191236410,10,Cash generated from operations,18 810
nestle,cash_flow,9,Cash generated from operations,1,CHF,currency,1000000,2019-12-31,18938,18938,1,matched,2019,9df923d9549e016108620003feebc27fff33b03444fd75872c1609b191236410,10,Cash generated from operations,18 938
nestle,cash_flow,9,Cash generated from operations,1,CHF,currency,1000000,2020-12-31,17157,17157,1,matched,2021,612204283a79b31191a40cf4d71d2b78b08cd33b7776e55a492b711e2f028faf,10,Cash generated from operations,17 157
nestle,cash_flow,9,Cash generated from operations,1,CHF,currency,1000000,2021-12-31,16645,16645,1,matched,2021,612204283a79b31191a40cf4d71d2b78b08cd33b7776e55a492b711e2f028faf,10,Cash generated from operations,16 645
nestle,cash_flow,9,Cash generated from operations,1,CHF,currency,1000000,2022-12-31,15241,15241,1,matched,2023,b4b71d8027210bcc31361bee01b94c6e6af0c4d92a91c0fa356f584af497d6af,10,Cash generated from operations,15 241
nestle,cash_flow,9,Cash generated from operations,1,CHF,currency,1000000,2023-12-31,19180,19180,1,matched,2023,b4b71d8027210bcc31361bee01b94c6e6af0c4d92a91c0fa356f584af497d6af,10,Cash generated from operations,19 180
nestle,cash_flow,9,Cash generated from operations,1,CHF,currency,1000000,2024-12-31,19593,19593,1,matched,2025,8045fcce3038da3d3bef927fecfcf2091706f1a481016a282afcfa9de52778a4,10,Cash generated from operations,19 593
nestle,cash_flow,9,Cash generated from operations,1,CHF,currency,1000000,2025-12-31,16861,16861,1,matched,2025,8045fcce3038da3d3bef927fecfcf2091706f1a481016a282afcfa9de52778a4,10,Cash generated from operations,16 861
nestle,cash_flow,10,Interest paid,1,CHF,currency,1000000,2016-12-31,,,0,blank_no_source,,,,,
nestle,cash_flow,10,Interest paid,1,CHF,currency,1000000,2017-12-31,,,0,blank_no_source,,,,,
nestle,cash_flow,10,Interest paid,1,CHF,currency,1000000,2018-12-31,-684,-684,1,matched,2019,9df923d9549e016108620003feebc27fff33b03444fd75872c1609b191236410,10,Interest paid,(684)
nestle,cash_flow,10,Interest paid,1,CHF,currency,1000000,2019-12-31,-1028,-1028,1,matched,2019,9df923d9549e016108620003feebc27fff33b03444fd75872c1609b191236410,10,Interest paid,(1 028)
nestle,cash_flow,10,Interest paid,1,CHF,currency,1000000,2020-12-31,-815,-815,1,matched,2021,612204283a79b31191a40cf4d71d2b78b08cd33b7776e55a492b711e2f028faf,10,Interest paid,(815)
nestle,cash_flow,10,Interest paid,1,CHF,currency,1000000,2021-12-31,-753,-753,1,matched,2021,612204283a79b31191a40cf4d71d2b78b08cd33b7776e55a492b711e2f028faf,10,Interest paid,(753)
nestle,cash_flow,10,Interest paid,1,CHF,currency,1000000,2022-12-31,-953,-953,1,matched,2023,b4b71d8027210bcc31361bee01b94c6e6af0c4d92a91c0fa356f584af497d6af,10,Interest paid,(953)
nestle,cash_flow,10,Interest paid,1,CHF,currency,1000000,2023-12-31,-1330,-1330,1,matched,2023,b4b71d8027210bcc31361bee01b94c6e6af0c4d92a91c0fa356f584af497d6af,10,Interest paid,(1 330)
nestle,cash_flow,10,Interest paid,1,CHF,currency,1000000,2024-12-31,-1539,-1539,1,matched,2025,8045fcce3038da3d3bef927fecfcf2091706f1a481016a282afcfa9de52778a4,10,Interest paid,(1 539)
nestle,cash_flow,10,Interest paid,1,CHF,currency,1000000,2025-12-31,-1618,-1618,1,matched,2025,8045fcce3038da3d3bef927fecfcf2091706f1a481016a282afcfa9de52778a4,10,Interest paid,(1 618)
nestle,cash_flow,11,Interest and dividends received,1,CHF,currency,1000000,2016-12-31,,,0,blank_no_source,,,,,
nestle,cash_flow,11,Interest and dividends received,1,CHF,currency,1000000,2017-12-31,,,0,blank_no_source,,,,,
nestle,cash_flow,11,Interest and dividends received,1,CHF,currency,1000000,2018-12-31,192,192,1,matched,2019,9df923d9549e016108620003feebc27fff33b03444fd75872c1609b191236410,10,Interest and dividend received,192
nestle,cash_flow,11,Interest and dividends received,1,CHF,currency,1000000,2019-12-31,162,162,1,matched,2019,9df923d9549e016108620003feebc27fff33b03444fd75872c1609b191236410,10,Interest and dividend received,162
nestle,cash_flow,11,Interest and dividends received,1,CHF,currency,1000000,2020-12-31,76,76,1,matched,2021,612204283a79b31191a40cf4d71d2b78b08cd33b7776e55a492b711e2f028faf,10,Interest and dividend received,76
nestle,cash_flow,11,Interest and dividends received,1,CHF,currency,1000000,2021-12-31,43,43,1,matched,2021,612204283a79b31191a40cf4d71d2b78b08cd33b7776e55a492b711e2f028faf,10,Interest and dividend received,43
nestle,cash_flow,11,Interest and dividends received,1,CHF,currency,1000000,2022-12-31,118,118,1,matched,2023,b4b71d8027210bcc31361bee01b94c6e6af0c4d92a91c0fa356f584af497d6af,10,Interest and dividends received,118
nestle,cash_flow,11,Interest and dividends received,1,CHF,currency,1000000,2023-12-31,193,193,1,matched,2023,b4b71d8027210bcc31361bee01b94c6e6af0c4d92a91c0fa356f584af497d6af,10,Interest and dividends received,193
nestle,cash_flow,11,Interest and dividends received,1,CHF,currency,1000000,2024-12-31,273,273,1,matched,2025,8045fcce3038da3d3bef927fecfcf2091706f1a481016a282afcfa9de52778a4,10,Interest and dividends received,273
nestle,cash_flow,11,Interest and dividends received,1,CHF,currency,1000000,2025-12-31,205,205,1,matched,2025,8045fcce3038da3d3bef927fecfcf2091706f1a481016a282afcfa9de52778a4,10,Interest and dividends received,205
nestle,cash_flow,12,Taxes paid,1,CHF,currency,1000000,2016-12-31,-3435,-3435,1,matched,2017,8f47cb3d59aadd3895be903f5ae082ad2371dd3bf9f419c5a854f7af3be3e35a,12,Taxes paid,(3 435)
nestle,cash_flow,12,Taxes paid,1,CHF,currency,1000000,2017-12-31,-3666,-3666,1,matched,2017,8f47cb3d59aadd3895be903f5ae082ad2371dd3bf9f419c5a854f7af3be3e35a,12,Taxes paid,(3 666)
nestle,cash_flow,12,Taxes paid,1,CHF,currency,1000000,2018-12-31,-3623,-3623,1,matched,2019,9df923d9549e016108620003feebc27fff33b03444fd75872c1609b191236410,10,Taxes paid,(3 623)
nestle,cash_flow,12,Taxes paid,1,CHF,currency,1000000,2019-12-31,-2854,-2854,1,matched,2019,9df923d9549e016108620003feebc27fff33b03444fd75872c1609b191236410,10,Taxes paid,(2 854)
nestle,cash_flow,12,Taxes paid,1,CHF,currency,1000000,2020-12-31,-2645,-2645,1,matched,2021,612204283a79b31191a40cf4d71d2b78b08cd33b7776e55a492b711e2f028faf,10,Taxes paid,(2 645)
nestle,cash_flow,12,Taxes paid,1,CHF,currency,1000000,2021-12-31,-2722,-2722,1,matched,2021,612204283a79b31191a40cf4d71d2b78b08cd33b7776e55a492b711e2f028faf,10,Taxes paid,(2 722)
nestle,cash_flow,12,Taxes paid,1,CHF,currency,1000000,2022-12-31,-3107,-3107,1,matched,2023,b4b71d8027210bcc31361bee01b94c6e6af0c4d92a91c0fa356f584af497d6af,10,Taxes paid,(3 107)
nestle,cash_flow,12,Taxes paid,1,CHF,currency,1000000,2023-12-31,-2801,-2801,1,matched,2023,b4b71d8027210bcc31361bee01b94c6e6af0c4d92a91c0fa356f584af497d6af,10,Taxes paid,(2 801)
nestle,cash_flow,12,Taxes paid,1,CHF,currency,1000000,2024-12-31,-2411,-2411,1,matched,2025,8045fcce3038da3d3bef927fecfcf2091706f1a481016a282afcfa9de52778a4,10,Taxes paid,(2 411)
nestle,cash_flow,12,Taxes paid,1,CHF,currency,1000000,2025-12-31,-2298,-2298,1,matched,2025,8045fcce3038da3d3bef927fecfcf2091706f1a481016a282afcfa9de52778a4,10,Taxes paid,(2 298)
nestle,cash_flow,13,"Dividends, other distributions and interest from associates and joint ventures",1,CHF,currency,1000000,2016-12-31,519,519,1,matched,2017,8f47cb3d59aadd3895be903f5ae082ad2371dd3bf9f419c5a854f7af3be3e35a,12,Dividends and interest from associates and joint ventures,519
nestle,cash_flow,13,"Dividends, other distributions and interest from associates and joint ventures",1,CHF,currency,1000000,2017-12-31,582,582,1,matched,2017,8f47cb3d59aadd3895be903f5ae082ad2371dd3bf9f419c5a854f7af3be3e35a,12,Dividends and interest from associates and joint ventures,582
nestle,cash_flow,13,"Dividends, other distributions and interest from associates and joint ventures",1,CHF,currency,1000000,2018-12-31,703,703,1,matched,2019,9df923d9549e016108620003feebc27fff33b03444fd75872c1609b191236410,10,Dividends and interest from associates and joint ventures,703
nestle,cash_flow,13,"Dividends, other distributions and interest from associates and joint ventures",1,CHF,currency,1000000,2019-12-31,632,632,1,matched,2019,9df923d9549e016108620003feebc27fff33b03444fd75872c1609b191236410,10,Dividends and interest from associates and joint ventures,632
nestle,cash_flow,13,"Dividends, other distributions and interest from associates and joint ventures",1,CHF,currency,1000000,2020-12-31,604,604,1,matched,2021,612204283a79b31191a40cf4d71d2b78b08cd33b7776e55a492b711e2f028faf,10,Dividends and interest from associates and joint ventures,604
nestle,cash_flow,13,"Dividends, other distributions and interest from associates and joint ventures",1,CHF,currency,1000000,2021-12-31,651,651,1,matched,2021,612204283a79b31191a40cf4d71d2b78b08cd33b7776e55a492b711e2f028faf,10,Dividends and interest from associates and joint ventures,651
nestle,cash_flow,13,"Dividends, other distributions and interest from associates and joint ventures",1,CHF,currency,1000000,2022-12-31,608,608,1,matched,2023,b4b71d8027210bcc31361bee01b94c6e6af0c4d92a91c0fa356f584af497d6af,10,Dividends and interest from associates and joint ventures,608
nestle,cash_flow,13,"Dividends, other distributions and interest from associates and joint ventures",1,CHF,currency,1000000,2023-12-31,699,699,1,matched,2023,b4b71d8027210bcc31361bee01b94c6e6af0c4d92a91c0fa356f584af497d6af,10,Dividends and interest from associates and joint ventures,699
nestle,cash_flow,13,"Dividends, other distributions and interest from associates and joint ventures",1,CHF,currency,1000000,2024-12-31,759,759,1,matched,2025,8045fcce3038da3d3bef927fecfcf2091706f1a481016a282afcfa9de52778a4,10,"Dividends, other distributions and interest from associates and joint ventures",759
nestle,cash_flow,13,"Dividends, other distributions and interest from associates and joint ventures",1,CHF,currency,1000000,2025-12-31,2754,2754,1,matched,2025,8045fcce3038da3d3bef927fecfcf2091706f1a481016a282afcfa9de52778a4,10,"Dividends, other distributions and interest from associates and joint ventures",2 754
nestle,cash_flow,14,Expenditure on intangible assets,1,CHF,currency,1000000,2016-12-31,-682,-682,1,matched,2017,8f47cb3d59aadd3895be903f5ae082ad2371dd3bf9f419c5a854f7af3be3e35a,12,Expenditure on intangible assets,(682)
nestle,cash_flow,14,Expenditure on intangible assets,1,CHF,currency,1000000,2017-12-31,-769,-769,1,matched,2017,8f47cb3d59aadd3895be903f5ae082ad2371dd3bf9f419c5a854f7af3be3e35a,12,Expenditure on intangible assets,(769)
nestle,cash_flow,14,Expenditure on intangible assets,1,CHF,currency,1000000,2018-12-31,-601,-601,1,matched,2019,9df923d9549e016108620003feebc27fff33b03444fd75872c1609b191236410,10,Expenditure on intangible assets,(601)
nestle,cash_flow,14,Expenditure on intangible assets,1,CHF,currency,1000000,2019-12-31,-516,-516,1,matched,2019,9df923d9549e016108620003feebc27fff33b03444fd75872c1609b191236410,10,Expenditure on intangible assets,(516)
nestle,cash_flow,14,Expenditure on intangible assets,1,CHF,currency,1000000,2020-12-31,-288,-288,1,matched,2021,612204283a79b31191a40cf4d71d2b78b08cd33b7776e55a492b711e2f028faf,10,Expenditure on intangible assets,(288)
nestle,cash_flow,14,Expenditure on intangible assets,1,CHF,currency,1000000,2021-12-31,-461,-461,1,matched,2021,612204283a79b31191a40cf4d71d2b78b08cd33b7776e55a492b711e2f028faf,10,Expenditure on intangible assets,(461)
nestle,cash_flow,14,Expenditure on intangible assets,1,CHF,currency,1000000,2022-12-31,-266,-266,1,matched,2023,b4b71d8027210bcc31361bee01b94c6e6af0c4d92a91c0fa356f584af497d6af,10,Expenditure on intangible assets,(266)
nestle,cash_flow,14,Expenditure on intangible assets,1,CHF,currency,1000000,2023-12-31,-489,-489,1,matched,2023,b4b71d8027210bcc31361bee01b94c6e6af0c4d92a91c0fa356f584af497d6af,10,Expenditure on intangible assets,(489)
nestle,cash_flow,14,Expenditure on intangible assets,1,CHF,currency,1000000,2024-12-31,-325,-325,1,matched,2025,8045fcce3038da3d3bef927fecfcf2091706f1a481016a282afcfa9de52778a4,10,Expenditure on intangible assets,(325)
nestle,cash_flow,14,Expenditure on intangible assets,1,CHF,currency,1000000,2025-12-31,-384,-384,1,matched,2025,8045fcce3038da3d3bef927fecfcf2091706f1a481016a282afcfa9de52778a4,10,Expenditure on intangible assets,(384)
nestle,cash_flow,15,Inflows/(outflows) from treasury investments,1,CHF,currency,1000000,2016-12-31,-335,-335,1,matched,2017,8f47cb3d59aadd3895be903f5ae082ad2371dd3bf9f419c5a854f7af3be3e35a,12,Inﬂows/(outﬂows) from treasury investments,(335)
nestle,cash_flow,15,Inflows/(outflows) from treasury investments,1,CHF,currency,1000000,2017-12-31,593,593,1,matched,2017,8f47cb3d59aadd3895be903f5ae082ad2371dd3bf9f419c5a854f7af3be3e35a,12,Inﬂows/(outﬂows) from treasury investments,593
nestle,cash_flow,15,Inflows/(outflows) from treasury investments,1,CHF,currency,1000000,2018-12-31,-5159,-5159,1,matched,2019,9df923d9549e016108620003feebc27fff33b03444fd75872c1609b191236410,10,Inflows/(outflows) from treasury investments,(5 159)
nestle,cash_flow,15,Inflows/(outflows) from treasury investments,1,CHF,currency,1000000,2019-12-31,2978,2978,1,matched,2019,9df923d9549e016108620003feebc27fff33b03444fd75872c1609b191236410,10,Inflows/(outflows) from treasury investments,2 978
nestle,cash_flow,15,Inflows/(outflows) from treasury investments,1,CHF,currency,1000000,2020-12-31,-749,-749,1,matched,2021,612204283a79b31191a40cf4d71d2b78b08cd33b7776e55a492b711e2f028faf,10,Inflows/(outflows) from treasury investments,(749)
nestle,cash_flow,15,Inflows/(outflows) from treasury investments,1,CHF,currency,1000000,2021-12-31,-3610,-3610,1,matched,2021,612204283a79b31191a40cf4d71d2b78b08cd33b7776e55a492b711e2f028faf,10,Inflows/(outflows) from treasury investments,(3 610)
nestle,cash_flow,15,Inflows/(outflows) from treasury investments,1,CHF,currency,1000000,2022-12-31,5902,5902,1,matched,2023,b4b71d8027210bcc31361bee01b94c6e6af0c4d92a91c0fa356f584af497d6af,10,Inflows/(outflows) from treasury investments,5 902
nestle,cash_flow,15,Inflows/(outflows) from treasury investments,1,CHF,currency,1000000,2023-12-31,-80,-80,1,matched,2023,b4b71d8027210bcc31361bee01b94c6e6af0c4d92a91c0fa356f584af497d6af,10,Inflows/(outflows) from treasury investments,(80)
nestle,cash_flow,15,Inflows/(outflows) from treasury investments,1,CHF,currency,1000000,2024-12-31,-1251,-1251,1,matched,2025,8045fcce3038da3d3bef927fecfcf2091706f1a481016a282afcfa9de52778a4,10,Inflows/(outflows) from treasury investments,(1 251)
nestle,cash_flow,15,Inflows/(outflows) from treasury investments,1,CHF,currency,1000000,2025-12-31,424,424,1,matched,2025,8045fcce3038da3d3bef927fecfcf2091706f1a481016a282afcfa9de52778a4,10,Inflows/(outflows) from treasury investments,424
nestle,cash_flow,16,Operating cash flow,1,CHF,currency,1000000,2016-12-31,15582,15582,1,matched,2017,8f47cb3d59aadd3895be903f5ae082ad2371dd3bf9f419c5a854f7af3be3e35a,12,Operating cash ﬂow,15 582
nestle,cash_flow,16,Operating cash flow,1,CHF,currency,1000000,2017-12-31,13486,13486,1,matched,2017,8f47cb3d59aadd3895be903f5ae082ad2371dd3bf9f419c5a854f7af3be3e35a,12,Operating cash ﬂow,13 486
nestle,cash_flow,16,Operating cash flow,1,CHF,currency,1000000,2018-12-31,15398,15398,1,matched,2019,9df923d9549e016108620003feebc27fff33b03444fd75872c1609b191236410,10,Operating cash flow,15 398
nestle,cash_flow,16,Operating cash flow,1,CHF,currency,1000000,2019-12-31,15850,15850,1,matched,2019,9df923d9549e016108620003feebc27fff33b03444fd75872c1609b191236410,10,Operating cash flow,15 850
nestle,cash_flow,16,Operating cash flow,1,CHF,currency,1000000,2020-12-31,14377,14377,1,matched,2021,612204283a79b31191a40cf4d71d2b78b08cd33b7776e55a492b711e2f028faf,10,Operating cash flow,14 377
nestle,cash_flow,16,Operating cash flow,1,CHF,currency,1000000,2021-12-31,13864,13864,1,matched,2021,612204283a79b31191a40cf4d71d2b78b08cd33b7776e55a492b711e2f028faf,10,Operating cash flow,13 864
nestle,cash_flow,16,Operating cash flow,1,CHF,currency,1000000,2022-12-31,11907,11907,1,matched,2023,b4b71d8027210bcc31361bee01b94c6e6af0c4d92a91c0fa356f584af497d6af,10,Operating cash flow,11 907
nestle,cash_flow,16,Operating cash flow,1,CHF,currency,1000000,2023-12-31,15941,15941,1,matched,2023,b4b71d8027210bcc31361bee01b94c6e6af0c4d92a91c0fa356f584af497d6af,10,Operating cash flow,15 941
nestle,cash_flow,16,Operating cash flow,1,CHF,currency,1000000,2024-12-31,16675,16675,1,matched,2025,8045fcce3038da3d3bef927fecfcf2091706f1a481016a282afcfa9de52778a4,10,Operating cash flow,16 675
nestle,cash_flow,16,Operating cash flow,1,CHF,currency,1000000,2025-12-31,15904,15904,1,matched,2025,8045fcce3038da3d3bef927fecfcf2091706f1a481016a282afcfa9de52778a4,10,Operating cash flow,15 904
nestle,cash_flow,17,Net result on disposal of businesses,1,CHF,currency,1000000,2016-12-31,—,—,1,matched,2017,8f47cb3d59aadd3895be903f5ae082ad2371dd3bf9f419c5a854f7af3be3e35a,12,Net result on disposal of businesses,—
nestle,cash_flow,17,Net result on disposal of businesses,1,CHF,currency,1000000,2017-12-31,132,132,1,matched,2017,8f47cb3d59aadd3895be903f5ae082ad2371dd3bf9f419c5a854f7af3be3e35a,12,Net result on disposal of businesses,132
nestle,cash_flow,17,Net result on disposal of businesses,1,CHF,currency,1000000,2018-12-31,-686,-686,1,matched,2019,9df923d9549e016108620003feebc27fff33b03444fd75872c1609b191236410,10,Net result on disposal of businesses,(686)
nestle,cash_flow,17,Net result on disposal of businesses,1,CHF,currency,1000000,2019-12-31,-3416,-3416,1,matched,2019,9df923d9549e016108620003feebc27fff33b03444fd75872c1609b191236410,10,Net result on disposal of businesses,(3 416)
nestle,cash_flow,17,Net result on disposal of businesses,1,CHF,currency,1000000,2020-12-31,-1678,-1678,1,matched,2021,612204283a79b31191a40cf4d71d2b78b08cd33b7776e55a492b711e2f028faf,10,Net result on disposal of businesses,(1 678)
nestle,cash_flow,17,Net result on disposal of businesses,1,CHF,currency,1000000,2021-12-31,-235,-235,1,matched,2021,612204283a79b31191a40cf4d71d2b78b08cd33b7776e55a492b711e2f028faf,10,Net result on disposal of businesses,(235)
nestle,cash_flow,17,Net result on disposal of businesses,1,CHF,currency,1000000,2022-12-31,79,79,1,matched,2023,b4b71d8027210bcc31361bee01b94c6e6af0c4d92a91c0fa356f584af497d6af,10,Net result on disposal of businesses,79
nestle,cash_flow,17,Net result on disposal of businesses,1,CHF,currency,1000000,2023-12-31,221,221,1,matched,2023,b4b71d8027210bcc31361bee01b94c6e6af0c4d92a91c0fa356f584af497d6af,10,Net result on disposal of businesses,221
nestle,cash_flow,17,Net result on disposal of businesses,1,CHF,currency,1000000,2024-12-31,62,62,1,matched,2025,8045fcce3038da3d3bef927fecfcf2091706f1a481016a282afcfa9de52778a4,10,Net result on disposal of businesses,62
nestle,cash_flow,17,Net result on disposal of businesses,1,CHF,currency,1000000,2025-12-31,237,237,1,matched,2025,8045fcce3038da3d3bef927fecfcf2091706f1a481016a282afcfa9de52778a4,10,Net result on disposal of businesses,237
nestle,cash_flow,18,Capital expenditure,1,CHF,currency,1000000,2016-12-31,-4010,-4010,1,matched,2017,8f47cb3d59aadd3895be903f5ae082ad2371dd3bf9f419c5a854f7af3be3e35a,12,Capital expenditure,(4 010)
nestle,cash_flow,18,Capital expenditure,1,CHF,currency,1000000,2017-12-31,-3934,-3934,1,matched,2017,8f47cb3d59aadd3895be903f5ae082ad2371dd3bf9f419c5a854f7af3be3e35a,12,Capital expenditure,(3 934)
nestle,cash_flow,18,Capital expenditure,1,CHF,currency,1000000,2018-12-31,-3869,-3869,1,matched,2019,9df923d9549e016108620003feebc27fff33b03444fd75872c1609b191236410,10,Capital expenditure,(3 869)
nestle,cash_flow,18,Capital expenditure,1,CHF,currency,1000000,2019-12-31,-3695,-3695,1,matched,2019,9df923d9549e016108620003feebc27fff33b03444fd75872c1609b191236410,10,Capital expenditure,(3 695)
nestle,cash_flow,18,Capital expenditure,1,CHF,currency,1000000,2020-12-31,-4076,-4076,1,matched,2021,612204283a79b31191a40cf4d71d2b78b08cd33b7776e55a492b711e2f028faf,10,Capital expenditure,(4 076)
nestle,cash_flow,18,Capital expenditure,1,CHF,currency,1000000,2021-12-31,-4880,-4880,1,matched,2021,612204283a79b31191a40cf4d71d2b78b08cd33b7776e55a492b711e2f028faf,10,Capital expenditure,(4 880)
nestle,cash_flow,18,Capital expenditure,1,CHF,currency,1000000,2022-12-31,-5095,-5095,1,matched,2023,b4b71d8027210bcc31361bee01b94c6e6af0c4d92a91c0fa356f584af497d6af,10,Capital expenditure,(5 095)
nestle,cash_flow,18,Capital expenditure,1,CHF,currency,1000000,2023-12-31,-5714,-5714,1,matched,2023,b4b71d8027210bcc31361bee01b94c6e6af0c4d92a91c0fa356f584af497d6af,10,Capital expenditure,(5 714)
nestle,cash_flow,18,Capital expenditure,1,CHF,currency,1000000,2024-12-31,-5638,-5638,1,matched,2025,8045fcce3038da3d3bef927fecfcf2091706f1a481016a282afcfa9de52778a4,10,Capital expenditure,(5 638)
nestle,cash_flow,18,Capital expenditure,1,CHF,currency,1000000,2025-12-31,-4527,-4527,1,matched,2025,8045fcce3038da3d3bef927fecfcf2091706f1a481016a282afcfa9de52778a4,10,Capital expenditure,(4 527)
nestle,cash_flow,19,"Acquisition of businesses, net of cash acquired",1,CHF,currency,1000000,2016-12-31,-585,-585,1,matched,2017,8f47cb3d59aadd3895be903f5ae082ad2371dd3bf9f419c5a854f7af3be3e35a,12,Acquisition of businesses,(585)
nestle,cash_flow,19,"Acquisition of businesses, net of cash acquired",1,CHF,currency,1000000,2017-12-31,-696,-696,1,matched,2017,8f47cb3d59aadd3895be903f5ae082ad2371dd3bf9f419c5a854f7af3be3e35a,12,Acquisition of businesses,(696)
nestle,cash_flow,19,"Acquisition of businesses, net of cash acquired",1,CHF,currency,1000000,2018-12-31,-9512,-9512,1,matched,2019,9df923d9549e016108620003feebc27fff33b03444fd75872c1609b191236410,10,Acquisition of businesses,(9 512)
nestle,cash_flow,19,"Acquisition of businesses, net of cash acquired",1,CHF,currency,1000000,2019-12-31,-125,-125,1,matched,2019,9df923d9549e016108620003feebc27fff33b03444fd75872c1609b191236410,10,Acquisition of businesses,(125)
nestle,cash_flow,19,"Acquisition of businesses, net of cash acquired",1,CHF,currency,1000000,2020-12-31,-4520,-4520,1,matched,2021,612204283a79b31191a40cf4d71d2b78b08cd33b7776e55a492b711e2f028faf,10,"Acquisition of businesses, net of cash acquired",(4 520)
nestle,cash_flow,19,"Acquisition of businesses, net of cash acquired",1,CHF,currency,1000000,2021-12-31,-6394,-6394,1,matched,2021,612204283a79b31191a40cf4d71d2b78b08cd33b7776e55a492b711e2f028faf,10,"Acquisition of businesses, net of cash acquired",(6 394)
nestle,cash_flow,19,"Acquisition of businesses, net of cash acquired",1,CHF,currency,1000000,2022-12-31,-1710,-1710,1,matched,2023,b4b71d8027210bcc31361bee01b94c6e6af0c4d92a91c0fa356f584af497d6af,10,"Acquisition of businesses, net of cash acquired",(1 710)
nestle,cash_flow,19,"Acquisition of businesses, net of cash acquired",1,CHF,currency,1000000,2023-12-31,-211,-211,1,matched,2023,b4b71d8027210bcc31361bee01b94c6e6af0c4d92a91c0fa356f584af497d6af,10,"Acquisition of businesses, net of cash acquired",(211)
nestle,cash_flow,19,"Acquisition of businesses, net of cash acquired",1,CHF,currency,1000000,2024-12-31,-809,-809,1,matched,2025,8045fcce3038da3d3bef927fecfcf2091706f1a481016a282afcfa9de52778a4,10,"Acquisition of businesses, net of cash acquired",(809)
nestle,cash_flow,19,"Acquisition of businesses, net of cash acquired",1,CHF,currency,1000000,2025-12-31,-75,-75,1,matched,2025,8045fcce3038da3d3bef927fecfcf2091706f1a481016a282afcfa9de52778a4,10,"Acquisition of businesses, net of cash acquired",(75)
nestle,cash_flow,20,"Disposal of businesses, net of cash disposed of",1,CHF,currency,1000000,2016-12-31,271,271,1,matched,2017,8f47cb3d59aadd3895be903f5ae082ad2371dd3bf9f419c5a854f7af3be3e35a,12,Disposal of businesses,271
nestle,cash_flow,20,"Disposal of businesses, net of cash disposed of",1,CHF,currency,1000000,2017-12-31,140,140,1,matched,2017,8f47cb3d59aadd3895be903f5ae082ad2371dd3bf9f419c5a854f7af3be3e35a,12,Disposal of businesses,140
nestle,cash_flow,20,"Disposal of businesses, net of cash disposed of",1,CHF,currency,1000000,2018-12-31,4310,4310,1,matched,2019,9df923d9549e016108620003feebc27fff33b03444fd75872c1609b191236410,10,Disposal of businesses,4 310
nestle,cash_flow,20,"Disposal of businesses, net of cash disposed of",1,CHF,currency,1000000,2019-12-31,9959,9959,1,matched,2019,9df923d9549e016108620003feebc27fff33b03444fd75872c1609b191236410,10,Disposal of businesses,9 959
nestle,cash_flow,20,"Disposal of businesses, net of cash disposed of",1,CHF,currency,1000000,2020-12-31,3916,3916,1,matched,2021,612204283a79b31191a40cf4d71d2b78b08cd33b7776e55a492b711e2f028faf,10,"Disposal of businesses, net of cash disposed of",3 916
nestle,cash_flow,20,"Disposal of businesses, net of cash disposed of",1,CHF,currency,1000000,2021-12-31,3530,3530,1,matched,2021,612204283a79b31191a40cf4d71d2b78b08cd33b7776e55a492b711e2f028faf,10,"Disposal of businesses, net of cash disposed of",3 530
nestle,cash_flow,20,"Disposal of businesses, net of cash disposed of",1,CHF,currency,1000000,2022-12-31,160,160,1,matched,2023,b4b71d8027210bcc31361bee01b94c6e6af0c4d92a91c0fa356f584af497d6af,10,"Disposal of businesses, net of cash disposed of",160
nestle,cash_flow,20,"Disposal of businesses, net of cash disposed of",1,CHF,currency,1000000,2023-12-31,215,215,1,matched,2023,b4b71d8027210bcc31361bee01b94c6e6af0c4d92a91c0fa356f584af497d6af,10,"Disposal of businesses, net of cash disposed of",215
nestle,cash_flow,20,"Disposal of businesses, net of cash disposed of",1,CHF,currency,1000000,2024-12-31,-23,-23,1,matched,2025,8045fcce3038da3d3bef927fecfcf2091706f1a481016a282afcfa9de52778a4,10,"Disposal of businesses, net of cash disposed of",(23)
nestle,cash_flow,20,"Disposal of businesses, net of cash disposed of",1,CHF,currency,1000000,2025-12-31,-81,-81,1,matched,2025,8045fcce3038da3d3bef927fecfcf2091706f1a481016a282afcfa9de52778a4,10,"Disposal of businesses, net of cash disposed of",(81)
nestle,cash_flow,21,"(Investments)/divestments, net, in associates and joint ventures",1,CHF,currency,1000000,2016-12-31,-748,-748,1,matched,2017,8f47cb3d59aadd3895be903f5ae082ad2371dd3bf9f419c5a854f7af3be3e35a,12,Investments (net of divestments) in associates and joint ventures,(748)
nestle,cash_flow,21,"(Investments)/divestments, net, in associates and joint ventures",1,CHF,currency,1000000,2017-12-31,-140,-140,1,matched,2017,8f47cb3d59aadd3895be903f5ae082ad2371dd3bf9f419c5a854f7af3be3e35a,12,Investments (net of divestments) in associates and joint ventures,(140)
nestle,cash_flow,21,"(Investments)/divestments, net, in associates and joint ventures",1,CHF,currency,1000000,2018-12-31,728,728,1,matched,2019,9df923d9549e016108620003feebc27fff33b03444fd75872c1609b191236410,10,Investments (net of divestments) in associates and joint ventures,728
nestle,cash_flow,21,"(Investments)/divestments, net, in associates and joint ventures",1,CHF,currency,1000000,2019-12-31,-540,-540,1,matched,2019,9df923d9549e016108620003feebc27fff33b03444fd75872c1609b191236410,10,Investments (net of divestments) in associates and joint ventures,(540)
nestle,cash_flow,21,"(Investments)/divestments, net, in associates and joint ventures",1,CHF,currency,1000000,2020-12-31,,,0,blank_no_source,,,,,
nestle,cash_flow,21,"(Investments)/divestments, net, in associates and joint ventures",1,CHF,currency,1000000,2021-12-31,,,0,blank_no_source,,,,,
nestle,cash_flow,21,"(Investments)/divestments, net, in associates and joint ventures",1,CHF,currency,1000000,2022-12-31,-918,-918,1,matched,2023,b4b71d8027210bcc31361bee01b94c6e6af0c4d92a91c0fa356f584af497d6af,10,Investments (net of divestments) in associates and joint ventures,(918)
nestle,cash_flow,21,"(Investments)/divestments, net, in associates and joint ventures",1,CHF,currency,1000000,2023-12-31,-582,-582,1,matched,2023,b4b71d8027210bcc31361bee01b94c6e6af0c4d92a91c0fa356f584af497d6af,10,Investments (net of divestments) in associates and joint ventures,(582)
nestle,cash_flow,21,"(Investments)/divestments, net, in associates and joint ventures",1,CHF,currency,1000000,2024-12-31,-532,-532,1,matched,2025,8045fcce3038da3d3bef927fecfcf2091706f1a481016a282afcfa9de52778a4,10,"(Investments)/divestments, net, in associates and joint ventures",(532)
nestle,cash_flow,21,"(Investments)/divestments, net, in associates and joint ventures",1,CHF,currency,1000000,2025-12-31,208,208,1,matched,2025,8045fcce3038da3d3bef927fecfcf2091706f1a481016a282afcfa9de52778a4,10,"(Investments)/divestments, net, in associates and joint ventures",208
nestle,cash_flow,22,Acquisition (net of disposal) in long-term investments,1,CHF,currency,1000000,2016-12-31,,,0,blank_no_source,,,,,
nestle,cash_flow,22,Acquisition (net of disposal) in long-term investments,1,CHF,currency,1000000,2017-12-31,,,0,blank_no_source,,,,,
nestle,cash_flow,22,Acquisition (net of disposal) in long-term investments,1,CHF,currency,1000000,2018-12-31,,,0,blank_no_source,,,,,
nestle,cash_flow,22,Acquisition (net of disposal) in long-term investments,1,CHF,currency,1000000,2019-12-31,,,0,blank_no_source,,,,,
nestle,cash_flow,22,Acquisition (net of disposal) in long-term investments,1,CHF,currency,1000000,2020-12-31,,,0,blank_no_source,,,,,
nestle,cash_flow,22,Acquisition (net of disposal) in long-term investments,1,CHF,currency,1000000,2021-12-31,,,0,blank_no_source,,,,,
nestle,cash_flow,22,Acquisition (net of disposal) in long-term investments,1,CHF,currency,1000000,2022-12-31,,,0,blank_no_source,,,,,
nestle,cash_flow,22,Acquisition (net of disposal) in long-term investments,1,CHF,currency,1000000,2023-12-31,,,0,blank_no_source,,,,,
nestle,cash_flow,22,Acquisition (net of disposal) in long-term investments,1,CHF,currency,1000000,2024-12-31,—,—,1,matched,2025,8045fcce3038da3d3bef927fecfcf2091706f1a481016a282afcfa9de52778a4,10,Acquisition (net of disposal) in long-term investments,—
nestle,cash_flow,22,Acquisition (net of disposal) in long-term investments,1,CHF,currency,1000000,2025-12-31,-70,-70,1,matched,2025,8045fcce3038da3d3bef927fecfcf2091706f1a481016a282afcfa9de52778a4,10,Acquisition (net of disposal) in long-term investments,(70)
nestle,cash_flow,23,Other investing activities,1,CHF,currency,1000000,2016-12-31,-34,-34,1,matched,2017,8f47cb3d59aadd3895be903f5ae082ad2371dd3bf9f419c5a854f7af3be3e35a,12,Other investing activities,(34)
nestle,cash_flow,23,Other investing activities,1,CHF,currency,1000000,2017-12-31,-134,-134,1,matched,2017,8f47cb3d59aadd3895be903f5ae082ad2371dd3bf9f419c5a854f7af3be3e35a,12,Other investing activities,(134)
nestle,cash_flow,23,Other investing activities,1,CHF,currency,1000000,2018-12-31,-163,-163,1,matched,2019,9df923d9549e016108620003feebc27fff33b03444fd75872c1609b191236410,10,Other investing activities,(163)
nestle,cash_flow,23,Other investing activities,1,CHF,currency,1000000,2019-12-31,295,295,1,matched,2019,9df923d9549e016108620003feebc27fff33b03444fd75872c1609b191236410,10,Other investing activities,295
nestle,cash_flow,23,Other investing activities,1,CHF,currency,1000000,2020-12-31,232,232,1,matched,2021,612204283a79b31191a40cf4d71d2b78b08cd33b7776e55a492b711e2f028faf,10,Other investing activities,232
nestle,cash_flow,23,Other investing activities,1,CHF,currency,1000000,2021-12-31,192,192,1,matched,2021,612204283a79b31191a40cf4d71d2b78b08cd33b7776e55a492b711e2f028faf,10,Other investing activities,192
nestle,cash_flow,23,Other investing activities,1,CHF,currency,1000000,2022-12-31,24,24,1,matched,2023,b4b71d8027210bcc31361bee01b94c6e6af0c4d92a91c0fa356f584af497d6af,10,Other investing activities (a),24
nestle,cash_flow,23,Other investing activities,1,CHF,currency,1000000,2023-12-31,665,665,1,matched,2023,b4b71d8027210bcc31361bee01b94c6e6af0c4d92a91c0fa356f584af497d6af,10,Other investing activities (a),665
nestle,cash_flow,23,Other investing activities,1,CHF,currency,1000000,2024-12-31,-46,-46,1,matched,2025,8045fcce3038da3d3bef927fecfcf2091706f1a481016a282afcfa9de52778a4,10,Other investing activities,(46)
nestle,cash_flow,23,Other investing activities,1,CHF,currency,1000000,2025-12-31,138,138,1,matched,2025,8045fcce3038da3d3bef927fecfcf2091706f1a481016a282afcfa9de52778a4,10,Other investing activities,138
nestle,cash_flow,24,Acquisition (net of disposal) of non-controlling interests,1,CHF,currency,1000000,2016-12-31,-1208,-1208,1,matched,2017,8f47cb3d59aadd3895be903f5ae082ad2371dd3bf9f419c5a854f7af3be3e35a,12,Acquisition (net of disposal) of non-controlling interests,(1 208)
nestle,cash_flow,24,Acquisition (net of disposal) of non-controlling interests,1,CHF,currency,1000000,2017-12-31,-526,-526,1,matched,2017,8f47cb3d59aadd3895be903f5ae082ad2371dd3bf9f419c5a854f7af3be3e35a,12,Acquisition (net of disposal) of non-controlling interests,(526)
nestle,cash_flow,24,Acquisition (net of disposal) of non-controlling interests,1,CHF,currency,1000000,2018-12-31,-528,-528,1,matched,2019,9df923d9549e016108620003feebc27fff33b03444fd75872c1609b191236410,10,Acquisition (net of disposal) of non-controlling interests,(528)
nestle,cash_flow,24,Acquisition (net of disposal) of non-controlling interests,1,CHF,currency,1000000,2019-12-31,-16,-16,1,matched,2019,9df923d9549e016108620003feebc27fff33b03444fd75872c1609b191236410,10,Acquisition (net of disposal) of non-controlling interests,(16)
nestle,cash_flow,24,Acquisition (net of disposal) of non-controlling interests,1,CHF,currency,1000000,2020-12-31,-1,-1,1,matched,2021,612204283a79b31191a40cf4d71d2b78b08cd33b7776e55a492b711e2f028faf,10,Acquisition (net of disposal) of non-controlling interests,(1)
nestle,cash_flow,24,Acquisition (net of disposal) of non-controlling interests,1,CHF,currency,1000000,2021-12-31,-601,-601,1,matched,2021,612204283a79b31191a40cf4d71d2b78b08cd33b7776e55a492b711e2f028faf,10,Acquisition (net of disposal) of non-controlling interests,(601)
nestle,cash_flow,24,Acquisition (net of disposal) of non-controlling interests,1,CHF,currency,1000000,2022-12-31,-605,-605,1,matched,2023,b4b71d8027210bcc31361bee01b94c6e6af0c4d92a91c0fa356f584af497d6af,10,Acquisition of non-controlling interests,(605)
nestle,cash_flow,24,Acquisition (net of disposal) of non-controlling interests,1,CHF,currency,1000000,2023-12-31,-52,-52,1,matched,2023,b4b71d8027210bcc31361bee01b94c6e6af0c4d92a91c0fa356f584af497d6af,10,Acquisition of non-controlling interests,(52)
nestle,cash_flow,24,Acquisition (net of disposal) of non-controlling interests,1,CHF,currency,1000000,2024-12-31,-27,-27,1,matched,2025,8045fcce3038da3d3bef927fecfcf2091706f1a481016a282afcfa9de52778a4,10,Acquisition (net of disposal) of non-controlling interests,(27)
nestle,cash_flow,24,Acquisition (net of disposal) of non-controlling interests,1,CHF,currency,1000000,2025-12-31,-1190,-1190,1,matched,2025,8045fcce3038da3d3bef927fecfcf2091706f1a481016a282afcfa9de52778a4,10,Acquisition (net of disposal) of non-controlling interests,(1 190)
nestle,cash_flow,25,Investments in associates and joint ventures,1,CHF,currency,1000000,2016-12-31,,,0,blank_no_source,,,,,
nestle,cash_flow,25,Investments in associates and joint ventures,1,CHF,currency,1000000,2017-12-31,,,0,blank_no_source,,,,,
nestle,cash_flow,25,Investments in associates and joint ventures,1,CHF,currency,1000000,2018-12-31,,,0,blank_no_source,,,,,
nestle,cash_flow,25,Investments in associates and joint ventures,1,CHF,currency,1000000,2019-12-31,,,0,blank_no_source,,,,,
nestle,cash_flow,25,Investments in associates and joint ventures,1,CHF,currency,1000000,2020-12-31,-498,-498,1,matched,2021,612204283a79b31191a40cf4d71d2b78b08cd33b7776e55a492b711e2f028faf,10,Investments in associates and joint ventures,(498)
nestle,cash_flow,25,Investments in associates and joint ventures,1,CHF,currency,1000000,2021-12-31,-715,-715,1,matched,2021,612204283a79b31191a40cf4d71d2b78b08cd33b7776e55a492b711e2f028faf,10,Investments in associates and joint ventures,(715)
nestle,cash_flow,25,Investments in associates and joint ventures,1,CHF,currency,1000000,2022-12-31,,,0,blank_no_source,,,,,
nestle,cash_flow,25,Investments in associates and joint ventures,1,CHF,currency,1000000,2023-12-31,,,0,blank_no_source,,,,,
nestle,cash_flow,25,Investments in associates and joint ventures,1,CHF,currency,1000000,2024-12-31,,,0,blank_no_source,,,,,
nestle,cash_flow,25,Investments in associates and joint ventures,1,CHF,currency,1000000,2025-12-31,,,0,blank_no_source,,,,,
nestle,cash_flow,26,Divestments in associates and joint ventures,1,CHF,currency,1000000,2016-12-31,,,0,blank_no_source,,,,,
nestle,cash_flow,26,Divestments in associates and joint ventures,1,CHF,currency,1000000,2017-12-31,,,0,blank_no_source,,,,,
nestle,cash_flow,26,Divestments in associates and joint ventures,1,CHF,currency,1000000,2018-12-31,,,0,blank_no_source,,,,,
nestle,cash_flow,26,Divestments in associates and joint ventures,1,CHF,currency,1000000,2019-12-31,,,0,blank_no_source,,,,,
nestle,cash_flow,26,Divestments in associates and joint ventures,1,CHF,currency,1000000,2020-12-31,316,316,1,matched,2021,612204283a79b31191a40cf4d71d2b78b08cd33b7776e55a492b711e2f028faf,10,Divestments in associates and joint ventures,316
nestle,cash_flow,26,Divestments in associates and joint ventures,1,CHF,currency,1000000,2021-12-31,9294,9294,1,matched,2021,612204283a79b31191a40cf4d71d2b78b08cd33b7776e55a492b711e2f028faf,10,Divestments in associates and joint ventures,9 294
nestle,cash_flow,26,Divestments in associates and joint ventures,1,CHF,currency,1000000,2022-12-31,,,0,blank_no_source,,,,,
nestle,cash_flow,26,Divestments in associates and joint ventures,1,CHF,currency,1000000,2023-12-31,,,0,blank_no_source,,,,,
nestle,cash_flow,26,Divestments in associates and joint ventures,1,CHF,currency,1000000,2024-12-31,,,0,blank_no_source,,,,,
nestle,cash_flow,26,Divestments in associates and joint ventures,1,CHF,currency,1000000,2025-12-31,,,0,blank_no_source,,,,,
nestle,cash_flow,27,Investing cash flow,1,CHF,currency,1000000,2016-12-31,-6123,-6123,1,matched,2017,8f47cb3d59aadd3895be903f5ae082ad2371dd3bf9f419c5a854f7af3be3e35a,12,Investing cash ﬂow,(6 123)
nestle,cash_flow,27,Investing cash flow,1,CHF,currency,1000000,2017-12-31,-4940,-4940,1,matched,2017,8f47cb3d59aadd3895be903f5ae082ad2371dd3bf9f419c5a854f7af3be3e35a,12,Investing cash ﬂow,(4 940)
nestle,cash_flow,27,Investing cash flow,1,CHF,currency,1000000,2018-12-31,-14266,-14266,1,matched,2019,9df923d9549e016108620003feebc27fff33b03444fd75872c1609b191236410,10,Investing cash flow,(14 266)
nestle,cash_flow,27,Investing cash flow,1,CHF,currency,1000000,2019-12-31,8356,8356,1,matched,2019,9df923d9549e016108620003feebc27fff33b03444fd75872c1609b191236410,10,Investing cash flow,8 356
nestle,cash_flow,27,Investing cash flow,1,CHF,currency,1000000,2020-12-31,-5667,-5667,1,matched,2021,612204283a79b31191a40cf4d71d2b78b08cd33b7776e55a492b711e2f028faf,10,Investing cash flow,(5 667)
nestle,cash_flow,27,Investing cash flow,1,CHF,currency,1000000,2021-12-31,-3044,-3044,1,matched,2021,612204283a79b31191a40cf4d71d2b78b08cd33b7776e55a492b711e2f028faf,10,Investing cash flow,(3 044)
nestle,cash_flow,27,Investing cash flow,1,CHF,currency,1000000,2022-12-31,-1903,-1903,1,matched,2023,b4b71d8027210bcc31361bee01b94c6e6af0c4d92a91c0fa356f584af497d6af,10,Investing cash flow,(1 903)
nestle,cash_flow,27,Investing cash flow,1,CHF,currency,1000000,2023-12-31,-6196,-6196,1,matched,2023,b4b71d8027210bcc31361bee01b94c6e6af0c4d92a91c0fa356f584af497d6af,10,Investing cash flow,(6 196)
nestle,cash_flow,27,Investing cash flow,1,CHF,currency,1000000,2024-12-31,-8624,-8624,1,matched,2025,8045fcce3038da3d3bef927fecfcf2091706f1a481016a282afcfa9de52778a4,10,Investing cash flow,(8 624)
nestle,cash_flow,27,Investing cash flow,1,CHF,currency,1000000,2025-12-31,-4367,-4367,1,matched,2025,8045fcce3038da3d3bef927fecfcf2091706f1a481016a282afcfa9de52778a4,10,Investing cash flow,(4 367)
nestle,cash_flow,28,Dividend paid to shareholders of the parent,1,CHF,currency,1000000,2016-12-31,-6937,-6937,1,matched,2017,8f47cb3d59aadd3895be903f5ae082ad2371dd3bf9f419c5a854f7af3be3e35a,12,Dividend paid to shareholders of the parent,(6 937)
nestle,cash_flow,28,Dividend paid to shareholders of the parent,1,CHF,currency,1000000,2017-12-31,-7126,-7126,1,matched,2017,8f47cb3d59aadd3895be903f5ae082ad2371dd3bf9f419c5a854f7af3be3e35a,12,Dividend paid to shareholders of the parent,(7 126)
nestle,cash_flow,28,Dividend paid to shareholders of the parent,1,CHF,currency,1000000,2018-12-31,-7124,-7124,1,matched,2019,9df923d9549e016108620003feebc27fff33b03444fd75872c1609b191236410,10,Dividend paid to shareholders of the parent,(7 124)
nestle,cash_flow,28,Dividend paid to shareholders of the parent,1,CHF,currency,1000000,2019-12-31,-7230,-7230,1,matched,2019,9df923d9549e016108620003feebc27fff33b03444fd75872c1609b191236410,10,Dividend paid to shareholders of the parent,(7 230)
nestle,cash_flow,28,Dividend paid to shareholders of the parent,1,CHF,currency,1000000,2020-12-31,-7700,-7700,1,matched,2021,612204283a79b31191a40cf4d71d2b78b08cd33b7776e55a492b711e2f028faf,10,Dividend paid to shareholders of the parent,(7 700)
nestle,cash_flow,28,Dividend paid to shareholders of the parent,1,CHF,currency,1000000,2021-12-31,-7681,-7681,1,matched,2021,612204283a79b31191a40cf4d71d2b78b08cd33b7776e55a492b711e2f028faf,10,Dividend paid to shareholders of the parent,(7 681)
nestle,cash_flow,28,Dividend paid to shareholders of the parent,1,CHF,currency,1000000,2022-12-31,-7618,-7618,1,matched,2023,b4b71d8027210bcc31361bee01b94c6e6af0c4d92a91c0fa356f584af497d6af,10,Dividend paid to shareholders of the parent,(7 618)
nestle,cash_flow,28,Dividend paid to shareholders of the parent,1,CHF,currency,1000000,2023-12-31,-7829,-7829,1,matched,2023,b4b71d8027210bcc31361bee01b94c6e6af0c4d92a91c0fa356f584af497d6af,10,Dividend paid to shareholders of the parent,(7 829)
nestle,cash_flow,28,Dividend paid to shareholders of the parent,1,CHF,currency,1000000,2024-12-31,-7816,-7816,1,matched,2025,8045fcce3038da3d3bef927fecfcf2091706f1a481016a282afcfa9de52778a4,10,Dividend paid to shareholders of the parent,(7 816)
nestle,cash_flow,28,Dividend paid to shareholders of the parent,1,CHF,currency,1000000,2025-12-31,-7849,-7849,1,matched,2025,8045fcce3038da3d3bef927fecfcf2091706f1a481016a282afcfa9de52778a4,10,Dividend paid to shareholders of the parent,(7 849)
nestle,cash_flow,29,Dividends paid to non-controlling interests,1,CHF,currency,1000000,2016-12-31,-432,-432,1,matched,2017,8f47cb3d59aadd3895be903f5ae082ad2371dd3bf9f419c5a854f7af3be3e35a,12,Dividends paid to non-controlling interests,(432)
nestle,cash_flow,29,Dividends paid to non-controlling interests,1,CHF,currency,1000000,2017-12-31,-342,-342,1,matched,2017,8f47cb3d59aadd3895be903f5ae082ad2371dd3bf9f419c5a854f7af3be3e35a,12,Dividends paid to non-controlling interests,(342)
nestle,cash_flow,29,Dividends paid to non-controlling interests,1,CHF,currency,1000000,2018-12-31,-319,-319,1,matched,2019,9df923d9549e016108620003feebc27fff33b03444fd75872c1609b191236410,10,Dividends paid to non-controlling interests,(319)
nestle,cash_flow,29,Dividends paid to non-controlling interests,1,CHF,currency,1000000,2019-12-31,-463,-463,1,matched,2019,9df923d9549e016108620003feebc27fff33b03444fd75872c1609b191236410,10,Dividends paid to non-controlling interests,(463)
nestle,cash_flow,29,Dividends paid to non-controlling interests,1,CHF,currency,1000000,2020-12-31,-268,-268,1,matched,2021,612204283a79b31191a40cf4d71d2b78b08cd33b7776e55a492b711e2f028faf,10,Dividends paid to non-controlling interests,(268)
nestle,cash_flow,29,Dividends paid to non-controlling interests,1,CHF,currency,1000000,2021-12-31,-302,-302,1,matched,2021,612204283a79b31191a40cf4d71d2b78b08cd33b7776e55a492b711e2f028faf,10,Dividends paid to non-controlling interests,(302)
nestle,cash_flow,29,Dividends paid to non-controlling interests,1,CHF,currency,1000000,2022-12-31,-284,-284,1,matched,2023,b4b71d8027210bcc31361bee01b94c6e6af0c4d92a91c0fa356f584af497d6af,10,Dividends paid to non-controlling interests,(284)
nestle,cash_flow,29,Dividends paid to non-controlling interests,1,CHF,currency,1000000,2023-12-31,-323,-323,1,matched,2023,b4b71d8027210bcc31361bee01b94c6e6af0c4d92a91c0fa356f584af497d6af,10,Dividends paid to non-controlling interests,(323)
nestle,cash_flow,29,Dividends paid to non-controlling interests,1,CHF,currency,1000000,2024-12-31,-174,-174,1,matched,2025,8045fcce3038da3d3bef927fecfcf2091706f1a481016a282afcfa9de52778a4,10,Dividends paid to non-controlling interests,(174)
nestle,cash_flow,29,Dividends paid to non-controlling interests,1,CHF,currency,1000000,2025-12-31,-172,-172,1,matched,2025,8045fcce3038da3d3bef927fecfcf2091706f1a481016a282afcfa9de52778a4,10,Dividends paid to non-controlling interests,(172)
nestle,cash_flow,30,Purchase of treasury shares (a),1,CHF,currency,1000000,2016-12-31,760,760,1,matched,2017,8f47cb3d59aadd3895be903f5ae082ad2371dd3bf9f419c5a854f7af3be3e35a,12,Purchase (net of sale) of treasury shares (a),760
nestle,cash_flow,30,Purchase of treasury shares (a),1,CHF,currency,1000000,2017-12-31,-3295,-3295,1,matched,2017,8f47cb3d59aadd3895be903f5ae082ad2371dd3bf9f419c5a854f7af3be3e35a,12,Purchase (net of sale) of treasury shares (a),(3 295)
nestle,cash_flow,30,Purchase of treasury shares (a),1,CHF,currency,1000000,2018-12-31,-6854,-6854,1,matched,2019,9df923d9549e016108620003feebc27fff33b03444fd75872c1609b191236410,10,Purchase (net of sale) of treasury shares (a),(6 854)
nestle,cash_flow,30,Purchase of treasury shares (a),1,CHF,currency,1000000,2019-12-31,-9773,-9773,1,matched,2019,9df923d9549e016108620003feebc27fff33b03444fd75872c1609b191236410,10,Purchase (net of sale) of treasury shares (a),(9 773)
nestle,cash_flow,30,Purchase of treasury shares (a),1,CHF,currency,1000000,2020-12-31,-6814,-6814,1,matched,2021,612204283a79b31191a40cf4d71d2b78b08cd33b7776e55a492b711e2f028faf,10,Purchase (net of sale) of treasury shares (a),(6 814)
nestle,cash_flow,30,Purchase of treasury shares (a),1,CHF,currency,1000000,2021-12-31,-6548,-6548,1,matched,2021,612204283a79b31191a40cf4d71d2b78b08cd33b7776e55a492b711e2f028faf,10,Purchase (net of sale) of treasury shares (a),(6 548)
nestle,cash_flow,30,Purchase of treasury shares (a),1,CHF,currency,1000000,2022-12-31,-10679,-10679,1,matched,2023,b4b71d8027210bcc31361bee01b94c6e6af0c4d92a91c0fa356f584af497d6af,10,Purchase of treasury shares (b),(10 679)
nestle,cash_flow,30,Purchase of treasury shares (a),1,CHF,currency,1000000,2023-12-31,-5234,-5234,1,matched,2023,b4b71d8027210bcc31361bee01b94c6e6af0c4d92a91c0fa356f584af497d6af,10,Purchase of treasury shares (b),(5 234)
nestle,cash_flow,30,Purchase of treasury shares (a),1,CHF,currency,1000000,2024-12-31,-4678,-4678,1,matched,2025,8045fcce3038da3d3bef927fecfcf2091706f1a481016a282afcfa9de52778a4,10,Purchase of treasury shares (a),(4 678)
nestle,cash_flow,30,Purchase of treasury shares (a),1,CHF,currency,1000000,2025-12-31,-213,-213,1,matched,2025,8045fcce3038da3d3bef927fecfcf2091706f1a481016a282afcfa9de52778a4,10,Purchase of treasury shares (a),(213)
nestle,cash_flow,31,Inflows from bonds and other long-term financial debt,1,CHF,currency,1000000,2016-12-31,1695,1695,1,matched,2017,8f47cb3d59aadd3895be903f5ae082ad2371dd3bf9f419c5a854f7af3be3e35a,12,Inﬂows from bonds and other non-current ﬁnancial debt,1 695
nestle,cash_flow,31,Inflows from bonds and other long-term financial debt,1,CHF,currency,1000000,2017-12-31,6406,6406,1,matched,2017,8f47cb3d59aadd3895be903f5ae082ad2371dd3bf9f419c5a854f7af3be3e35a,12,Inﬂows from bonds and other non-current ﬁnancial debt,6 406
nestle,cash_flow,31,Inflows from bonds and other long-term financial debt,1,CHF,currency,1000000,2018-12-31,9900,9900,1,matched,2019,9df923d9549e016108620003feebc27fff33b03444fd75872c1609b191236410,10,Inflows from bonds and other non-current financial debt,9 900
nestle,cash_flow,31,Inflows from bonds and other long-term financial debt,1,CHF,currency,1000000,2019-12-31,57,57,1,matched,2019,9df923d9549e016108620003feebc27fff33b03444fd75872c1609b191236410,10,Inflows from bonds and other non-current financial debt,57
nestle,cash_flow,31,Inflows from bonds and other long-term financial debt,1,CHF,currency,1000000,2020-12-31,10330,10330,1,matched,2021,612204283a79b31191a40cf4d71d2b78b08cd33b7776e55a492b711e2f028faf,10,Inflows from bonds and other long term financial debt,10 330
nestle,cash_flow,31,Inflows from bonds and other long-term financial debt,1,CHF,currency,1000000,2021-12-31,11339,11339,1,matched,2021,612204283a79b31191a40cf4d71d2b78b08cd33b7776e55a492b711e2f028faf,10,Inflows from bonds and other long term financial debt,11 339
nestle,cash_flow,31,Inflows from bonds and other long-term financial debt,1,CHF,currency,1000000,2022-12-31,10936,10936,1,matched,2023,b4b71d8027210bcc31361bee01b94c6e6af0c4d92a91c0fa356f584af497d6af,10,Inflows from bonds and other long-term financial debt,10 936
nestle,cash_flow,31,Inflows from bonds and other long-term financial debt,1,CHF,currency,1000000,2023-12-31,9806,9806,1,matched,2023,b4b71d8027210bcc31361bee01b94c6e6af0c4d92a91c0fa356f584af497d6af,10,Inflows from bonds and other long-term financial debt,9 806
nestle,cash_flow,31,Inflows from bonds and other long-term financial debt,1,CHF,currency,1000000,2024-12-31,7992,7992,1,matched,2025,8045fcce3038da3d3bef927fecfcf2091706f1a481016a282afcfa9de52778a4,10,Inflows from bonds and other long-term financial debt,7 992
nestle,cash_flow,31,Inflows from bonds and other long-term financial debt,1,CHF,currency,1000000,2025-12-31,2803,2803,1,matched,2025,8045fcce3038da3d3bef927fecfcf2091706f1a481016a282afcfa9de52778a4,10,Inflows from bonds and other long-term financial debt,2 803
nestle,cash_flow,32,"Outflows from bonds, lease liabilities and other long-term financial debt",1,CHF,currency,1000000,2016-12-31,,,0,blank_no_source,,,,,
nestle,cash_flow,32,"Outflows from bonds, lease liabilities and other long-term financial debt",1,CHF,currency,1000000,2017-12-31,,,0,blank_no_source,,,,,
nestle,cash_flow,32,"Outflows from bonds, lease liabilities and other long-term financial debt",1,CHF,currency,1000000,2018-12-31,,,0,blank_no_source,,,,,
nestle,cash_flow,32,"Outflows from bonds, lease liabilities and other long-term financial debt",1,CHF,currency,1000000,2019-12-31,,,0,blank_no_source,,,,,
nestle,cash_flow,32,"Outflows from bonds, lease liabilities and other long-term financial debt",1,CHF,currency,1000000,2020-12-31,-3182,-3182,1,matched,2021,612204283a79b31191a40cf4d71d2b78b08cd33b7776e55a492b711e2f028faf,10,"Outflows from bonds, lease liabilities and other long term financial debt",(3 182)
nestle,cash_flow,32,"Outflows from bonds, lease liabilities and other long-term financial debt",1,CHF,currency,1000000,2021-12-31,-4474,-4474,1,matched,2021,612204283a79b31191a40cf4d71d2b78b08cd33b7776e55a492b711e2f028faf,10,"Outflows from bonds, lease liabilities and other long term financial debt",(4 474)
nestle,cash_flow,32,"Outflows from bonds, lease liabilities and other long-term financial debt",1,CHF,currency,1000000,2022-12-31,-3283,-3283,1,matched,2023,b4b71d8027210bcc31361bee01b94c6e6af0c4d92a91c0fa356f584af497d6af,10,"Outflows from bonds, lease liabilities and other long-term financial debt",(3 283)
nestle,cash_flow,32,"Outflows from bonds, lease liabilities and other long-term financial debt",1,CHF,currency,1000000,2023-12-31,-3589,-3589,1,matched,2023,b4b71d8027210bcc31361bee01b94c6e6af0c4d92a91c0fa356f584af497d6af,10,"Outflows from bonds, lease liabilities and other long-term financial debt",(3 589)
nestle,cash_flow,32,"Outflows from bonds, lease liabilities and other long-term financial debt",1,CHF,currency,1000000,2024-12-31,-5055,-5055,1,matched,2025,8045fcce3038da3d3bef927fecfcf2091706f1a481016a282afcfa9de52778a4,10,"Outflows from bonds, lease liabilities and other long-term financial debt",(5 055)
nestle,cash_flow,32,"Outflows from bonds, lease liabilities and other long-term financial debt",1,CHF,currency,1000000,2025-12-31,-4408,-4408,1,matched,2025,8045fcce3038da3d3bef927fecfcf2091706f1a481016a282afcfa9de52778a4,10,"Outflows from bonds, lease liabilities and other long-term financial debt",(4 408)
nestle,cash_flow,33,Inflows/(outflows) from short-term financial debt,1,CHF,currency,1000000,2016-12-31,1368,1368,1,matched,2017,8f47cb3d59aadd3895be903f5ae082ad2371dd3bf9f419c5a854f7af3be3e35a,12,Inﬂows/(outﬂows) from current ﬁnancial debt,1 368
nestle,cash_flow,33,Inflows/(outflows) from short-term financial debt,1,CHF,currency,1000000,2017-12-31,-1009,-1009,1,matched,2017,8f47cb3d59aadd3895be903f5ae082ad2371dd3bf9f419c5a854f7af3be3e35a,12,Inﬂows/(outﬂows) from current ﬁnancial debt,(1 009)
nestle,cash_flow,33,Inflows/(outflows) from short-term financial debt,1,CHF,currency,1000000,2018-12-31,3520,3520,1,matched,2019,9df923d9549e016108620003feebc27fff33b03444fd75872c1609b191236410,10,Inflows/(outflows) from current financial debt,3 520
nestle,cash_flow,33,Inflows/(outflows) from short-term financial debt,1,CHF,currency,1000000,2019-12-31,-444,-444,1,matched,2019,9df923d9549e016108620003feebc27fff33b03444fd75872c1609b191236410,10,Inflows/(outflows) from current financial debt,(444)
nestle,cash_flow,33,Inflows/(outflows) from short-term financial debt,1,CHF,currency,1000000,2020-12-31,-2747,-2747,1,matched,2021,612204283a79b31191a40cf4d71d2b78b08cd33b7776e55a492b711e2f028faf,10,Inflows/(outflows) from short term financial debt,(2 747)
nestle,cash_flow,33,Inflows/(outflows) from short-term financial debt,1,CHF,currency,1000000,2021-12-31,-885,-885,1,matched,2021,612204283a79b31191a40cf4d71d2b78b08cd33b7776e55a492b711e2f028faf,10,Inflows/(outflows) from short term financial debt,(885)
nestle,cash_flow,33,Inflows/(outflows) from short-term financial debt,1,CHF,currency,1000000,2022-12-31,148,148,1,matched,2023,b4b71d8027210bcc31361bee01b94c6e6af0c4d92a91c0fa356f584af497d6af,10,Inflows/(outflows) from short-term financial debt,148
nestle,cash_flow,33,Inflows/(outflows) from short-term financial debt,1,CHF,currency,1000000,2023-12-31,-2537,-2537,1,matched,2023,b4b71d8027210bcc31361bee01b94c6e6af0c4d92a91c0fa356f584af497d6af,10,Inflows/(outflows) from short-term financial debt,(2 537)
nestle,cash_flow,33,Inflows/(outflows) from short-term financial debt,1,CHF,currency,1000000,2024-12-31,2396,2396,1,matched,2025,8045fcce3038da3d3bef927fecfcf2091706f1a481016a282afcfa9de52778a4,10,Inflows/(outflows) from short-term financial debt,2 396
nestle,cash_flow,33,Inflows/(outflows) from short-term financial debt,1,CHF,currency,1000000,2025-12-31,-1036,-1036,1,matched,2025,8045fcce3038da3d3bef927fecfcf2091706f1a481016a282afcfa9de52778a4,10,Inflows/(outflows) from short-term financial debt,(1 036)
nestle,cash_flow,34,Outflows from bonds and other non-current financial debt,1,CHF,currency,1000000,2016-12-31,-1430,-1430,1,matched,2017,8f47cb3d59aadd3895be903f5ae082ad2371dd3bf9f419c5a854f7af3be3e35a,12,Outﬂows from bonds and other non-current ﬁnancial debt,(1 430)
nestle,cash_flow,34,Outflows from bonds and other non-current financial debt,1,CHF,currency,1000000,2017-12-31,-2489,-2489,1,matched,2017,8f47cb3d59aadd3895be903f5ae082ad2371dd3bf9f419c5a854f7af3be3e35a,12,Outﬂows from bonds and other non-current ﬁnancial debt,(2 489)
nestle,cash_flow,34,Outflows from bonds and other non-current financial debt,1,CHF,currency,1000000,2018-12-31,-2712,-2712,1,matched,2019,9df923d9549e016108620003feebc27fff33b03444fd75872c1609b191236410,10,Outflows from bonds and other non-current financial debt,(2 712)
nestle,cash_flow,34,Outflows from bonds and other non-current financial debt,1,CHF,currency,1000000,2019-12-31,-3287,-3287,1,matched,2019,9df923d9549e016108620003feebc27fff33b03444fd75872c1609b191236410,10,Outflows from bonds and other non-current financial debt,(3 287)
nestle,cash_flow,34,Outflows from bonds and other non-current financial debt,1,CHF,currency,1000000,2020-12-31,,,0,blank_no_source,,,,,
nestle,cash_flow,34,Outflows from bonds and other non-current financial debt,1,CHF,currency,1000000,2021-12-31,,,0,blank_no_source,,,,,
nestle,cash_flow,34,Outflows from bonds and other non-current financial debt,1,CHF,currency,1000000,2022-12-31,,,0,blank_no_source,,,,,
nestle,cash_flow,34,Outflows from bonds and other non-current financial debt,1,CHF,currency,1000000,2023-12-31,,,0,blank_no_source,,,,,
nestle,cash_flow,34,Outflows from bonds and other non-current financial debt,1,CHF,currency,1000000,2024-12-31,,,0,blank_no_source,,,,,
nestle,cash_flow,34,Outflows from bonds and other non-current financial debt,1,CHF,currency,1000000,2025-12-31,,,0,blank_no_source,,,,,
nestle,cash_flow,35,Net cash flows from treasury activities,1,CHF,currency,1000000,2016-12-31,-327,-327,1,matched,2017,8f47cb3d59aadd3895be903f5ae082ad2371dd3bf9f419c5a854f7af3be3e35a,12,Net cash ﬂows from treasury activities,(327)
nestle,cash_flow,35,Net cash flows from treasury activities,1,CHF,currency,1000000,2017-12-31,-423,-423,1,matched,2017,8f47cb3d59aadd3895be903f5ae082ad2371dd3bf9f419c5a854f7af3be3e35a,12,Net cash ﬂows from treasury activities,(423)
nestle,cash_flow,35,Net cash flows from treasury activities,1,CHF,currency,1000000,2018-12-31,,,0,blank_no_source,,,,,
nestle,cash_flow,35,Net cash flows from treasury activities,1,CHF,currency,1000000,2019-12-31,,,0,blank_no_source,,,,,
nestle,cash_flow,35,Net cash flows from treasury activities,1,CHF,currency,1000000,2020-12-31,,,0,blank_no_source,,,,,
nestle,cash_flow,35,Net cash flows from treasury activities,1,CHF,currency,1000000,2021-12-31,,,0,blank_no_source,,,,,
nestle,cash_flow,35,Net cash flows from treasury activities,1,CHF,currency,1000000,2022-12-31,,,0,blank_no_source,,,,,
nestle,cash_flow,35,Net cash flows from treasury activities,1,CHF,currency,1000000,2023-12-31,,,0,blank_no_source,,,,,
nestle,cash_flow,35,Net cash flows from treasury activities,1,CHF,currency,1000000,2024-12-31,,,0,blank_no_source,,,,,
nestle,cash_flow,35,Net cash flows from treasury activities,1,CHF,currency,1000000,2025-12-31,,,0,blank_no_source,,,,,
nestle,cash_flow,36,Financing cash flow,1,CHF,currency,1000000,2016-12-31,-6184,-6184,1,matched,2017,8f47cb3d59aadd3895be903f5ae082ad2371dd3bf9f419c5a854f7af3be3e35a,12,Financing cash ﬂow,(6 184)
nestle,cash_flow,36,Financing cash flow,1,CHF,currency,1000000,2017-12-31,-8381,-8381,1,matched,2017,8f47cb3d59aadd3895be903f5ae082ad2371dd3bf9f419c5a854f7af3be3e35a,12,Financing cash ﬂow,(8 381)
nestle,cash_flow,36,Financing cash flow,1,CHF,currency,1000000,2018-12-31,-4117,-4117,1,matched,2019,9df923d9549e016108620003feebc27fff33b03444fd75872c1609b191236410,10,Financing cash flow,(4 117)
nestle,cash_flow,36,Financing cash flow,1,CHF,currency,1000000,2019-12-31,-21156,-21156,1,matched,2019,9df923d9549e016108620003feebc27fff33b03444fd75872c1609b191236410,10,Financing cash flow,(21 156)
nestle,cash_flow,36,Financing cash flow,1,CHF,currency,1000000,2020-12-31,-10382,-10382,1,matched,2021,612204283a79b31191a40cf4d71d2b78b08cd33b7776e55a492b711e2f028faf,10,Financing cash flow,(10 382)
nestle,cash_flow,36,Financing cash flow,1,CHF,currency,1000000,2021-12-31,-9152,-9152,1,matched,2021,612204283a79b31191a40cf4d71d2b78b08cd33b7776e55a492b711e2f028faf,10,Financing cash flow,(9 152)
nestle,cash_flow,36,Financing cash flow,1,CHF,currency,1000000,2022-12-31,-11385,-11385,1,matched,2023,b4b71d8027210bcc31361bee01b94c6e6af0c4d92a91c0fa356f584af497d6af,10,Financing cash flow,(11 385)
nestle,cash_flow,36,Financing cash flow,1,CHF,currency,1000000,2023-12-31,-9758,-9758,1,matched,2023,b4b71d8027210bcc31361bee01b94c6e6af0c4d92a91c0fa356f584af497d6af,10,Financing cash flow,(9 758)
nestle,cash_flow,36,Financing cash flow,1,CHF,currency,1000000,2024-12-31,-7362,-7362,1,matched,2025,8045fcce3038da3d3bef927fecfcf2091706f1a481016a282afcfa9de52778a4,10,Financing cash flow,(7 362)
nestle,cash_flow,36,Financing cash flow,1,CHF,currency,1000000,2025-12-31,-12065,-12065,1,matched,2025,8045fcce3038da3d3bef927fecfcf2091706f1a481016a282afcfa9de52778a4,10,Financing cash flow,(12 065)
nestle,cash_flow,37,Cash and cash equivalents at beginning of year,1,CHF,currency,1000000,2016-12-31,4884,4884,1,matched,2017,8f47cb3d59aadd3895be903f5ae082ad2371dd3bf9f419c5a854f7af3be3e35a,12,Cash and cash equivalents at beginning of year,4 884
nestle,cash_flow,37,Cash and cash equivalents at beginning of year,1,CHF,currency,1000000,2017-12-31,7990,7990,1,matched,2017,8f47cb3d59aadd3895be903f5ae082ad2371dd3bf9f419c5a854f7af3be3e35a,12,Cash and cash equivalents at beginning of year,7 990
nestle,cash_flow,37,Cash and cash equivalents at beginning of year,1,CHF,currency,1000000,2018-12-31,7938,7938,1,matched,2019,9df923d9549e016108620003feebc27fff33b03444fd75872c1609b191236410,10,Cash and cash equivalents at beginning of year,7 938
nestle,cash_flow,37,Cash and cash equivalents at beginning of year,1,CHF,currency,1000000,2019-12-31,4640,4640,1,matched,2019,9df923d9549e016108620003feebc27fff33b03444fd75872c1609b191236410,10,Cash and cash equivalents at beginning of year,4 640
nestle,cash_flow,37,Cash and cash equivalents at beginning of year,1,CHF,currency,1000000,2020-12-31,7469,7469,1,matched,2021,612204283a79b31191a40cf4d71d2b78b08cd33b7776e55a492b711e2f028faf,10,Cash and cash equivalents at beginning of year,7 469
nestle,cash_flow,37,Cash and cash equivalents at beginning of year,1,CHF,currency,1000000,2021-12-31,5235,5235,1,matched,2021,612204283a79b31191a40cf4d71d2b78b08cd33b7776e55a492b711e2f028faf,10,Cash and cash equivalents at beginning of year,5 235
nestle,cash_flow,37,Cash and cash equivalents at beginning of year,1,CHF,currency,1000000,2022-12-31,6992,6992,1,matched,2023,b4b71d8027210bcc31361bee01b94c6e6af0c4d92a91c0fa356f584af497d6af,10,Cash and cash equivalents at beginning of year (c),6 992
nestle,cash_flow,37,Cash and cash equivalents at beginning of year,1,CHF,currency,1000000,2023-12-31,5511,5511,1,matched,2023,b4b71d8027210bcc31361bee01b94c6e6af0c4d92a91c0fa356f584af497d6af,10,Cash and cash equivalents at beginning of year (c),5 511
nestle,cash_flow,37,Cash and cash equivalents at beginning of year,1,CHF,currency,1000000,2024-12-31,4816,4816,1,matched,2025,8045fcce3038da3d3bef927fecfcf2091706f1a481016a282afcfa9de52778a4,10,Cash and cash equivalents at beginning of year,4 816
nestle,cash_flow,37,Cash and cash equivalents at beginning of year,1,CHF,currency,1000000,2025-12-31,5558,5558,1,matched,2025,8045fcce3038da3d3bef927fecfcf2091706f1a481016a282afcfa9de52778a4,10,Cash and cash equivalents at beginning of year,5 558
nestle,cash_flow,38,Increase/(decrease) in cash and cash equivalents,1,CHF,currency,1000000,2016-12-31,3106,3106,1,matched,2017,8f47cb3d59aadd3895be903f5ae082ad2371dd3bf9f419c5a854f7af3be3e35a,12,Increase/(decrease) in cash and cash equivalents,3 106
nestle,cash_flow,38,Increase/(decrease) in cash and cash equivalents,1,CHF,currency,1000000,2017-12-31,-52,-52,1,matched,2017,8f47cb3d59aadd3895be903f5ae082ad2371dd3bf9f419c5a854f7af3be3e35a,12,Increase/(decrease) in cash and cash equivalents,(52)
nestle,cash_flow,38,Increase/(decrease) in cash and cash equivalents,1,CHF,currency,1000000,2018-12-31,-3298,-3298,1,matched,2019,9df923d9549e016108620003feebc27fff33b03444fd75872c1609b191236410,10,Increase/(decrease) in cash and cash equivalents,(3 298)
nestle,cash_flow,38,Increase/(decrease) in cash and cash equivalents,1,CHF,currency,1000000,2019-12-31,2829,2829,1,matched,2019,9df923d9549e016108620003feebc27fff33b03444fd75872c1609b191236410,10,Increase/(decrease) in cash and cash equivalents,2 829
nestle,cash_flow,38,Increase/(decrease) in cash and cash equivalents,1,CHF,currency,1000000,2020-12-31,-2234,-2234,1,matched,2021,612204283a79b31191a40cf4d71d2b78b08cd33b7776e55a492b711e2f028faf,10,Increase/(decrease) in cash and cash equivalents,(2 234)
nestle,cash_flow,38,Increase/(decrease) in cash and cash equivalents,1,CHF,currency,1000000,2021-12-31,1757,1757,1,matched,2021,612204283a79b31191a40cf4d71d2b78b08cd33b7776e55a492b711e2f028faf,10,Increase/(decrease) in cash and cash equivalents,1 757
nestle,cash_flow,38,Increase/(decrease) in cash and cash equivalents,1,CHF,currency,1000000,2022-12-31,-1481,-1481,1,matched,2023,b4b71d8027210bcc31361bee01b94c6e6af0c4d92a91c0fa356f584af497d6af,10,Increase/(decrease) in cash and cash equivalents,(1 481)
nestle,cash_flow,38,Increase/(decrease) in cash and cash equivalents,1,CHF,currency,1000000,2023-12-31,-695,-695,1,matched,2023,b4b71d8027210bcc31361bee01b94c6e6af0c4d92a91c0fa356f584af497d6af,10,Increase/(decrease) in cash and cash equivalents,(695)
nestle,cash_flow,38,Increase/(decrease) in cash and cash equivalents,1,CHF,currency,1000000,2024-12-31,742,742,1,matched,2025,8045fcce3038da3d3bef927fecfcf2091706f1a481016a282afcfa9de52778a4,10,Increase/(decrease) in cash and cash equivalents,742
nestle,cash_flow,38,Increase/(decrease) in cash and cash equivalents,1,CHF,currency,1000000,2025-12-31,-963,-963,1,matched,2025,8045fcce3038da3d3bef927fecfcf2091706f1a481016a282afcfa9de52778a4,10,Increase/(decrease) in cash and cash equivalents,(963)
nestle,cash_flow,39,Currency retranslations,1,CHF,currency,1000000,2016-12-31,-169,-169,1,matched,2017,8f47cb3d59aadd3895be903f5ae082ad2371dd3bf9f419c5a854f7af3be3e35a,12,Currency retranslations,(169)
nestle,cash_flow,39,Currency retranslations,1,CHF,currency,1000000,2017-12-31,-217,-217,1,matched,2017,8f47cb3d59aadd3895be903f5ae082ad2371dd3bf9f419c5a854f7af3be3e35a,12,Currency retranslations,(217)
nestle,cash_flow,39,Currency retranslations,1,CHF,currency,1000000,2018-12-31,-313,-313,1,matched,2019,9df923d9549e016108620003feebc27fff33b03444fd75872c1609b191236410,10,Currency retranslations,(313)
nestle,cash_flow,39,Currency retranslations,1,CHF,currency,1000000,2019-12-31,-221,-221,1,matched,2019,9df923d9549e016108620003feebc27fff33b03444fd75872c1609b191236410,10,Currency retranslations,(221)
nestle,cash_flow,39,Currency retranslations,1,CHF,currency,1000000,2020-12-31,-562,-562,1,matched,2021,612204283a79b31191a40cf4d71d2b78b08cd33b7776e55a492b711e2f028faf,10,Currency retranslations,(562)
nestle,cash_flow,39,Currency retranslations,1,CHF,currency,1000000,2021-12-31,89,89,1,matched,2021,612204283a79b31191a40cf4d71d2b78b08cd33b7776e55a492b711e2f028faf,10,Currency retranslations,89
nestle,cash_flow,39,Currency retranslations,1,CHF,currency,1000000,2022-12-31,-100,-100,1,matched,2023,b4b71d8027210bcc31361bee01b94c6e6af0c4d92a91c0fa356f584af497d6af,10,Currency retranslations,(100)
nestle,cash_flow,39,Currency retranslations,1,CHF,currency,1000000,2023-12-31,-682,-682,1,matched,2023,b4b71d8027210bcc31361bee01b94c6e6af0c4d92a91c0fa356f584af497d6af,10,Currency retranslations,(682)
nestle,cash_flow,39,Currency retranslations,1,CHF,currency,1000000,2024-12-31,53,53,1,matched,2025,8045fcce3038da3d3bef927fecfcf2091706f1a481016a282afcfa9de52778a4,10,Currency retranslations,53
nestle,cash_flow,39,Currency retranslations,1,CHF,currency,1000000,2025-12-31,-435,-435,1,matched,2025,8045fcce3038da3d3bef927fecfcf2091706f1a481016a282afcfa9de52778a4,10,Currency retranslations,(435)
nestle,cash_flow,40,Cash and cash equivalents at end of year,1,CHF,currency,1000000,2016-12-31,7990,7990,1,matched,2017,8f47cb3d59aadd3895be903f5ae082ad2371dd3bf9f419c5a854f7af3be3e35a,12,Cash and cash equivalents at end of year,7 990
nestle,cash_flow,40,Cash and cash equivalents at end of year,1,CHF,currency,1000000,2017-12-31,7938,7938,1,matched,2017,8f47cb3d59aadd3895be903f5ae082ad2371dd3bf9f419c5a854f7af3be3e35a,12,Cash and cash equivalents at end of year,7 938
nestle,cash_flow,40,Cash and cash equivalents at end of year,1,CHF,currency,1000000,2018-12-31,4640,4640,1,matched,2019,9df923d9549e016108620003feebc27fff33b03444fd75872c1609b191236410,10,Cash and cash equivalents at end of year,4 640
nestle,cash_flow,40,Cash and cash equivalents at end of year,1,CHF,currency,1000000,2019-12-31,7469,7469,1,matched,2019,9df923d9549e016108620003feebc27fff33b03444fd75872c1609b191236410,10,Cash and cash equivalents at end of year,7 469
nestle,cash_flow,40,Cash and cash equivalents at end of year,1,CHF,currency,1000000,2020-12-31,5235,5235,1,matched,2021,612204283a79b31191a40cf4d71d2b78b08cd33b7776e55a492b711e2f028faf,10,Cash and cash equivalents at end of year,5 235
nestle,cash_flow,40,Cash and cash equivalents at end of year,1,CHF,currency,1000000,2021-12-31,6992,6992,1,matched,2021,612204283a79b31191a40cf4d71d2b78b08cd33b7776e55a492b711e2f028faf,10,Cash and cash equivalents at end of year,6 992
nestle,cash_flow,40,Cash and cash equivalents at end of year,1,CHF,currency,1000000,2022-12-31,5511,5511,1,matched,2023,b4b71d8027210bcc31361bee01b94c6e6af0c4d92a91c0fa356f584af497d6af,10,Cash and cash equivalents at end of year,5 511
nestle,cash_flow,40,Cash and cash equivalents at end of year,1,CHF,currency,1000000,2023-12-31,4816,4816,1,matched,2023,b4b71d8027210bcc31361bee01b94c6e6af0c4d92a91c0fa356f584af497d6af,10,Cash and cash equivalents at end of year,4 816
nestle,cash_flow,40,Cash and cash equivalents at end of year,1,CHF,currency,1000000,2024-12-31,5558,5558,1,matched,2025,8045fcce3038da3d3bef927fecfcf2091706f1a481016a282afcfa9de52778a4,10,Cash and cash equivalents at end of year,5 558
nestle,cash_flow,40,Cash and cash equivalents at end of year,1,CHF,currency,1000000,2025-12-31,4595,4595,1,matched,2025,8045fcce3038da3d3bef927fecfcf2091706f1a481016a282afcfa9de52778a4,10,Cash and cash equivalents at end of year,4 595
nestle,cash_flow,41,Cash and cash equivalents classified as held for sale,1,CHF,currency,1000000,2016-12-31,,,0,blank_no_source,,,,,
nestle,cash_flow,41,Cash and cash equivalents classified as held for sale,1,CHF,currency,1000000,2017-12-31,,,0,blank_no_source,,,,,
nestle,cash_flow,41,Cash and cash equivalents classified as held for sale,1,CHF,currency,1000000,2018-12-31,,,0,blank_no_source,,,,,
nestle,cash_flow,41,Cash and cash equivalents classified as held for sale,1,CHF,currency,1000000,2019-12-31,,,0,blank_no_source,,,,,
nestle,cash_flow,41,Cash and cash equivalents classified as held for sale,1,CHF,currency,1000000,2020-12-31,—,—,1,matched,2021,612204283a79b31191a40cf4d71d2b78b08cd33b7776e55a492b711e2f028faf,10,Cash and cash equivalents classified as held for sale,—
nestle,cash_flow,41,Cash and cash equivalents classified as held for sale,1,CHF,currency,1000000,2021-12-31,-4,-4,1,matched,2021,612204283a79b31191a40cf4d71d2b78b08cd33b7776e55a492b711e2f028faf,10,Cash and cash equivalents classified as held for sale,(4)
nestle,cash_flow,41,Cash and cash equivalents classified as held for sale,1,CHF,currency,1000000,2022-12-31,,,0,blank_no_source,,,,,
nestle,cash_flow,41,Cash and cash equivalents classified as held for sale,1,CHF,currency,1000000,2023-12-31,,,0,blank_no_source,,,,,
nestle,cash_flow,41,Cash and cash equivalents classified as held for sale,1,CHF,currency,1000000,2024-12-31,-2,-2,1,matched,2025,8045fcce3038da3d3bef927fecfcf2091706f1a481016a282afcfa9de52778a4,10,Cash and cash equivalents classified as held for sale,(2)
nestle,cash_flow,41,Cash and cash equivalents classified as held for sale,1,CHF,currency,1000000,2025-12-31,-16,-16,1,matched,2025,8045fcce3038da3d3bef927fecfcf2091706f1a481016a282afcfa9de52778a4,10,Cash and cash equivalents classified as held for sale,(16)
nestle,cash_flow,42,Cash and cash equivalents as per balance sheet,1,CHF,currency,1000000,2016-12-31,,,0,blank_no_source,,,,,
nestle,cash_flow,42,Cash and cash equivalents as per balance sheet,1,CHF,currency,1000000,2017-12-31,,,0,blank_no_source,,,,,
nestle,cash_flow,42,Cash and cash equivalents as per balance sheet,1,CHF,currency,1000000,2018-12-31,,,0,blank_no_source,,,,,
nestle,cash_flow,42,Cash and cash equivalents as per balance sheet,1,CHF,currency,1000000,2019-12-31,,,0,blank_no_source,,,,,
nestle,cash_flow,42,Cash and cash equivalents as per balance sheet,1,CHF,currency,1000000,2020-12-31,5235,5235,1,matched,2021,612204283a79b31191a40cf4d71d2b78b08cd33b7776e55a492b711e2f028faf,10,Cash and cash equivalents as per balance sheet,5 235
nestle,cash_flow,42,Cash and cash equivalents as per balance sheet,1,CHF,currency,1000000,2021-12-31,6988,6988,1,matched,2021,612204283a79b31191a40cf4d71d2b78b08cd33b7776e55a492b711e2f028faf,10,Cash and cash equivalents as per balance sheet,6 988
nestle,cash_flow,42,Cash and cash equivalents as per balance sheet,1,CHF,currency,1000000,2022-12-31,,,0,blank_no_source,,,,,
nestle,cash_flow,42,Cash and cash equivalents as per balance sheet,1,CHF,currency,1000000,2023-12-31,,,0,blank_no_source,,,,,
nestle,cash_flow,42,Cash and cash equivalents as per balance sheet,1,CHF,currency,1000000,2024-12-31,5556,5556,1,matched,2025,8045fcce3038da3d3bef927fecfcf2091706f1a481016a282afcfa9de52778a4,10,Cash and cash equivalents as per balance sheet,5 556
nestle,cash_flow,42,Cash and cash equivalents as per balance sheet,1,CHF,currency,1000000,2025-12-31,4579,4579,1,matched,2025,8045fcce3038da3d3bef927fecfcf2091706f1a481016a282afcfa9de52778a4,10,Cash and cash equivalents as per balance sheet,4 579
heineken,income_statement,2,Revenue,1,EUR,currency,1000000,2016-12-31,20792,20792,1,matched,2017,9bd4a750fe4b871c062b1c64d7198474a2a5c96841286f6e96a32a076398ba95,58,Revenue,"20,792"
heineken,income_statement,2,Revenue,1,EUR,currency,1000000,2017-12-31,21888,21888,1,matched,2017,9bd4a750fe4b871c062b1c64d7198474a2a5c96841286f6e96a32a076398ba95,58,Revenue,"21,888"
heineken,income_statement,2,Revenue,1,EUR,currency,1000000,2018-12-31,26811,26811,1,matched,2019,cca80d203bfccb86a381b20bb7641ad3f24ee218104fed0e07d230020484e494,64,Revenue,"26,811"
heineken,income_statement,2,Revenue,1,EUR,currency,1000000,2019-12-31,28521,28521,1,matched,2019,cca80d203bfccb86a381b20bb7641ad3f24ee218104fed0e07d230020484e494,64,Revenue,"28,521"
heineken,income_statement,2,Revenue,1,EUR,currency,1000000,2020-12-31,23770,23770,1,matched,2021,c1a9a847a67b32fc1bce671ae2590e5e0a085c964c0c507a2500fc9713850cd8,71,Revenue,"23,770"
heineken,income_statement,2,Revenue,1,EUR,currency,1000000,2021-12-31,26583,26583,1,matched,2021,c1a9a847a67b32fc1bce671ae2590e5e0a085c964c0c507a2500fc9713850cd8,71,Revenue,"26,583"
heineken,income_statement,2,Revenue,1,EUR,currency,1000000,2022-12-31,34676,34676,1,matched,2023,1b35e06fb6f9b3ed93770966755327a0a6f6911275ef63321c113ba6e83d8ac3,75,Revenue,"34,676"
heineken,income_statement,2,Revenue,1,EUR,currency,1000000,2023-12-31,36375,36375,1,matched,2023,1b35e06fb6f9b3ed93770966755327a0a6f6911275ef63321c113ba6e83d8ac3,75,Revenue,"36,375"
heineken,income_statement,2,Revenue,1,EUR,currency,1000000,2024-12-31,35955,35955,1,matched,2025,2dee3a7ac14103566f798aff09ce15bc354815c0848d2831fcb99d71bdfad259,84,Revenue,"35,955"
heineken,income_statement,2,Revenue,1,EUR,currency,1000000,2025-12-31,34257,34257,1,matched,2025,2dee3a7ac14103566f798aff09ce15bc354815c0848d2831fcb99d71bdfad259,84,Revenue,"34,257"
heineken,income_statement,3,Excise tax expense,1,EUR,currency,1000000,2016-12-31,,,0,blank_no_source,,,,,
heineken,income_statement,3,Excise tax expense,1,EUR,currency,1000000,2017-12-31,,,0,blank_no_source,,,,,
heineken,income_statement,3,Excise tax expense,1,EUR,currency,1000000,2018-12-31,-4322,-4322,1,matched,2019,cca80d203bfccb86a381b20bb7641ad3f24ee218104fed0e07d230020484e494,64,Excise tax expense,"(4,322)"
heineken,income_statement,3,Excise tax expense,1,EUR,currency,1000000,2019-12-31,-4552,-4552,1,matched,2019,cca80d203bfccb86a381b20bb7641ad3f24ee218104fed0e07d230020484e494,64,Excise tax expense,"(4,552)"
heineken,income_statement,3,Excise tax expense,1,EUR,currency,1000000,2020-12-31,-4055,-4055,1,matched,2021,c1a9a847a67b32fc1bce671ae2590e5e0a085c964c0c507a2500fc9713850cd8,71,Excise tax expense,"(4,055)"
heineken,income_statement,3,Excise tax expense,1,EUR,currency,1000000,2021-12-31,-4642,-4642,1,matched,2021,c1a9a847a67b32fc1bce671ae2590e5e0a085c964c0c507a2500fc9713850cd8,71,Excise tax expense,"(4,642)"
heineken,income_statement,3,Excise tax expense,1,EUR,currency,1000000,2022-12-31,-5957,-5957,1,matched,2023,1b35e06fb6f9b3ed93770966755327a0a6f6911275ef63321c113ba6e83d8ac3,75,Excise tax expense,"(5,957)"
heineken,income_statement,3,Excise tax expense,1,EUR,currency,1000000,2023-12-31,-6013,-6013,1,matched,2023,1b35e06fb6f9b3ed93770966755327a0a6f6911275ef63321c113ba6e83d8ac3,75,Excise tax expense,"(6,013)"
heineken,income_statement,3,Excise tax expense,1,EUR,currency,1000000,2024-12-31,-6134,-6134,1,matched,2025,2dee3a7ac14103566f798aff09ce15bc354815c0848d2831fcb99d71bdfad259,84,Excise tax expense,"(6,134)"
heineken,income_statement,3,Excise tax expense,1,EUR,currency,1000000,2025-12-31,-5504,-5504,1,matched,2025,2dee3a7ac14103566f798aff09ce15bc354815c0848d2831fcb99d71bdfad259,84,Excise tax expense,"(5,504)"
heineken,income_statement,4,Net revenue,1,EUR,currency,1000000,2016-12-31,,,0,blank_no_source,,,,,
heineken,income_statement,4,Net revenue,1,EUR,currency,1000000,2017-12-31,,,0,blank_no_source,,,,,
heineken,income_statement,4,Net revenue,1,EUR,currency,1000000,2018-12-31,22489,22489,1,matched,2019,cca80d203bfccb86a381b20bb7641ad3f24ee218104fed0e07d230020484e494,64,Net revenue,"22,489"
heineken,income_statement,4,Net revenue,1,EUR,currency,1000000,2019-12-31,23969,23969,1,matched,2019,cca80d203bfccb86a381b20bb7641ad3f24ee218104fed0e07d230020484e494,64,Net revenue,"23,969"
heineken,income_statement,4,Net revenue,1,EUR,currency,1000000,2020-12-31,19715,19715,1,matched,2021,c1a9a847a67b32fc1bce671ae2590e5e0a085c964c0c507a2500fc9713850cd8,71,Net revenue,"19,715"
heineken,income_statement,4,Net revenue,1,EUR,currency,1000000,2021-12-31,21941,21941,1,matched,2021,c1a9a847a67b32fc1bce671ae2590e5e0a085c964c0c507a2500fc9713850cd8,71,Net revenue,"21,941"
heineken,income_statement,4,Net revenue,1,EUR,currency,1000000,2022-12-31,28719,28719,1,matched,2023,1b35e06fb6f9b3ed93770966755327a0a6f6911275ef63321c113ba6e83d8ac3,75,Net revenue,"28,719"
heineken,income_statement,4,Net revenue,1,EUR,currency,1000000,2023-12-31,30362,30362,1,matched,2023,1b35e06fb6f9b3ed93770966755327a0a6f6911275ef63321c113ba6e83d8ac3,75,Net revenue,"30,362"
heineken,income_statement,4,Net revenue,1,EUR,currency,1000000,2024-12-31,29821,29821,1,matched,2025,2dee3a7ac14103566f798aff09ce15bc354815c0848d2831fcb99d71bdfad259,84,Net revenue,"29,821"
heineken,income_statement,4,Net revenue,1,EUR,currency,1000000,2025-12-31,28753,28753,1,matched,2025,2dee3a7ac14103566f798aff09ce15bc354815c0848d2831fcb99d71bdfad259,84,Net revenue,"28,753"
heineken,income_statement,5,Other income,1,EUR,currency,1000000,2016-12-31,46,46,1,matched,2017,9bd4a750fe4b871c062b1c64d7198474a2a5c96841286f6e96a32a076398ba95,58,Other income,46
heineken,income_statement,5,Other income,1,EUR,currency,1000000,2017-12-31,141,141,1,matched,2017,9bd4a750fe4b871c062b1c64d7198474a2a5c96841286f6e96a32a076398ba95,58,Other income,141
heineken,income_statement,5,Other income,1,EUR,currency,1000000,2018-12-31,75,75,1,matched,2019,cca80d203bfccb86a381b20bb7641ad3f24ee218104fed0e07d230020484e494,64,Other income,75
heineken,income_statement,5,Other income,1,EUR,currency,1000000,2019-12-31,95,95,1,matched,2019,cca80d203bfccb86a381b20bb7641ad3f24ee218104fed0e07d230020484e494,64,Other income,95
heineken,income_statement,5,Other income,1,EUR,currency,1000000,2020-12-31,56,56,1,matched,2021,c1a9a847a67b32fc1bce671ae2590e5e0a085c964c0c507a2500fc9713850cd8,71,Other income,56
heineken,income_statement,5,Other income,1,EUR,currency,1000000,2021-12-31,1521,1521,1,matched,2021,c1a9a847a67b32fc1bce671ae2590e5e0a085c964c0c507a2500fc9713850cd8,71,Other income,"1,521"
heineken,income_statement,5,Other income,1,EUR,currency,1000000,2022-12-31,147,147,1,matched,2023,1b35e06fb6f9b3ed93770966755327a0a6f6911275ef63321c113ba6e83d8ac3,75,Other income,147
heineken,income_statement,5,Other income,1,EUR,currency,1000000,2023-12-31,393,393,1,matched,2023,1b35e06fb6f9b3ed93770966755327a0a6f6911275ef63321c113ba6e83d8ac3,75,Other income,393
heineken,income_statement,5,Other income,1,EUR,currency,1000000,2024-12-31,80,80,1,matched,2025,2dee3a7ac14103566f798aff09ce15bc354815c0848d2831fcb99d71bdfad259,84,Other income,80
heineken,income_statement,5,Other income,1,EUR,currency,1000000,2025-12-31,205,205,1,matched,2025,2dee3a7ac14103566f798aff09ce15bc354815c0848d2831fcb99d71bdfad259,84,Other income,205
heineken,income_statement,6,"Raw materials, consumables and services",1,EUR,currency,1000000,2016-12-31,-13003,-13003,1,matched,2017,9bd4a750fe4b871c062b1c64d7198474a2a5c96841286f6e96a32a076398ba95,58,"Raw materials, consumables and services","(13,003)"
heineken,income_statement,6,"Raw materials, consumables and services",1,EUR,currency,1000000,2017-12-31,-13540,-13540,1,matched,2017,9bd4a750fe4b871c062b1c64d7198474a2a5c96841286f6e96a32a076398ba95,58,"Raw materials, consumables and services","(13,540)"
heineken,income_statement,6,"Raw materials, consumables and services",1,EUR,currency,1000000,2018-12-31,-14001,-14001,1,matched,2019,cca80d203bfccb86a381b20bb7641ad3f24ee218104fed0e07d230020484e494,64,"Raw materials, consumables and services","(14,001)"
heineken,income_statement,6,"Raw materials, consumables and services",1,EUR,currency,1000000,2019-12-31,-14592,-14592,1,matched,2019,cca80d203bfccb86a381b20bb7641ad3f24ee218104fed0e07d230020484e494,64,"Raw materials, consumables and services","(14,592)"
heineken,income_statement,6,"Raw materials, consumables and services",1,EUR,currency,1000000,2020-12-31,-12450,-12450,1,matched,2021,c1a9a847a67b32fc1bce671ae2590e5e0a085c964c0c507a2500fc9713850cd8,71,"Raw materials, consumables and services","(12,450)"
heineken,income_statement,6,"Raw materials, consumables and services",1,EUR,currency,1000000,2021-12-31,-13535,-13535,1,matched,2021,c1a9a847a67b32fc1bce671ae2590e5e0a085c964c0c507a2500fc9713850cd8,71,"Raw materials, consumables and services","(13,535)"
heineken,income_statement,6,"Raw materials, consumables and services",1,EUR,currency,1000000,2022-12-31,-18618,-18618,1,matched,2023,1b35e06fb6f9b3ed93770966755327a0a6f6911275ef63321c113ba6e83d8ac3,75,"Raw materials, consumables and services","(18,618)"
heineken,income_statement,6,"Raw materials, consumables and services",1,EUR,currency,1000000,2023-12-31,-20077,-20077,1,matched,2023,1b35e06fb6f9b3ed93770966755327a0a6f6911275ef63321c113ba6e83d8ac3,75,"Raw materials, consumables and services","(20,077)"
heineken,income_statement,6,"Raw materials, consumables and services",1,EUR,currency,1000000,2024-12-31,-19313,-19313,1,matched,2025,2dee3a7ac14103566f798aff09ce15bc354815c0848d2831fcb99d71bdfad259,84,"Raw materials, consumables and services","(19,313)"
heineken,income_statement,6,"Raw materials, consumables and services",1,EUR,currency,1000000,2025-12-31,-18465,-18465,1,matched,2025,2dee3a7ac14103566f798aff09ce15bc354815c0848d2831fcb99d71bdfad259,84,"Raw materials, consumables and services","(18,465)"
heineken,income_statement,7,Personnel expenses,1,EUR,currency,1000000,2016-12-31,-3263,-3263,1,matched,2017,9bd4a750fe4b871c062b1c64d7198474a2a5c96841286f6e96a32a076398ba95,58,Personnel expenses,"(3,263)"
heineken,income_statement,7,Personnel expenses,1,EUR,currency,1000000,2017-12-31,-3550,-3550,1,matched,2017,9bd4a750fe4b871c062b1c64d7198474a2a5c96841286f6e96a32a076398ba95,58,Personnel expenses,"(3,550)"
heineken,income_statement,7,Personnel expenses,1,EUR,currency,1000000,2018-12-31,-3749,-3749,1,matched,2019,cca80d203bfccb86a381b20bb7641ad3f24ee218104fed0e07d230020484e494,64,Personnel expenses,"(3,749)"
heineken,income_statement,7,Personnel expenses,1,EUR,currency,1000000,2019-12-31,-3880,-3880,1,matched,2019,cca80d203bfccb86a381b20bb7641ad3f24ee218104fed0e07d230020484e494,64,Personnel expenses,"(3,880)"
heineken,income_statement,7,Personnel expenses,1,EUR,currency,1000000,2020-12-31,-3669,-3669,1,matched,2021,c1a9a847a67b32fc1bce671ae2590e5e0a085c964c0c507a2500fc9713850cd8,71,Personnel expenses,"(3,669)"
heineken,income_statement,7,Personnel expenses,1,EUR,currency,1000000,2021-12-31,-3485,-3485,1,matched,2021,c1a9a847a67b32fc1bce671ae2590e5e0a085c964c0c507a2500fc9713850cd8,71,Personnel expenses,"(3,485)"
heineken,income_statement,7,Personnel expenses,1,EUR,currency,1000000,2022-12-31,-4079,-4079,1,matched,2023,1b35e06fb6f9b3ed93770966755327a0a6f6911275ef63321c113ba6e83d8ac3,75,Personnel expenses,"(4,079)"
heineken,income_statement,7,Personnel expenses,1,EUR,currency,1000000,2023-12-31,-4353,-4353,1,matched,2023,1b35e06fb6f9b3ed93770966755327a0a6f6911275ef63321c113ba6e83d8ac3,75,Personnel expenses,"(4,353)"
heineken,income_statement,7,Personnel expenses,1,EUR,currency,1000000,2024-12-31,-4466,-4466,1,matched,2025,2dee3a7ac14103566f798aff09ce15bc354815c0848d2831fcb99d71bdfad259,84,Personnel expenses,"(4,466)"
heineken,income_statement,7,Personnel expenses,1,EUR,currency,1000000,2025-12-31,-4478,-4478,1,matched,2025,2dee3a7ac14103566f798aff09ce15bc354815c0848d2831fcb99d71bdfad259,84,Personnel expenses,"(4,478)"
heineken,income_statement,8,"Amortisation, depreciation and impairments",1,EUR,currency,1000000,2016-12-31,-1817,-1817,1,matched,2017,9bd4a750fe4b871c062b1c64d7198474a2a5c96841286f6e96a32a076398ba95,58,"Amortisation, depreciation and impairments","(1,817)"
heineken,income_statement,8,"Amortisation, depreciation and impairments",1,EUR,currency,1000000,2017-12-31,-1587,-1587,1,matched,2017,9bd4a750fe4b871c062b1c64d7198474a2a5c96841286f6e96a32a076398ba95,58,"Amortisation, depreciation and impairments","(1,587)"
heineken,income_statement,8,"Amortisation, depreciation and impairments",1,EUR,currency,1000000,2018-12-31,-1693,-1693,1,matched,2019,cca80d203bfccb86a381b20bb7641ad3f24ee218104fed0e07d230020484e494,64,"Amortisation, depreciation and impairments","(1,693)"
heineken,income_statement,8,"Amortisation, depreciation and impairments",1,EUR,currency,1000000,2019-12-31,-1959,-1959,1,matched,2019,cca80d203bfccb86a381b20bb7641ad3f24ee218104fed0e07d230020484e494,64,"Amortisation, depreciation and impairments","(1,959)"
heineken,income_statement,8,"Amortisation, depreciation and impairments",1,EUR,currency,1000000,2020-12-31,-2874,-2874,1,matched,2021,c1a9a847a67b32fc1bce671ae2590e5e0a085c964c0c507a2500fc9713850cd8,71,"Amortisation, depreciation and impairments","(2,874)"
heineken,income_statement,8,"Amortisation, depreciation and impairments",1,EUR,currency,1000000,2021-12-31,-1959,-1959,1,matched,2021,c1a9a847a67b32fc1bce671ae2590e5e0a085c964c0c507a2500fc9713850cd8,71,"Amortisation, depreciation and impairments","(1,959)"
heineken,income_statement,8,"Amortisation, depreciation and impairments",1,EUR,currency,1000000,2022-12-31,-1886,-1886,1,matched,2023,1b35e06fb6f9b3ed93770966755327a0a6f6911275ef63321c113ba6e83d8ac3,75,"Amortisation, depreciation and impairments","(1,886)"
heineken,income_statement,8,"Amortisation, depreciation and impairments",1,EUR,currency,1000000,2023-12-31,-3096,-3096,1,matched,2023,1b35e06fb6f9b3ed93770966755327a0a6f6911275ef63321c113ba6e83d8ac3,75,"Amortisation, depreciation and impairments","(3,096)"
heineken,income_statement,8,"Amortisation, depreciation and impairments",1,EUR,currency,1000000,2024-12-31,-2605,-2605,1,matched,2025,2dee3a7ac14103566f798aff09ce15bc354815c0848d2831fcb99d71bdfad259,84,"Amortisation, depreciation and impairments","(2,605)"
heineken,income_statement,8,"Amortisation, depreciation and impairments",1,EUR,currency,1000000,2025-12-31,-2609,-2609,1,matched,2025,2dee3a7ac14103566f798aff09ce15bc354815c0848d2831fcb99d71bdfad259,84,"Amortisation, depreciation and impairments","(2,609)"
heineken,income_statement,9,Total other expenses,1,EUR,currency,1000000,2016-12-31,-18083,-18083,1,matched,2017,9bd4a750fe4b871c062b1c64d7198474a2a5c96841286f6e96a32a076398ba95,58,Total expenses,"(18,083)"
heineken,income_statement,9,Total other expenses,1,EUR,currency,1000000,2017-12-31,-18677,-18677,1,matched,2017,9bd4a750fe4b871c062b1c64d7198474a2a5c96841286f6e96a32a076398ba95,58,Total expenses,"(18,677)"
heineken,income_statement,9,Total other expenses,1,EUR,currency,1000000,2018-12-31,-19443,-19443,1,matched,2019,cca80d203bfccb86a381b20bb7641ad3f24ee218104fed0e07d230020484e494,64,Total other expenses,"(19,443)"
heineken,income_statement,9,Total other expenses,1,EUR,currency,1000000,2019-12-31,-20431,-20431,1,matched,2019,cca80d203bfccb86a381b20bb7641ad3f24ee218104fed0e07d230020484e494,64,Total other expenses,"(20,431)"
heineken,income_statement,9,Total other expenses,1,EUR,currency,1000000,2020-12-31,-18993,-18993,1,matched,2021,c1a9a847a67b32fc1bce671ae2590e5e0a085c964c0c507a2500fc9713850cd8,71,Total other expenses,"(18,993)"
heineken,income_statement,9,Total other expenses,1,EUR,currency,1000000,2021-12-31,-18979,-18979,1,matched,2021,c1a9a847a67b32fc1bce671ae2590e5e0a085c964c0c507a2500fc9713850cd8,71,Total other expenses,"(18,979)"
heineken,income_statement,9,Total other expenses,1,EUR,currency,1000000,2022-12-31,-24583,-24583,1,matched,2023,1b35e06fb6f9b3ed93770966755327a0a6f6911275ef63321c113ba6e83d8ac3,75,Total other expenses,"(24,583)"
heineken,income_statement,9,Total other expenses,1,EUR,currency,1000000,2023-12-31,-27526,-27526,1,matched,2023,1b35e06fb6f9b3ed93770966755327a0a6f6911275ef63321c113ba6e83d8ac3,75,Total other expenses,"(27,526)"
heineken,income_statement,9,Total other expenses,1,EUR,currency,1000000,2024-12-31,-26384,-26384,1,matched,2025,2dee3a7ac14103566f798aff09ce15bc354815c0848d2831fcb99d71bdfad259,84,Total other expenses,"(26,384)"
heineken,income_statement,9,Total other expenses,1,EUR,currency,1000000,2025-12-31,-25552,-25552,1,matched,2025,2dee3a7ac14103566f798aff09ce15bc354815c0848d2831fcb99d71bdfad259,84,Total other expenses,"(25,552)"
heineken,income_statement,10,Operating profit,1,EUR,currency,1000000,2016-12-31,2755,2755,1,matched,2017,9bd4a750fe4b871c062b1c64d7198474a2a5c96841286f6e96a32a076398ba95,58,Operating profit,"2,755"
heineken,income_statement,10,Operating profit,1,EUR,currency,1000000,2017-12-31,3352,3352,1,matched,2017,9bd4a750fe4b871c062b1c64d7198474a2a5c96841286f6e96a32a076398ba95,58,Operating profit,"3,352"
heineken,income_statement,10,Operating profit,1,EUR,currency,1000000,2018-12-31,3121,3121,1,matched,2019,cca80d203bfccb86a381b20bb7641ad3f24ee218104fed0e07d230020484e494,64,Operating profit,"3,121"
heineken,income_statement,10,Operating profit,1,EUR,currency,1000000,2019-12-31,3633,3633,1,matched,2019,cca80d203bfccb86a381b20bb7641ad3f24ee218104fed0e07d230020484e494,64,Operating profit,"3,633"
heineken,income_statement,10,Operating profit,1,EUR,currency,1000000,2020-12-31,778,778,1,matched,2021,c1a9a847a67b32fc1bce671ae2590e5e0a085c964c0c507a2500fc9713850cd8,71,Operating profit,778
heineken,income_statement,10,Operating profit,1,EUR,currency,1000000,2021-12-31,4483,4483,1,matched,2021,c1a9a847a67b32fc1bce671ae2590e5e0a085c964c0c507a2500fc9713850cd8,71,Operating profit,"4,483"
heineken,income_statement,10,Operating profit,1,EUR,currency,1000000,2022-12-31,4283,4283,1,matched,2023,1b35e06fb6f9b3ed93770966755327a0a6f6911275ef63321c113ba6e83d8ac3,75,Operating profit,"4,283"
heineken,income_statement,10,Operating profit,1,EUR,currency,1000000,2023-12-31,3229,3229,1,matched,2023,1b35e06fb6f9b3ed93770966755327a0a6f6911275ef63321c113ba6e83d8ac3,75,Operating profit,"3,229"
heineken,income_statement,10,Operating profit,1,EUR,currency,1000000,2024-12-31,3517,3517,1,matched,2025,2dee3a7ac14103566f798aff09ce15bc354815c0848d2831fcb99d71bdfad259,84,Operating profit,"3,517"
heineken,income_statement,10,Operating profit,1,EUR,currency,1000000,2025-12-31,3406,3406,1,matched,2025,2dee3a7ac14103566f798aff09ce15bc354815c0848d2831fcb99d71bdfad259,84,Operating profit,"3,406"
heineken,income_statement,11,Interest income,1,EUR,currency,1000000,2016-12-31,60,60,1,matched,2017,9bd4a750fe4b871c062b1c64d7198474a2a5c96841286f6e96a32a076398ba95,58,Interest income,60
heineken,income_statement,11,Interest income,1,EUR,currency,1000000,2017-12-31,72,72,1,matched,2017,9bd4a750fe4b871c062b1c64d7198474a2a5c96841286f6e96a32a076398ba95,58,Interest income,72
heineken,income_statement,11,Interest income,1,EUR,currency,1000000,2018-12-31,71,71,1,matched,2019,cca80d203bfccb86a381b20bb7641ad3f24ee218104fed0e07d230020484e494,64,Interest income,71
heineken,income_statement,11,Interest income,1,EUR,currency,1000000,2019-12-31,75,75,1,matched,2019,cca80d203bfccb86a381b20bb7641ad3f24ee218104fed0e07d230020484e494,64,Interest income,75
heineken,income_statement,11,Interest income,1,EUR,currency,1000000,2020-12-31,50,50,1,matched,2021,c1a9a847a67b32fc1bce671ae2590e5e0a085c964c0c507a2500fc9713850cd8,71,Interest income,50
heineken,income_statement,11,Interest income,1,EUR,currency,1000000,2021-12-31,49,49,1,matched,2021,c1a9a847a67b32fc1bce671ae2590e5e0a085c964c0c507a2500fc9713850cd8,71,Interest income,49
heineken,income_statement,11,Interest income,1,EUR,currency,1000000,2022-12-31,74,74,1,matched,2023,1b35e06fb6f9b3ed93770966755327a0a6f6911275ef63321c113ba6e83d8ac3,75,Interest income,74
heineken,income_statement,11,Interest income,1,EUR,currency,1000000,2023-12-31,90,90,1,matched,2023,1b35e06fb6f9b3ed93770966755327a0a6f6911275ef63321c113ba6e83d8ac3,75,Interest income,90
heineken,income_statement,11,Interest income,1,EUR,currency,1000000,2024-12-31,110,110,1,matched,2025,2dee3a7ac14103566f798aff09ce15bc354815c0848d2831fcb99d71bdfad259,84,Interest income,110
heineken,income_statement,11,Interest income,1,EUR,currency,1000000,2025-12-31,108,108,1,matched,2025,2dee3a7ac14103566f798aff09ce15bc354815c0848d2831fcb99d71bdfad259,84,Interest income,108
heineken,income_statement,12,Interest expenses,1,EUR,currency,1000000,2016-12-31,-419,-419,1,matched,2017,9bd4a750fe4b871c062b1c64d7198474a2a5c96841286f6e96a32a076398ba95,58,Interest expenses,(419)
heineken,income_statement,12,Interest expenses,1,EUR,currency,1000000,2017-12-31,-468,-468,1,matched,2017,9bd4a750fe4b871c062b1c64d7198474a2a5c96841286f6e96a32a076398ba95,58,Interest expenses,(468)
heineken,income_statement,12,Interest expenses,1,EUR,currency,1000000,2018-12-31,-492,-492,1,matched,2019,cca80d203bfccb86a381b20bb7641ad3f24ee218104fed0e07d230020484e494,64,Interest expenses,(492)
heineken,income_statement,12,Interest expenses,1,EUR,currency,1000000,2019-12-31,-529,-529,1,matched,2019,cca80d203bfccb86a381b20bb7641ad3f24ee218104fed0e07d230020484e494,64,Interest expenses,(529)
heineken,income_statement,12,Interest expenses,1,EUR,currency,1000000,2020-12-31,-497,-497,1,matched,2021,c1a9a847a67b32fc1bce671ae2590e5e0a085c964c0c507a2500fc9713850cd8,71,Interest expenses,(497)
heineken,income_statement,12,Interest expenses,1,EUR,currency,1000000,2021-12-31,-462,-462,1,matched,2021,c1a9a847a67b32fc1bce671ae2590e5e0a085c964c0c507a2500fc9713850cd8,71,Interest expenses,(462)
heineken,income_statement,12,Interest expenses,1,EUR,currency,1000000,2022-12-31,-458,-458,1,matched,2023,1b35e06fb6f9b3ed93770966755327a0a6f6911275ef63321c113ba6e83d8ac3,75,Interest expenses,(458)
heineken,income_statement,12,Interest expenses,1,EUR,currency,1000000,2023-12-31,-640,-640,1,matched,2023,1b35e06fb6f9b3ed93770966755327a0a6f6911275ef63321c113ba6e83d8ac3,75,Interest expenses,(640)
heineken,income_statement,12,Interest expenses,1,EUR,currency,1000000,2024-12-31,-680,-680,1,matched,2025,2dee3a7ac14103566f798aff09ce15bc354815c0848d2831fcb99d71bdfad259,84,Interest expenses,(680)
heineken,income_statement,12,Interest expenses,1,EUR,currency,1000000,2025-12-31,-620,-620,1,matched,2025,2dee3a7ac14103566f798aff09ce15bc354815c0848d2831fcb99d71bdfad259,84,Interest expenses,(620)
heineken,income_statement,13,Other net finance income/(expenses),1,EUR,currency,1000000,2016-12-31,-134,-134,1,matched,2017,9bd4a750fe4b871c062b1c64d7198474a2a5c96841286f6e96a32a076398ba95,58,Other net finance income/(expenses),(134)
heineken,income_statement,13,Other net finance income/(expenses),1,EUR,currency,1000000,2017-12-31,-123,-123,1,matched,2017,9bd4a750fe4b871c062b1c64d7198474a2a5c96841286f6e96a32a076398ba95,58,Other net finance income/(expenses),(123)
heineken,income_statement,13,Other net finance income/(expenses),1,EUR,currency,1000000,2018-12-31,-64,-64,1,matched,2019,cca80d203bfccb86a381b20bb7641ad3f24ee218104fed0e07d230020484e494,64,Other net finance income/(expenses),(64)
heineken,income_statement,13,Other net finance income/(expenses),1,EUR,currency,1000000,2019-12-31,-59,-59,1,matched,2019,cca80d203bfccb86a381b20bb7641ad3f24ee218104fed0e07d230020484e494,64,Other net finance income/(expenses),(59)
heineken,income_statement,13,Other net finance income/(expenses),1,EUR,currency,1000000,2020-12-31,-143,-143,1,matched,2021,c1a9a847a67b32fc1bce671ae2590e5e0a085c964c0c507a2500fc9713850cd8,71,Other net finance income/(expenses),(143)
heineken,income_statement,13,Other net finance income/(expenses),1,EUR,currency,1000000,2021-12-31,14,14,1,matched,2021,c1a9a847a67b32fc1bce671ae2590e5e0a085c964c0c507a2500fc9713850cd8,71,Other net finance income/(expenses),14
heineken,income_statement,13,Other net finance income/(expenses),1,EUR,currency,1000000,2022-12-31,48,48,1,matched,2023,1b35e06fb6f9b3ed93770966755327a0a6f6911275ef63321c113ba6e83d8ac3,75,Other net finance income/(expenses),48
heineken,income_statement,13,Other net finance income/(expenses),1,EUR,currency,1000000,2023-12-31,-375,-375,1,matched,2023,1b35e06fb6f9b3ed93770966755327a0a6f6911275ef63321c113ba6e83d8ac3,75,Other net finance income/(expenses),(375)
heineken,income_statement,13,Other net finance income/(expenses),1,EUR,currency,1000000,2024-12-31,-235,-235,1,matched,2025,2dee3a7ac14103566f798aff09ce15bc354815c0848d2831fcb99d71bdfad259,84,Other net finance income/(expenses),(235)
heineken,income_statement,13,Other net finance income/(expenses),1,EUR,currency,1000000,2025-12-31,-154,-154,1,matched,2025,2dee3a7ac14103566f798aff09ce15bc354815c0848d2831fcb99d71bdfad259,84,Other net finance income/(expenses),(154)
heineken,income_statement,14,Net finance expenses,1,EUR,currency,1000000,2016-12-31,-493,-493,1,matched,2017,9bd4a750fe4b871c062b1c64d7198474a2a5c96841286f6e96a32a076398ba95,58,Net finance expenses,(493)
heineken,income_statement,14,Net finance expenses,1,EUR,currency,1000000,2017-12-31,-519,-519,1,matched,2017,9bd4a750fe4b871c062b1c64d7198474a2a5c96841286f6e96a32a076398ba95,58,Net finance expenses,(519)
heineken,income_statement,14,Net finance expenses,1,EUR,currency,1000000,2018-12-31,-485,-485,1,matched,2019,cca80d203bfccb86a381b20bb7641ad3f24ee218104fed0e07d230020484e494,64,Net finance expenses,(485)
heineken,income_statement,14,Net finance expenses,1,EUR,currency,1000000,2019-12-31,-513,-513,1,matched,2019,cca80d203bfccb86a381b20bb7641ad3f24ee218104fed0e07d230020484e494,64,Net finance expenses,(513)
heineken,income_statement,14,Net finance expenses,1,EUR,currency,1000000,2020-12-31,-590,-590,1,matched,2021,c1a9a847a67b32fc1bce671ae2590e5e0a085c964c0c507a2500fc9713850cd8,71,Net finance expenses,(590)
heineken,income_statement,14,Net finance expenses,1,EUR,currency,1000000,2021-12-31,-399,-399,1,matched,2021,c1a9a847a67b32fc1bce671ae2590e5e0a085c964c0c507a2500fc9713850cd8,71,Net finance expenses,(399)
heineken,income_statement,14,Net finance expenses,1,EUR,currency,1000000,2022-12-31,-336,-336,1,matched,2023,1b35e06fb6f9b3ed93770966755327a0a6f6911275ef63321c113ba6e83d8ac3,75,Net finance expenses,(336)
heineken,income_statement,14,Net finance expenses,1,EUR,currency,1000000,2023-12-31,-925,-925,1,matched,2023,1b35e06fb6f9b3ed93770966755327a0a6f6911275ef63321c113ba6e83d8ac3,75,Net finance expenses,(925)
heineken,income_statement,14,Net finance expenses,1,EUR,currency,1000000,2024-12-31,-805,-805,1,matched,2025,2dee3a7ac14103566f798aff09ce15bc354815c0848d2831fcb99d71bdfad259,84,Net finance expenses,(805)
heineken,income_statement,14,Net finance expenses,1,EUR,currency,1000000,2025-12-31,-666,-666,1,matched,2025,2dee3a7ac14103566f798aff09ce15bc354815c0848d2831fcb99d71bdfad259,84,Net finance expenses,(666)
heineken,income_statement,15,Share of profit/(loss) of associates and joint ventures,1,EUR,currency,1000000,2016-12-31,150,150,1,matched,2017,9bd4a750fe4b871c062b1c64d7198474a2a5c96841286f6e96a32a076398ba95,58,Share of profit of associates and joint ventures and impairments thereof (net of income tax),150
heineken,income_statement,15,Share of profit/(loss) of associates and joint ventures,1,EUR,currency,1000000,2017-12-31,75,75,1,matched,2017,9bd4a750fe4b871c062b1c64d7198474a2a5c96841286f6e96a32a076398ba95,58,Share of profit of associates and joint ventures and impairments thereof (net of income tax),75
heineken,income_statement,15,Share of profit/(loss) of associates and joint ventures,1,EUR,currency,1000000,2018-12-31,210,210,1,matched,2019,cca80d203bfccb86a381b20bb7641ad3f24ee218104fed0e07d230020484e494,64,Share of profit of associates and joint ventures,210
heineken,income_statement,15,Share of profit/(loss) of associates and joint ventures,1,EUR,currency,1000000,2019-12-31,164,164,1,matched,2019,cca80d203bfccb86a381b20bb7641ad3f24ee218104fed0e07d230020484e494,64,Share of profit of associates and joint ventures,164
heineken,income_statement,15,Share of profit/(loss) of associates and joint ventures,1,EUR,currency,1000000,2020-12-31,-31,-31,1,matched,2021,c1a9a847a67b32fc1bce671ae2590e5e0a085c964c0c507a2500fc9713850cd8,71,Share of profit/(loss) of associates and joint ventures,(31)
heineken,income_statement,15,Share of profit/(loss) of associates and joint ventures,1,EUR,currency,1000000,2021-12-31,250,250,1,matched,2021,c1a9a847a67b32fc1bce671ae2590e5e0a085c964c0c507a2500fc9713850cd8,71,Share of profit/(loss) of associates and joint ventures,250
heineken,income_statement,15,Share of profit/(loss) of associates and joint ventures,1,EUR,currency,1000000,2022-12-31,223,223,1,matched,2023,1b35e06fb6f9b3ed93770966755327a0a6f6911275ef63321c113ba6e83d8ac3,75,Share of profit of associates and joint ventures,223
heineken,income_statement,15,Share of profit/(loss) of associates and joint ventures,1,EUR,currency,1000000,2023-12-31,218,218,1,matched,2023,1b35e06fb6f9b3ed93770966755327a0a6f6911275ef63321c113ba6e83d8ac3,75,Share of profit of associates and joint ventures,218
heineken,income_statement,15,Share of profit/(loss) of associates and joint ventures,1,EUR,currency,1000000,2024-12-31,-705,-705,1,matched,2025,2dee3a7ac14103566f798aff09ce15bc354815c0848d2831fcb99d71bdfad259,84,Share of profit/(loss) of associates and joint ventures,(705)
heineken,income_statement,15,Share of profit/(loss) of associates and joint ventures,1,EUR,currency,1000000,2025-12-31,255,255,1,matched,2025,2dee3a7ac14103566f798aff09ce15bc354815c0848d2831fcb99d71bdfad259,84,Share of profit/(loss) of associates and joint ventures,255
heineken,income_statement,16,Profit before income tax,1,EUR,currency,1000000,2016-12-31,2412,2412,1,matched,2017,9bd4a750fe4b871c062b1c64d7198474a2a5c96841286f6e96a32a076398ba95,58,Profit before income tax,"2,412"
heineken,income_statement,16,Profit before income tax,1,EUR,currency,1000000,2017-12-31,2908,2908,1,matched,2017,9bd4a750fe4b871c062b1c64d7198474a2a5c96841286f6e96a32a076398ba95,58,Profit before income tax,"2,908"
heineken,income_statement,16,Profit before income tax,1,EUR,currency,1000000,2018-12-31,2846,2846,1,matched,2019,cca80d203bfccb86a381b20bb7641ad3f24ee218104fed0e07d230020484e494,64,Profit before income tax,"2,846"
heineken,income_statement,16,Profit before income tax,1,EUR,currency,1000000,2019-12-31,3284,3284,1,matched,2019,cca80d203bfccb86a381b20bb7641ad3f24ee218104fed0e07d230020484e494,64,Profit before income tax,"3,284"
heineken,income_statement,16,Profit before income tax,1,EUR,currency,1000000,2020-12-31,157,157,1,matched,2021,c1a9a847a67b32fc1bce671ae2590e5e0a085c964c0c507a2500fc9713850cd8,71,Profit before income tax,157
heineken,income_statement,16,Profit before income tax,1,EUR,currency,1000000,2021-12-31,4334,4334,1,matched,2021,c1a9a847a67b32fc1bce671ae2590e5e0a085c964c0c507a2500fc9713850cd8,71,Profit before income tax,"4,334"
heineken,income_statement,16,Profit before income tax,1,EUR,currency,1000000,2022-12-31,4170,4170,1,matched,2023,1b35e06fb6f9b3ed93770966755327a0a6f6911275ef63321c113ba6e83d8ac3,75,Profit before income tax,"4,170"
heineken,income_statement,16,Profit before income tax,1,EUR,currency,1000000,2023-12-31,2522,2522,1,matched,2023,1b35e06fb6f9b3ed93770966755327a0a6f6911275ef63321c113ba6e83d8ac3,75,Profit before income tax,"2,522"
heineken,income_statement,16,Profit before income tax,1,EUR,currency,1000000,2024-12-31,2007,2007,1,matched,2025,2dee3a7ac14103566f798aff09ce15bc354815c0848d2831fcb99d71bdfad259,84,Profit before income tax,"2,007"
heineken,income_statement,16,Profit before income tax,1,EUR,currency,1000000,2025-12-31,2995,2995,1,matched,2025,2dee3a7ac14103566f798aff09ce15bc354815c0848d2831fcb99d71bdfad259,84,Profit before income tax,"2,995"
heineken,income_statement,17,Income tax expense,1,EUR,currency,1000000,2016-12-31,-673,-673,1,matched,2017,9bd4a750fe4b871c062b1c64d7198474a2a5c96841286f6e96a32a076398ba95,58,Income tax expense,(673)
heineken,income_statement,17,Income tax expense,1,EUR,currency,1000000,2017-12-31,-755,-755,1,matched,2017,9bd4a750fe4b871c062b1c64d7198474a2a5c96841286f6e96a32a076398ba95,58,Income tax expense,(755)
heineken,income_statement,17,Income tax expense,1,EUR,currency,1000000,2018-12-31,-741,-741,1,matched,2019,cca80d203bfccb86a381b20bb7641ad3f24ee218104fed0e07d230020484e494,64,Income tax expense,(741)
heineken,income_statement,17,Income tax expense,1,EUR,currency,1000000,2019-12-31,-910,-910,1,matched,2019,cca80d203bfccb86a381b20bb7641ad3f24ee218104fed0e07d230020484e494,64,Income tax expense,(910)
heineken,income_statement,17,Income tax expense,1,EUR,currency,1000000,2020-12-31,-245,-245,1,matched,2021,c1a9a847a67b32fc1bce671ae2590e5e0a085c964c0c507a2500fc9713850cd8,71,Income tax expense,(245)
heineken,income_statement,17,Income tax expense,1,EUR,currency,1000000,2021-12-31,-799,-799,1,matched,2021,c1a9a847a67b32fc1bce671ae2590e5e0a085c964c0c507a2500fc9713850cd8,71,Income tax expense,(799)
heineken,income_statement,17,Income tax expense,1,EUR,currency,1000000,2022-12-31,-1131,-1131,1,matched,2023,1b35e06fb6f9b3ed93770966755327a0a6f6911275ef63321c113ba6e83d8ac3,75,Income tax expense,"(1,131)"
heineken,income_statement,17,Income tax expense,1,EUR,currency,1000000,2023-12-31,-121,-121,1,matched,2023,1b35e06fb6f9b3ed93770966755327a0a6f6911275ef63321c113ba6e83d8ac3,75,Income tax expense,(121)
heineken,income_statement,17,Income tax expense,1,EUR,currency,1000000,2024-12-31,-846,-846,1,matched,2025,2dee3a7ac14103566f798aff09ce15bc354815c0848d2831fcb99d71bdfad259,84,Income tax expense,(846)
heineken,income_statement,17,Income tax expense,1,EUR,currency,1000000,2025-12-31,-857,-857,1,matched,2025,2dee3a7ac14103566f798aff09ce15bc354815c0848d2831fcb99d71bdfad259,84,Income tax expense,(857)
heineken,income_statement,18,Profit,1,EUR,currency,1000000,2016-12-31,1739,1739,1,matched,2017,9bd4a750fe4b871c062b1c64d7198474a2a5c96841286f6e96a32a076398ba95,58,Profit,"1,739"
heineken,income_statement,18,Profit,1,EUR,currency,1000000,2017-12-31,2153,2153,1,matched,2017,9bd4a750fe4b871c062b1c64d7198474a2a5c96841286f6e96a32a076398ba95,58,Profit,"2,153"
heineken,income_statement,18,Profit,1,EUR,currency,1000000,2018-12-31,2105,2105,1,matched,2019,cca80d203bfccb86a381b20bb7641ad3f24ee218104fed0e07d230020484e494,64,Profit,"2,105"
heineken,income_statement,18,Profit,1,EUR,currency,1000000,2019-12-31,2374,2374,1,matched,2019,cca80d203bfccb86a381b20bb7641ad3f24ee218104fed0e07d230020484e494,64,Profit,"2,374"
heineken,income_statement,18,Profit,1,EUR,currency,1000000,2020-12-31,-88,-88,1,matched,2021,c1a9a847a67b32fc1bce671ae2590e5e0a085c964c0c507a2500fc9713850cd8,71,Profit/(Loss),(88)
heineken,income_statement,18,Profit,1,EUR,currency,1000000,2021-12-31,3535,3535,1,matched,2021,c1a9a847a67b32fc1bce671ae2590e5e0a085c964c0c507a2500fc9713850cd8,71,Profit/(Loss),"3,535"
heineken,income_statement,18,Profit,1,EUR,currency,1000000,2022-12-31,3039,3039,1,matched,2023,1b35e06fb6f9b3ed93770966755327a0a6f6911275ef63321c113ba6e83d8ac3,75,Profit,"3,039"
heineken,income_statement,18,Profit,1,EUR,currency,1000000,2023-12-31,2401,2401,1,matched,2023,1b35e06fb6f9b3ed93770966755327a0a6f6911275ef63321c113ba6e83d8ac3,75,Profit,"2,401"
heineken,income_statement,18,Profit,1,EUR,currency,1000000,2024-12-31,1161,1161,1,matched,2025,2dee3a7ac14103566f798aff09ce15bc354815c0848d2831fcb99d71bdfad259,84,Profit,"1,161"
heineken,income_statement,18,Profit,1,EUR,currency,1000000,2025-12-31,2138,2138,1,matched,2025,2dee3a7ac14103566f798aff09ce15bc354815c0848d2831fcb99d71bdfad259,84,Profit,"2,138"
heineken,income_statement,19,Shareholders of the Company (net profit),1,EUR,currency,1000000,2016-12-31,1540,1540,1,matched,2017,9bd4a750fe4b871c062b1c64d7198474a2a5c96841286f6e96a32a076398ba95,58,Equity holders of the Company (net profit),"1,540"
heineken,income_statement,19,Shareholders of the Company (net profit),1,EUR,currency,1000000,2017-12-31,1935,1935,1,matched,2017,9bd4a750fe4b871c062b1c64d7198474a2a5c96841286f6e96a32a076398ba95,58,Equity holders of the Company (net profit),"1,935"
heineken,income_statement,19,Shareholders of the Company (net profit),1,EUR,currency,1000000,2018-12-31,1913,1913,1,matched,2019,cca80d203bfccb86a381b20bb7641ad3f24ee218104fed0e07d230020484e494,64,Shareholders of the Company (net profit),"1,913"
heineken,income_statement,19,Shareholders of the Company (net profit),1,EUR,currency,1000000,2019-12-31,2166,2166,1,matched,2019,cca80d203bfccb86a381b20bb7641ad3f24ee218104fed0e07d230020484e494,64,Shareholders of the Company (net profit),"2,166"
heineken,income_statement,19,Shareholders of the Company (net profit),1,EUR,currency,1000000,2020-12-31,-204,-204,1,matched,2021,c1a9a847a67b32fc1bce671ae2590e5e0a085c964c0c507a2500fc9713850cd8,71,Shareholders of the Company (net profit/(loss)),(204)
heineken,income_statement,19,Shareholders of the Company (net profit),1,EUR,currency,1000000,2021-12-31,3324,3324,1,matched,2021,c1a9a847a67b32fc1bce671ae2590e5e0a085c964c0c507a2500fc9713850cd8,71,Shareholders of the Company (net profit/(loss)),"3,324"
heineken,income_statement,19,Shareholders of the Company (net profit),1,EUR,currency,1000000,2022-12-31,2682,2682,1,matched,2023,1b35e06fb6f9b3ed93770966755327a0a6f6911275ef63321c113ba6e83d8ac3,75,Shareholders of the Company (net profit),"2,682"
heineken,income_statement,19,Shareholders of the Company (net profit),1,EUR,currency,1000000,2023-12-31,2304,2304,1,matched,2023,1b35e06fb6f9b3ed93770966755327a0a6f6911275ef63321c113ba6e83d8ac3,75,Shareholders of the Company (net profit),"2,304"
heineken,income_statement,19,Shareholders of the Company (net profit),1,EUR,currency,1000000,2024-12-31,978,978,1,matched,2025,2dee3a7ac14103566f798aff09ce15bc354815c0848d2831fcb99d71bdfad259,84,Shareholders of the Company (net profit),978
heineken,income_statement,19,Shareholders of the Company (net profit),1,EUR,currency,1000000,2025-12-31,1885,1885,1,matched,2025,2dee3a7ac14103566f798aff09ce15bc354815c0848d2831fcb99d71bdfad259,84,Shareholders of the Company (net profit),"1,885"
heineken,income_statement,20,Non-controlling interests,1,EUR,currency,1000000,2016-12-31,199,199,1,matched,2017,9bd4a750fe4b871c062b1c64d7198474a2a5c96841286f6e96a32a076398ba95,58,Non-controlling interests,199
heineken,income_statement,20,Non-controlling interests,1,EUR,currency,1000000,2017-12-31,218,218,1,matched,2017,9bd4a750fe4b871c062b1c64d7198474a2a5c96841286f6e96a32a076398ba95,58,Non-controlling interests,218
heineken,income_statement,20,Non-controlling interests,1,EUR,currency,1000000,2018-12-31,192,192,1,matched,2019,cca80d203bfccb86a381b20bb7641ad3f24ee218104fed0e07d230020484e494,64,Non-controlling interests,192
heineken,income_statement,20,Non-controlling interests,1,EUR,currency,1000000,2019-12-31,208,208,1,matched,2019,cca80d203bfccb86a381b20bb7641ad3f24ee218104fed0e07d230020484e494,64,Non-controlling interests,208
heineken,income_statement,20,Non-controlling interests,1,EUR,currency,1000000,2020-12-31,116,116,1,matched,2021,c1a9a847a67b32fc1bce671ae2590e5e0a085c964c0c507a2500fc9713850cd8,71,Non-controlling interests,116
heineken,income_statement,20,Non-controlling interests,1,EUR,currency,1000000,2021-12-31,211,211,1,matched,2021,c1a9a847a67b32fc1bce671ae2590e5e0a085c964c0c507a2500fc9713850cd8,71,Non-controlling interests,211
heineken,income_statement,20,Non-controlling interests,1,EUR,currency,1000000,2022-12-31,357,357,1,matched,2023,1b35e06fb6f9b3ed93770966755327a0a6f6911275ef63321c113ba6e83d8ac3,75,Non-controlling interests,357
heineken,income_statement,20,Non-controlling interests,1,EUR,currency,1000000,2023-12-31,97,97,1,matched,2023,1b35e06fb6f9b3ed93770966755327a0a6f6911275ef63321c113ba6e83d8ac3,75,Non-controlling interests,97
heineken,income_statement,20,Non-controlling interests,1,EUR,currency,1000000,2024-12-31,183,183,1,matched,2025,2dee3a7ac14103566f798aff09ce15bc354815c0848d2831fcb99d71bdfad259,84,Non-controlling interests,183
heineken,income_statement,20,Non-controlling interests,1,EUR,currency,1000000,2025-12-31,253,253,1,matched,2025,2dee3a7ac14103566f798aff09ce15bc354815c0848d2831fcb99d71bdfad259,84,Non-controlling interests,253
heineken,income_statement,21,Weighted average number of shares – basic,1,EUR,shares,1,2016-12-31,569737210,569737210,1,matched,2017,9bd4a750fe4b871c062b1c64d7198474a2a5c96841286f6e96a32a076398ba95,58,Weighted average number of shares – basic,"569,737,210"
heineken,income_statement,21,Weighted average number of shares – basic,1,EUR,shares,1,2017-12-31,570074335,570074335,1,matched,2017,9bd4a750fe4b871c062b1c64d7198474a2a5c96841286f6e96a32a076398ba95,58,Weighted average number of shares – basic,"570,074,335"
heineken,income_statement,21,Weighted average number of shares – basic,1,EUR,shares,1,2018-12-31,570146069,570146069,1,matched,2019,cca80d203bfccb86a381b20bb7641ad3f24ee218104fed0e07d230020484e494,64,Weighted average number of shares – basic,"570,146,069"
heineken,income_statement,21,Weighted average number of shares – basic,1,EUR,shares,1,2019-12-31,573643551,573643551,1,matched,2019,cca80d203bfccb86a381b20bb7641ad3f24ee218104fed0e07d230020484e494,64,Weighted average number of shares – basic,"573,643,551"
heineken,income_statement,21,Weighted average number of shares – basic,1,EUR,shares,1,2020-12-31,575625598,575625598,1,matched,2021,c1a9a847a67b32fc1bce671ae2590e5e0a085c964c0c507a2500fc9713850cd8,71,Weighted average number of shares – basic,"575,625,598"
heineken,income_statement,21,Weighted average number of shares – basic,1,EUR,shares,1,2021-12-31,575740269,575740269,1,matched,2021,c1a9a847a67b32fc1bce671ae2590e5e0a085c964c0c507a2500fc9713850cd8,71,Weighted average number of shares – basic,"575,740,269"
heineken,income_statement,21,Weighted average number of shares – basic,1,EUR,shares,1,2022-12-31,575563505,575563505,1,matched,2023,1b35e06fb6f9b3ed93770966755327a0a6f6911275ef63321c113ba6e83d8ac3,75,Weighted average number of shares – basic,"575,563,505"
heineken,income_statement,21,Weighted average number of shares – basic,1,EUR,shares,1,2023-12-31,563448845,563448845,1,matched,2023,1b35e06fb6f9b3ed93770966755327a0a6f6911275ef63321c113ba6e83d8ac3,75,Weighted average number of shares – basic,"563,448,845"
heineken,income_statement,21,Weighted average number of shares – basic,1,EUR,shares,1,2024-12-31,560188961,560188961,1,matched,2025,2dee3a7ac14103566f798aff09ce15bc354815c0848d2831fcb99d71bdfad259,84,Weighted average number of shares – basic,"560,188,961"
heineken,income_statement,21,Weighted average number of shares – basic,1,EUR,shares,1,2025-12-31,556774934,556774934,1,matched,2025,2dee3a7ac14103566f798aff09ce15bc354815c0848d2831fcb99d71bdfad259,84,Weighted average number of shares – basic,"556,774,934"
heineken,income_statement,22,Weighted average number of shares – diluted,1,EUR,shares,1,2016-12-31,570370392,570370392,1,matched,2017,9bd4a750fe4b871c062b1c64d7198474a2a5c96841286f6e96a32a076398ba95,58,Weighted average number of shares – diluted,"570,370,392"
heineken,income_statement,22,Weighted average number of shares – diluted,1,EUR,shares,1,2017-12-31,570652111,570652111,1,matched,2017,9bd4a750fe4b871c062b1c64d7198474a2a5c96841286f6e96a32a076398ba95,58,Weighted average number of shares – diluted,"570,652,111"
heineken,income_statement,22,Weighted average number of shares – diluted,1,EUR,shares,1,2018-12-31,570663632,570663632,1,matched,2019,cca80d203bfccb86a381b20bb7641ad3f24ee218104fed0e07d230020484e494,64,Weighted average number of shares – diluted,"570,663,632"
heineken,income_statement,22,Weighted average number of shares – diluted,1,EUR,shares,1,2019-12-31,574217111,574217111,1,matched,2019,cca80d203bfccb86a381b20bb7641ad3f24ee218104fed0e07d230020484e494,64,Weighted average number of shares – diluted,"574,217,111"
heineken,income_statement,22,Weighted average number of shares – diluted,1,EUR,shares,1,2020-12-31,575625598,575625598,1,matched,2021,c1a9a847a67b32fc1bce671ae2590e5e0a085c964c0c507a2500fc9713850cd8,71,Weighted average number of shares – diluted,"575,625,598"
heineken,income_statement,22,Weighted average number of shares – diluted,1,EUR,shares,1,2021-12-31,575969395,575969395,1,matched,2021,c1a9a847a67b32fc1bce671ae2590e5e0a085c964c0c507a2500fc9713850cd8,71,Weighted average number of shares – diluted,"575,969,395"
heineken,income_statement,22,Weighted average number of shares – diluted,1,EUR,shares,1,2022-12-31,576026120,576026120,1,matched,2023,1b35e06fb6f9b3ed93770966755327a0a6f6911275ef63321c113ba6e83d8ac3,75,Weighted average number of shares – diluted,"576,026,120"
heineken,income_statement,22,Weighted average number of shares – diluted,1,EUR,shares,1,2023-12-31,563979620,563979620,1,matched,2023,1b35e06fb6f9b3ed93770966755327a0a6f6911275ef63321c113ba6e83d8ac3,75,Weighted average number of shares – diluted,"563,979,620"
heineken,income_statement,22,Weighted average number of shares – diluted,1,EUR,shares,1,2024-12-31,560639030,560639030,1,matched,2025,2dee3a7ac14103566f798aff09ce15bc354815c0848d2831fcb99d71bdfad259,84,Weighted average number of shares – diluted,"560,639,030"
heineken,income_statement,22,Weighted average number of shares – diluted,1,EUR,shares,1,2025-12-31,557024742,557024742,1,matched,2025,2dee3a7ac14103566f798aff09ce15bc354815c0848d2831fcb99d71bdfad259,84,Weighted average number of shares – diluted,"557,024,742"
heineken,income_statement,23,Basic earnings per share (€),1,EUR,currency_per_share,1,2016-12-31,2.70,2.7,1,matched,2017,9bd4a750fe4b871c062b1c64d7198474a2a5c96841286f6e96a32a076398ba95,58,Basic earnings per share (€),2.70
heineken,income_statement,23,Basic earnings per share (€),1,EUR,currency_per_share,1,2017-12-31,3.39,3.39,1,matched,2017,9bd4a750fe4b871c062b1c64d7198474a2a5c96841286f6e96a32a076398ba95,58,Basic earnings per share (€),3.39
heineken,income_statement,23,Basic earnings per share (€),1,EUR,currency_per_share,1,2018-12-31,3.36,3.36,1,matched,2019,cca80d203bfccb86a381b20bb7641ad3f24ee218104fed0e07d230020484e494,64,Basic earnings per share (€),3.36
heineken,income_statement,23,Basic earnings per share (€),1,EUR,currency_per_share,1,2019-12-31,3.78,3.78,1,matched,2019,cca80d203bfccb86a381b20bb7641ad3f24ee218104fed0e07d230020484e494,64,Basic earnings per share (€),3.78
heineken,income_statement,23,Basic earnings per share (€),1,EUR,currency_per_share,1,2020-12-31,-0.36,-0.36,1,matched,2021,c1a9a847a67b32fc1bce671ae2590e5e0a085c964c0c507a2500fc9713850cd8,71,Basic earnings per share (€),(0.36)
heineken,income_statement,23,Basic earnings per share (€),1,EUR,currency_per_share,1,2021-12-31,5.77,5.77,1,matched,2021,c1a9a847a67b32fc1bce671ae2590e5e0a085c964c0c507a2500fc9713850cd8,71,Basic earnings per share (€),5.77
heineken,income_statement,23,Basic earnings per share (€),1,EUR,currency_per_share,1,2022-12-31,4.66,4.66,1,matched,2023,1b35e06fb6f9b3ed93770966755327a0a6f6911275ef63321c113ba6e83d8ac3,75,Basic earnings per share (€),4.66
heineken,income_statement,23,Basic earnings per share (€),1,EUR,currency_per_share,1,2023-12-31,4.09,4.09,1,matched,2023,1b35e06fb6f9b3ed93770966755327a0a6f6911275ef63321c113ba6e83d8ac3,75,Basic earnings per share (€),4.09
heineken,income_statement,23,Basic earnings per share (€),1,EUR,currency_per_share,1,2024-12-31,1.75,1.75,1,matched,2025,2dee3a7ac14103566f798aff09ce15bc354815c0848d2831fcb99d71bdfad259,84,Basic earnings per share (€),1.75
heineken,income_statement,23,Basic earnings per share (€),1,EUR,currency_per_share,1,2025-12-31,3.39,3.39,1,matched,2025,2dee3a7ac14103566f798aff09ce15bc354815c0848d2831fcb99d71bdfad259,84,Basic earnings per share (€),3.39
heineken,income_statement,24,Diluted earnings per share (€),1,EUR,currency_per_share,1,2016-12-31,2.70,2.7,1,matched,2017,9bd4a750fe4b871c062b1c64d7198474a2a5c96841286f6e96a32a076398ba95,58,Diluted earnings per share (€),2.70
heineken,income_statement,24,Diluted earnings per share (€),1,EUR,currency_per_share,1,2017-12-31,3.39,3.39,1,matched,2017,9bd4a750fe4b871c062b1c64d7198474a2a5c96841286f6e96a32a076398ba95,58,Diluted earnings per share (€),3.39
heineken,income_statement,24,Diluted earnings per share (€),1,EUR,currency_per_share,1,2018-12-31,3.35,3.35,1,matched,2019,cca80d203bfccb86a381b20bb7641ad3f24ee218104fed0e07d230020484e494,64,Diluted earnings per share (€),3.35
heineken,income_statement,24,Diluted earnings per share (€),1,EUR,currency_per_share,1,2019-12-31,3.77,3.77,1,matched,2019,cca80d203bfccb86a381b20bb7641ad3f24ee218104fed0e07d230020484e494,64,Diluted earnings per share (€),3.77
heineken,income_statement,24,Diluted earnings per share (€),1,EUR,currency_per_share,1,2020-12-31,-0.36,-0.36,1,matched,2021,c1a9a847a67b32fc1bce671ae2590e5e0a085c964c0c507a2500fc9713850cd8,71,Diluted earnings per share (€),(0.36)
heineken,income_statement,24,Diluted earnings per share (€),1,EUR,currency_per_share,1,2021-12-31,5.77,5.77,1,matched,2021,c1a9a847a67b32fc1bce671ae2590e5e0a085c964c0c507a2500fc9713850cd8,71,Diluted earnings per share (€),5.77
heineken,income_statement,24,Diluted earnings per share (€),1,EUR,currency_per_share,1,2022-12-31,4.65,4.65,1,matched,2023,1b35e06fb6f9b3ed93770966755327a0a6f6911275ef63321c113ba6e83d8ac3,75,Diluted earnings per share (€),4.65
heineken,income_statement,24,Diluted earnings per share (€),1,EUR,currency_per_share,1,2023-12-31,4.09,4.09,1,matched,2023,1b35e06fb6f9b3ed93770966755327a0a6f6911275ef63321c113ba6e83d8ac3,75,Diluted earnings per share (€),4.09
heineken,income_statement,24,Diluted earnings per share (€),1,EUR,currency_per_share,1,2024-12-31,1.74,1.74,1,matched,2025,2dee3a7ac14103566f798aff09ce15bc354815c0848d2831fcb99d71bdfad259,84,Diluted earnings per share (€),1.74
heineken,income_statement,24,Diluted earnings per share (€),1,EUR,currency_per_share,1,2025-12-31,3.38,3.38,1,matched,2025,2dee3a7ac14103566f798aff09ce15bc354815c0848d2831fcb99d71bdfad259,84,Diluted earnings per share (€),3.38
heineken,balance_sheet,2,Intangible assets,1,EUR,currency,1000000,2016-12-31,17424,17424,1,matched,2017,9bd4a750fe4b871c062b1c64d7198474a2a5c96841286f6e96a32a076398ba95,60,Intangible assets,"17,424"
heineken,balance_sheet,2,Intangible assets,1,EUR,currency,1000000,2017-12-31,17670,17670,1,matched,2017,9bd4a750fe4b871c062b1c64d7198474a2a5c96841286f6e96a32a076398ba95,60,Intangible assets,"17,670"
heineken,balance_sheet,2,Intangible assets,1,EUR,currency,1000000,2018-12-31,17459,17459,1,matched,2019,cca80d203bfccb86a381b20bb7641ad3f24ee218104fed0e07d230020484e494,65,Intangible assets,"17,459"
heineken,balance_sheet,2,Intangible assets,1,EUR,currency,1000000,2019-12-31,17769,17769,1,matched,2019,cca80d203bfccb86a381b20bb7641ad3f24ee218104fed0e07d230020484e494,65,Intangible assets,"17,769"
heineken,balance_sheet,2,Intangible assets,1,EUR,currency,1000000,2020-12-31,15767,15767,1,matched,2021,c1a9a847a67b32fc1bce671ae2590e5e0a085c964c0c507a2500fc9713850cd8,72,Intangible assets,"15,767"
heineken,balance_sheet,2,Intangible assets,1,EUR,currency,1000000,2021-12-31,20762,20762,1,matched,2021,c1a9a847a67b32fc1bce671ae2590e5e0a085c964c0c507a2500fc9713850cd8,72,Intangible assets,"20,762"
heineken,balance_sheet,2,Intangible assets,1,EUR,currency,1000000,2022-12-31,21408,21408,1,matched,2023,1b35e06fb6f9b3ed93770966755327a0a6f6911275ef63321c113ba6e83d8ac3,76,Intangible assets,"21,408"
heineken,balance_sheet,2,Intangible assets,1,EUR,currency,1000000,2023-12-31,21781,21781,1,matched,2023,1b35e06fb6f9b3ed93770966755327a0a6f6911275ef63321c113ba6e83d8ac3,76,Intangible assets,"21,781"
heineken,balance_sheet,2,Intangible assets,1,EUR,currency,1000000,2024-12-31,21701,21701,1,matched,2025,2dee3a7ac14103566f798aff09ce15bc354815c0848d2831fcb99d71bdfad259,85,Intangible assets,"21,701"
heineken,balance_sheet,2,Intangible assets,1,EUR,currency,1000000,2025-12-31,20011,20011,1,matched,2025,2dee3a7ac14103566f798aff09ce15bc354815c0848d2831fcb99d71bdfad259,85,Intangible assets,"20,011"
heineken,balance_sheet,3,"Property, plant and equipment",1,EUR,currency,1000000,2016-12-31,9232,9232,1,matched,2017,9bd4a750fe4b871c062b1c64d7198474a2a5c96841286f6e96a32a076398ba95,60,"Property, plant and equipment","9,232"
heineken,balance_sheet,3,"Property, plant and equipment",1,EUR,currency,1000000,2017-12-31,11117,11117,1,matched,2017,9bd4a750fe4b871c062b1c64d7198474a2a5c96841286f6e96a32a076398ba95,60,"Property, plant and equipment","11,117"
heineken,balance_sheet,3,"Property, plant and equipment",1,EUR,currency,1000000,2018-12-31,11359,11359,1,matched,2019,cca80d203bfccb86a381b20bb7641ad3f24ee218104fed0e07d230020484e494,65,"Property, plant and equipment","11,359"
heineken,balance_sheet,3,"Property, plant and equipment",1,EUR,currency,1000000,2019-12-31,13269,13269,1,matched,2019,cca80d203bfccb86a381b20bb7641ad3f24ee218104fed0e07d230020484e494,65,"Property, plant and equipment","13,269"
heineken,balance_sheet,3,"Property, plant and equipment",1,EUR,currency,1000000,2020-12-31,11551,11551,1,matched,2021,c1a9a847a67b32fc1bce671ae2590e5e0a085c964c0c507a2500fc9713850cd8,72,"Property, plant and equipment","11,551"
heineken,balance_sheet,3,"Property, plant and equipment",1,EUR,currency,1000000,2021-12-31,12401,12401,1,matched,2021,c1a9a847a67b32fc1bce671ae2590e5e0a085c964c0c507a2500fc9713850cd8,72,"Property, plant and equipment","12,401"
heineken,balance_sheet,3,"Property, plant and equipment",1,EUR,currency,1000000,2022-12-31,13623,13623,1,matched,2023,1b35e06fb6f9b3ed93770966755327a0a6f6911275ef63321c113ba6e83d8ac3,76,"Property, plant and equipment","13,623"
heineken,balance_sheet,3,"Property, plant and equipment",1,EUR,currency,1000000,2023-12-31,14772,14772,1,matched,2023,1b35e06fb6f9b3ed93770966755327a0a6f6911275ef63321c113ba6e83d8ac3,76,"Property, plant and equipment","14,772"
heineken,balance_sheet,3,"Property, plant and equipment",1,EUR,currency,1000000,2024-12-31,14677,14677,1,matched,2025,2dee3a7ac14103566f798aff09ce15bc354815c0848d2831fcb99d71bdfad259,85,"Property, plant and equipment","14,677"
heineken,balance_sheet,3,"Property, plant and equipment",1,EUR,currency,1000000,2025-12-31,14537,14537,1,matched,2025,2dee3a7ac14103566f798aff09ce15bc354815c0848d2831fcb99d71bdfad259,85,"Property, plant and equipment","14,537"
heineken,balance_sheet,4,Investments in associates and joint ventures,1,EUR,currency,1000000,2016-12-31,2166,2166,1,matched,2017,9bd4a750fe4b871c062b1c64d7198474a2a5c96841286f6e96a32a076398ba95,60,Investments in associates and joint ventures,"2,166"
heineken,balance_sheet,4,Investments in associates and joint ventures,1,EUR,currency,1000000,2017-12-31,1841,1841,1,matched,2017,9bd4a750fe4b871c062b1c64d7198474a2a5c96841286f6e96a32a076398ba95,60,Investments in associates and joint ventures,"1,841"
heineken,balance_sheet,4,Investments in associates and joint ventures,1,EUR,currency,1000000,2018-12-31,2021,2021,1,matched,2019,cca80d203bfccb86a381b20bb7641ad3f24ee218104fed0e07d230020484e494,65,Investments in associates and joint ventures,"2,021"
heineken,balance_sheet,4,Investments in associates and joint ventures,1,EUR,currency,1000000,2019-12-31,4868,4868,1,matched,2019,cca80d203bfccb86a381b20bb7641ad3f24ee218104fed0e07d230020484e494,65,Investments in associates and joint ventures,"4,868"
heineken,balance_sheet,4,Investments in associates and joint ventures,1,EUR,currency,1000000,2020-12-31,4437,4437,1,matched,2021,c1a9a847a67b32fc1bce671ae2590e5e0a085c964c0c507a2500fc9713850cd8,72,Investments in associates and joint ventures,"4,437"
heineken,balance_sheet,4,Investments in associates and joint ventures,1,EUR,currency,1000000,2021-12-31,4148,4148,1,matched,2021,c1a9a847a67b32fc1bce671ae2590e5e0a085c964c0c507a2500fc9713850cd8,72,Investments in associates and joint ventures,"4,148"
heineken,balance_sheet,4,Investments in associates and joint ventures,1,EUR,currency,1000000,2022-12-31,4296,4296,1,matched,2023,1b35e06fb6f9b3ed93770966755327a0a6f6911275ef63321c113ba6e83d8ac3,76,Investments in associates and joint ventures,"4,296"
heineken,balance_sheet,4,Investments in associates and joint ventures,1,EUR,currency,1000000,2023-12-31,4130,4130,1,matched,2023,1b35e06fb6f9b3ed93770966755327a0a6f6911275ef63321c113ba6e83d8ac3,76,Investments in associates and joint ventures,"4,130"
heineken,balance_sheet,4,Investments in associates and joint ventures,1,EUR,currency,1000000,2024-12-31,3500,3500,1,matched,2025,2dee3a7ac14103566f798aff09ce15bc354815c0848d2831fcb99d71bdfad259,85,Investments in associates and joint ventures,"3,500"
heineken,balance_sheet,4,Investments in associates and joint ventures,1,EUR,currency,1000000,2025-12-31,3238,3238,1,matched,2025,2dee3a7ac14103566f798aff09ce15bc354815c0848d2831fcb99d71bdfad259,85,Investments in associates and joint ventures,"3,238"
heineken,balance_sheet,5,Loans and advances to customers,1,EUR,currency,1000000,2016-12-31,274,274,1,matched,2017,9bd4a750fe4b871c062b1c64d7198474a2a5c96841286f6e96a32a076398ba95,60,Advances to customers,274
heineken,balance_sheet,5,Loans and advances to customers,1,EUR,currency,1000000,2017-12-31,277,277,1,matched,2017,9bd4a750fe4b871c062b1c64d7198474a2a5c96841286f6e96a32a076398ba95,60,Advances to customers,277
heineken,balance_sheet,5,Loans and advances to customers,1,EUR,currency,1000000,2018-12-31,341,341,1,matched,2019,cca80d203bfccb86a381b20bb7641ad3f24ee218104fed0e07d230020484e494,65,Loans and advances to customers,341
heineken,balance_sheet,5,Loans and advances to customers,1,EUR,currency,1000000,2019-12-31,277,277,1,matched,2019,cca80d203bfccb86a381b20bb7641ad3f24ee218104fed0e07d230020484e494,65,Loans and advances to customers,277
heineken,balance_sheet,5,Loans and advances to customers,1,EUR,currency,1000000,2020-12-31,194,194,1,matched,2021,c1a9a847a67b32fc1bce671ae2590e5e0a085c964c0c507a2500fc9713850cd8,72,Loans and advances to customers,194
heineken,balance_sheet,5,Loans and advances to customers,1,EUR,currency,1000000,2021-12-31,209,209,1,matched,2021,c1a9a847a67b32fc1bce671ae2590e5e0a085c964c0c507a2500fc9713850cd8,72,Loans and advances to customers,209
heineken,balance_sheet,5,Loans and advances to customers,1,EUR,currency,1000000,2022-12-31,216,216,1,matched,2023,1b35e06fb6f9b3ed93770966755327a0a6f6911275ef63321c113ba6e83d8ac3,76,Loans and advances to customers,216
heineken,balance_sheet,5,Loans and advances to customers,1,EUR,currency,1000000,2023-12-31,239,239,1,matched,2023,1b35e06fb6f9b3ed93770966755327a0a6f6911275ef63321c113ba6e83d8ac3,76,Loans and advances to customers,239
heineken,balance_sheet,5,Loans and advances to customers,1,EUR,currency,1000000,2024-12-31,258,258,1,matched,2025,2dee3a7ac14103566f798aff09ce15bc354815c0848d2831fcb99d71bdfad259,85,Loans and advances to customers,258
heineken,balance_sheet,5,Loans and advances to customers,1,EUR,currency,1000000,2025-12-31,224,224,1,matched,2025,2dee3a7ac14103566f798aff09ce15bc354815c0848d2831fcb99d71bdfad259,85,Loans and advances to customers,224
heineken,balance_sheet,6,Deferred tax assets,1,EUR,currency,1000000,2016-12-31,1011,1011,1,matched,2017,9bd4a750fe4b871c062b1c64d7198474a2a5c96841286f6e96a32a076398ba95,60,Deferred tax assets,"1,011"
heineken,balance_sheet,6,Deferred tax assets,1,EUR,currency,1000000,2017-12-31,768,768,1,matched,2017,9bd4a750fe4b871c062b1c64d7198474a2a5c96841286f6e96a32a076398ba95,60,Deferred tax assets,768
heineken,balance_sheet,6,Deferred tax assets,1,EUR,currency,1000000,2018-12-31,626,626,1,matched,2019,cca80d203bfccb86a381b20bb7641ad3f24ee218104fed0e07d230020484e494,65,Deferred tax assets,626
heineken,balance_sheet,6,Deferred tax assets,1,EUR,currency,1000000,2019-12-31,647,647,1,matched,2019,cca80d203bfccb86a381b20bb7641ad3f24ee218104fed0e07d230020484e494,65,Deferred tax assets,647
heineken,balance_sheet,6,Deferred tax assets,1,EUR,currency,1000000,2020-12-31,779,779,1,matched,2021,c1a9a847a67b32fc1bce671ae2590e5e0a085c964c0c507a2500fc9713850cd8,72,Deferred tax assets,779
heineken,balance_sheet,6,Deferred tax assets,1,EUR,currency,1000000,2021-12-31,682,682,1,matched,2021,c1a9a847a67b32fc1bce671ae2590e5e0a085c964c0c507a2500fc9713850cd8,72,Deferred tax assets,682
heineken,balance_sheet,6,Deferred tax assets,1,EUR,currency,1000000,2022-12-31,618,618,1,matched,2023,1b35e06fb6f9b3ed93770966755327a0a6f6911275ef63321c113ba6e83d8ac3,76,Deferred tax assets,618
heineken,balance_sheet,6,Deferred tax assets,1,EUR,currency,1000000,2023-12-31,1292,1292,1,matched,2023,1b35e06fb6f9b3ed93770966755327a0a6f6911275ef63321c113ba6e83d8ac3,76,Deferred tax assets,"1,292"
heineken,balance_sheet,6,Deferred tax assets,1,EUR,currency,1000000,2024-12-31,1264,1264,1,matched,2025,2dee3a7ac14103566f798aff09ce15bc354815c0848d2831fcb99d71bdfad259,85,Deferred tax assets,"1,264"
heineken,balance_sheet,6,Deferred tax assets,1,EUR,currency,1000000,2025-12-31,1213,1213,1,matched,2025,2dee3a7ac14103566f798aff09ce15bc354815c0848d2831fcb99d71bdfad259,85,Deferred tax assets,"1,213"
heineken,balance_sheet,7,Equity instruments,1,EUR,currency,1000000,2016-12-31,,,0,blank_no_source,,,,,
heineken,balance_sheet,7,Equity instruments,1,EUR,currency,1000000,2017-12-31,,,0,blank_no_source,,,,,
heineken,balance_sheet,7,Equity instruments,1,EUR,currency,1000000,2018-12-31,,,0,blank_no_source,,,,,
heineken,balance_sheet,7,Equity instruments,1,EUR,currency,1000000,2019-12-31,,,0,blank_no_source,,,,,
heineken,balance_sheet,7,Equity instruments,1,EUR,currency,1000000,2020-12-31,,,0,blank_no_source,,,,,
heineken,balance_sheet,7,Equity instruments,1,EUR,currency,1000000,2021-12-31,,,0,blank_no_source,,,,,
heineken,balance_sheet,7,Equity instruments,1,EUR,currency,1000000,2022-12-31,145,145,1,matched,2023,1b35e06fb6f9b3ed93770966755327a0a6f6911275ef63321c113ba6e83d8ac3,76,Equity instruments,145
heineken,balance_sheet,7,Equity instruments,1,EUR,currency,1000000,2023-12-31,562,562,1,matched,2023,1b35e06fb6f9b3ed93770966755327a0a6f6911275ef63321c113ba6e83d8ac3,76,Equity instruments,562
heineken,balance_sheet,7,Equity instruments,1,EUR,currency,1000000,2024-12-31,465,465,1,matched,2025,2dee3a7ac14103566f798aff09ce15bc354815c0848d2831fcb99d71bdfad259,85,Equity instruments,465
heineken,balance_sheet,7,Equity instruments,1,EUR,currency,1000000,2025-12-31,476,476,1,matched,2025,2dee3a7ac14103566f798aff09ce15bc354815c0848d2831fcb99d71bdfad259,85,Equity instruments,476
heineken,balance_sheet,8,Other non-current assets,1,EUR,currency,1000000,2016-12-31,,,0,blank_no_source,,,,,
heineken,balance_sheet,8,Other non-current assets,1,EUR,currency,1000000,2017-12-31,,,0,blank_no_source,,,,,
heineken,balance_sheet,8,Other non-current assets,1,EUR,currency,1000000,2018-12-31,1220,1220,1,matched,2019,cca80d203bfccb86a381b20bb7641ad3f24ee218104fed0e07d230020484e494,65,Other non-current assets,"1,220"
heineken,balance_sheet,8,Other non-current assets,1,EUR,currency,1000000,2019-12-31,1255,1255,1,matched,2019,cca80d203bfccb86a381b20bb7641ad3f24ee218104fed0e07d230020484e494,65,Other non-current assets,"1,255"
heineken,balance_sheet,8,Other non-current assets,1,EUR,currency,1000000,2020-12-31,884,884,1,matched,2021,c1a9a847a67b32fc1bce671ae2590e5e0a085c964c0c507a2500fc9713850cd8,72,Other non-current assets,884
heineken,balance_sheet,8,Other non-current assets,1,EUR,currency,1000000,2021-12-31,1070,1070,1,matched,2021,c1a9a847a67b32fc1bce671ae2590e5e0a085c964c0c507a2500fc9713850cd8,72,Other non-current assets,"1,070"
heineken,balance_sheet,8,Other non-current assets,1,EUR,currency,1000000,2022-12-31,1085,1085,1,matched,2023,1b35e06fb6f9b3ed93770966755327a0a6f6911275ef63321c113ba6e83d8ac3,76,Other non-current assets,"1,085"
heineken,balance_sheet,8,Other non-current assets,1,EUR,currency,1000000,2023-12-31,978,978,1,matched,2023,1b35e06fb6f9b3ed93770966755327a0a6f6911275ef63321c113ba6e83d8ac3,76,Other non-current assets,978
heineken,balance_sheet,8,Other non-current assets,1,EUR,currency,1000000,2024-12-31,1009,1009,1,matched,2025,2dee3a7ac14103566f798aff09ce15bc354815c0848d2831fcb99d71bdfad259,85,Other non-current assets,"1,009"
heineken,balance_sheet,8,Other non-current assets,1,EUR,currency,1000000,2025-12-31,1161,1161,1,matched,2025,2dee3a7ac14103566f798aff09ce15bc354815c0848d2831fcb99d71bdfad259,85,Other non-current assets,"1,161"
heineken,balance_sheet,9,Other investments and receivables,1,EUR,currency,1000000,2016-12-31,1077,1077,1,matched,2017,9bd4a750fe4b871c062b1c64d7198474a2a5c96841286f6e96a32a076398ba95,60,Other investments and receivables,"1,077"
heineken,balance_sheet,9,Other investments and receivables,1,EUR,currency,1000000,2017-12-31,1113,1113,1,matched,2017,9bd4a750fe4b871c062b1c64d7198474a2a5c96841286f6e96a32a076398ba95,60,Other investments and receivables,"1,113"
heineken,balance_sheet,9,Other investments and receivables,1,EUR,currency,1000000,2018-12-31,,,0,blank_no_source,,,,,
heineken,balance_sheet,9,Other investments and receivables,1,EUR,currency,1000000,2019-12-31,,,0,blank_no_source,,,,,
heineken,balance_sheet,9,Other investments and receivables,1,EUR,currency,1000000,2020-12-31,,,0,blank_no_source,,,,,
heineken,balance_sheet,9,Other investments and receivables,1,EUR,currency,1000000,2021-12-31,,,0,blank_no_source,,,,,
heineken,balance_sheet,9,Other investments and receivables,1,EUR,currency,1000000,2022-12-31,,,0,blank_no_source,,,,,
heineken,balance_sheet,9,Other investments and receivables,1,EUR,currency,1000000,2023-12-31,,,0,blank_no_source,,,,,
heineken,balance_sheet,9,Other investments and receivables,1,EUR,currency,1000000,2024-12-31,,,0,blank_no_source,,,,,
heineken,balance_sheet,9,Other investments and receivables,1,EUR,currency,1000000,2025-12-31,,,0,blank_no_source,,,,,
heineken,balance_sheet,10,Total non-current assets,1,EUR,currency,1000000,2016-12-31,31184,31184,1,matched,2017,9bd4a750fe4b871c062b1c64d7198474a2a5c96841286f6e96a32a076398ba95,60,Total non-current assets,"31,184"
heineken,balance_sheet,10,Total non-current assets,1,EUR,currency,1000000,2017-12-31,32786,32786,1,matched,2017,9bd4a750fe4b871c062b1c64d7198474a2a5c96841286f6e96a32a076398ba95,60,Total non-current assets,"32,786"
heineken,balance_sheet,10,Total non-current assets,1,EUR,currency,1000000,2018-12-31,33026,33026,1,matched,2019,cca80d203bfccb86a381b20bb7641ad3f24ee218104fed0e07d230020484e494,65,Total non-current assets,"33,026"
heineken,balance_sheet,10,Total non-current assets,1,EUR,currency,1000000,2019-12-31,38085,38085,1,matched,2019,cca80d203bfccb86a381b20bb7641ad3f24ee218104fed0e07d230020484e494,65,Total non-current assets,"38,085"
heineken,balance_sheet,10,Total non-current assets,1,EUR,currency,1000000,2020-12-31,33612,33612,1,matched,2021,c1a9a847a67b32fc1bce671ae2590e5e0a085c964c0c507a2500fc9713850cd8,72,Total non-current assets,"33,612"
heineken,balance_sheet,10,Total non-current assets,1,EUR,currency,1000000,2021-12-31,39272,39272,1,matched,2021,c1a9a847a67b32fc1bce671ae2590e5e0a085c964c0c507a2500fc9713850cd8,72,Total non-current assets,"39,272"
heineken,balance_sheet,10,Total non-current assets,1,EUR,currency,1000000,2022-12-31,41391,41391,1,matched,2023,1b35e06fb6f9b3ed93770966755327a0a6f6911275ef63321c113ba6e83d8ac3,76,Total non-current assets,"41,391"
heineken,balance_sheet,10,Total non-current assets,1,EUR,currency,1000000,2023-12-31,43754,43754,1,matched,2023,1b35e06fb6f9b3ed93770966755327a0a6f6911275ef63321c113ba6e83d8ac3,76,Total non-current assets,"43,754"
heineken,balance_sheet,10,Total non-current assets,1,EUR,currency,1000000,2024-12-31,42874,42874,1,matched,2025,2dee3a7ac14103566f798aff09ce15bc354815c0848d2831fcb99d71bdfad259,85,Total non-current assets,"42,874"
heineken,balance_sheet,10,Total non-current assets,1,EUR,currency,1000000,2025-12-31,40860,40860,1,matched,2025,2dee3a7ac14103566f798aff09ce15bc354815c0848d2831fcb99d71bdfad259,85,Total non-current assets,"40,860"
heineken,balance_sheet,11,Inventories,1,EUR,currency,1000000,2016-12-31,1618,1618,1,matched,2017,9bd4a750fe4b871c062b1c64d7198474a2a5c96841286f6e96a32a076398ba95,60,Inventories,"1,618"
heineken,balance_sheet,11,Inventories,1,EUR,currency,1000000,2017-12-31,1814,1814,1,matched,2017,9bd4a750fe4b871c062b1c64d7198474a2a5c96841286f6e96a32a076398ba95,60,Inventories,"1,814"
heineken,balance_sheet,11,Inventories,1,EUR,currency,1000000,2018-12-31,1920,1920,1,matched,2019,cca80d203bfccb86a381b20bb7641ad3f24ee218104fed0e07d230020484e494,65,Inventories,"1,920"
heineken,balance_sheet,11,Inventories,1,EUR,currency,1000000,2019-12-31,2213,2213,1,matched,2019,cca80d203bfccb86a381b20bb7641ad3f24ee218104fed0e07d230020484e494,65,Inventories,"2,213"
heineken,balance_sheet,11,Inventories,1,EUR,currency,1000000,2020-12-31,1958,1958,1,matched,2021,c1a9a847a67b32fc1bce671ae2590e5e0a085c964c0c507a2500fc9713850cd8,72,Inventories,"1,958"
heineken,balance_sheet,11,Inventories,1,EUR,currency,1000000,2021-12-31,2438,2438,1,matched,2021,c1a9a847a67b32fc1bce671ae2590e5e0a085c964c0c507a2500fc9713850cd8,72,Inventories,"2,438"
heineken,balance_sheet,11,Inventories,1,EUR,currency,1000000,2022-12-31,3250,3250,1,matched,2023,1b35e06fb6f9b3ed93770966755327a0a6f6911275ef63321c113ba6e83d8ac3,76,Inventories,"3,250"
heineken,balance_sheet,11,Inventories,1,EUR,currency,1000000,2023-12-31,3721,3721,1,matched,2023,1b35e06fb6f9b3ed93770966755327a0a6f6911275ef63321c113ba6e83d8ac3,76,Inventories,"3,721"
heineken,balance_sheet,11,Inventories,1,EUR,currency,1000000,2024-12-31,3572,3572,1,matched,2025,2dee3a7ac14103566f798aff09ce15bc354815c0848d2831fcb99d71bdfad259,85,Inventories,"3,572"
heineken,balance_sheet,11,Inventories,1,EUR,currency,1000000,2025-12-31,3263,3263,1,matched,2025,2dee3a7ac14103566f798aff09ce15bc354815c0848d2831fcb99d71bdfad259,85,Inventories,"3,263"
heineken,balance_sheet,12,Trade and other receivables,1,EUR,currency,1000000,2016-12-31,3052,3052,1,matched,2017,9bd4a750fe4b871c062b1c64d7198474a2a5c96841286f6e96a32a076398ba95,60,Trade and other receivables,"3,052"
heineken,balance_sheet,12,Trade and other receivables,1,EUR,currency,1000000,2017-12-31,3496,3496,1,matched,2017,9bd4a750fe4b871c062b1c64d7198474a2a5c96841286f6e96a32a076398ba95,60,Trade and other receivables,"3,496"
heineken,balance_sheet,12,Trade and other receivables,1,EUR,currency,1000000,2018-12-31,3795,3795,1,matched,2019,cca80d203bfccb86a381b20bb7641ad3f24ee218104fed0e07d230020484e494,65,Trade and other receivables,"3,795"
heineken,balance_sheet,12,Trade and other receivables,1,EUR,currency,1000000,2019-12-31,4123,4123,1,matched,2019,cca80d203bfccb86a381b20bb7641ad3f24ee218104fed0e07d230020484e494,65,Trade and other receivables,"4,123"
heineken,balance_sheet,12,Trade and other receivables,1,EUR,currency,1000000,2020-12-31,2807,2807,1,matched,2021,c1a9a847a67b32fc1bce671ae2590e5e0a085c964c0c507a2500fc9713850cd8,72,Trade and other receivables,"2,807"
heineken,balance_sheet,12,Trade and other receivables,1,EUR,currency,1000000,2021-12-31,3662,3662,1,matched,2021,c1a9a847a67b32fc1bce671ae2590e5e0a085c964c0c507a2500fc9713850cd8,72,Trade and other receivables,"3,662"
heineken,balance_sheet,12,Trade and other receivables,1,EUR,currency,1000000,2022-12-31,4531,4531,1,matched,2023,1b35e06fb6f9b3ed93770966755327a0a6f6911275ef63321c113ba6e83d8ac3,76,Trade and other receivables,"4,531"
heineken,balance_sheet,12,Trade and other receivables,1,EUR,currency,1000000,2023-12-31,5019,5019,1,matched,2023,1b35e06fb6f9b3ed93770966755327a0a6f6911275ef63321c113ba6e83d8ac3,76,Trade and other receivables,"5,019"
heineken,balance_sheet,12,Trade and other receivables,1,EUR,currency,1000000,2024-12-31,4588,4588,1,matched,2025,2dee3a7ac14103566f798aff09ce15bc354815c0848d2831fcb99d71bdfad259,85,Trade and other receivables,"4,588"
heineken,balance_sheet,12,Trade and other receivables,1,EUR,currency,1000000,2025-12-31,4488,4488,1,matched,2025,2dee3a7ac14103566f798aff09ce15bc354815c0848d2831fcb99d71bdfad259,85,Trade and other receivables,"4,488"
heineken,balance_sheet,13,Current tax assets,1,EUR,currency,1000000,2016-12-31,47,47,1,matched,2017,9bd4a750fe4b871c062b1c64d7198474a2a5c96841286f6e96a32a076398ba95,60,Current tax assets,47
heineken,balance_sheet,13,Current tax assets,1,EUR,currency,1000000,2017-12-31,64,64,1,matched,2017,9bd4a750fe4b871c062b1c64d7198474a2a5c96841286f6e96a32a076398ba95,60,Current tax assets,64
heineken,balance_sheet,13,Current tax assets,1,EUR,currency,1000000,2018-12-31,71,71,1,matched,2019,cca80d203bfccb86a381b20bb7641ad3f24ee218104fed0e07d230020484e494,65,Current tax assets,71
heineken,balance_sheet,13,Current tax assets,1,EUR,currency,1000000,2019-12-31,123,123,1,matched,2019,cca80d203bfccb86a381b20bb7641ad3f24ee218104fed0e07d230020484e494,65,Current tax assets,123
heineken,balance_sheet,13,Current tax assets,1,EUR,currency,1000000,2020-12-31,154,154,1,matched,2021,c1a9a847a67b32fc1bce671ae2590e5e0a085c964c0c507a2500fc9713850cd8,72,Current tax assets,154
heineken,balance_sheet,13,Current tax assets,1,EUR,currency,1000000,2021-12-31,97,97,1,matched,2021,c1a9a847a67b32fc1bce671ae2590e5e0a085c964c0c507a2500fc9713850cd8,72,Current tax assets,97
heineken,balance_sheet,13,Current tax assets,1,EUR,currency,1000000,2022-12-31,84,84,1,matched,2023,1b35e06fb6f9b3ed93770966755327a0a6f6911275ef63321c113ba6e83d8ac3,76,Current tax assets,84
heineken,balance_sheet,13,Current tax assets,1,EUR,currency,1000000,2023-12-31,196,196,1,matched,2023,1b35e06fb6f9b3ed93770966755327a0a6f6911275ef63321c113ba6e83d8ac3,76,Current tax assets,196
heineken,balance_sheet,13,Current tax assets,1,EUR,currency,1000000,2024-12-31,165,165,1,matched,2025,2dee3a7ac14103566f798aff09ce15bc354815c0848d2831fcb99d71bdfad259,85,Current tax assets,165
heineken,balance_sheet,13,Current tax assets,1,EUR,currency,1000000,2025-12-31,226,226,1,matched,2025,2dee3a7ac14103566f798aff09ce15bc354815c0848d2831fcb99d71bdfad259,85,Current tax assets,226
heineken,balance_sheet,14,Derivative assets,1,EUR,currency,1000000,2016-12-31,,,0,blank_no_source,,,,,
heineken,balance_sheet,14,Derivative assets,1,EUR,currency,1000000,2017-12-31,,,0,blank_no_source,,,,,
heineken,balance_sheet,14,Derivative assets,1,EUR,currency,1000000,2018-12-31,35,35,1,matched,2019,cca80d203bfccb86a381b20bb7641ad3f24ee218104fed0e07d230020484e494,65,Derivative assets,35
heineken,balance_sheet,14,Derivative assets,1,EUR,currency,1000000,2019-12-31,28,28,1,matched,2019,cca80d203bfccb86a381b20bb7641ad3f24ee218104fed0e07d230020484e494,65,Derivative assets,28
heineken,balance_sheet,14,Derivative assets,1,EUR,currency,1000000,2020-12-31,77,77,1,matched,2021,c1a9a847a67b32fc1bce671ae2590e5e0a085c964c0c507a2500fc9713850cd8,72,Derivative assets,77
heineken,balance_sheet,14,Derivative assets,1,EUR,currency,1000000,2021-12-31,96,96,1,matched,2021,c1a9a847a67b32fc1bce671ae2590e5e0a085c964c0c507a2500fc9713850cd8,72,Derivative assets,96
heineken,balance_sheet,14,Derivative assets,1,EUR,currency,1000000,2022-12-31,70,70,1,matched,2023,1b35e06fb6f9b3ed93770966755327a0a6f6911275ef63321c113ba6e83d8ac3,76,Derivative assets,70
heineken,balance_sheet,14,Derivative assets,1,EUR,currency,1000000,2023-12-31,58,58,1,matched,2023,1b35e06fb6f9b3ed93770966755327a0a6f6911275ef63321c113ba6e83d8ac3,76,Derivative assets,58
heineken,balance_sheet,14,Derivative assets,1,EUR,currency,1000000,2024-12-31,169,169,1,matched,2025,2dee3a7ac14103566f798aff09ce15bc354815c0848d2831fcb99d71bdfad259,85,Derivative assets,169
heineken,balance_sheet,14,Derivative assets,1,EUR,currency,1000000,2025-12-31,121,121,1,matched,2025,2dee3a7ac14103566f798aff09ce15bc354815c0848d2831fcb99d71bdfad259,85,Derivative assets,121
heineken,balance_sheet,15,Cash and cash equivalents,1,EUR,currency,1000000,2016-12-31,3035,3035,1,matched,2017,9bd4a750fe4b871c062b1c64d7198474a2a5c96841286f6e96a32a076398ba95,60,Cash and cash equivalents,"3,035"
heineken,balance_sheet,15,Cash and cash equivalents,1,EUR,currency,1000000,2017-12-31,2442,2442,1,matched,2017,9bd4a750fe4b871c062b1c64d7198474a2a5c96841286f6e96a32a076398ba95,60,Cash and cash equivalents,"2,442"
heineken,balance_sheet,15,Cash and cash equivalents,1,EUR,currency,1000000,2018-12-31,2903,2903,1,matched,2019,cca80d203bfccb86a381b20bb7641ad3f24ee218104fed0e07d230020484e494,65,Cash and cash equivalents,"2,903"
heineken,balance_sheet,15,Cash and cash equivalents,1,EUR,currency,1000000,2019-12-31,1821,1821,1,matched,2019,cca80d203bfccb86a381b20bb7641ad3f24ee218104fed0e07d230020484e494,65,Cash and cash equivalents,"1,821"
heineken,balance_sheet,15,Cash and cash equivalents,1,EUR,currency,1000000,2020-12-31,4000,4000,1,matched,2021,c1a9a847a67b32fc1bce671ae2590e5e0a085c964c0c507a2500fc9713850cd8,72,Cash and cash equivalents,"4,000"
heineken,balance_sheet,15,Cash and cash equivalents,1,EUR,currency,1000000,2021-12-31,3248,3248,1,matched,2021,c1a9a847a67b32fc1bce671ae2590e5e0a085c964c0c507a2500fc9713850cd8,72,Cash and cash equivalents,"3,248"
heineken,balance_sheet,15,Cash and cash equivalents,1,EUR,currency,1000000,2022-12-31,2765,2765,1,matched,2023,1b35e06fb6f9b3ed93770966755327a0a6f6911275ef63321c113ba6e83d8ac3,76,Cash and cash equivalents,"2,765"
heineken,balance_sheet,15,Cash and cash equivalents,1,EUR,currency,1000000,2023-12-31,2377,2377,1,matched,2023,1b35e06fb6f9b3ed93770966755327a0a6f6911275ef63321c113ba6e83d8ac3,76,Cash and cash equivalents,"2,377"
heineken,balance_sheet,15,Cash and cash equivalents,1,EUR,currency,1000000,2024-12-31,2350,2350,1,matched,2025,2dee3a7ac14103566f798aff09ce15bc354815c0848d2831fcb99d71bdfad259,85,Cash and cash equivalents,"2,350"
heineken,balance_sheet,15,Cash and cash equivalents,1,EUR,currency,1000000,2025-12-31,4773,4773,1,matched,2025,2dee3a7ac14103566f798aff09ce15bc354815c0848d2831fcb99d71bdfad259,85,Cash and cash equivalents,"4,773"
heineken,balance_sheet,16,Assets classified as held for sale,1,EUR,currency,1000000,2016-12-31,57,57,1,matched,2017,9bd4a750fe4b871c062b1c64d7198474a2a5c96841286f6e96a32a076398ba95,60,Assets classified as held for sale,57
heineken,balance_sheet,16,Assets classified as held for sale,1,EUR,currency,1000000,2017-12-31,33,33,1,matched,2017,9bd4a750fe4b871c062b1c64d7198474a2a5c96841286f6e96a32a076398ba95,60,Assets classified as held for sale,33
heineken,balance_sheet,16,Assets classified as held for sale,1,EUR,currency,1000000,2018-12-31,401,401,1,matched,2019,cca80d203bfccb86a381b20bb7641ad3f24ee218104fed0e07d230020484e494,65,Assets classified as held for sale,401
heineken,balance_sheet,16,Assets classified as held for sale,1,EUR,currency,1000000,2019-12-31,111,111,1,matched,2019,cca80d203bfccb86a381b20bb7641ad3f24ee218104fed0e07d230020484e494,65,Assets classified as held for sale,111
heineken,balance_sheet,16,Assets classified as held for sale,1,EUR,currency,1000000,2020-12-31,24,24,1,matched,2021,c1a9a847a67b32fc1bce671ae2590e5e0a085c964c0c507a2500fc9713850cd8,72,Assets classified as held for sale,24
heineken,balance_sheet,16,Assets classified as held for sale,1,EUR,currency,1000000,2021-12-31,37,37,1,matched,2021,c1a9a847a67b32fc1bce671ae2590e5e0a085c964c0c507a2500fc9713850cd8,72,Assets classified as held for sale,37
heineken,balance_sheet,16,Assets classified as held for sale,1,EUR,currency,1000000,2022-12-31,315,315,1,matched,2023,1b35e06fb6f9b3ed93770966755327a0a6f6911275ef63321c113ba6e83d8ac3,76,Assets classified as held for sale,315
heineken,balance_sheet,16,Assets classified as held for sale,1,EUR,currency,1000000,2023-12-31,28,28,1,matched,2023,1b35e06fb6f9b3ed93770966755327a0a6f6911275ef63321c113ba6e83d8ac3,76,Assets classified as held for sale,28
heineken,balance_sheet,16,Assets classified as held for sale,1,EUR,currency,1000000,2024-12-31,55,55,1,matched,2025,2dee3a7ac14103566f798aff09ce15bc354815c0848d2831fcb99d71bdfad259,85,Assets classified as held for sale,55
heineken,balance_sheet,16,Assets classified as held for sale,1,EUR,currency,1000000,2025-12-31,22,22,1,matched,2025,2dee3a7ac14103566f798aff09ce15bc354815c0848d2831fcb99d71bdfad259,85,Assets classified as held for sale,22
heineken,balance_sheet,17,Prepayments,1,EUR,currency,1000000,2016-12-31,328,328,1,matched,2017,9bd4a750fe4b871c062b1c64d7198474a2a5c96841286f6e96a32a076398ba95,60,Prepayments,328
heineken,balance_sheet,17,Prepayments,1,EUR,currency,1000000,2017-12-31,399,399,1,matched,2017,9bd4a750fe4b871c062b1c64d7198474a2a5c96841286f6e96a32a076398ba95,60,Prepayments,399
heineken,balance_sheet,17,Prepayments,1,EUR,currency,1000000,2018-12-31,,,0,blank_no_source,,,,,
heineken,balance_sheet,17,Prepayments,1,EUR,currency,1000000,2019-12-31,,,0,blank_no_source,,,,,
heineken,balance_sheet,17,Prepayments,1,EUR,currency,1000000,2020-12-31,,,0,blank_no_source,,,,,
heineken,balance_sheet,17,Prepayments,1,EUR,currency,1000000,2021-12-31,,,0,blank_no_source,,,,,
heineken,balance_sheet,17,Prepayments,1,EUR,currency,1000000,2022-12-31,,,0,blank_no_source,,,,,
heineken,balance_sheet,17,Prepayments,1,EUR,currency,1000000,2023-12-31,,,0,blank_no_source,,,,,
heineken,balance_sheet,17,Prepayments,1,EUR,currency,1000000,2024-12-31,,,0,blank_no_source,,,,,
heineken,balance_sheet,17,Prepayments,1,EUR,currency,1000000,2025-12-31,,,0,blank_no_source,,,,,
heineken,balance_sheet,18,Total current assets,1,EUR,currency,1000000,2016-12-31,8137,8137,1,matched,2017,9bd4a750fe4b871c062b1c64d7198474a2a5c96841286f6e96a32a076398ba95,60,Total current assets,"8,137"
heineken,balance_sheet,18,Total current assets,1,EUR,currency,1000000,2017-12-31,8248,8248,1,matched,2017,9bd4a750fe4b871c062b1c64d7198474a2a5c96841286f6e96a32a076398ba95,60,Total current assets,"8,248"
heineken,balance_sheet,18,Total current assets,1,EUR,currency,1000000,2018-12-31,9125,9125,1,matched,2019,cca80d203bfccb86a381b20bb7641ad3f24ee218104fed0e07d230020484e494,65,Total current assets,"9,125"
heineken,balance_sheet,18,Total current assets,1,EUR,currency,1000000,2019-12-31,8419,8419,1,matched,2019,cca80d203bfccb86a381b20bb7641ad3f24ee218104fed0e07d230020484e494,65,Total current assets,"8,419"
heineken,balance_sheet,18,Total current assets,1,EUR,currency,1000000,2020-12-31,9020,9020,1,matched,2021,c1a9a847a67b32fc1bce671ae2590e5e0a085c964c0c507a2500fc9713850cd8,72,Total current assets,"9,020"
heineken,balance_sheet,18,Total current assets,1,EUR,currency,1000000,2021-12-31,9578,9578,1,matched,2021,c1a9a847a67b32fc1bce671ae2590e5e0a085c964c0c507a2500fc9713850cd8,72,Total current assets,"9,578"
heineken,balance_sheet,18,Total current assets,1,EUR,currency,1000000,2022-12-31,11015,11015,1,matched,2023,1b35e06fb6f9b3ed93770966755327a0a6f6911275ef63321c113ba6e83d8ac3,76,Total current assets,"11,015"
heineken,balance_sheet,18,Total current assets,1,EUR,currency,1000000,2023-12-31,11399,11399,1,matched,2023,1b35e06fb6f9b3ed93770966755327a0a6f6911275ef63321c113ba6e83d8ac3,76,Total current assets,"11,399"
heineken,balance_sheet,18,Total current assets,1,EUR,currency,1000000,2024-12-31,10899,10899,1,matched,2025,2dee3a7ac14103566f798aff09ce15bc354815c0848d2831fcb99d71bdfad259,85,Total current assets,"10,899"
heineken,balance_sheet,18,Total current assets,1,EUR,currency,1000000,2025-12-31,12893,12893,1,matched,2025,2dee3a7ac14103566f798aff09ce15bc354815c0848d2831fcb99d71bdfad259,85,Total current assets,"12,893"
heineken,balance_sheet,19,Total assets,1,EUR,currency,1000000,2016-12-31,39321,39321,1,matched,2017,9bd4a750fe4b871c062b1c64d7198474a2a5c96841286f6e96a32a076398ba95,60,Total assets,"39,321"
heineken,balance_sheet,19,Total assets,1,EUR,currency,1000000,2017-12-31,41034,41034,1,matched,2017,9bd4a750fe4b871c062b1c64d7198474a2a5c96841286f6e96a32a076398ba95,60,Total assets,"41,034"
heineken,balance_sheet,19,Total assets,1,EUR,currency,1000000,2018-12-31,42151,42151,1,matched,2019,cca80d203bfccb86a381b20bb7641ad3f24ee218104fed0e07d230020484e494,65,Total assets,"42,151"
heineken,balance_sheet,19,Total assets,1,EUR,currency,1000000,2019-12-31,46504,46504,1,matched,2019,cca80d203bfccb86a381b20bb7641ad3f24ee218104fed0e07d230020484e494,65,Total assets,"46,504"
heineken,balance_sheet,19,Total assets,1,EUR,currency,1000000,2020-12-31,42632,42632,1,matched,2021,c1a9a847a67b32fc1bce671ae2590e5e0a085c964c0c507a2500fc9713850cd8,72,Total assets,"42,632"
heineken,balance_sheet,19,Total assets,1,EUR,currency,1000000,2021-12-31,48850,48850,1,matched,2021,c1a9a847a67b32fc1bce671ae2590e5e0a085c964c0c507a2500fc9713850cd8,72,Total assets,"48,850"
heineken,balance_sheet,19,Total assets,1,EUR,currency,1000000,2022-12-31,52406,52406,1,matched,2023,1b35e06fb6f9b3ed93770966755327a0a6f6911275ef63321c113ba6e83d8ac3,76,Total assets,"52,406"
heineken,balance_sheet,19,Total assets,1,EUR,currency,1000000,2023-12-31,55153,55153,1,matched,2023,1b35e06fb6f9b3ed93770966755327a0a6f6911275ef63321c113ba6e83d8ac3,76,Total assets,"55,153"
heineken,balance_sheet,19,Total assets,1,EUR,currency,1000000,2024-12-31,53773,53773,1,matched,2025,2dee3a7ac14103566f798aff09ce15bc354815c0848d2831fcb99d71bdfad259,85,Total assets,"53,773"
heineken,balance_sheet,19,Total assets,1,EUR,currency,1000000,2025-12-31,53753,53753,1,matched,2025,2dee3a7ac14103566f798aff09ce15bc354815c0848d2831fcb99d71bdfad259,85,Total assets,"53,753"
heineken,balance_sheet,20,Share capital,1,EUR,currency,1000000,2016-12-31,922,922,1,matched,2017,9bd4a750fe4b871c062b1c64d7198474a2a5c96841286f6e96a32a076398ba95,60,Share capital,922
heineken,balance_sheet,20,Share capital,1,EUR,currency,1000000,2017-12-31,922,922,1,matched,2017,9bd4a750fe4b871c062b1c64d7198474a2a5c96841286f6e96a32a076398ba95,60,Share capital,922
heineken,balance_sheet,20,Share capital,1,EUR,currency,1000000,2018-12-31,,,0,blank_no_source,,,,,
heineken,balance_sheet,20,Share capital,1,EUR,currency,1000000,2019-12-31,,,0,blank_no_source,,,,,
heineken,balance_sheet,20,Share capital,1,EUR,currency,1000000,2020-12-31,,,0,blank_no_source,,,,,
heineken,balance_sheet,20,Share capital,1,EUR,currency,1000000,2021-12-31,,,0,blank_no_source,,,,,
heineken,balance_sheet,20,Share capital,1,EUR,currency,1000000,2022-12-31,,,0,blank_no_source,,,,,
heineken,balance_sheet,20,Share capital,1,EUR,currency,1000000,2023-12-31,,,0,blank_no_source,,,,,
heineken,balance_sheet,20,Share capital,1,EUR,currency,1000000,2024-12-31,,,0,blank_no_source,,,,,
heineken,balance_sheet,20,Share capital,1,EUR,currency,1000000,2025-12-31,,,0,blank_no_source,,,,,
heineken,balance_sheet,21,Share premium,1,EUR,currency,1000000,2016-12-31,2701,2701,1,matched,2017,9bd4a750fe4b871c062b1c64d7198474a2a5c96841286f6e96a32a076398ba95,60,Share premium,"2,701"
heineken,balance_sheet,21,Share premium,1,EUR,currency,1000000,2017-12-31,2701,2701,1,matched,2017,9bd4a750fe4b871c062b1c64d7198474a2a5c96841286f6e96a32a076398ba95,60,Share premium,"2,701"
heineken,balance_sheet,21,Share premium,1,EUR,currency,1000000,2018-12-31,,,0,blank_no_source,,,,,
heineken,balance_sheet,21,Share premium,1,EUR,currency,1000000,2019-12-31,,,0,blank_no_source,,,,,
heineken,balance_sheet,21,Share premium,1,EUR,currency,1000000,2020-12-31,,,0,blank_no_source,,,,,
heineken,balance_sheet,21,Share premium,1,EUR,currency,1000000,2021-12-31,,,0,blank_no_source,,,,,
heineken,balance_sheet,21,Share premium,1,EUR,currency,1000000,2022-12-31,,,0,blank_no_source,,,,,
heineken,balance_sheet,21,Share premium,1,EUR,currency,1000000,2023-12-31,,,0,blank_no_source,,,,,
heineken,balance_sheet,21,Share premium,1,EUR,currency,1000000,2024-12-31,,,0,blank_no_source,,,,,
heineken,balance_sheet,21,Share premium,1,EUR,currency,1000000,2025-12-31,,,0,blank_no_source,,,,,
heineken,balance_sheet,22,Reserves,1,EUR,currency,1000000,2016-12-31,-1173,-1173,1,matched,2017,9bd4a750fe4b871c062b1c64d7198474a2a5c96841286f6e96a32a076398ba95,60,Reserves,"(1,173)"
heineken,balance_sheet,22,Reserves,1,EUR,currency,1000000,2017-12-31,-2129,-2129,1,matched,2017,9bd4a750fe4b871c062b1c64d7198474a2a5c96841286f6e96a32a076398ba95,60,Reserves,"(2,129)"
heineken,balance_sheet,22,Reserves,1,EUR,currency,1000000,2018-12-31,,,0,blank_no_source,,,,,
heineken,balance_sheet,22,Reserves,1,EUR,currency,1000000,2019-12-31,,,0,blank_no_source,,,,,
heineken,balance_sheet,22,Reserves,1,EUR,currency,1000000,2020-12-31,,,0,blank_no_source,,,,,
heineken,balance_sheet,22,Reserves,1,EUR,currency,1000000,2021-12-31,,,0,blank_no_source,,,,,
heineken,balance_sheet,22,Reserves,1,EUR,currency,1000000,2022-12-31,,,0,blank_no_source,,,,,
heineken,balance_sheet,22,Reserves,1,EUR,currency,1000000,2023-12-31,,,0,blank_no_source,,,,,
heineken,balance_sheet,22,Reserves,1,EUR,currency,1000000,2024-12-31,,,0,blank_no_source,,,,,
heineken,balance_sheet,22,Reserves,1,EUR,currency,1000000,2025-12-31,,,0,blank_no_source,,,,,
heineken,balance_sheet,23,Retained earnings,1,EUR,currency,1000000,2016-12-31,10788,10788,1,matched,2017,9bd4a750fe4b871c062b1c64d7198474a2a5c96841286f6e96a32a076398ba95,60,Retained earnings,"10,788"
heineken,balance_sheet,23,Retained earnings,1,EUR,currency,1000000,2017-12-31,11827,11827,1,matched,2017,9bd4a750fe4b871c062b1c64d7198474a2a5c96841286f6e96a32a076398ba95,60,Retained earnings,"11,827"
heineken,balance_sheet,23,Retained earnings,1,EUR,currency,1000000,2018-12-31,,,0,blank_no_source,,,,,
heineken,balance_sheet,23,Retained earnings,1,EUR,currency,1000000,2019-12-31,,,0,blank_no_source,,,,,
heineken,balance_sheet,23,Retained earnings,1,EUR,currency,1000000,2020-12-31,,,0,blank_no_source,,,,,
heineken,balance_sheet,23,Retained earnings,1,EUR,currency,1000000,2021-12-31,,,0,blank_no_source,,,,,
heineken,balance_sheet,23,Retained earnings,1,EUR,currency,1000000,2022-12-31,,,0,blank_no_source,,,,,
heineken,balance_sheet,23,Retained earnings,1,EUR,currency,1000000,2023-12-31,,,0,blank_no_source,,,,,
heineken,balance_sheet,23,Retained earnings,1,EUR,currency,1000000,2024-12-31,,,0,blank_no_source,,,,,
heineken,balance_sheet,23,Retained earnings,1,EUR,currency,1000000,2025-12-31,,,0,blank_no_source,,,,,
heineken,balance_sheet,24,Shareholders' equity,1,EUR,currency,1000000,2016-12-31,13238,13238,1,matched,2017,9bd4a750fe4b871c062b1c64d7198474a2a5c96841286f6e96a32a076398ba95,60,Equity attributable to equity holders of the Company,"13,238"
heineken,balance_sheet,24,Shareholders' equity,1,EUR,currency,1000000,2017-12-31,13321,13321,1,matched,2017,9bd4a750fe4b871c062b1c64d7198474a2a5c96841286f6e96a32a076398ba95,60,Equity attributable to equity holders of the Company,"13,321"
heineken,balance_sheet,24,Shareholders' equity,1,EUR,currency,1000000,2018-12-31,14525,14525,1,matched,2019,cca80d203bfccb86a381b20bb7641ad3f24ee218104fed0e07d230020484e494,65,Shareholders’ equity,"14,525"
heineken,balance_sheet,24,Shareholders' equity,1,EUR,currency,1000000,2019-12-31,16147,16147,1,matched,2019,cca80d203bfccb86a381b20bb7641ad3f24ee218104fed0e07d230020484e494,65,Shareholders’ equity,"16,147"
heineken,balance_sheet,24,Shareholders' equity,1,EUR,currency,1000000,2020-12-31,13392,13392,1,matched,2021,c1a9a847a67b32fc1bce671ae2590e5e0a085c964c0c507a2500fc9713850cd8,72,Shareholders' equity,"13,392"
heineken,balance_sheet,24,Shareholders' equity,1,EUR,currency,1000000,2021-12-31,17356,17356,1,matched,2021,c1a9a847a67b32fc1bce671ae2590e5e0a085c964c0c507a2500fc9713850cd8,72,Shareholders' equity,"17,356"
heineken,balance_sheet,24,Shareholders' equity,1,EUR,currency,1000000,2022-12-31,19551,19551,1,matched,2023,1b35e06fb6f9b3ed93770966755327a0a6f6911275ef63321c113ba6e83d8ac3,76,Shareholders' equity,"19,551"
heineken,balance_sheet,24,Shareholders' equity,1,EUR,currency,1000000,2023-12-31,20056,20056,1,matched,2023,1b35e06fb6f9b3ed93770966755327a0a6f6911275ef63321c113ba6e83d8ac3,76,Shareholders' equity,"20,056"
heineken,balance_sheet,24,Shareholders' equity,1,EUR,currency,1000000,2024-12-31,19581,19581,1,matched,2025,2dee3a7ac14103566f798aff09ce15bc354815c0848d2831fcb99d71bdfad259,85,Shareholders' equity,"19,581"
heineken,balance_sheet,24,Shareholders' equity,1,EUR,currency,1000000,2025-12-31,17978,17978,1,matched,2025,2dee3a7ac14103566f798aff09ce15bc354815c0848d2831fcb99d71bdfad259,85,Shareholders' equity,"17,978"
heineken,balance_sheet,25,Non-controlling interests,1,EUR,currency,1000000,2016-12-31,1335,1335,1,matched,2017,9bd4a750fe4b871c062b1c64d7198474a2a5c96841286f6e96a32a076398ba95,60,Non-controlling interests,"1,335"
heineken,balance_sheet,25,Non-controlling interests,1,EUR,currency,1000000,2017-12-31,1200,1200,1,matched,2017,9bd4a750fe4b871c062b1c64d7198474a2a5c96841286f6e96a32a076398ba95,60,Non-controlling interests,"1,200"
heineken,balance_sheet,25,Non-controlling interests,1,EUR,currency,1000000,2018-12-31,1183,1183,1,matched,2019,cca80d203bfccb86a381b20bb7641ad3f24ee218104fed0e07d230020484e494,65,Non-controlling interests,"1,183"
heineken,balance_sheet,25,Non-controlling interests,1,EUR,currency,1000000,2019-12-31,1164,1164,1,matched,2019,cca80d203bfccb86a381b20bb7641ad3f24ee218104fed0e07d230020484e494,65,Non-controlling interests,"1,164"
heineken,balance_sheet,25,Non-controlling interests,1,EUR,currency,1000000,2020-12-31,1000,1000,1,matched,2021,c1a9a847a67b32fc1bce671ae2590e5e0a085c964c0c507a2500fc9713850cd8,72,Non-controlling interests,"1,000"
heineken,balance_sheet,25,Non-controlling interests,1,EUR,currency,1000000,2021-12-31,2344,2344,1,matched,2021,c1a9a847a67b32fc1bce671ae2590e5e0a085c964c0c507a2500fc9713850cd8,72,Non-controlling interests,"2,344"
heineken,balance_sheet,25,Non-controlling interests,1,EUR,currency,1000000,2022-12-31,2369,2369,1,matched,2023,1b35e06fb6f9b3ed93770966755327a0a6f6911275ef63321c113ba6e83d8ac3,76,Non-controlling interests,"2,369"
heineken,balance_sheet,25,Non-controlling interests,1,EUR,currency,1000000,2023-12-31,2733,2733,1,matched,2023,1b35e06fb6f9b3ed93770966755327a0a6f6911275ef63321c113ba6e83d8ac3,76,Non-controlling interests,"2,733"
heineken,balance_sheet,25,Non-controlling interests,1,EUR,currency,1000000,2024-12-31,2821,2821,1,matched,2025,2dee3a7ac14103566f798aff09ce15bc354815c0848d2831fcb99d71bdfad259,85,Non-controlling interests,"2,821"
heineken,balance_sheet,25,Non-controlling interests,1,EUR,currency,1000000,2025-12-31,2636,2636,1,matched,2025,2dee3a7ac14103566f798aff09ce15bc354815c0848d2831fcb99d71bdfad259,85,Non-controlling interests,"2,636"
heineken,balance_sheet,26,Total equity,1,EUR,currency,1000000,2016-12-31,14573,14573,1,matched,2017,9bd4a750fe4b871c062b1c64d7198474a2a5c96841286f6e96a32a076398ba95,60,Total equity,"14,573"
heineken,balance_sheet,26,Total equity,1,EUR,currency,1000000,2017-12-31,14521,14521,1,matched,2017,9bd4a750fe4b871c062b1c64d7198474a2a5c96841286f6e96a32a076398ba95,60,Total equity,"14,521"
heineken,balance_sheet,26,Total equity,1,EUR,currency,1000000,2018-12-31,15708,15708,1,matched,2019,cca80d203bfccb86a381b20bb7641ad3f24ee218104fed0e07d230020484e494,65,Total equity,"15,708"
heineken,balance_sheet,26,Total equity,1,EUR,currency,1000000,2019-12-31,17311,17311,1,matched,2019,cca80d203bfccb86a381b20bb7641ad3f24ee218104fed0e07d230020484e494,65,Total equity,"17,311"
heineken,balance_sheet,26,Total equity,1,EUR,currency,1000000,2020-12-31,14392,14392,1,matched,2021,c1a9a847a67b32fc1bce671ae2590e5e0a085c964c0c507a2500fc9713850cd8,72,Total equity,"14,392"
heineken,balance_sheet,26,Total equity,1,EUR,currency,1000000,2021-12-31,19700,19700,1,matched,2021,c1a9a847a67b32fc1bce671ae2590e5e0a085c964c0c507a2500fc9713850cd8,72,Total equity,"19,700"
heineken,balance_sheet,26,Total equity,1,EUR,currency,1000000,2022-12-31,21920,21920,1,matched,2023,1b35e06fb6f9b3ed93770966755327a0a6f6911275ef63321c113ba6e83d8ac3,76,Total equity,"21,920"
heineken,balance_sheet,26,Total equity,1,EUR,currency,1000000,2023-12-31,22789,22789,1,matched,2023,1b35e06fb6f9b3ed93770966755327a0a6f6911275ef63321c113ba6e83d8ac3,76,Total equity,"22,789"
heineken,balance_sheet,26,Total equity,1,EUR,currency,1000000,2024-12-31,22402,22402,1,matched,2025,2dee3a7ac14103566f798aff09ce15bc354815c0848d2831fcb99d71bdfad259,85,Total equity,"22,402"
heineken,balance_sheet,26,Total equity,1,EUR,currency,1000000,2025-12-31,20614,20614,1,matched,2025,2dee3a7ac14103566f798aff09ce15bc354815c0848d2831fcb99d71bdfad259,85,Total equity,"20,614"
heineken,balance_sheet,27,Borrowings,1,EUR,currency,1000000,2016-12-31,10954,10954,1,matched,2017,9bd4a750fe4b871c062b1c64d7198474a2a5c96841286f6e96a32a076398ba95,60,Loans and borrowings,"10,954"
heineken,balance_sheet,27,Borrowings,1,EUR,currency,1000000,2017-12-31,12301,12301,1,matched,2017,9bd4a750fe4b871c062b1c64d7198474a2a5c96841286f6e96a32a076398ba95,60,Loans and borrowings,"12,301"
heineken,balance_sheet,27,Borrowings,1,EUR,currency,1000000,2018-12-31,12628,12628,1,matched,2019,cca80d203bfccb86a381b20bb7641ad3f24ee218104fed0e07d230020484e494,65,Borrowings,"12,628"
heineken,balance_sheet,27,Borrowings,1,EUR,currency,1000000,2019-12-31,13366,13366,1,matched,2019,cca80d203bfccb86a381b20bb7641ad3f24ee218104fed0e07d230020484e494,65,Borrowings,"13,366"
heineken,balance_sheet,27,Borrowings,1,EUR,currency,1000000,2020-12-31,14616,14616,1,matched,2021,c1a9a847a67b32fc1bce671ae2590e5e0a085c964c0c507a2500fc9713850cd8,72,Borrowings,"14,616"
heineken,balance_sheet,27,Borrowings,1,EUR,currency,1000000,2021-12-31,13640,13640,1,matched,2021,c1a9a847a67b32fc1bce671ae2590e5e0a085c964c0c507a2500fc9713850cd8,72,Borrowings,"13,640"
heineken,balance_sheet,27,Borrowings,1,EUR,currency,1000000,2022-12-31,12893,12893,1,matched,2023,1b35e06fb6f9b3ed93770966755327a0a6f6911275ef63321c113ba6e83d8ac3,76,Borrowings,"12,893"
heineken,balance_sheet,27,Borrowings,1,EUR,currency,1000000,2023-12-31,14046,14046,1,matched,2023,1b35e06fb6f9b3ed93770966755327a0a6f6911275ef63321c113ba6e83d8ac3,76,Borrowings,"14,046"
heineken,balance_sheet,27,Borrowings,1,EUR,currency,1000000,2024-12-31,13783,13783,1,matched,2025,2dee3a7ac14103566f798aff09ce15bc354815c0848d2831fcb99d71bdfad259,85,Borrowings,"13,783"
heineken,balance_sheet,27,Borrowings,1,EUR,currency,1000000,2025-12-31,16191,16191,1,matched,2025,2dee3a7ac14103566f798aff09ce15bc354815c0848d2831fcb99d71bdfad259,85,Borrowings,"16,191"
heineken,balance_sheet,28,Post-retirement obligations,1,EUR,currency,1000000,2016-12-31,,,0,blank_no_source,,,,,
heineken,balance_sheet,28,Post-retirement obligations,1,EUR,currency,1000000,2017-12-31,,,0,blank_no_source,,,,,
heineken,balance_sheet,28,Post-retirement obligations,1,EUR,currency,1000000,2018-12-31,954,954,1,matched,2019,cca80d203bfccb86a381b20bb7641ad3f24ee218104fed0e07d230020484e494,65,Post-retirement obligations,954
heineken,balance_sheet,28,Post-retirement obligations,1,EUR,currency,1000000,2019-12-31,1189,1189,1,matched,2019,cca80d203bfccb86a381b20bb7641ad3f24ee218104fed0e07d230020484e494,65,Post-retirement obligations,"1,189"
heineken,balance_sheet,28,Post-retirement obligations,1,EUR,currency,1000000,2020-12-31,938,938,1,matched,2021,c1a9a847a67b32fc1bce671ae2590e5e0a085c964c0c507a2500fc9713850cd8,72,Post-retirement obligations,938
heineken,balance_sheet,28,Post-retirement obligations,1,EUR,currency,1000000,2021-12-31,668,668,1,matched,2021,c1a9a847a67b32fc1bce671ae2590e5e0a085c964c0c507a2500fc9713850cd8,72,Post-retirement obligations,668
heineken,balance_sheet,28,Post-retirement obligations,1,EUR,currency,1000000,2022-12-31,568,568,1,matched,2023,1b35e06fb6f9b3ed93770966755327a0a6f6911275ef63321c113ba6e83d8ac3,76,Post-retirement obligations,568
heineken,balance_sheet,28,Post-retirement obligations,1,EUR,currency,1000000,2023-12-31,586,586,1,matched,2023,1b35e06fb6f9b3ed93770966755327a0a6f6911275ef63321c113ba6e83d8ac3,76,Post-retirement obligations,586
heineken,balance_sheet,28,Post-retirement obligations,1,EUR,currency,1000000,2024-12-31,519,519,1,matched,2025,2dee3a7ac14103566f798aff09ce15bc354815c0848d2831fcb99d71bdfad259,85,Post-retirement obligations,519
heineken,balance_sheet,28,Post-retirement obligations,1,EUR,currency,1000000,2025-12-31,542,542,1,matched,2025,2dee3a7ac14103566f798aff09ce15bc354815c0848d2831fcb99d71bdfad259,85,Post-retirement obligations,542
heineken,balance_sheet,29,Provisions,1,EUR,currency,1000000,2016-12-31,302,302,1,matched,2017,9bd4a750fe4b871c062b1c64d7198474a2a5c96841286f6e96a32a076398ba95,60,Provisions,302
heineken,balance_sheet,29,Provisions,1,EUR,currency,1000000,2017-12-31,970,970,1,matched,2017,9bd4a750fe4b871c062b1c64d7198474a2a5c96841286f6e96a32a076398ba95,60,Provisions,970
heineken,balance_sheet,29,Provisions,1,EUR,currency,1000000,2018-12-31,833,833,1,matched,2019,cca80d203bfccb86a381b20bb7641ad3f24ee218104fed0e07d230020484e494,65,Provisions,833
heineken,balance_sheet,29,Provisions,1,EUR,currency,1000000,2019-12-31,756,756,1,matched,2019,cca80d203bfccb86a381b20bb7641ad3f24ee218104fed0e07d230020484e494,65,Provisions,756
heineken,balance_sheet,29,Provisions,1,EUR,currency,1000000,2020-12-31,688,688,1,matched,2021,c1a9a847a67b32fc1bce671ae2590e5e0a085c964c0c507a2500fc9713850cd8,72,Provisions,688
heineken,balance_sheet,29,Provisions,1,EUR,currency,1000000,2021-12-31,636,636,1,matched,2021,c1a9a847a67b32fc1bce671ae2590e5e0a085c964c0c507a2500fc9713850cd8,72,Provisions,636
heineken,balance_sheet,29,Provisions,1,EUR,currency,1000000,2022-12-31,572,572,1,matched,2023,1b35e06fb6f9b3ed93770966755327a0a6f6911275ef63321c113ba6e83d8ac3,76,Provisions,572
heineken,balance_sheet,29,Provisions,1,EUR,currency,1000000,2023-12-31,627,627,1,matched,2023,1b35e06fb6f9b3ed93770966755327a0a6f6911275ef63321c113ba6e83d8ac3,76,Provisions,627
heineken,balance_sheet,29,Provisions,1,EUR,currency,1000000,2024-12-31,586,586,1,matched,2025,2dee3a7ac14103566f798aff09ce15bc354815c0848d2831fcb99d71bdfad259,85,Provisions,586
heineken,balance_sheet,29,Provisions,1,EUR,currency,1000000,2025-12-31,546,546,1,matched,2025,2dee3a7ac14103566f798aff09ce15bc354815c0848d2831fcb99d71bdfad259,85,Provisions,546
heineken,balance_sheet,30,Deferred tax liabilities,1,EUR,currency,1000000,2016-12-31,1672,1672,1,matched,2017,9bd4a750fe4b871c062b1c64d7198474a2a5c96841286f6e96a32a076398ba95,60,Deferred tax liabilities,"1,672"
heineken,balance_sheet,30,Deferred tax liabilities,1,EUR,currency,1000000,2017-12-31,1495,1495,1,matched,2017,9bd4a750fe4b871c062b1c64d7198474a2a5c96841286f6e96a32a076398ba95,60,Deferred tax liabilities,"1,495"
heineken,balance_sheet,30,Deferred tax liabilities,1,EUR,currency,1000000,2018-12-31,1431,1431,1,matched,2019,cca80d203bfccb86a381b20bb7641ad3f24ee218104fed0e07d230020484e494,65,Deferred tax liabilities,"1,431"
heineken,balance_sheet,30,Deferred tax liabilities,1,EUR,currency,1000000,2019-12-31,1422,1422,1,matched,2019,cca80d203bfccb86a381b20bb7641ad3f24ee218104fed0e07d230020484e494,65,Deferred tax liabilities,"1,422"
heineken,balance_sheet,30,Deferred tax liabilities,1,EUR,currency,1000000,2020-12-31,999,999,1,matched,2021,c1a9a847a67b32fc1bce671ae2590e5e0a085c964c0c507a2500fc9713850cd8,72,Deferred tax liabilities,999
heineken,balance_sheet,30,Deferred tax liabilities,1,EUR,currency,1000000,2021-12-31,1971,1971,1,matched,2021,c1a9a847a67b32fc1bce671ae2590e5e0a085c964c0c507a2500fc9713850cd8,72,Deferred tax liabilities,"1,971"
heineken,balance_sheet,30,Deferred tax liabilities,1,EUR,currency,1000000,2022-12-31,2138,2138,1,matched,2023,1b35e06fb6f9b3ed93770966755327a0a6f6911275ef63321c113ba6e83d8ac3,76,Deferred tax liabilities,"2,138"
heineken,balance_sheet,30,Deferred tax liabilities,1,EUR,currency,1000000,2023-12-31,2213,2213,1,matched,2023,1b35e06fb6f9b3ed93770966755327a0a6f6911275ef63321c113ba6e83d8ac3,76,Deferred tax liabilities,"2,213"
heineken,balance_sheet,30,Deferred tax liabilities,1,EUR,currency,1000000,2024-12-31,2155,2155,1,matched,2025,2dee3a7ac14103566f798aff09ce15bc354815c0848d2831fcb99d71bdfad259,85,Deferred tax liabilities,"2,155"
heineken,balance_sheet,30,Deferred tax liabilities,1,EUR,currency,1000000,2025-12-31,1820,1820,1,matched,2025,2dee3a7ac14103566f798aff09ce15bc354815c0848d2831fcb99d71bdfad259,85,Deferred tax liabilities,"1,820"
heineken,balance_sheet,31,Other non-current liabilities,1,EUR,currency,1000000,2016-12-31,,,0,blank_no_source,,,,,
heineken,balance_sheet,31,Other non-current liabilities,1,EUR,currency,1000000,2017-12-31,,,0,blank_no_source,,,,,
heineken,balance_sheet,31,Other non-current liabilities,1,EUR,currency,1000000,2018-12-31,168,168,1,matched,2019,cca80d203bfccb86a381b20bb7641ad3f24ee218104fed0e07d230020484e494,65,Other non-current liabilities,168
heineken,balance_sheet,31,Other non-current liabilities,1,EUR,currency,1000000,2019-12-31,153,153,1,matched,2019,cca80d203bfccb86a381b20bb7641ad3f24ee218104fed0e07d230020484e494,65,Other non-current liabilities,153
heineken,balance_sheet,31,Other non-current liabilities,1,EUR,currency,1000000,2020-12-31,131,131,1,matched,2021,c1a9a847a67b32fc1bce671ae2590e5e0a085c964c0c507a2500fc9713850cd8,72,Other non-current liabilities,131
heineken,balance_sheet,31,Other non-current liabilities,1,EUR,currency,1000000,2021-12-31,141,141,1,matched,2021,c1a9a847a67b32fc1bce671ae2590e5e0a085c964c0c507a2500fc9713850cd8,72,Other non-current liabilities,141
heineken,balance_sheet,31,Other non-current liabilities,1,EUR,currency,1000000,2022-12-31,125,125,1,matched,2023,1b35e06fb6f9b3ed93770966755327a0a6f6911275ef63321c113ba6e83d8ac3,76,Other non-current liabilities,125
heineken,balance_sheet,31,Other non-current liabilities,1,EUR,currency,1000000,2023-12-31,67,67,1,matched,2023,1b35e06fb6f9b3ed93770966755327a0a6f6911275ef63321c113ba6e83d8ac3,76,Other non-current liabilities,67
heineken,balance_sheet,31,Other non-current liabilities,1,EUR,currency,1000000,2024-12-31,90,90,1,matched,2025,2dee3a7ac14103566f798aff09ce15bc354815c0848d2831fcb99d71bdfad259,85,Other non-current liabilities,90
heineken,balance_sheet,31,Other non-current liabilities,1,EUR,currency,1000000,2025-12-31,108,108,1,matched,2025,2dee3a7ac14103566f798aff09ce15bc354815c0848d2831fcb99d71bdfad259,85,Other non-current liabilities,108
heineken,balance_sheet,32,Tax liabilities,1,EUR,currency,1000000,2016-12-31,3,3,1,matched,2017,9bd4a750fe4b871c062b1c64d7198474a2a5c96841286f6e96a32a076398ba95,60,Tax liabilities,3
heineken,balance_sheet,32,Tax liabilities,1,EUR,currency,1000000,2017-12-31,—,—,1,matched,2017,9bd4a750fe4b871c062b1c64d7198474a2a5c96841286f6e96a32a076398ba95,60,Tax liabilities,–
heineken,balance_sheet,32,Tax liabilities,1,EUR,currency,1000000,2018-12-31,,,0,blank_no_source,,,,,
heineken,balance_sheet,32,Tax liabilities,1,EUR,currency,1000000,2019-12-31,,,0,blank_no_source,,,,,
heineken,balance_sheet,32,Tax liabilities,1,EUR,currency,1000000,2020-12-31,,,0,blank_no_source,,,,,
heineken,balance_sheet,32,Tax liabilities,1,EUR,currency,1000000,2021-12-31,,,0,blank_no_source,,,,,
heineken,balance_sheet,32,Tax liabilities,1,EUR,currency,1000000,2022-12-31,,,0,blank_no_source,,,,,
heineken,balance_sheet,32,Tax liabilities,1,EUR,currency,1000000,2023-12-31,,,0,blank_no_source,,,,,
heineken,balance_sheet,32,Tax liabilities,1,EUR,currency,1000000,2024-12-31,,,0,blank_no_source,,,,,
heineken,balance_sheet,32,Tax liabilities,1,EUR,currency,1000000,2025-12-31,,,0,blank_no_source,,,,,
heineken,balance_sheet,33,Employee benefits,1,EUR,currency,1000000,2016-12-31,1420,1420,1,matched,2017,9bd4a750fe4b871c062b1c64d7198474a2a5c96841286f6e96a32a076398ba95,60,Employee benefits,"1,420"
heineken,balance_sheet,33,Employee benefits,1,EUR,currency,1000000,2017-12-31,1289,1289,1,matched,2017,9bd4a750fe4b871c062b1c64d7198474a2a5c96841286f6e96a32a076398ba95,60,Employee benefits,"1,289"
heineken,balance_sheet,33,Employee benefits,1,EUR,currency,1000000,2018-12-31,,,0,blank_no_source,,,,,
heineken,balance_sheet,33,Employee benefits,1,EUR,currency,1000000,2019-12-31,,,0,blank_no_source,,,,,
heineken,balance_sheet,33,Employee benefits,1,EUR,currency,1000000,2020-12-31,,,0,blank_no_source,,,,,
heineken,balance_sheet,33,Employee benefits,1,EUR,currency,1000000,2021-12-31,,,0,blank_no_source,,,,,
heineken,balance_sheet,33,Employee benefits,1,EUR,currency,1000000,2022-12-31,,,0,blank_no_source,,,,,
heineken,balance_sheet,33,Employee benefits,1,EUR,currency,1000000,2023-12-31,,,0,blank_no_source,,,,,
heineken,balance_sheet,33,Employee benefits,1,EUR,currency,1000000,2024-12-31,,,0,blank_no_source,,,,,
heineken,balance_sheet,33,Employee benefits,1,EUR,currency,1000000,2025-12-31,,,0,blank_no_source,,,,,
heineken,balance_sheet,34,Bank overdrafts and commercial papers,1,EUR,currency,1000000,2016-12-31,1669,1669,1,matched,2017,9bd4a750fe4b871c062b1c64d7198474a2a5c96841286f6e96a32a076398ba95,60,Bank overdrafts and commercial papers,"1,669"
heineken,balance_sheet,34,Bank overdrafts and commercial papers,1,EUR,currency,1000000,2017-12-31,1265,1265,1,matched,2017,9bd4a750fe4b871c062b1c64d7198474a2a5c96841286f6e96a32a076398ba95,60,Bank overdrafts and commercial papers,"1,265"
heineken,balance_sheet,34,Bank overdrafts and commercial papers,1,EUR,currency,1000000,2018-12-31,,,0,blank_no_source,,,,,
heineken,balance_sheet,34,Bank overdrafts and commercial papers,1,EUR,currency,1000000,2019-12-31,,,0,blank_no_source,,,,,
heineken,balance_sheet,34,Bank overdrafts and commercial papers,1,EUR,currency,1000000,2020-12-31,,,0,blank_no_source,,,,,
heineken,balance_sheet,34,Bank overdrafts and commercial papers,1,EUR,currency,1000000,2021-12-31,,,0,blank_no_source,,,,,
heineken,balance_sheet,34,Bank overdrafts and commercial papers,1,EUR,currency,1000000,2022-12-31,,,0,blank_no_source,,,,,
heineken,balance_sheet,34,Bank overdrafts and commercial papers,1,EUR,currency,1000000,2023-12-31,,,0,blank_no_source,,,,,
heineken,balance_sheet,34,Bank overdrafts and commercial papers,1,EUR,currency,1000000,2024-12-31,,,0,blank_no_source,,,,,
heineken,balance_sheet,34,Bank overdrafts and commercial papers,1,EUR,currency,1000000,2025-12-31,,,0,blank_no_source,,,,,
heineken,balance_sheet,35,Total non-current liabilities,1,EUR,currency,1000000,2016-12-31,14351,14351,1,matched,2017,9bd4a750fe4b871c062b1c64d7198474a2a5c96841286f6e96a32a076398ba95,60,Total non-current liabilities,"14,351"
heineken,balance_sheet,35,Total non-current liabilities,1,EUR,currency,1000000,2017-12-31,16055,16055,1,matched,2017,9bd4a750fe4b871c062b1c64d7198474a2a5c96841286f6e96a32a076398ba95,60,Total non-current liabilities,"16,055"
heineken,balance_sheet,35,Total non-current liabilities,1,EUR,currency,1000000,2018-12-31,16014,16014,1,matched,2019,cca80d203bfccb86a381b20bb7641ad3f24ee218104fed0e07d230020484e494,65,Total non-current liabilities,"16,014"
heineken,balance_sheet,35,Total non-current liabilities,1,EUR,currency,1000000,2019-12-31,16886,16886,1,matched,2019,cca80d203bfccb86a381b20bb7641ad3f24ee218104fed0e07d230020484e494,65,Total non-current liabilities,"16,886"
heineken,balance_sheet,35,Total non-current liabilities,1,EUR,currency,1000000,2020-12-31,17372,17372,1,matched,2021,c1a9a847a67b32fc1bce671ae2590e5e0a085c964c0c507a2500fc9713850cd8,72,Total non-current liabilities,"17,372"
heineken,balance_sheet,35,Total non-current liabilities,1,EUR,currency,1000000,2021-12-31,17056,17056,1,matched,2021,c1a9a847a67b32fc1bce671ae2590e5e0a085c964c0c507a2500fc9713850cd8,72,Total non-current liabilities,"17,056"
heineken,balance_sheet,35,Total non-current liabilities,1,EUR,currency,1000000,2022-12-31,16296,16296,1,matched,2023,1b35e06fb6f9b3ed93770966755327a0a6f6911275ef63321c113ba6e83d8ac3,76,Total non-current liabilities,"16,296"
heineken,balance_sheet,35,Total non-current liabilities,1,EUR,currency,1000000,2023-12-31,17539,17539,1,matched,2023,1b35e06fb6f9b3ed93770966755327a0a6f6911275ef63321c113ba6e83d8ac3,76,Total non-current liabilities,"17,539"
heineken,balance_sheet,35,Total non-current liabilities,1,EUR,currency,1000000,2024-12-31,17133,17133,1,matched,2025,2dee3a7ac14103566f798aff09ce15bc354815c0848d2831fcb99d71bdfad259,85,Total non-current liabilities,"17,133"
heineken,balance_sheet,35,Total non-current liabilities,1,EUR,currency,1000000,2025-12-31,19207,19207,1,matched,2025,2dee3a7ac14103566f798aff09ce15bc354815c0848d2831fcb99d71bdfad259,85,Total non-current liabilities,"19,207"
heineken,balance_sheet,36,Borrowings,2,EUR,currency,1000000,2016-12-31,1981,1981,1,matched,2017,9bd4a750fe4b871c062b1c64d7198474a2a5c96841286f6e96a32a076398ba95,60,Loans and borrowings,"1,981"
heineken,balance_sheet,36,Borrowings,2,EUR,currency,1000000,2017-12-31,1947,1947,1,matched,2017,9bd4a750fe4b871c062b1c64d7198474a2a5c96841286f6e96a32a076398ba95,60,Loans and borrowings,"1,947"
heineken,balance_sheet,36,Borrowings,2,EUR,currency,1000000,2018-12-31,2358,2358,1,matched,2019,cca80d203bfccb86a381b20bb7641ad3f24ee218104fed0e07d230020484e494,65,Borrowings,"2,358"
heineken,balance_sheet,36,Borrowings,2,EUR,currency,1000000,2019-12-31,3686,3686,1,matched,2019,cca80d203bfccb86a381b20bb7641ad3f24ee218104fed0e07d230020484e494,65,Borrowings,"3,686"
heineken,balance_sheet,36,Borrowings,2,EUR,currency,1000000,2020-12-31,3580,3580,1,matched,2021,c1a9a847a67b32fc1bce671ae2590e5e0a085c964c0c507a2500fc9713850cd8,72,Borrowings,"3,580"
heineken,balance_sheet,36,Borrowings,2,EUR,currency,1000000,2021-12-31,3233,3233,1,matched,2021,c1a9a847a67b32fc1bce671ae2590e5e0a085c964c0c507a2500fc9713850cd8,72,Borrowings,"3,233"
heineken,balance_sheet,36,Borrowings,2,EUR,currency,1000000,2022-12-31,3484,3484,1,matched,2023,1b35e06fb6f9b3ed93770966755327a0a6f6911275ef63321c113ba6e83d8ac3,76,Borrowings,"3,484"
heineken,balance_sheet,36,Borrowings,2,EUR,currency,1000000,2023-12-31,4192,4192,1,matched,2023,1b35e06fb6f9b3ed93770966755327a0a6f6911275ef63321c113ba6e83d8ac3,76,Borrowings,"4,192"
heineken,balance_sheet,36,Borrowings,2,EUR,currency,1000000,2024-12-31,3266,3266,1,matched,2025,2dee3a7ac14103566f798aff09ce15bc354815c0848d2831fcb99d71bdfad259,85,Borrowings,"3,266"
heineken,balance_sheet,36,Borrowings,2,EUR,currency,1000000,2025-12-31,3088,3088,1,matched,2025,2dee3a7ac14103566f798aff09ce15bc354815c0848d2831fcb99d71bdfad259,85,Borrowings,"3,088"
heineken,balance_sheet,37,Trade and other payables,1,EUR,currency,1000000,2016-12-31,6224,6224,1,matched,2017,9bd4a750fe4b871c062b1c64d7198474a2a5c96841286f6e96a32a076398ba95,60,Trade and other payables,"6,224"
heineken,balance_sheet,37,Trade and other payables,1,EUR,currency,1000000,2017-12-31,6756,6756,1,matched,2017,9bd4a750fe4b871c062b1c64d7198474a2a5c96841286f6e96a32a076398ba95,60,Trade and other payables,"6,756"
heineken,balance_sheet,37,Trade and other payables,1,EUR,currency,1000000,2018-12-31,6891,6891,1,matched,2019,cca80d203bfccb86a381b20bb7641ad3f24ee218104fed0e07d230020484e494,65,Trade and other payables,"6,891"
heineken,balance_sheet,37,Trade and other payables,1,EUR,currency,1000000,2019-12-31,7520,7520,1,matched,2019,cca80d203bfccb86a381b20bb7641ad3f24ee218104fed0e07d230020484e494,65,Trade and other payables,"7,520"
heineken,balance_sheet,37,Trade and other payables,1,EUR,currency,1000000,2020-12-31,6107,6107,1,matched,2021,c1a9a847a67b32fc1bce671ae2590e5e0a085c964c0c507a2500fc9713850cd8,72,Trade and other payables,"6,107"
heineken,balance_sheet,37,Trade and other payables,1,EUR,currency,1000000,2021-12-31,7750,7750,1,matched,2021,c1a9a847a67b32fc1bce671ae2590e5e0a085c964c0c507a2500fc9713850cd8,72,Trade and other payables,"7,750"
heineken,balance_sheet,37,Trade and other payables,1,EUR,currency,1000000,2022-12-31,9283,9283,1,matched,2023,1b35e06fb6f9b3ed93770966755327a0a6f6911275ef63321c113ba6e83d8ac3,76,Trade and other payables,"9,283"
heineken,balance_sheet,37,Trade and other payables,1,EUR,currency,1000000,2023-12-31,9432,9432,1,matched,2023,1b35e06fb6f9b3ed93770966755327a0a6f6911275ef63321c113ba6e83d8ac3,76,Trade and other payables,"9,432"
heineken,balance_sheet,37,Trade and other payables,1,EUR,currency,1000000,2024-12-31,9912,9912,1,matched,2025,2dee3a7ac14103566f798aff09ce15bc354815c0848d2831fcb99d71bdfad259,85,Trade and other payables,"9,912"
heineken,balance_sheet,37,Trade and other payables,1,EUR,currency,1000000,2025-12-31,9548,9548,1,matched,2025,2dee3a7ac14103566f798aff09ce15bc354815c0848d2831fcb99d71bdfad259,85,Trade and other payables,"9,548"
heineken,balance_sheet,38,Returnable packaging deposits,1,EUR,currency,1000000,2016-12-31,,,0,blank_no_source,,,,,
heineken,balance_sheet,38,Returnable packaging deposits,1,EUR,currency,1000000,2017-12-31,,,0,blank_no_source,,,,,
heineken,balance_sheet,38,Returnable packaging deposits,1,EUR,currency,1000000,2018-12-31,569,569,1,matched,2019,cca80d203bfccb86a381b20bb7641ad3f24ee218104fed0e07d230020484e494,65,Returnable packaging deposits,569
heineken,balance_sheet,38,Returnable packaging deposits,1,EUR,currency,1000000,2019-12-31,565,565,1,matched,2019,cca80d203bfccb86a381b20bb7641ad3f24ee218104fed0e07d230020484e494,65,Returnable packaging deposits,565
heineken,balance_sheet,38,Returnable packaging deposits,1,EUR,currency,1000000,2020-12-31,454,454,1,matched,2021,c1a9a847a67b32fc1bce671ae2590e5e0a085c964c0c507a2500fc9713850cd8,72,Returnable packaging deposits,454
heineken,balance_sheet,38,Returnable packaging deposits,1,EUR,currency,1000000,2021-12-31,476,476,1,matched,2021,c1a9a847a67b32fc1bce671ae2590e5e0a085c964c0c507a2500fc9713850cd8,72,Returnable packaging deposits,476
heineken,balance_sheet,38,Returnable packaging deposits,1,EUR,currency,1000000,2022-12-31,545,545,1,matched,2023,1b35e06fb6f9b3ed93770966755327a0a6f6911275ef63321c113ba6e83d8ac3,76,Returnable packaging deposits,545
heineken,balance_sheet,38,Returnable packaging deposits,1,EUR,currency,1000000,2023-12-31,531,531,1,matched,2023,1b35e06fb6f9b3ed93770966755327a0a6f6911275ef63321c113ba6e83d8ac3,76,Returnable packaging deposits,531
heineken,balance_sheet,38,Returnable packaging deposits,1,EUR,currency,1000000,2024-12-31,525,525,1,matched,2025,2dee3a7ac14103566f798aff09ce15bc354815c0848d2831fcb99d71bdfad259,85,Returnable packaging deposits,525
heineken,balance_sheet,38,Returnable packaging deposits,1,EUR,currency,1000000,2025-12-31,543,543,1,matched,2025,2dee3a7ac14103566f798aff09ce15bc354815c0848d2831fcb99d71bdfad259,85,Returnable packaging deposits,543
heineken,balance_sheet,39,Provisions,2,EUR,currency,1000000,2016-12-31,154,154,1,matched,2017,9bd4a750fe4b871c062b1c64d7198474a2a5c96841286f6e96a32a076398ba95,60,Provisions,154
heineken,balance_sheet,39,Provisions,2,EUR,currency,1000000,2017-12-31,178,178,1,matched,2017,9bd4a750fe4b871c062b1c64d7198474a2a5c96841286f6e96a32a076398ba95,60,Provisions,178
heineken,balance_sheet,39,Provisions,2,EUR,currency,1000000,2018-12-31,164,164,1,matched,2019,cca80d203bfccb86a381b20bb7641ad3f24ee218104fed0e07d230020484e494,65,Provisions,164
heineken,balance_sheet,39,Provisions,2,EUR,currency,1000000,2019-12-31,184,184,1,matched,2019,cca80d203bfccb86a381b20bb7641ad3f24ee218104fed0e07d230020484e494,65,Provisions,184
heineken,balance_sheet,39,Provisions,2,EUR,currency,1000000,2020-12-31,416,416,1,matched,2021,c1a9a847a67b32fc1bce671ae2590e5e0a085c964c0c507a2500fc9713850cd8,72,Provisions,416
heineken,balance_sheet,39,Provisions,2,EUR,currency,1000000,2021-12-31,301,301,1,matched,2021,c1a9a847a67b32fc1bce671ae2590e5e0a085c964c0c507a2500fc9713850cd8,72,Provisions,301
heineken,balance_sheet,39,Provisions,2,EUR,currency,1000000,2022-12-31,226,226,1,matched,2023,1b35e06fb6f9b3ed93770966755327a0a6f6911275ef63321c113ba6e83d8ac3,76,Provisions,226
heineken,balance_sheet,39,Provisions,2,EUR,currency,1000000,2023-12-31,206,206,1,matched,2023,1b35e06fb6f9b3ed93770966755327a0a6f6911275ef63321c113ba6e83d8ac3,76,Provisions,206
heineken,balance_sheet,39,Provisions,2,EUR,currency,1000000,2024-12-31,176,176,1,matched,2025,2dee3a7ac14103566f798aff09ce15bc354815c0848d2831fcb99d71bdfad259,85,Provisions,176
heineken,balance_sheet,39,Provisions,2,EUR,currency,1000000,2025-12-31,302,302,1,matched,2025,2dee3a7ac14103566f798aff09ce15bc354815c0848d2831fcb99d71bdfad259,85,Provisions,302
heineken,balance_sheet,40,Current tax liabilities,1,EUR,currency,1000000,2016-12-31,352,352,1,matched,2017,9bd4a750fe4b871c062b1c64d7198474a2a5c96841286f6e96a32a076398ba95,60,Current tax liabilities,352
heineken,balance_sheet,40,Current tax liabilities,1,EUR,currency,1000000,2017-12-31,310,310,1,matched,2017,9bd4a750fe4b871c062b1c64d7198474a2a5c96841286f6e96a32a076398ba95,60,Current tax liabilities,310
heineken,balance_sheet,40,Current tax liabilities,1,EUR,currency,1000000,2018-12-31,245,245,1,matched,2019,cca80d203bfccb86a381b20bb7641ad3f24ee218104fed0e07d230020484e494,65,Current tax liabilities,245
heineken,balance_sheet,40,Current tax liabilities,1,EUR,currency,1000000,2019-12-31,283,283,1,matched,2019,cca80d203bfccb86a381b20bb7641ad3f24ee218104fed0e07d230020484e494,65,Current tax liabilities,283
heineken,balance_sheet,40,Current tax liabilities,1,EUR,currency,1000000,2020-12-31,259,259,1,matched,2021,c1a9a847a67b32fc1bce671ae2590e5e0a085c964c0c507a2500fc9713850cd8,72,Current tax liabilities,259
heineken,balance_sheet,40,Current tax liabilities,1,EUR,currency,1000000,2021-12-31,268,268,1,matched,2021,c1a9a847a67b32fc1bce671ae2590e5e0a085c964c0c507a2500fc9713850cd8,72,Current tax liabilities,268
heineken,balance_sheet,40,Current tax liabilities,1,EUR,currency,1000000,2022-12-31,352,352,1,matched,2023,1b35e06fb6f9b3ed93770966755327a0a6f6911275ef63321c113ba6e83d8ac3,76,Current tax liabilities,352
heineken,balance_sheet,40,Current tax liabilities,1,EUR,currency,1000000,2023-12-31,332,332,1,matched,2023,1b35e06fb6f9b3ed93770966755327a0a6f6911275ef63321c113ba6e83d8ac3,76,Current tax liabilities,332
heineken,balance_sheet,40,Current tax liabilities,1,EUR,currency,1000000,2024-12-31,307,307,1,matched,2025,2dee3a7ac14103566f798aff09ce15bc354815c0848d2831fcb99d71bdfad259,85,Current tax liabilities,307
heineken,balance_sheet,40,Current tax liabilities,1,EUR,currency,1000000,2025-12-31,307,307,1,matched,2025,2dee3a7ac14103566f798aff09ce15bc354815c0848d2831fcb99d71bdfad259,85,Current tax liabilities,307
heineken,balance_sheet,41,Derivative liabilities,1,EUR,currency,1000000,2016-12-31,,,0,blank_no_source,,,,,
heineken,balance_sheet,41,Derivative liabilities,1,EUR,currency,1000000,2017-12-31,,,0,blank_no_source,,,,,
heineken,balance_sheet,41,Derivative liabilities,1,EUR,currency,1000000,2018-12-31,70,70,1,matched,2019,cca80d203bfccb86a381b20bb7641ad3f24ee218104fed0e07d230020484e494,65,Derivative liabilities,70
heineken,balance_sheet,41,Derivative liabilities,1,EUR,currency,1000000,2019-12-31,69,69,1,matched,2019,cca80d203bfccb86a381b20bb7641ad3f24ee218104fed0e07d230020484e494,65,Derivative liabilities,69
heineken,balance_sheet,41,Derivative liabilities,1,EUR,currency,1000000,2020-12-31,52,52,1,matched,2021,c1a9a847a67b32fc1bce671ae2590e5e0a085c964c0c507a2500fc9713850cd8,72,Derivative liabilities,52
heineken,balance_sheet,41,Derivative liabilities,1,EUR,currency,1000000,2021-12-31,46,46,1,matched,2021,c1a9a847a67b32fc1bce671ae2590e5e0a085c964c0c507a2500fc9713850cd8,72,Derivative liabilities,46
heineken,balance_sheet,41,Derivative liabilities,1,EUR,currency,1000000,2022-12-31,119,119,1,matched,2023,1b35e06fb6f9b3ed93770966755327a0a6f6911275ef63321c113ba6e83d8ac3,76,Derivative liabilities,119
heineken,balance_sheet,41,Derivative liabilities,1,EUR,currency,1000000,2023-12-31,132,132,1,matched,2023,1b35e06fb6f9b3ed93770966755327a0a6f6911275ef63321c113ba6e83d8ac3,76,Derivative liabilities,132
heineken,balance_sheet,41,Derivative liabilities,1,EUR,currency,1000000,2024-12-31,52,52,1,matched,2025,2dee3a7ac14103566f798aff09ce15bc354815c0848d2831fcb99d71bdfad259,85,Derivative liabilities,52
heineken,balance_sheet,41,Derivative liabilities,1,EUR,currency,1000000,2025-12-31,144,144,1,matched,2025,2dee3a7ac14103566f798aff09ce15bc354815c0848d2831fcb99d71bdfad259,85,Derivative liabilities,144
heineken,balance_sheet,42,Liabilities associated with assets classified as held for sale,1,EUR,currency,1000000,2016-12-31,17,17,1,matched,2017,9bd4a750fe4b871c062b1c64d7198474a2a5c96841286f6e96a32a076398ba95,60,Liabilities associated with assets classified as held for sale,17
heineken,balance_sheet,42,Liabilities associated with assets classified as held for sale,1,EUR,currency,1000000,2017-12-31,2,2,1,matched,2017,9bd4a750fe4b871c062b1c64d7198474a2a5c96841286f6e96a32a076398ba95,60,Liabilities associated with assets classified as held for sale,2
heineken,balance_sheet,42,Liabilities associated with assets classified as held for sale,1,EUR,currency,1000000,2018-12-31,132,132,1,matched,2019,cca80d203bfccb86a381b20bb7641ad3f24ee218104fed0e07d230020484e494,65,Liabilities associated with assets classified as held for sale,132
heineken,balance_sheet,42,Liabilities associated with assets classified as held for sale,1,EUR,currency,1000000,2019-12-31,—,—,1,matched,2019,cca80d203bfccb86a381b20bb7641ad3f24ee218104fed0e07d230020484e494,65,Liabilities associated with assets classified as held for sale,–
heineken,balance_sheet,42,Liabilities associated with assets classified as held for sale,1,EUR,currency,1000000,2020-12-31,—,—,1,matched,2021,c1a9a847a67b32fc1bce671ae2590e5e0a085c964c0c507a2500fc9713850cd8,72,Liabilities associated with assets classified as held for sale,—
heineken,balance_sheet,42,Liabilities associated with assets classified as held for sale,1,EUR,currency,1000000,2021-12-31,20,20,1,matched,2021,c1a9a847a67b32fc1bce671ae2590e5e0a085c964c0c507a2500fc9713850cd8,72,Liabilities associated with assets classified as held for sale,20
heineken,balance_sheet,42,Liabilities associated with assets classified as held for sale,1,EUR,currency,1000000,2022-12-31,181,181,1,matched,2023,1b35e06fb6f9b3ed93770966755327a0a6f6911275ef63321c113ba6e83d8ac3,76,Liabilities associated with assets classified as held for sale,181
heineken,balance_sheet,42,Liabilities associated with assets classified as held for sale,1,EUR,currency,1000000,2023-12-31,—,—,1,matched,2023,1b35e06fb6f9b3ed93770966755327a0a6f6911275ef63321c113ba6e83d8ac3,76,Liabilities associated with assets classified as held for sale,—
heineken,balance_sheet,42,Liabilities associated with assets classified as held for sale,1,EUR,currency,1000000,2024-12-31,,,0,blank_no_source,,,,,
heineken,balance_sheet,42,Liabilities associated with assets classified as held for sale,1,EUR,currency,1000000,2025-12-31,,,0,blank_no_source,,,,,
heineken,balance_sheet,43,Total current liabilities,1,EUR,currency,1000000,2016-12-31,10397,10397,1,matched,2017,9bd4a750fe4b871c062b1c64d7198474a2a5c96841286f6e96a32a076398ba95,60,Total current liabilities,"10,397"
heineken,balance_sheet,43,Total current liabilities,1,EUR,currency,1000000,2017-12-31,10458,10458,1,matched,2017,9bd4a750fe4b871c062b1c64d7198474a2a5c96841286f6e96a32a076398ba95,60,Total current liabilities,"10,458"
heineken,balance_sheet,43,Total current liabilities,1,EUR,currency,1000000,2018-12-31,10429,10429,1,matched,2019,cca80d203bfccb86a381b20bb7641ad3f24ee218104fed0e07d230020484e494,65,Total current liabilities,"10,429"
heineken,balance_sheet,43,Total current liabilities,1,EUR,currency,1000000,2019-12-31,12307,12307,1,matched,2019,cca80d203bfccb86a381b20bb7641ad3f24ee218104fed0e07d230020484e494,65,Total current liabilities,"12,307"
heineken,balance_sheet,43,Total current liabilities,1,EUR,currency,1000000,2020-12-31,10868,10868,1,matched,2021,c1a9a847a67b32fc1bce671ae2590e5e0a085c964c0c507a2500fc9713850cd8,72,Total current liabilities,"10,868"
heineken,balance_sheet,43,Total current liabilities,1,EUR,currency,1000000,2021-12-31,12094,12094,1,matched,2021,c1a9a847a67b32fc1bce671ae2590e5e0a085c964c0c507a2500fc9713850cd8,72,Total current liabilities,"12,094"
heineken,balance_sheet,43,Total current liabilities,1,EUR,currency,1000000,2022-12-31,14190,14190,1,matched,2023,1b35e06fb6f9b3ed93770966755327a0a6f6911275ef63321c113ba6e83d8ac3,76,Total current liabilities,"14,190"
heineken,balance_sheet,43,Total current liabilities,1,EUR,currency,1000000,2023-12-31,14825,14825,1,matched,2023,1b35e06fb6f9b3ed93770966755327a0a6f6911275ef63321c113ba6e83d8ac3,76,Total current liabilities,"14,825"
heineken,balance_sheet,43,Total current liabilities,1,EUR,currency,1000000,2024-12-31,14238,14238,1,matched,2025,2dee3a7ac14103566f798aff09ce15bc354815c0848d2831fcb99d71bdfad259,85,Total current liabilities,"14,238"
heineken,balance_sheet,43,Total current liabilities,1,EUR,currency,1000000,2025-12-31,13932,13932,1,matched,2025,2dee3a7ac14103566f798aff09ce15bc354815c0848d2831fcb99d71bdfad259,85,Total current liabilities,"13,932"
heineken,balance_sheet,44,Total liabilities,1,EUR,currency,1000000,2016-12-31,24748,24748,1,matched,2017,9bd4a750fe4b871c062b1c64d7198474a2a5c96841286f6e96a32a076398ba95,60,Total liabilities,"24,748"
heineken,balance_sheet,44,Total liabilities,1,EUR,currency,1000000,2017-12-31,26513,26513,1,matched,2017,9bd4a750fe4b871c062b1c64d7198474a2a5c96841286f6e96a32a076398ba95,60,Total liabilities,"26,513"
heineken,balance_sheet,44,Total liabilities,1,EUR,currency,1000000,2018-12-31,,,0,blank_no_source,,,,,
heineken,balance_sheet,44,Total liabilities,1,EUR,currency,1000000,2019-12-31,,,0,blank_no_source,,,,,
heineken,balance_sheet,44,Total liabilities,1,EUR,currency,1000000,2020-12-31,,,0,blank_no_source,,,,,
heineken,balance_sheet,44,Total liabilities,1,EUR,currency,1000000,2021-12-31,,,0,blank_no_source,,,,,
heineken,balance_sheet,44,Total liabilities,1,EUR,currency,1000000,2022-12-31,,,0,blank_no_source,,,,,
heineken,balance_sheet,44,Total liabilities,1,EUR,currency,1000000,2023-12-31,,,0,blank_no_source,,,,,
heineken,balance_sheet,44,Total liabilities,1,EUR,currency,1000000,2024-12-31,,,0,blank_no_source,,,,,
heineken,balance_sheet,44,Total liabilities,1,EUR,currency,1000000,2025-12-31,,,0,blank_no_source,,,,,
heineken,balance_sheet,45,Total equity and liabilities,1,EUR,currency,1000000,2016-12-31,39321,39321,1,matched,2017,9bd4a750fe4b871c062b1c64d7198474a2a5c96841286f6e96a32a076398ba95,60,Total equity and liabilities,"39,321"
heineken,balance_sheet,45,Total equity and liabilities,1,EUR,currency,1000000,2017-12-31,41034,41034,1,matched,2017,9bd4a750fe4b871c062b1c64d7198474a2a5c96841286f6e96a32a076398ba95,60,Total equity and liabilities,"41,034"
heineken,balance_sheet,45,Total equity and liabilities,1,EUR,currency,1000000,2018-12-31,42151,42151,1,matched,2019,cca80d203bfccb86a381b20bb7641ad3f24ee218104fed0e07d230020484e494,65,Total equity and liabilities,"42,151"
heineken,balance_sheet,45,Total equity and liabilities,1,EUR,currency,1000000,2019-12-31,46504,46504,1,matched,2019,cca80d203bfccb86a381b20bb7641ad3f24ee218104fed0e07d230020484e494,65,Total equity and liabilities,"46,504"
heineken,balance_sheet,45,Total equity and liabilities,1,EUR,currency,1000000,2020-12-31,42632,42632,1,matched,2021,c1a9a847a67b32fc1bce671ae2590e5e0a085c964c0c507a2500fc9713850cd8,72,Total equity and liabilities,"42,632"
heineken,balance_sheet,45,Total equity and liabilities,1,EUR,currency,1000000,2021-12-31,48850,48850,1,matched,2021,c1a9a847a67b32fc1bce671ae2590e5e0a085c964c0c507a2500fc9713850cd8,72,Total equity and liabilities,"48,850"
heineken,balance_sheet,45,Total equity and liabilities,1,EUR,currency,1000000,2022-12-31,52406,52406,1,matched,2023,1b35e06fb6f9b3ed93770966755327a0a6f6911275ef63321c113ba6e83d8ac3,76,Total equity and liabilities,"52,406"
heineken,balance_sheet,45,Total equity and liabilities,1,EUR,currency,1000000,2023-12-31,55153,55153,1,matched,2023,1b35e06fb6f9b3ed93770966755327a0a6f6911275ef63321c113ba6e83d8ac3,76,Total equity and liabilities,"55,153"
heineken,balance_sheet,45,Total equity and liabilities,1,EUR,currency,1000000,2024-12-31,53773,53773,1,matched,2025,2dee3a7ac14103566f798aff09ce15bc354815c0848d2831fcb99d71bdfad259,85,Total equity and liabilities,"53,773"
heineken,balance_sheet,45,Total equity and liabilities,1,EUR,currency,1000000,2025-12-31,53753,53753,1,matched,2025,2dee3a7ac14103566f798aff09ce15bc354815c0848d2831fcb99d71bdfad259,85,Total equity and liabilities,"53,753"
heineken,cash_flow,2,Profit,1,EUR,currency,1000000,2016-12-31,1739,1739,1,matched,2017,9bd4a750fe4b871c062b1c64d7198474a2a5c96841286f6e96a32a076398ba95,61-62,Profit,"1,739"
heineken,cash_flow,2,Profit,1,EUR,currency,1000000,2017-12-31,2153,2153,1,matched,2017,9bd4a750fe4b871c062b1c64d7198474a2a5c96841286f6e96a32a076398ba95,61-62,Profit,"2,153"
heineken,cash_flow,2,Profit,1,EUR,currency,1000000,2018-12-31,2105,2105,1,matched,2019,cca80d203bfccb86a381b20bb7641ad3f24ee218104fed0e07d230020484e494,66,Profit,"2,105"
heineken,cash_flow,2,Profit,1,EUR,currency,1000000,2019-12-31,2374,2374,1,matched,2019,cca80d203bfccb86a381b20bb7641ad3f24ee218104fed0e07d230020484e494,66,Profit,"2,374"
heineken,cash_flow,2,Profit,1,EUR,currency,1000000,2020-12-31,-88,-88,1,matched,2021,c1a9a847a67b32fc1bce671ae2590e5e0a085c964c0c507a2500fc9713850cd8,73,Profit/(Loss),(88)
heineken,cash_flow,2,Profit,1,EUR,currency,1000000,2021-12-31,3535,3535,1,matched,2021,c1a9a847a67b32fc1bce671ae2590e5e0a085c964c0c507a2500fc9713850cd8,73,Profit/(Loss),"3,535"
heineken,cash_flow,2,Profit,1,EUR,currency,1000000,2022-12-31,3039,3039,1,matched,2023,1b35e06fb6f9b3ed93770966755327a0a6f6911275ef63321c113ba6e83d8ac3,77,Profit,"3,039"
heineken,cash_flow,2,Profit,1,EUR,currency,1000000,2023-12-31,2401,2401,1,matched,2023,1b35e06fb6f9b3ed93770966755327a0a6f6911275ef63321c113ba6e83d8ac3,77,Profit,"2,401"
heineken,cash_flow,2,Profit,1,EUR,currency,1000000,2024-12-31,1161,1161,1,matched,2025,2dee3a7ac14103566f798aff09ce15bc354815c0848d2831fcb99d71bdfad259,86,Profit,"1,161"
heineken,cash_flow,2,Profit,1,EUR,currency,1000000,2025-12-31,2138,2138,1,matched,2025,2dee3a7ac14103566f798aff09ce15bc354815c0848d2831fcb99d71bdfad259,86,Profit,"2,138"
heineken,cash_flow,3,"Amortisation, depreciation and impairments",1,EUR,currency,1000000,2016-12-31,1817,1817,1,matched,2017,9bd4a750fe4b871c062b1c64d7198474a2a5c96841286f6e96a32a076398ba95,61-62,"Amortisation, depreciation and impairments","1,817"
heineken,cash_flow,3,"Amortisation, depreciation and impairments",1,EUR,currency,1000000,2017-12-31,1587,1587,1,matched,2017,9bd4a750fe4b871c062b1c64d7198474a2a5c96841286f6e96a32a076398ba95,61-62,"Amortisation, depreciation and impairments","1,587"
heineken,cash_flow,3,"Amortisation, depreciation and impairments",1,EUR,currency,1000000,2018-12-31,1693,1693,1,matched,2019,cca80d203bfccb86a381b20bb7641ad3f24ee218104fed0e07d230020484e494,66,"Amortisation, depreciation and impairments","1,693"
heineken,cash_flow,3,"Amortisation, depreciation and impairments",1,EUR,currency,1000000,2019-12-31,1959,1959,1,matched,2019,cca80d203bfccb86a381b20bb7641ad3f24ee218104fed0e07d230020484e494,66,"Amortisation, depreciation and impairments","1,959"
heineken,cash_flow,3,"Amortisation, depreciation and impairments",1,EUR,currency,1000000,2020-12-31,2874,2874,1,matched,2021,c1a9a847a67b32fc1bce671ae2590e5e0a085c964c0c507a2500fc9713850cd8,73,"Amortisation, depreciation and impairments","2,874"
heineken,cash_flow,3,"Amortisation, depreciation and impairments",1,EUR,currency,1000000,2021-12-31,1959,1959,1,matched,2021,c1a9a847a67b32fc1bce671ae2590e5e0a085c964c0c507a2500fc9713850cd8,73,"Amortisation, depreciation and impairments","1,959"
heineken,cash_flow,3,"Amortisation, depreciation and impairments",1,EUR,currency,1000000,2022-12-31,1886,1886,1,matched,2023,1b35e06fb6f9b3ed93770966755327a0a6f6911275ef63321c113ba6e83d8ac3,77,"Amortisation, depreciation and impairments","1,886"
heineken,cash_flow,3,"Amortisation, depreciation and impairments",1,EUR,currency,1000000,2023-12-31,3096,3096,1,matched,2023,1b35e06fb6f9b3ed93770966755327a0a6f6911275ef63321c113ba6e83d8ac3,77,"Amortisation, depreciation and impairments","3,096"
heineken,cash_flow,3,"Amortisation, depreciation and impairments",1,EUR,currency,1000000,2024-12-31,2605,2605,1,matched,2025,2dee3a7ac14103566f798aff09ce15bc354815c0848d2831fcb99d71bdfad259,86,"Amortisation, depreciation and impairments","2,605"
heineken,cash_flow,3,"Amortisation, depreciation and impairments",1,EUR,currency,1000000,2025-12-31,2609,2609,1,matched,2025,2dee3a7ac14103566f798aff09ce15bc354815c0848d2831fcb99d71bdfad259,86,"Amortisation, depreciation and impairments","2,609"
heineken,cash_flow,4,Net interest expenses,1,EUR,currency,1000000,2016-12-31,359,359,1,matched,2017,9bd4a750fe4b871c062b1c64d7198474a2a5c96841286f6e96a32a076398ba95,61-62,Net interest expenses,359
heineken,cash_flow,4,Net interest expenses,1,EUR,currency,1000000,2017-12-31,396,396,1,matched,2017,9bd4a750fe4b871c062b1c64d7198474a2a5c96841286f6e96a32a076398ba95,61-62,Net interest expenses,396
heineken,cash_flow,4,Net interest expenses,1,EUR,currency,1000000,2018-12-31,421,421,1,matched,2019,cca80d203bfccb86a381b20bb7641ad3f24ee218104fed0e07d230020484e494,66,Net interest expenses,421
heineken,cash_flow,4,Net interest expenses,1,EUR,currency,1000000,2019-12-31,454,454,1,matched,2019,cca80d203bfccb86a381b20bb7641ad3f24ee218104fed0e07d230020484e494,66,Net interest expenses,454
heineken,cash_flow,4,Net interest expenses,1,EUR,currency,1000000,2020-12-31,447,447,1,matched,2021,c1a9a847a67b32fc1bce671ae2590e5e0a085c964c0c507a2500fc9713850cd8,73,Net interest expenses,447
heineken,cash_flow,4,Net interest expenses,1,EUR,currency,1000000,2021-12-31,413,413,1,matched,2021,c1a9a847a67b32fc1bce671ae2590e5e0a085c964c0c507a2500fc9713850cd8,73,Net interest expenses,413
heineken,cash_flow,4,Net interest expenses,1,EUR,currency,1000000,2022-12-31,384,384,1,matched,2023,1b35e06fb6f9b3ed93770966755327a0a6f6911275ef63321c113ba6e83d8ac3,77,Net interest expenses,384
heineken,cash_flow,4,Net interest expenses,1,EUR,currency,1000000,2023-12-31,550,550,1,matched,2023,1b35e06fb6f9b3ed93770966755327a0a6f6911275ef63321c113ba6e83d8ac3,77,Net interest expenses,550
heineken,cash_flow,4,Net interest expenses,1,EUR,currency,1000000,2024-12-31,570,570,1,matched,2025,2dee3a7ac14103566f798aff09ce15bc354815c0848d2831fcb99d71bdfad259,86,Net interest expenses,570
heineken,cash_flow,4,Net interest expenses,1,EUR,currency,1000000,2025-12-31,512,512,1,matched,2025,2dee3a7ac14103566f798aff09ce15bc354815c0848d2831fcb99d71bdfad259,86,Net interest expenses,512
heineken,cash_flow,5,Other income,1,EUR,currency,1000000,2016-12-31,,,0,blank_no_source,,,,,
heineken,cash_flow,5,Other income,1,EUR,currency,1000000,2017-12-31,,,0,blank_no_source,,,,,
heineken,cash_flow,5,Other income,1,EUR,currency,1000000,2018-12-31,-75,-75,1,matched,2019,cca80d203bfccb86a381b20bb7641ad3f24ee218104fed0e07d230020484e494,66,Other income,(75)
heineken,cash_flow,5,Other income,1,EUR,currency,1000000,2019-12-31,-95,-95,1,matched,2019,cca80d203bfccb86a381b20bb7641ad3f24ee218104fed0e07d230020484e494,66,Other income,(95)
heineken,cash_flow,5,Other income,1,EUR,currency,1000000,2020-12-31,-56,-56,1,matched,2021,c1a9a847a67b32fc1bce671ae2590e5e0a085c964c0c507a2500fc9713850cd8,73,Other income,(56)
heineken,cash_flow,5,Other income,1,EUR,currency,1000000,2021-12-31,-1326,-1326,1,matched,2021,c1a9a847a67b32fc1bce671ae2590e5e0a085c964c0c507a2500fc9713850cd8,73,Other income,"(1,326)"
heineken,cash_flow,5,Other income,1,EUR,currency,1000000,2022-12-31,-147,-147,1,matched,2023,1b35e06fb6f9b3ed93770966755327a0a6f6911275ef63321c113ba6e83d8ac3,77,Other income,(147)
heineken,cash_flow,5,Other income,1,EUR,currency,1000000,2023-12-31,-352,-352,1,matched,2023,1b35e06fb6f9b3ed93770966755327a0a6f6911275ef63321c113ba6e83d8ac3,77,Other income,(352)
heineken,cash_flow,5,Other income,1,EUR,currency,1000000,2024-12-31,-37,-37,1,matched,2025,2dee3a7ac14103566f798aff09ce15bc354815c0848d2831fcb99d71bdfad259,86,Other income,(37)
heineken,cash_flow,5,Other income,1,EUR,currency,1000000,2025-12-31,-74,-74,1,matched,2025,2dee3a7ac14103566f798aff09ce15bc354815c0848d2831fcb99d71bdfad259,86,Other income,(74)
heineken,cash_flow,6,Share of profit/(loss) of associates and joint ventures and dividend income on fair value through OCI investments,1,EUR,currency,1000000,2016-12-31,-161,-161,1,matched,2017,9bd4a750fe4b871c062b1c64d7198474a2a5c96841286f6e96a32a076398ba95,61-62,Investment income and share of profit and impairments of associates and joint ventures and dividend income on available-for-sale and held-for-trading investments,(161)
heineken,cash_flow,6,Share of profit/(loss) of associates and joint ventures and dividend income on fair value through OCI investments,1,EUR,currency,1000000,2017-12-31,-84,-84,1,matched,2017,9bd4a750fe4b871c062b1c64d7198474a2a5c96841286f6e96a32a076398ba95,61-62,Investment income and share of profit and impairments of associates and joint ventures and dividend income on available-for-sale and held-for-trading investments,(84)
heineken,cash_flow,6,Share of profit/(loss) of associates and joint ventures and dividend income on fair value through OCI investments,1,EUR,currency,1000000,2018-12-31,-228,-228,1,matched,2019,cca80d203bfccb86a381b20bb7641ad3f24ee218104fed0e07d230020484e494,66,Share of profit of associates and joint ventures and dividend income on fair value through OCI investments,(228)
heineken,cash_flow,6,Share of profit/(loss) of associates and joint ventures and dividend income on fair value through OCI investments,1,EUR,currency,1000000,2019-12-31,-173,-173,1,matched,2019,cca80d203bfccb86a381b20bb7641ad3f24ee218104fed0e07d230020484e494,66,Share of profit of associates and joint ventures and dividend income on fair value through OCI investments,(173)
heineken,cash_flow,6,Share of profit/(loss) of associates and joint ventures and dividend income on fair value through OCI investments,1,EUR,currency,1000000,2020-12-31,21,21,1,matched,2021,c1a9a847a67b32fc1bce671ae2590e5e0a085c964c0c507a2500fc9713850cd8,73,Share of (profit)/loss of associates and joint ventures and dividend income on fair value through OCI investments,21
heineken,cash_flow,6,Share of profit/(loss) of associates and joint ventures and dividend income on fair value through OCI investments,1,EUR,currency,1000000,2021-12-31,-256,-256,1,matched,2021,c1a9a847a67b32fc1bce671ae2590e5e0a085c964c0c507a2500fc9713850cd8,73,Share of (profit)/loss of associates and joint ventures and dividend income on fair value through OCI investments,(256)
heineken,cash_flow,6,Share of profit/(loss) of associates and joint ventures and dividend income on fair value through OCI investments,1,EUR,currency,1000000,2022-12-31,-230,-230,1,matched,2023,1b35e06fb6f9b3ed93770966755327a0a6f6911275ef63321c113ba6e83d8ac3,77,Share of profit of associates and joint ventures and dividend income,(230)
heineken,cash_flow,6,Share of profit/(loss) of associates and joint ventures and dividend income on fair value through OCI investments,1,EUR,currency,1000000,2023-12-31,-226,-226,1,matched,2023,1b35e06fb6f9b3ed93770966755327a0a6f6911275ef63321c113ba6e83d8ac3,77,Share of profit of associates and joint ventures and dividend income,(226)
heineken,cash_flow,6,Share of profit/(loss) of associates and joint ventures and dividend income on fair value through OCI investments,1,EUR,currency,1000000,2024-12-31,687,687,1,matched,2025,2dee3a7ac14103566f798aff09ce15bc354815c0848d2831fcb99d71bdfad259,86,Share of profit/(loss) of associates and joint ventures and dividend income on fair value through OCI investments,687
heineken,cash_flow,6,Share of profit/(loss) of associates and joint ventures and dividend income on fair value through OCI investments,1,EUR,currency,1000000,2025-12-31,-264,-264,1,matched,2025,2dee3a7ac14103566f798aff09ce15bc354815c0848d2831fcb99d71bdfad259,86,Share of profit/(loss) of associates and joint ventures and dividend income on fair value through OCI investments,(264)
heineken,cash_flow,7,Income tax expenses,1,EUR,currency,1000000,2016-12-31,673,673,1,matched,2017,9bd4a750fe4b871c062b1c64d7198474a2a5c96841286f6e96a32a076398ba95,61-62,Income tax expenses,673
heineken,cash_flow,7,Income tax expenses,1,EUR,currency,1000000,2017-12-31,755,755,1,matched,2017,9bd4a750fe4b871c062b1c64d7198474a2a5c96841286f6e96a32a076398ba95,61-62,Income tax expenses,755
heineken,cash_flow,7,Income tax expenses,1,EUR,currency,1000000,2018-12-31,741,741,1,matched,2019,cca80d203bfccb86a381b20bb7641ad3f24ee218104fed0e07d230020484e494,66,Income tax expenses,741
heineken,cash_flow,7,Income tax expenses,1,EUR,currency,1000000,2019-12-31,910,910,1,matched,2019,cca80d203bfccb86a381b20bb7641ad3f24ee218104fed0e07d230020484e494,66,Income tax expenses,910
heineken,cash_flow,7,Income tax expenses,1,EUR,currency,1000000,2020-12-31,245,245,1,matched,2021,c1a9a847a67b32fc1bce671ae2590e5e0a085c964c0c507a2500fc9713850cd8,73,Income tax expenses,245
heineken,cash_flow,7,Income tax expenses,1,EUR,currency,1000000,2021-12-31,799,799,1,matched,2021,c1a9a847a67b32fc1bce671ae2590e5e0a085c964c0c507a2500fc9713850cd8,73,Income tax expenses,799
heineken,cash_flow,7,Income tax expenses,1,EUR,currency,1000000,2022-12-31,1131,1131,1,matched,2023,1b35e06fb6f9b3ed93770966755327a0a6f6911275ef63321c113ba6e83d8ac3,77,Income tax expenses,"1,131"
heineken,cash_flow,7,Income tax expenses,1,EUR,currency,1000000,2023-12-31,121,121,1,matched,2023,1b35e06fb6f9b3ed93770966755327a0a6f6911275ef63321c113ba6e83d8ac3,77,Income tax expenses,121
heineken,cash_flow,7,Income tax expenses,1,EUR,currency,1000000,2024-12-31,846,846,1,matched,2025,2dee3a7ac14103566f798aff09ce15bc354815c0848d2831fcb99d71bdfad259,86,Income tax expenses,846
heineken,cash_flow,7,Income tax expenses,1,EUR,currency,1000000,2025-12-31,857,857,1,matched,2025,2dee3a7ac14103566f798aff09ce15bc354815c0848d2831fcb99d71bdfad259,86,Income tax expenses,857
heineken,cash_flow,8,Other non-cash items,1,EUR,currency,1000000,2016-12-31,332,332,1,matched,2017,9bd4a750fe4b871c062b1c64d7198474a2a5c96841286f6e96a32a076398ba95,61-62,Other non-cash items,332
heineken,cash_flow,8,Other non-cash items,1,EUR,currency,1000000,2017-12-31,314,314,1,matched,2017,9bd4a750fe4b871c062b1c64d7198474a2a5c96841286f6e96a32a076398ba95,61-62,Other non-cash items,314
heineken,cash_flow,8,Other non-cash items,1,EUR,currency,1000000,2018-12-31,201,201,1,matched,2019,cca80d203bfccb86a381b20bb7641ad3f24ee218104fed0e07d230020484e494,66,Other non-cash items,201
heineken,cash_flow,8,Other non-cash items,1,EUR,currency,1000000,2019-12-31,240,240,1,matched,2019,cca80d203bfccb86a381b20bb7641ad3f24ee218104fed0e07d230020484e494,66,Other non-cash items,240
heineken,cash_flow,8,Other non-cash items,1,EUR,currency,1000000,2020-12-31,231,231,1,matched,2021,c1a9a847a67b32fc1bce671ae2590e5e0a085c964c0c507a2500fc9713850cd8,73,Other non-cash items,231
heineken,cash_flow,8,Other non-cash items,1,EUR,currency,1000000,2021-12-31,30,30,1,matched,2021,c1a9a847a67b32fc1bce671ae2590e5e0a085c964c0c507a2500fc9713850cd8,73,Other non-cash items,30
heineken,cash_flow,8,Other non-cash items,1,EUR,currency,1000000,2022-12-31,284,284,1,matched,2023,1b35e06fb6f9b3ed93770966755327a0a6f6911275ef63321c113ba6e83d8ac3,77,Other non-cash items,284
heineken,cash_flow,8,Other non-cash items,1,EUR,currency,1000000,2023-12-31,537,537,1,matched,2023,1b35e06fb6f9b3ed93770966755327a0a6f6911275ef63321c113ba6e83d8ac3,77,Other non-cash items,537
heineken,cash_flow,8,Other non-cash items,1,EUR,currency,1000000,2024-12-31,226,226,1,matched,2025,2dee3a7ac14103566f798aff09ce15bc354815c0848d2831fcb99d71bdfad259,86,Other non-cash items,226
heineken,cash_flow,8,Other non-cash items,1,EUR,currency,1000000,2025-12-31,131,131,1,matched,2025,2dee3a7ac14103566f798aff09ce15bc354815c0848d2831fcb99d71bdfad259,86,Other non-cash items,131
heineken,cash_flow,9,Cash flow from operations before changes in working capital and provisions,1,EUR,currency,1000000,2016-12-31,4713,4713,1,matched,2017,9bd4a750fe4b871c062b1c64d7198474a2a5c96841286f6e96a32a076398ba95,61-62,Cash flow from operations before changes in working capital and provisions,"4,713"
heineken,cash_flow,9,Cash flow from operations before changes in working capital and provisions,1,EUR,currency,1000000,2017-12-31,4980,4980,1,matched,2017,9bd4a750fe4b871c062b1c64d7198474a2a5c96841286f6e96a32a076398ba95,61-62,Cash flow from operations before changes in working capital and provisions,"4,980"
heineken,cash_flow,9,Cash flow from operations before changes in working capital and provisions,1,EUR,currency,1000000,2018-12-31,4858,4858,1,matched,2019,cca80d203bfccb86a381b20bb7641ad3f24ee218104fed0e07d230020484e494,66,Cash flow from operations before changes in working capital and provisions,"4,858"
heineken,cash_flow,9,Cash flow from operations before changes in working capital and provisions,1,EUR,currency,1000000,2019-12-31,5669,5669,1,matched,2019,cca80d203bfccb86a381b20bb7641ad3f24ee218104fed0e07d230020484e494,66,Cash flow from operations before changes in working capital and provisions,"5,669"
heineken,cash_flow,9,Cash flow from operations before changes in working capital and provisions,1,EUR,currency,1000000,2020-12-31,3674,3674,1,matched,2021,c1a9a847a67b32fc1bce671ae2590e5e0a085c964c0c507a2500fc9713850cd8,73,Cash flow from operations before changes in working capital,"3,674"
heineken,cash_flow,9,Cash flow from operations before changes in working capital and provisions,1,EUR,currency,1000000,2021-12-31,5154,5154,1,matched,2021,c1a9a847a67b32fc1bce671ae2590e5e0a085c964c0c507a2500fc9713850cd8,73,Cash flow from operations before changes in working capital,"5,154"
heineken,cash_flow,9,Cash flow from operations before changes in working capital and provisions,1,EUR,currency,1000000,2022-12-31,6347,6347,1,matched,2023,1b35e06fb6f9b3ed93770966755327a0a6f6911275ef63321c113ba6e83d8ac3,77,Cash flow from operations before changes in working capital,"6,347"
heineken,cash_flow,9,Cash flow from operations before changes in working capital and provisions,1,EUR,currency,1000000,2023-12-31,6127,6127,1,matched,2023,1b35e06fb6f9b3ed93770966755327a0a6f6911275ef63321c113ba6e83d8ac3,77,Cash flow from operations before changes in working capital,"6,127"
heineken,cash_flow,9,Cash flow from operations before changes in working capital and provisions,1,EUR,currency,1000000,2024-12-31,6058,6058,1,matched,2025,2dee3a7ac14103566f798aff09ce15bc354815c0848d2831fcb99d71bdfad259,86,Cash flow from operations before changes in working capital and provisions,"6,058"
heineken,cash_flow,9,Cash flow from operations before changes in working capital and provisions,1,EUR,currency,1000000,2025-12-31,5909,5909,1,matched,2025,2dee3a7ac14103566f798aff09ce15bc354815c0848d2831fcb99d71bdfad259,86,Cash flow from operations before changes in working capital and provisions,"5,909"
heineken,cash_flow,10,Change in inventories,1,EUR,currency,1000000,2016-12-31,-20,-20,1,matched,2017,9bd4a750fe4b871c062b1c64d7198474a2a5c96841286f6e96a32a076398ba95,61-62,Change in inventories,(20)
heineken,cash_flow,10,Change in inventories,1,EUR,currency,1000000,2017-12-31,-185,-185,1,matched,2017,9bd4a750fe4b871c062b1c64d7198474a2a5c96841286f6e96a32a076398ba95,61-62,Change in inventories,(185)
heineken,cash_flow,10,Change in inventories,1,EUR,currency,1000000,2018-12-31,-129,-129,1,matched,2019,cca80d203bfccb86a381b20bb7641ad3f24ee218104fed0e07d230020484e494,66,Change in inventories,(129)
heineken,cash_flow,10,Change in inventories,1,EUR,currency,1000000,2019-12-31,-257,-257,1,matched,2019,cca80d203bfccb86a381b20bb7641ad3f24ee218104fed0e07d230020484e494,66,Change in inventories,(257)
heineken,cash_flow,10,Change in inventories,1,EUR,currency,1000000,2020-12-31,-18,-18,1,matched,2021,c1a9a847a67b32fc1bce671ae2590e5e0a085c964c0c507a2500fc9713850cd8,73,Change in inventories,(18)
heineken,cash_flow,10,Change in inventories,1,EUR,currency,1000000,2021-12-31,-308,-308,1,matched,2021,c1a9a847a67b32fc1bce671ae2590e5e0a085c964c0c507a2500fc9713850cd8,73,Change in inventories,(308)
heineken,cash_flow,10,Change in inventories,1,EUR,currency,1000000,2022-12-31,-793,-793,1,matched,2023,1b35e06fb6f9b3ed93770966755327a0a6f6911275ef63321c113ba6e83d8ac3,77,Change in inventories,(793)
heineken,cash_flow,10,Change in inventories,1,EUR,currency,1000000,2023-12-31,-4,-4,1,matched,2023,1b35e06fb6f9b3ed93770966755327a0a6f6911275ef63321c113ba6e83d8ac3,77,Change in inventories,(4)
heineken,cash_flow,10,Change in inventories,1,EUR,currency,1000000,2024-12-31,-39,-39,1,matched,2025,2dee3a7ac14103566f798aff09ce15bc354815c0848d2831fcb99d71bdfad259,86,Change in inventories,(39)
heineken,cash_flow,10,Change in inventories,1,EUR,currency,1000000,2025-12-31,2,2,1,matched,2025,2dee3a7ac14103566f798aff09ce15bc354815c0848d2831fcb99d71bdfad259,86,Change in inventories,2
heineken,cash_flow,11,Change in trade and other receivables,1,EUR,currency,1000000,2016-12-31,-228,-228,1,matched,2017,9bd4a750fe4b871c062b1c64d7198474a2a5c96841286f6e96a32a076398ba95,61-62,Change in trade and other receivables,(228)
heineken,cash_flow,11,Change in trade and other receivables,1,EUR,currency,1000000,2017-12-31,-241,-241,1,matched,2017,9bd4a750fe4b871c062b1c64d7198474a2a5c96841286f6e96a32a076398ba95,61-62,Change in trade and other receivables,(241)
heineken,cash_flow,11,Change in trade and other receivables,1,EUR,currency,1000000,2018-12-31,-66,-66,1,matched,2019,cca80d203bfccb86a381b20bb7641ad3f24ee218104fed0e07d230020484e494,66,Change in trade and other receivables,(66)
heineken,cash_flow,11,Change in trade and other receivables,1,EUR,currency,1000000,2019-12-31,-245,-245,1,matched,2019,cca80d203bfccb86a381b20bb7641ad3f24ee218104fed0e07d230020484e494,66,Change in trade and other receivables,(245)
heineken,cash_flow,11,Change in trade and other receivables,1,EUR,currency,1000000,2020-12-31,1124,1124,1,matched,2021,c1a9a847a67b32fc1bce671ae2590e5e0a085c964c0c507a2500fc9713850cd8,73,Change in trade and other receivables,"1,124"
heineken,cash_flow,11,Change in trade and other receivables,1,EUR,currency,1000000,2021-12-31,-697,-697,1,matched,2021,c1a9a847a67b32fc1bce671ae2590e5e0a085c964c0c507a2500fc9713850cd8,73,Change in trade and other receivables,(697)
heineken,cash_flow,11,Change in trade and other receivables,1,EUR,currency,1000000,2022-12-31,-668,-668,1,matched,2023,1b35e06fb6f9b3ed93770966755327a0a6f6911275ef63321c113ba6e83d8ac3,77,Change in trade and other receivables,(668)
heineken,cash_flow,11,Change in trade and other receivables,1,EUR,currency,1000000,2023-12-31,-42,-42,1,matched,2023,1b35e06fb6f9b3ed93770966755327a0a6f6911275ef63321c113ba6e83d8ac3,77,Change in trade and other receivables,(42)
heineken,cash_flow,11,Change in trade and other receivables,1,EUR,currency,1000000,2024-12-31,347,347,1,matched,2025,2dee3a7ac14103566f798aff09ce15bc354815c0848d2831fcb99d71bdfad259,86,Change in trade and other receivables,347
heineken,cash_flow,11,Change in trade and other receivables,1,EUR,currency,1000000,2025-12-31,54,54,1,matched,2025,2dee3a7ac14103566f798aff09ce15bc354815c0848d2831fcb99d71bdfad259,86,Change in trade and other receivables,54
heineken,cash_flow,12,Change in trade and other payables and returnable packaging deposits,1,EUR,currency,1000000,2016-12-31,,,0,blank_no_source,,,,,
heineken,cash_flow,12,Change in trade and other payables and returnable packaging deposits,1,EUR,currency,1000000,2017-12-31,,,0,blank_no_source,,,,,
heineken,cash_flow,12,Change in trade and other payables and returnable packaging deposits,1,EUR,currency,1000000,2018-12-31,908,908,1,matched,2019,cca80d203bfccb86a381b20bb7641ad3f24ee218104fed0e07d230020484e494,66,Change in trade and other payables and returnable packaging deposits,908
heineken,cash_flow,12,Change in trade and other payables and returnable packaging deposits,1,EUR,currency,1000000,2019-12-31,510,510,1,matched,2019,cca80d203bfccb86a381b20bb7641ad3f24ee218104fed0e07d230020484e494,66,Change in trade and other payables and returnable packaging deposits,510
heineken,cash_flow,12,Change in trade and other payables and returnable packaging deposits,1,EUR,currency,1000000,2020-12-31,-759,-759,1,matched,2021,c1a9a847a67b32fc1bce671ae2590e5e0a085c964c0c507a2500fc9713850cd8,73,Change in trade and other payables and returnable packaging deposits,(759)
heineken,cash_flow,12,Change in trade and other payables and returnable packaging deposits,1,EUR,currency,1000000,2021-12-31,1268,1268,1,matched,2021,c1a9a847a67b32fc1bce671ae2590e5e0a085c964c0c507a2500fc9713850cd8,73,Change in trade and other payables and returnable packaging deposits,"1,268"
heineken,cash_flow,12,Change in trade and other payables and returnable packaging deposits,1,EUR,currency,1000000,2022-12-31,981,981,1,matched,2023,1b35e06fb6f9b3ed93770966755327a0a6f6911275ef63321c113ba6e83d8ac3,77,Change in trade and other payables and returnable packaging deposits,981
heineken,cash_flow,12,Change in trade and other payables and returnable packaging deposits,1,EUR,currency,1000000,2023-12-31,-100,-100,1,matched,2023,1b35e06fb6f9b3ed93770966755327a0a6f6911275ef63321c113ba6e83d8ac3,77,Change in trade and other payables and returnable packaging deposits,(100)
heineken,cash_flow,12,Change in trade and other payables and returnable packaging deposits,1,EUR,currency,1000000,2024-12-31,543,543,1,matched,2025,2dee3a7ac14103566f798aff09ce15bc354815c0848d2831fcb99d71bdfad259,86,Change in trade and other payables and returnable packaging deposits,543
heineken,cash_flow,12,Change in trade and other payables and returnable packaging deposits,1,EUR,currency,1000000,2025-12-31,271,271,1,matched,2025,2dee3a7ac14103566f798aff09ce15bc354815c0848d2831fcb99d71bdfad259,86,Change in trade and other payables and returnable packaging deposits,271
heineken,cash_flow,13,Total change in working capital,1,EUR,currency,1000000,2016-12-31,80,80,1,matched,2017,9bd4a750fe4b871c062b1c64d7198474a2a5c96841286f6e96a32a076398ba95,61-62,Total change in working capital,80
heineken,cash_flow,13,Total change in working capital,1,EUR,currency,1000000,2017-12-31,69,69,1,matched,2017,9bd4a750fe4b871c062b1c64d7198474a2a5c96841286f6e96a32a076398ba95,61-62,Total change in working capital,69
heineken,cash_flow,13,Total change in working capital,1,EUR,currency,1000000,2018-12-31,713,713,1,matched,2019,cca80d203bfccb86a381b20bb7641ad3f24ee218104fed0e07d230020484e494,66,Total change in working capital,713
heineken,cash_flow,13,Total change in working capital,1,EUR,currency,1000000,2019-12-31,8,8,1,matched,2019,cca80d203bfccb86a381b20bb7641ad3f24ee218104fed0e07d230020484e494,66,Total change in working capital,8
heineken,cash_flow,13,Total change in working capital,1,EUR,currency,1000000,2020-12-31,347,347,1,matched,2021,c1a9a847a67b32fc1bce671ae2590e5e0a085c964c0c507a2500fc9713850cd8,73,Total change in working capital,347
heineken,cash_flow,13,Total change in working capital,1,EUR,currency,1000000,2021-12-31,263,263,1,matched,2021,c1a9a847a67b32fc1bce671ae2590e5e0a085c964c0c507a2500fc9713850cd8,73,Total change in working capital,263
heineken,cash_flow,13,Total change in working capital,1,EUR,currency,1000000,2022-12-31,-480,-480,1,matched,2023,1b35e06fb6f9b3ed93770966755327a0a6f6911275ef63321c113ba6e83d8ac3,77,Total change in working capital,(480)
heineken,cash_flow,13,Total change in working capital,1,EUR,currency,1000000,2023-12-31,-146,-146,1,matched,2023,1b35e06fb6f9b3ed93770966755327a0a6f6911275ef63321c113ba6e83d8ac3,77,Total change in working capital,(146)
heineken,cash_flow,13,Total change in working capital,1,EUR,currency,1000000,2024-12-31,851,851,1,matched,2025,2dee3a7ac14103566f798aff09ce15bc354815c0848d2831fcb99d71bdfad259,86,Total change in working capital,851
heineken,cash_flow,13,Total change in working capital,1,EUR,currency,1000000,2025-12-31,327,327,1,matched,2025,2dee3a7ac14103566f798aff09ce15bc354815c0848d2831fcb99d71bdfad259,86,Total change in working capital,327
heineken,cash_flow,14,Change in provisions and post-retirement obligations,1,EUR,currency,1000000,2016-12-31,-73,-73,1,matched,2017,9bd4a750fe4b871c062b1c64d7198474a2a5c96841286f6e96a32a076398ba95,61-62,Change in provisions and employee benefits,(73)
heineken,cash_flow,14,Change in provisions and post-retirement obligations,1,EUR,currency,1000000,2017-12-31,-125,-125,1,matched,2017,9bd4a750fe4b871c062b1c64d7198474a2a5c96841286f6e96a32a076398ba95,61-62,Change in provisions and employee benefits,(125)
heineken,cash_flow,14,Change in provisions and post-retirement obligations,1,EUR,currency,1000000,2018-12-31,-31,-31,1,matched,2019,cca80d203bfccb86a381b20bb7641ad3f24ee218104fed0e07d230020484e494,66,Change in provisions and post-retirement obligations,(31)
heineken,cash_flow,14,Change in provisions and post-retirement obligations,1,EUR,currency,1000000,2019-12-31,-121,-121,1,matched,2019,cca80d203bfccb86a381b20bb7641ad3f24ee218104fed0e07d230020484e494,66,Change in provisions and post-retirement obligations,(121)
heineken,cash_flow,14,Change in provisions and post-retirement obligations,1,EUR,currency,1000000,2020-12-31,211,211,1,matched,2021,c1a9a847a67b32fc1bce671ae2590e5e0a085c964c0c507a2500fc9713850cd8,73,Change in provisions and post-retirement obligations,211
heineken,cash_flow,14,Change in provisions and post-retirement obligations,1,EUR,currency,1000000,2021-12-31,-290,-290,1,matched,2021,c1a9a847a67b32fc1bce671ae2590e5e0a085c964c0c507a2500fc9713850cd8,73,Change in provisions and post-retirement obligations,(290)
heineken,cash_flow,14,Change in provisions and post-retirement obligations,1,EUR,currency,1000000,2022-12-31,-207,-207,1,matched,2023,1b35e06fb6f9b3ed93770966755327a0a6f6911275ef63321c113ba6e83d8ac3,77,Change in provisions and post-retirement obligations,(207)
heineken,cash_flow,14,Change in provisions and post-retirement obligations,1,EUR,currency,1000000,2023-12-31,-32,-32,1,matched,2023,1b35e06fb6f9b3ed93770966755327a0a6f6911275ef63321c113ba6e83d8ac3,77,Change in provisions and post-retirement obligations,(32)
heineken,cash_flow,14,Change in provisions and post-retirement obligations,1,EUR,currency,1000000,2024-12-31,-6,-6,1,matched,2025,2dee3a7ac14103566f798aff09ce15bc354815c0848d2831fcb99d71bdfad259,86,Change in provisions and post-retirement obligations,(6)
heineken,cash_flow,14,Change in provisions and post-retirement obligations,1,EUR,currency,1000000,2025-12-31,98,98,1,matched,2025,2dee3a7ac14103566f798aff09ce15bc354815c0848d2831fcb99d71bdfad259,86,Change in provisions and post-retirement obligations,98
heineken,cash_flow,15,Cash flow from operations,1,EUR,currency,1000000,2016-12-31,4720,4720,1,matched,2017,9bd4a750fe4b871c062b1c64d7198474a2a5c96841286f6e96a32a076398ba95,61-62,Cash flow from operations,"4,720"
heineken,cash_flow,15,Cash flow from operations,1,EUR,currency,1000000,2017-12-31,4924,4924,1,matched,2017,9bd4a750fe4b871c062b1c64d7198474a2a5c96841286f6e96a32a076398ba95,61-62,Cash flow from operations,"4,924"
heineken,cash_flow,15,Cash flow from operations,1,EUR,currency,1000000,2018-12-31,5540,5540,1,matched,2019,cca80d203bfccb86a381b20bb7641ad3f24ee218104fed0e07d230020484e494,66,Cash flow from operations,"5,540"
heineken,cash_flow,15,Cash flow from operations,1,EUR,currency,1000000,2019-12-31,5556,5556,1,matched,2019,cca80d203bfccb86a381b20bb7641ad3f24ee218104fed0e07d230020484e494,66,Cash flow from operations,"5,556"
heineken,cash_flow,15,Cash flow from operations,1,EUR,currency,1000000,2020-12-31,4232,4232,1,matched,2021,c1a9a847a67b32fc1bce671ae2590e5e0a085c964c0c507a2500fc9713850cd8,73,Cash flow from operations,"4,232"
heineken,cash_flow,15,Cash flow from operations,1,EUR,currency,1000000,2021-12-31,5127,5127,1,matched,2021,c1a9a847a67b32fc1bce671ae2590e5e0a085c964c0c507a2500fc9713850cd8,73,Cash flow from operations,"5,127"
heineken,cash_flow,15,Cash flow from operations,1,EUR,currency,1000000,2022-12-31,5660,5660,1,matched,2023,1b35e06fb6f9b3ed93770966755327a0a6f6911275ef63321c113ba6e83d8ac3,77,Cash flow from operations,"5,660"
heineken,cash_flow,15,Cash flow from operations,1,EUR,currency,1000000,2023-12-31,5949,5949,1,matched,2023,1b35e06fb6f9b3ed93770966755327a0a6f6911275ef63321c113ba6e83d8ac3,77,Cash flow from operations,"5,949"
heineken,cash_flow,15,Cash flow from operations,1,EUR,currency,1000000,2024-12-31,6903,6903,1,matched,2025,2dee3a7ac14103566f798aff09ce15bc354815c0848d2831fcb99d71bdfad259,86,Cash flow from operations,"6,903"
heineken,cash_flow,15,Cash flow from operations,1,EUR,currency,1000000,2025-12-31,6334,6334,1,matched,2025,2dee3a7ac14103566f798aff09ce15bc354815c0848d2831fcb99d71bdfad259,86,Cash flow from operations,"6,334"
heineken,cash_flow,16,Interest paid,1,EUR,currency,1000000,2016-12-31,-441,-441,1,matched,2017,9bd4a750fe4b871c062b1c64d7198474a2a5c96841286f6e96a32a076398ba95,61-62,Interest paid,(441)
heineken,cash_flow,16,Interest paid,1,EUR,currency,1000000,2017-12-31,-463,-463,1,matched,2017,9bd4a750fe4b871c062b1c64d7198474a2a5c96841286f6e96a32a076398ba95,61-62,Interest paid,(463)
heineken,cash_flow,16,Interest paid,1,EUR,currency,1000000,2018-12-31,-555,-555,1,matched,2019,cca80d203bfccb86a381b20bb7641ad3f24ee218104fed0e07d230020484e494,66,Interest paid,(555)
heineken,cash_flow,16,Interest paid,1,EUR,currency,1000000,2019-12-31,-528,-528,1,matched,2019,cca80d203bfccb86a381b20bb7641ad3f24ee218104fed0e07d230020484e494,66,Interest paid,(528)
heineken,cash_flow,16,Interest paid,1,EUR,currency,1000000,2020-12-31,-481,-481,1,matched,2021,c1a9a847a67b32fc1bce671ae2590e5e0a085c964c0c507a2500fc9713850cd8,73,Interest paid,(481)
heineken,cash_flow,16,Interest paid,1,EUR,currency,1000000,2021-12-31,-456,-456,1,matched,2021,c1a9a847a67b32fc1bce671ae2590e5e0a085c964c0c507a2500fc9713850cd8,73,Interest paid,(456)
heineken,cash_flow,16,Interest paid,1,EUR,currency,1000000,2022-12-31,-439,-439,1,matched,2023,1b35e06fb6f9b3ed93770966755327a0a6f6911275ef63321c113ba6e83d8ac3,77,Interest paid,(439)
heineken,cash_flow,16,Interest paid,1,EUR,currency,1000000,2023-12-31,-624,-624,1,matched,2023,1b35e06fb6f9b3ed93770966755327a0a6f6911275ef63321c113ba6e83d8ac3,77,Interest paid,(624)
heineken,cash_flow,16,Interest paid,1,EUR,currency,1000000,2024-12-31,-668,-668,1,matched,2025,2dee3a7ac14103566f798aff09ce15bc354815c0848d2831fcb99d71bdfad259,86,Interest paid,(668)
heineken,cash_flow,16,Interest paid,1,EUR,currency,1000000,2025-12-31,-621,-621,1,matched,2025,2dee3a7ac14103566f798aff09ce15bc354815c0848d2831fcb99d71bdfad259,86,Interest paid,(621)
heineken,cash_flow,17,Interest received,1,EUR,currency,1000000,2016-12-31,70,70,1,matched,2017,9bd4a750fe4b871c062b1c64d7198474a2a5c96841286f6e96a32a076398ba95,61-62,Interest received,70
heineken,cash_flow,17,Interest received,1,EUR,currency,1000000,2017-12-31,98,98,1,matched,2017,9bd4a750fe4b871c062b1c64d7198474a2a5c96841286f6e96a32a076398ba95,61-62,Interest received,98
heineken,cash_flow,17,Interest received,1,EUR,currency,1000000,2018-12-31,118,118,1,matched,2019,cca80d203bfccb86a381b20bb7641ad3f24ee218104fed0e07d230020484e494,66,Interest received,118
heineken,cash_flow,17,Interest received,1,EUR,currency,1000000,2019-12-31,52,52,1,matched,2019,cca80d203bfccb86a381b20bb7641ad3f24ee218104fed0e07d230020484e494,66,Interest received,52
heineken,cash_flow,17,Interest received,1,EUR,currency,1000000,2020-12-31,45,45,1,matched,2021,c1a9a847a67b32fc1bce671ae2590e5e0a085c964c0c507a2500fc9713850cd8,73,Interest received,45
heineken,cash_flow,17,Interest received,1,EUR,currency,1000000,2021-12-31,43,43,1,matched,2021,c1a9a847a67b32fc1bce671ae2590e5e0a085c964c0c507a2500fc9713850cd8,73,Interest received,43
heineken,cash_flow,17,Interest received,1,EUR,currency,1000000,2022-12-31,46,46,1,matched,2023,1b35e06fb6f9b3ed93770966755327a0a6f6911275ef63321c113ba6e83d8ac3,77,Interest received,46
heineken,cash_flow,17,Interest received,1,EUR,currency,1000000,2023-12-31,118,118,1,matched,2023,1b35e06fb6f9b3ed93770966755327a0a6f6911275ef63321c113ba6e83d8ac3,77,Interest received,118
heineken,cash_flow,17,Interest received,1,EUR,currency,1000000,2024-12-31,120,120,1,matched,2025,2dee3a7ac14103566f798aff09ce15bc354815c0848d2831fcb99d71bdfad259,86,Interest received,120
heineken,cash_flow,17,Interest received,1,EUR,currency,1000000,2025-12-31,107,107,1,matched,2025,2dee3a7ac14103566f798aff09ce15bc354815c0848d2831fcb99d71bdfad259,86,Interest received,107
heineken,cash_flow,18,Dividends received,1,EUR,currency,1000000,2016-12-31,118,118,1,matched,2017,9bd4a750fe4b871c062b1c64d7198474a2a5c96841286f6e96a32a076398ba95,61-62,Dividends received,118
heineken,cash_flow,18,Dividends received,1,EUR,currency,1000000,2017-12-31,109,109,1,matched,2017,9bd4a750fe4b871c062b1c64d7198474a2a5c96841286f6e96a32a076398ba95,61-62,Dividends received,109
heineken,cash_flow,18,Dividends received,1,EUR,currency,1000000,2018-12-31,109,109,1,matched,2019,cca80d203bfccb86a381b20bb7641ad3f24ee218104fed0e07d230020484e494,66,Dividends received,109
heineken,cash_flow,18,Dividends received,1,EUR,currency,1000000,2019-12-31,181,181,1,matched,2019,cca80d203bfccb86a381b20bb7641ad3f24ee218104fed0e07d230020484e494,66,Dividends received,181
heineken,cash_flow,18,Dividends received,1,EUR,currency,1000000,2020-12-31,89,89,1,matched,2021,c1a9a847a67b32fc1bce671ae2590e5e0a085c964c0c507a2500fc9713850cd8,73,Dividends received,89
heineken,cash_flow,18,Dividends received,1,EUR,currency,1000000,2021-12-31,184,184,1,matched,2021,c1a9a847a67b32fc1bce671ae2590e5e0a085c964c0c507a2500fc9713850cd8,73,Dividends received,184
heineken,cash_flow,18,Dividends received,1,EUR,currency,1000000,2022-12-31,177,177,1,matched,2023,1b35e06fb6f9b3ed93770966755327a0a6f6911275ef63321c113ba6e83d8ac3,77,Dividends received,177
heineken,cash_flow,18,Dividends received,1,EUR,currency,1000000,2023-12-31,147,147,1,matched,2023,1b35e06fb6f9b3ed93770966755327a0a6f6911275ef63321c113ba6e83d8ac3,77,Dividends received,147
heineken,cash_flow,18,Dividends received,1,EUR,currency,1000000,2024-12-31,199,199,1,matched,2025,2dee3a7ac14103566f798aff09ce15bc354815c0848d2831fcb99d71bdfad259,86,Dividends received,199
heineken,cash_flow,18,Dividends received,1,EUR,currency,1000000,2025-12-31,192,192,1,matched,2025,2dee3a7ac14103566f798aff09ce15bc354815c0848d2831fcb99d71bdfad259,86,Dividends received,192
heineken,cash_flow,19,Income taxes paid,1,EUR,currency,1000000,2016-12-31,-749,-749,1,matched,2017,9bd4a750fe4b871c062b1c64d7198474a2a5c96841286f6e96a32a076398ba95,61-62,Income taxes paid,(749)
heineken,cash_flow,19,Income taxes paid,1,EUR,currency,1000000,2017-12-31,-786,-786,1,matched,2017,9bd4a750fe4b871c062b1c64d7198474a2a5c96841286f6e96a32a076398ba95,61-62,Income taxes paid,(786)
heineken,cash_flow,19,Income taxes paid,1,EUR,currency,1000000,2018-12-31,-824,-824,1,matched,2019,cca80d203bfccb86a381b20bb7641ad3f24ee218104fed0e07d230020484e494,66,Income taxes paid,(824)
heineken,cash_flow,19,Income taxes paid,1,EUR,currency,1000000,2019-12-31,-924,-924,1,matched,2019,cca80d203bfccb86a381b20bb7641ad3f24ee218104fed0e07d230020484e494,66,Income taxes paid,(924)
heineken,cash_flow,19,Income taxes paid,1,EUR,currency,1000000,2020-12-31,-749,-749,1,matched,2021,c1a9a847a67b32fc1bce671ae2590e5e0a085c964c0c507a2500fc9713850cd8,73,Income taxes paid,(749)
heineken,cash_flow,19,Income taxes paid,1,EUR,currency,1000000,2021-12-31,-717,-717,1,matched,2021,c1a9a847a67b32fc1bce671ae2590e5e0a085c964c0c507a2500fc9713850cd8,73,Income taxes paid,(717)
heineken,cash_flow,19,Income taxes paid,1,EUR,currency,1000000,2022-12-31,-948,-948,1,matched,2023,1b35e06fb6f9b3ed93770966755327a0a6f6911275ef63321c113ba6e83d8ac3,77,Income taxes paid,(948)
heineken,cash_flow,19,Income taxes paid,1,EUR,currency,1000000,2023-12-31,-1160,-1160,1,matched,2023,1b35e06fb6f9b3ed93770966755327a0a6f6911275ef63321c113ba6e83d8ac3,77,Income taxes paid,"(1,160)"
heineken,cash_flow,19,Income taxes paid,1,EUR,currency,1000000,2024-12-31,-1051,-1051,1,matched,2025,2dee3a7ac14103566f798aff09ce15bc354815c0848d2831fcb99d71bdfad259,86,Income taxes paid,"(1,051)"
heineken,cash_flow,19,Income taxes paid,1,EUR,currency,1000000,2025-12-31,-1000,-1000,1,matched,2025,2dee3a7ac14103566f798aff09ce15bc354815c0848d2831fcb99d71bdfad259,86,Income taxes paid,"(1,000)"
heineken,cash_flow,20,"Cash flow related to interest, dividend and income tax",1,EUR,currency,1000000,2016-12-31,-1002,-1002,1,matched,2017,9bd4a750fe4b871c062b1c64d7198474a2a5c96841286f6e96a32a076398ba95,61-62,"Cash flow related to interest, dividend and income tax","(1,002)"
heineken,cash_flow,20,"Cash flow related to interest, dividend and income tax",1,EUR,currency,1000000,2017-12-31,-1042,-1042,1,matched,2017,9bd4a750fe4b871c062b1c64d7198474a2a5c96841286f6e96a32a076398ba95,61-62,"Cash flow related to interest, dividend and income tax","(1,042)"
heineken,cash_flow,20,"Cash flow related to interest, dividend and income tax",1,EUR,currency,1000000,2018-12-31,-1152,-1152,1,matched,2019,cca80d203bfccb86a381b20bb7641ad3f24ee218104fed0e07d230020484e494,66,"Cash flow related to interest, dividend and income tax","(1,152)"
heineken,cash_flow,20,"Cash flow related to interest, dividend and income tax",1,EUR,currency,1000000,2019-12-31,-1219,-1219,1,matched,2019,cca80d203bfccb86a381b20bb7641ad3f24ee218104fed0e07d230020484e494,66,"Cash flow related to interest, dividend and income tax","(1,219)"
heineken,cash_flow,20,"Cash flow related to interest, dividend and income tax",1,EUR,currency,1000000,2020-12-31,-1096,-1096,1,matched,2021,c1a9a847a67b32fc1bce671ae2590e5e0a085c964c0c507a2500fc9713850cd8,73,"Cash flow related to interest, dividend and income tax","(1,096)"
heineken,cash_flow,20,"Cash flow related to interest, dividend and income tax",1,EUR,currency,1000000,2021-12-31,-946,-946,1,matched,2021,c1a9a847a67b32fc1bce671ae2590e5e0a085c964c0c507a2500fc9713850cd8,73,"Cash flow related to interest, dividend and income tax",(946)
heineken,cash_flow,20,"Cash flow related to interest, dividend and income tax",1,EUR,currency,1000000,2022-12-31,-1164,-1164,1,matched,2023,1b35e06fb6f9b3ed93770966755327a0a6f6911275ef63321c113ba6e83d8ac3,77,"Cash flow related to interest, dividend and income tax","(1,164)"
heineken,cash_flow,20,"Cash flow related to interest, dividend and income tax",1,EUR,currency,1000000,2023-12-31,-1519,-1519,1,matched,2023,1b35e06fb6f9b3ed93770966755327a0a6f6911275ef63321c113ba6e83d8ac3,77,"Cash flow related to interest, dividend and income tax","(1,519)"
heineken,cash_flow,20,"Cash flow related to interest, dividend and income tax",1,EUR,currency,1000000,2024-12-31,-1400,-1400,1,matched,2025,2dee3a7ac14103566f798aff09ce15bc354815c0848d2831fcb99d71bdfad259,86,"Cash flow related to interest, dividend and income tax","(1,400)"
heineken,cash_flow,20,"Cash flow related to interest, dividend and income tax",1,EUR,currency,1000000,2025-12-31,-1322,-1322,1,matched,2025,2dee3a7ac14103566f798aff09ce15bc354815c0848d2831fcb99d71bdfad259,86,"Cash flow related to interest, dividend and income tax","(1,322)"
heineken,cash_flow,21,"Gain on sale of property, plant and equipment, intangible assets and subsidiaries, joint ventures and associates",1,EUR,currency,1000000,2016-12-31,-46,-46,1,matched,2017,9bd4a750fe4b871c062b1c64d7198474a2a5c96841286f6e96a32a076398ba95,61-62,"Gain on sale of property, plant and equipment, intangible assets and subsidiaries, joint ventures and associates",(46)
heineken,cash_flow,21,"Gain on sale of property, plant and equipment, intangible assets and subsidiaries, joint ventures and associates",1,EUR,currency,1000000,2017-12-31,-141,-141,1,matched,2017,9bd4a750fe4b871c062b1c64d7198474a2a5c96841286f6e96a32a076398ba95,61-62,"Gain on sale of property, plant and equipment, intangible assets and subsidiaries, joint ventures and associates",(141)
heineken,cash_flow,21,"Gain on sale of property, plant and equipment, intangible assets and subsidiaries, joint ventures and associates",1,EUR,currency,1000000,2018-12-31,,,0,blank_no_source,,,,,
heineken,cash_flow,21,"Gain on sale of property, plant and equipment, intangible assets and subsidiaries, joint ventures and associates",1,EUR,currency,1000000,2019-12-31,,,0,blank_no_source,,,,,
heineken,cash_flow,21,"Gain on sale of property, plant and equipment, intangible assets and subsidiaries, joint ventures and associates",1,EUR,currency,1000000,2020-12-31,,,0,blank_no_source,,,,,
heineken,cash_flow,21,"Gain on sale of property, plant and equipment, intangible assets and subsidiaries, joint ventures and associates",1,EUR,currency,1000000,2021-12-31,,,0,blank_no_source,,,,,
heineken,cash_flow,21,"Gain on sale of property, plant and equipment, intangible assets and subsidiaries, joint ventures and associates",1,EUR,currency,1000000,2022-12-31,,,0,blank_no_source,,,,,
heineken,cash_flow,21,"Gain on sale of property, plant and equipment, intangible assets and subsidiaries, joint ventures and associates",1,EUR,currency,1000000,2023-12-31,,,0,blank_no_source,,,,,
heineken,cash_flow,21,"Gain on sale of property, plant and equipment, intangible assets and subsidiaries, joint ventures and associates",1,EUR,currency,1000000,2024-12-31,,,0,blank_no_source,,,,,
heineken,cash_flow,21,"Gain on sale of property, plant and equipment, intangible assets and subsidiaries, joint ventures and associates",1,EUR,currency,1000000,2025-12-31,,,0,blank_no_source,,,,,
heineken,cash_flow,22,Change in trade and other payables,1,EUR,currency,1000000,2016-12-31,328,328,1,matched,2017,9bd4a750fe4b871c062b1c64d7198474a2a5c96841286f6e96a32a076398ba95,61-62,Change in trade and other payables,328
heineken,cash_flow,22,Change in trade and other payables,1,EUR,currency,1000000,2017-12-31,495,495,1,matched,2017,9bd4a750fe4b871c062b1c64d7198474a2a5c96841286f6e96a32a076398ba95,61-62,Change in trade and other payables,495
heineken,cash_flow,22,Change in trade and other payables,1,EUR,currency,1000000,2018-12-31,,,0,blank_no_source,,,,,
heineken,cash_flow,22,Change in trade and other payables,1,EUR,currency,1000000,2019-12-31,,,0,blank_no_source,,,,,
heineken,cash_flow,22,Change in trade and other payables,1,EUR,currency,1000000,2020-12-31,,,0,blank_no_source,,,,,
heineken,cash_flow,22,Change in trade and other payables,1,EUR,currency,1000000,2021-12-31,,,0,blank_no_source,,,,,
heineken,cash_flow,22,Change in trade and other payables,1,EUR,currency,1000000,2022-12-31,,,0,blank_no_source,,,,,
heineken,cash_flow,22,Change in trade and other payables,1,EUR,currency,1000000,2023-12-31,,,0,blank_no_source,,,,,
heineken,cash_flow,22,Change in trade and other payables,1,EUR,currency,1000000,2024-12-31,,,0,blank_no_source,,,,,
heineken,cash_flow,22,Change in trade and other payables,1,EUR,currency,1000000,2025-12-31,,,0,blank_no_source,,,,,
heineken,cash_flow,23,Cash flow from operating activities,1,EUR,currency,1000000,2016-12-31,3718,3718,1,matched,2017,9bd4a750fe4b871c062b1c64d7198474a2a5c96841286f6e96a32a076398ba95,61-62,Cash flow from operating activities,"3,718"
heineken,cash_flow,23,Cash flow from operating activities,1,EUR,currency,1000000,2017-12-31,3882,3882,1,matched,2017,9bd4a750fe4b871c062b1c64d7198474a2a5c96841286f6e96a32a076398ba95,61-62,Cash flow from operating activities,"3,882"
heineken,cash_flow,23,Cash flow from operating activities,1,EUR,currency,1000000,2018-12-31,4388,4388,1,matched,2019,cca80d203bfccb86a381b20bb7641ad3f24ee218104fed0e07d230020484e494,66,Cash flow from operating activities,"4,388"
heineken,cash_flow,23,Cash flow from operating activities,1,EUR,currency,1000000,2019-12-31,4337,4337,1,matched,2019,cca80d203bfccb86a381b20bb7641ad3f24ee218104fed0e07d230020484e494,66,Cash flow from operating activities,"4,337"
heineken,cash_flow,23,Cash flow from operating activities,1,EUR,currency,1000000,2020-12-31,3136,3136,1,matched,2021,c1a9a847a67b32fc1bce671ae2590e5e0a085c964c0c507a2500fc9713850cd8,73,Cash flow from operating activities,"3,136"
heineken,cash_flow,23,Cash flow from operating activities,1,EUR,currency,1000000,2021-12-31,4181,4181,1,matched,2021,c1a9a847a67b32fc1bce671ae2590e5e0a085c964c0c507a2500fc9713850cd8,73,Cash flow from operating activities,"4,181"
heineken,cash_flow,23,Cash flow from operating activities,1,EUR,currency,1000000,2022-12-31,4496,4496,1,matched,2023,1b35e06fb6f9b3ed93770966755327a0a6f6911275ef63321c113ba6e83d8ac3,77,Cash flow from operating activities,"4,496"
heineken,cash_flow,23,Cash flow from operating activities,1,EUR,currency,1000000,2023-12-31,4430,4430,1,matched,2023,1b35e06fb6f9b3ed93770966755327a0a6f6911275ef63321c113ba6e83d8ac3,77,Cash flow from operating activities,"4,430"
heineken,cash_flow,23,Cash flow from operating activities,1,EUR,currency,1000000,2024-12-31,5503,5503,1,matched,2025,2dee3a7ac14103566f798aff09ce15bc354815c0848d2831fcb99d71bdfad259,86,Cash flow from operating activities,"5,503"
heineken,cash_flow,23,Cash flow from operating activities,1,EUR,currency,1000000,2025-12-31,5012,5012,1,matched,2025,2dee3a7ac14103566f798aff09ce15bc354815c0848d2831fcb99d71bdfad259,86,Cash flow from operating activities,"5,012"
heineken,cash_flow,24,"Proceeds from sale of property, plant and equipment and intangible assets",1,EUR,currency,1000000,2016-12-31,116,116,1,matched,2017,9bd4a750fe4b871c062b1c64d7198474a2a5c96841286f6e96a32a076398ba95,61-62,"Proceeds from sale of property, plant and equipment and intangible assets",116
heineken,cash_flow,24,"Proceeds from sale of property, plant and equipment and intangible assets",1,EUR,currency,1000000,2017-12-31,187,187,1,matched,2017,9bd4a750fe4b871c062b1c64d7198474a2a5c96841286f6e96a32a076398ba95,61-62,"Proceeds from sale of property, plant and equipment and intangible assets",187
heineken,cash_flow,24,"Proceeds from sale of property, plant and equipment and intangible assets",1,EUR,currency,1000000,2018-12-31,111,111,1,matched,2019,cca80d203bfccb86a381b20bb7641ad3f24ee218104fed0e07d230020484e494,66,"Proceeds from sale of property, plant and equipment and intangible assets",111
heineken,cash_flow,24,"Proceeds from sale of property, plant and equipment and intangible assets",1,EUR,currency,1000000,2019-12-31,177,177,1,matched,2019,cca80d203bfccb86a381b20bb7641ad3f24ee218104fed0e07d230020484e494,66,"Proceeds from sale of property, plant and equipment and intangible assets",177
heineken,cash_flow,24,"Proceeds from sale of property, plant and equipment and intangible assets",1,EUR,currency,1000000,2020-12-31,150,150,1,matched,2021,c1a9a847a67b32fc1bce671ae2590e5e0a085c964c0c507a2500fc9713850cd8,73,"Proceeds from sale of property, plant and equipment and intangible assets",150
heineken,cash_flow,24,"Proceeds from sale of property, plant and equipment and intangible assets",1,EUR,currency,1000000,2021-12-31,86,86,1,matched,2021,c1a9a847a67b32fc1bce671ae2590e5e0a085c964c0c507a2500fc9713850cd8,73,"Proceeds from sale of property, plant and equipment and intangible assets",86
heineken,cash_flow,24,"Proceeds from sale of property, plant and equipment and intangible assets",1,EUR,currency,1000000,2022-12-31,112,112,1,matched,2023,1b35e06fb6f9b3ed93770966755327a0a6f6911275ef63321c113ba6e83d8ac3,77,"Proceeds from sale of property, plant and equipment and",112
heineken,cash_flow,24,"Proceeds from sale of property, plant and equipment and intangible assets",1,EUR,currency,1000000,2023-12-31,154,154,1,matched,2023,1b35e06fb6f9b3ed93770966755327a0a6f6911275ef63321c113ba6e83d8ac3,77,"Proceeds from sale of property, plant and equipment and",154
heineken,cash_flow,24,"Proceeds from sale of property, plant and equipment and intangible assets",1,EUR,currency,1000000,2024-12-31,152,152,1,matched,2025,2dee3a7ac14103566f798aff09ce15bc354815c0848d2831fcb99d71bdfad259,86,"Proceeds from sale of property, plant and equipment and intangible assets",152
heineken,cash_flow,24,"Proceeds from sale of property, plant and equipment and intangible assets",1,EUR,currency,1000000,2025-12-31,166,166,1,matched,2025,2dee3a7ac14103566f798aff09ce15bc354815c0848d2831fcb99d71bdfad259,86,"Proceeds from sale of property, plant and equipment and intangible assets",166
heineken,cash_flow,25,"Purchase of property, plant and equipment",1,EUR,currency,1000000,2016-12-31,-1757,-1757,1,matched,2017,9bd4a750fe4b871c062b1c64d7198474a2a5c96841286f6e96a32a076398ba95,61-62,"Purchase of property, plant and equipment","(1,757)"
heineken,cash_flow,25,"Purchase of property, plant and equipment",1,EUR,currency,1000000,2017-12-31,-1696,-1696,1,matched,2017,9bd4a750fe4b871c062b1c64d7198474a2a5c96841286f6e96a32a076398ba95,61-62,"Purchase of property, plant and equipment","(1,696)"
heineken,cash_flow,25,"Purchase of property, plant and equipment",1,EUR,currency,1000000,2018-12-31,-1888,-1888,1,matched,2019,cca80d203bfccb86a381b20bb7641ad3f24ee218104fed0e07d230020484e494,66,"Purchase of property, plant and equipment","(1,888)"
heineken,cash_flow,25,"Purchase of property, plant and equipment",1,EUR,currency,1000000,2019-12-31,-1915,-1915,1,matched,2019,cca80d203bfccb86a381b20bb7641ad3f24ee218104fed0e07d230020484e494,66,"Purchase of property, plant and equipment","(1,915)"
heineken,cash_flow,25,"Purchase of property, plant and equipment",1,EUR,currency,1000000,2020-12-31,-1501,-1501,1,matched,2021,c1a9a847a67b32fc1bce671ae2590e5e0a085c964c0c507a2500fc9713850cd8,73,"Purchase of property, plant and equipment","(1,501)"
heineken,cash_flow,25,"Purchase of property, plant and equipment",1,EUR,currency,1000000,2021-12-31,-1324,-1324,1,matched,2021,c1a9a847a67b32fc1bce671ae2590e5e0a085c964c0c507a2500fc9713850cd8,73,"Purchase of property, plant and equipment","(1,324)"
heineken,cash_flow,25,"Purchase of property, plant and equipment",1,EUR,currency,1000000,2022-12-31,-1791,-1791,1,matched,2023,1b35e06fb6f9b3ed93770966755327a0a6f6911275ef63321c113ba6e83d8ac3,77,"Purchase of property, plant and equipment","(1,791)"
heineken,cash_flow,25,"Purchase of property, plant and equipment",1,EUR,currency,1000000,2023-12-31,-2434,-2434,1,matched,2023,1b35e06fb6f9b3ed93770966755327a0a6f6911275ef63321c113ba6e83d8ac3,77,"Purchase of property, plant and equipment","(2,434)"
heineken,cash_flow,25,"Purchase of property, plant and equipment",1,EUR,currency,1000000,2024-12-31,-2184,-2184,1,matched,2025,2dee3a7ac14103566f798aff09ce15bc354815c0848d2831fcb99d71bdfad259,86,"Purchase of property, plant and equipment","(2,184)"
heineken,cash_flow,25,"Purchase of property, plant and equipment",1,EUR,currency,1000000,2025-12-31,-2133,-2133,1,matched,2025,2dee3a7ac14103566f798aff09ce15bc354815c0848d2831fcb99d71bdfad259,86,"Purchase of property, plant and equipment","(2,133)"
heineken,cash_flow,26,Purchase of intangible assets,1,EUR,currency,1000000,2016-12-31,-109,-109,1,matched,2017,9bd4a750fe4b871c062b1c64d7198474a2a5c96841286f6e96a32a076398ba95,61-62,Purchase of intangible assets,(109)
heineken,cash_flow,26,Purchase of intangible assets,1,EUR,currency,1000000,2017-12-31,-137,-137,1,matched,2017,9bd4a750fe4b871c062b1c64d7198474a2a5c96841286f6e96a32a076398ba95,61-62,Purchase of intangible assets,(137)
heineken,cash_flow,26,Purchase of intangible assets,1,EUR,currency,1000000,2018-12-31,-167,-167,1,matched,2019,cca80d203bfccb86a381b20bb7641ad3f24ee218104fed0e07d230020484e494,66,Purchase of intangible assets,(167)
heineken,cash_flow,26,Purchase of intangible assets,1,EUR,currency,1000000,2019-12-31,-186,-186,1,matched,2019,cca80d203bfccb86a381b20bb7641ad3f24ee218104fed0e07d230020484e494,66,Purchase of intangible assets,(186)
heineken,cash_flow,26,Purchase of intangible assets,1,EUR,currency,1000000,2020-12-31,-139,-139,1,matched,2021,c1a9a847a67b32fc1bce671ae2590e5e0a085c964c0c507a2500fc9713850cd8,73,Purchase of intangible assets,(139)
heineken,cash_flow,26,Purchase of intangible assets,1,EUR,currency,1000000,2021-12-31,-273,-273,1,matched,2021,c1a9a847a67b32fc1bce671ae2590e5e0a085c964c0c507a2500fc9713850cd8,73,Purchase of intangible assets,(273)
heineken,cash_flow,26,Purchase of intangible assets,1,EUR,currency,1000000,2022-12-31,-220,-220,1,matched,2023,1b35e06fb6f9b3ed93770966755327a0a6f6911275ef63321c113ba6e83d8ac3,77,Purchase of intangible assets,(220)
heineken,cash_flow,26,Purchase of intangible assets,1,EUR,currency,1000000,2023-12-31,-243,-243,1,matched,2023,1b35e06fb6f9b3ed93770966755327a0a6f6911275ef63321c113ba6e83d8ac3,77,Purchase of intangible assets,(243)
heineken,cash_flow,26,Purchase of intangible assets,1,EUR,currency,1000000,2024-12-31,-281,-281,1,matched,2025,2dee3a7ac14103566f798aff09ce15bc354815c0848d2831fcb99d71bdfad259,86,Purchase of intangible assets,(281)
heineken,cash_flow,26,Purchase of intangible assets,1,EUR,currency,1000000,2025-12-31,-269,-269,1,matched,2025,2dee3a7ac14103566f798aff09ce15bc354815c0848d2831fcb99d71bdfad259,86,Purchase of intangible assets,(269)
heineken,cash_flow,27,Loans issued to customers and other investments,1,EUR,currency,1000000,2016-12-31,-219,-219,1,matched,2017,9bd4a750fe4b871c062b1c64d7198474a2a5c96841286f6e96a32a076398ba95,61-62,Loans issued to customers and other investments,(219)
heineken,cash_flow,27,Loans issued to customers and other investments,1,EUR,currency,1000000,2017-12-31,-259,-259,1,matched,2017,9bd4a750fe4b871c062b1c64d7198474a2a5c96841286f6e96a32a076398ba95,61-62,Loans issued to customers and other investments,(259)
heineken,cash_flow,27,Loans issued to customers and other investments,1,EUR,currency,1000000,2018-12-31,-239,-239,1,matched,2019,cca80d203bfccb86a381b20bb7641ad3f24ee218104fed0e07d230020484e494,66,Loans issued to customers and other investments,(239)
heineken,cash_flow,27,Loans issued to customers and other investments,1,EUR,currency,1000000,2019-12-31,-249,-249,1,matched,2019,cca80d203bfccb86a381b20bb7641ad3f24ee218104fed0e07d230020484e494,66,Loans issued to customers and other investments,(249)
heineken,cash_flow,27,Loans issued to customers and other investments,1,EUR,currency,1000000,2020-12-31,-177,-177,1,matched,2021,c1a9a847a67b32fc1bce671ae2590e5e0a085c964c0c507a2500fc9713850cd8,73,Loans issued to customers and other investments,(177)
heineken,cash_flow,27,Loans issued to customers and other investments,1,EUR,currency,1000000,2021-12-31,-196,-196,1,matched,2021,c1a9a847a67b32fc1bce671ae2590e5e0a085c964c0c507a2500fc9713850cd8,73,Loans issued to customers and other investments,(196)
heineken,cash_flow,27,Loans issued to customers and other investments,1,EUR,currency,1000000,2022-12-31,-219,-219,1,matched,2023,1b35e06fb6f9b3ed93770966755327a0a6f6911275ef63321c113ba6e83d8ac3,77,Loans issued to customers and other investments,(219)
heineken,cash_flow,27,Loans issued to customers and other investments,1,EUR,currency,1000000,2023-12-31,-244,-244,1,matched,2023,1b35e06fb6f9b3ed93770966755327a0a6f6911275ef63321c113ba6e83d8ac3,77,Loans issued to customers and other investments,(244)
heineken,cash_flow,27,Loans issued to customers and other investments,1,EUR,currency,1000000,2024-12-31,-221,-221,1,matched,2025,2dee3a7ac14103566f798aff09ce15bc354815c0848d2831fcb99d71bdfad259,86,Loans issued to customers and other investments,(221)
heineken,cash_flow,27,Loans issued to customers and other investments,1,EUR,currency,1000000,2025-12-31,-210,-210,1,matched,2025,2dee3a7ac14103566f798aff09ce15bc354815c0848d2831fcb99d71bdfad259,86,Loans issued to customers and other investments,(210)
heineken,cash_flow,28,Repayment on loans to customers and other investments,1,EUR,currency,1000000,2016-12-31,24,24,1,matched,2017,9bd4a750fe4b871c062b1c64d7198474a2a5c96841286f6e96a32a076398ba95,61-62,Repayment on loans to customers,24
heineken,cash_flow,28,Repayment on loans to customers and other investments,1,EUR,currency,1000000,2017-12-31,54,54,1,matched,2017,9bd4a750fe4b871c062b1c64d7198474a2a5c96841286f6e96a32a076398ba95,61-62,Repayment on loans to customers,54
heineken,cash_flow,28,Repayment on loans to customers and other investments,1,EUR,currency,1000000,2018-12-31,41,41,1,matched,2019,cca80d203bfccb86a381b20bb7641ad3f24ee218104fed0e07d230020484e494,66,Repayment on loans to customers and other investments,41
heineken,cash_flow,28,Repayment on loans to customers and other investments,1,EUR,currency,1000000,2019-12-31,64,64,1,matched,2019,cca80d203bfccb86a381b20bb7641ad3f24ee218104fed0e07d230020484e494,66,Repayment on loans to customers and other investments,64
heineken,cash_flow,28,Repayment on loans to customers and other investments,1,EUR,currency,1000000,2020-12-31,44,44,1,matched,2021,c1a9a847a67b32fc1bce671ae2590e5e0a085c964c0c507a2500fc9713850cd8,73,Repayment on loans to customers and other investments,44
heineken,cash_flow,28,Repayment on loans to customers and other investments,1,EUR,currency,1000000,2021-12-31,40,40,1,matched,2021,c1a9a847a67b32fc1bce671ae2590e5e0a085c964c0c507a2500fc9713850cd8,73,Repayment on loans to customers and other investments,40
heineken,cash_flow,28,Repayment on loans to customers and other investments,1,EUR,currency,1000000,2022-12-31,31,31,1,matched,2023,1b35e06fb6f9b3ed93770966755327a0a6f6911275ef63321c113ba6e83d8ac3,77,Repayment on loans to customers and other investments,31
heineken,cash_flow,28,Repayment on loans to customers and other investments,1,EUR,currency,1000000,2023-12-31,96,96,1,matched,2023,1b35e06fb6f9b3ed93770966755327a0a6f6911275ef63321c113ba6e83d8ac3,77,Repayment on loans to customers and other investments,96
heineken,cash_flow,28,Repayment on loans to customers and other investments,1,EUR,currency,1000000,2024-12-31,89,89,1,matched,2025,2dee3a7ac14103566f798aff09ce15bc354815c0848d2831fcb99d71bdfad259,86,Repayment on loans to customers and other investments,89
heineken,cash_flow,28,Repayment on loans to customers and other investments,1,EUR,currency,1000000,2025-12-31,36,36,1,matched,2025,2dee3a7ac14103566f798aff09ce15bc354815c0848d2831fcb99d71bdfad259,86,Repayment on loans to customers and other investments,36
heineken,cash_flow,29,Cash flow used in operational investing activities,1,EUR,currency,1000000,2016-12-31,-1945,-1945,1,matched,2017,9bd4a750fe4b871c062b1c64d7198474a2a5c96841286f6e96a32a076398ba95,61-62,Cash flow (used in)/from operational investing activities,"(1,945)"
heineken,cash_flow,29,Cash flow used in operational investing activities,1,EUR,currency,1000000,2017-12-31,-1851,-1851,1,matched,2017,9bd4a750fe4b871c062b1c64d7198474a2a5c96841286f6e96a32a076398ba95,61-62,Cash flow (used in)/from operational investing activities,"(1,851)"
heineken,cash_flow,29,Cash flow used in operational investing activities,1,EUR,currency,1000000,2018-12-31,-2142,-2142,1,matched,2019,cca80d203bfccb86a381b20bb7641ad3f24ee218104fed0e07d230020484e494,66,Cash flow (used in)/from operational investing activities,"(2,142)"
heineken,cash_flow,29,Cash flow used in operational investing activities,1,EUR,currency,1000000,2019-12-31,-2109,-2109,1,matched,2019,cca80d203bfccb86a381b20bb7641ad3f24ee218104fed0e07d230020484e494,66,Cash flow (used in)/from operational investing activities,"(2,109)"
heineken,cash_flow,29,Cash flow used in operational investing activities,1,EUR,currency,1000000,2020-12-31,-1623,-1623,1,matched,2021,c1a9a847a67b32fc1bce671ae2590e5e0a085c964c0c507a2500fc9713850cd8,73,Cash flow (used in)/from operational investing activities,"(1,623)"
heineken,cash_flow,29,Cash flow used in operational investing activities,1,EUR,currency,1000000,2021-12-31,-1667,-1667,1,matched,2021,c1a9a847a67b32fc1bce671ae2590e5e0a085c964c0c507a2500fc9713850cd8,73,Cash flow (used in)/from operational investing activities,"(1,667)"
heineken,cash_flow,29,Cash flow used in operational investing activities,1,EUR,currency,1000000,2022-12-31,-2087,-2087,1,matched,2023,1b35e06fb6f9b3ed93770966755327a0a6f6911275ef63321c113ba6e83d8ac3,77,Cash flow used in operational investing activities,"(2,087)"
heineken,cash_flow,29,Cash flow used in operational investing activities,1,EUR,currency,1000000,2023-12-31,-2671,-2671,1,matched,2023,1b35e06fb6f9b3ed93770966755327a0a6f6911275ef63321c113ba6e83d8ac3,77,Cash flow used in operational investing activities,"(2,671)"
heineken,cash_flow,29,Cash flow used in operational investing activities,1,EUR,currency,1000000,2024-12-31,-2445,-2445,1,matched,2025,2dee3a7ac14103566f798aff09ce15bc354815c0848d2831fcb99d71bdfad259,86,Cash flow used in operational investing activities,"(2,445)"
heineken,cash_flow,29,Cash flow used in operational investing activities,1,EUR,currency,1000000,2025-12-31,-2410,-2410,1,matched,2025,2dee3a7ac14103566f798aff09ce15bc354815c0848d2831fcb99d71bdfad259,86,Cash flow used in operational investing activities,"(2,410)"
heineken,cash_flow,30,Free operating cash flow,1,EUR,currency,1000000,2016-12-31,1773,1773,1,matched,2017,9bd4a750fe4b871c062b1c64d7198474a2a5c96841286f6e96a32a076398ba95,61-62,Free operating cash flow,"1,773"
heineken,cash_flow,30,Free operating cash flow,1,EUR,currency,1000000,2017-12-31,2031,2031,1,matched,2017,9bd4a750fe4b871c062b1c64d7198474a2a5c96841286f6e96a32a076398ba95,61-62,Free operating cash flow,"2,031"
heineken,cash_flow,30,Free operating cash flow,1,EUR,currency,1000000,2018-12-31,2246,2246,1,matched,2019,cca80d203bfccb86a381b20bb7641ad3f24ee218104fed0e07d230020484e494,66,Free operating cash flow,"2,246"
heineken,cash_flow,30,Free operating cash flow,1,EUR,currency,1000000,2019-12-31,2228,2228,1,matched,2019,cca80d203bfccb86a381b20bb7641ad3f24ee218104fed0e07d230020484e494,66,Free operating cash flow,"2,228"
heineken,cash_flow,30,Free operating cash flow,1,EUR,currency,1000000,2020-12-31,1513,1513,1,matched,2021,c1a9a847a67b32fc1bce671ae2590e5e0a085c964c0c507a2500fc9713850cd8,73,Free operating cash flow,"1,513"
heineken,cash_flow,30,Free operating cash flow,1,EUR,currency,1000000,2021-12-31,2514,2514,1,matched,2021,c1a9a847a67b32fc1bce671ae2590e5e0a085c964c0c507a2500fc9713850cd8,73,Free operating cash flow,"2,514"
heineken,cash_flow,30,Free operating cash flow,1,EUR,currency,1000000,2022-12-31,2409,2409,1,matched,2023,1b35e06fb6f9b3ed93770966755327a0a6f6911275ef63321c113ba6e83d8ac3,77,Free operating cash flow,"2,409"
heineken,cash_flow,30,Free operating cash flow,1,EUR,currency,1000000,2023-12-31,1759,1759,1,matched,2023,1b35e06fb6f9b3ed93770966755327a0a6f6911275ef63321c113ba6e83d8ac3,77,Free operating cash flow,"1,759"
heineken,cash_flow,30,Free operating cash flow,1,EUR,currency,1000000,2024-12-31,3058,3058,1,matched,2025,2dee3a7ac14103566f798aff09ce15bc354815c0848d2831fcb99d71bdfad259,86,Free operating cash flow,"3,058"
heineken,cash_flow,30,Free operating cash flow,1,EUR,currency,1000000,2025-12-31,2602,2602,1,matched,2025,2dee3a7ac14103566f798aff09ce15bc354815c0848d2831fcb99d71bdfad259,86,Free operating cash flow,"2,602"
heineken,cash_flow,31,"Acquisition of subsidiaries, net of cash acquired",1,EUR,currency,1000000,2016-12-31,-9,-9,1,matched,2017,9bd4a750fe4b871c062b1c64d7198474a2a5c96841286f6e96a32a076398ba95,61-62,"Acquisition of subsidiaries, net of cash acquired",(9)
heineken,cash_flow,31,"Acquisition of subsidiaries, net of cash acquired",1,EUR,currency,1000000,2017-12-31,-1047,-1047,1,matched,2017,9bd4a750fe4b871c062b1c64d7198474a2a5c96841286f6e96a32a076398ba95,61-62,"Acquisition of subsidiaries, net of cash acquired","(1,047)"
heineken,cash_flow,31,"Acquisition of subsidiaries, net of cash acquired",1,EUR,currency,1000000,2018-12-31,-70,-70,1,matched,2019,cca80d203bfccb86a381b20bb7641ad3f24ee218104fed0e07d230020484e494,66,"Acquisition of subsidiaries, net of cash acquired",(70)
heineken,cash_flow,31,"Acquisition of subsidiaries, net of cash acquired",1,EUR,currency,1000000,2019-12-31,-183,-183,1,matched,2019,cca80d203bfccb86a381b20bb7641ad3f24ee218104fed0e07d230020484e494,66,"Acquisition of subsidiaries, net of cash acquired",(183)
heineken,cash_flow,31,"Acquisition of subsidiaries, net of cash acquired",1,EUR,currency,1000000,2020-12-31,-26,-26,1,matched,2021,c1a9a847a67b32fc1bce671ae2590e5e0a085c964c0c507a2500fc9713850cd8,73,"Acquisition of subsidiaries, net of cash acquired",(26)
heineken,cash_flow,31,"Acquisition of subsidiaries, net of cash acquired",1,EUR,currency,1000000,2021-12-31,54,54,1,matched,2021,c1a9a847a67b32fc1bce671ae2590e5e0a085c964c0c507a2500fc9713850cd8,73,"Acquisition of subsidiaries, net of cash acquired",54
heineken,cash_flow,31,"Acquisition of subsidiaries, net of cash acquired",1,EUR,currency,1000000,2022-12-31,-171,-171,1,matched,2023,1b35e06fb6f9b3ed93770966755327a0a6f6911275ef63321c113ba6e83d8ac3,77,"Acquisition of subsidiaries, net of cash acquired",(171)
heineken,cash_flow,31,"Acquisition of subsidiaries, net of cash acquired",1,EUR,currency,1000000,2023-12-31,-806,-806,1,matched,2023,1b35e06fb6f9b3ed93770966755327a0a6f6911275ef63321c113ba6e83d8ac3,77,"Acquisition of subsidiaries, net of cash acquired",(806)
heineken,cash_flow,31,"Acquisition of subsidiaries, net of cash acquired",1,EUR,currency,1000000,2024-12-31,-4,-4,1,matched,2025,2dee3a7ac14103566f798aff09ce15bc354815c0848d2831fcb99d71bdfad259,86,"Acquisition of subsidiaries, net of cash acquired",(4)
heineken,cash_flow,31,"Acquisition of subsidiaries, net of cash acquired",1,EUR,currency,1000000,2025-12-31,-17,-17,1,matched,2025,2dee3a7ac14103566f798aff09ce15bc354815c0848d2831fcb99d71bdfad259,86,"Acquisition of subsidiaries, net of cash acquired",(17)
heineken,cash_flow,32,"Acquisition of/additions to associates, joint ventures and other investments",1,EUR,currency,1000000,2016-12-31,-68,-68,1,matched,2017,9bd4a750fe4b871c062b1c64d7198474a2a5c96841286f6e96a32a076398ba95,61-62,"Acquisition of/additions to associates, joint ventures and other investments",(68)
heineken,cash_flow,32,"Acquisition of/additions to associates, joint ventures and other investments",1,EUR,currency,1000000,2017-12-31,-93,-93,1,matched,2017,9bd4a750fe4b871c062b1c64d7198474a2a5c96841286f6e96a32a076398ba95,61-62,"Acquisition of/additions to associates, joint ventures and other investments",(93)
heineken,cash_flow,32,"Acquisition of/additions to associates, joint ventures and other investments",1,EUR,currency,1000000,2018-12-31,-159,-159,1,matched,2019,cca80d203bfccb86a381b20bb7641ad3f24ee218104fed0e07d230020484e494,66,"Acquisition of/additions to associates, joint ventures and other investments",(159)
heineken,cash_flow,32,"Acquisition of/additions to associates, joint ventures and other investments",1,EUR,currency,1000000,2019-12-31,-2875,-2875,1,matched,2019,cca80d203bfccb86a381b20bb7641ad3f24ee218104fed0e07d230020484e494,66,"Acquisition of/additions to associates, joint ventures and other investments","(2,875)"
heineken,cash_flow,32,"Acquisition of/additions to associates, joint ventures and other investments",1,EUR,currency,1000000,2020-12-31,-9,-9,1,matched,2021,c1a9a847a67b32fc1bce671ae2590e5e0a085c964c0c507a2500fc9713850cd8,73,"Acquisition of/additions to associates, joint ventures and other investments",(9)
heineken,cash_flow,32,"Acquisition of/additions to associates, joint ventures and other investments",1,EUR,currency,1000000,2021-12-31,-678,-678,1,matched,2021,c1a9a847a67b32fc1bce671ae2590e5e0a085c964c0c507a2500fc9713850cd8,73,"Acquisition of/additions to associates, joint ventures and other investments",(678)
heineken,cash_flow,32,"Acquisition of/additions to associates, joint ventures and other investments",1,EUR,currency,1000000,2022-12-31,-45,-45,1,matched,2023,1b35e06fb6f9b3ed93770966755327a0a6f6911275ef63321c113ba6e83d8ac3,77,"Acquisition of/additions to associates, joint ventures and other investments",(45)
heineken,cash_flow,32,"Acquisition of/additions to associates, joint ventures and other investments",1,EUR,currency,1000000,2023-12-31,-409,-409,1,matched,2023,1b35e06fb6f9b3ed93770966755327a0a6f6911275ef63321c113ba6e83d8ac3,77,"Acquisition of/additions to associates, joint ventures and other investments",(409)
heineken,cash_flow,32,"Acquisition of/additions to associates, joint ventures and other investments",1,EUR,currency,1000000,2024-12-31,-44,-44,1,matched,2025,2dee3a7ac14103566f798aff09ce15bc354815c0848d2831fcb99d71bdfad259,86,"Acquisition of/additions to associates, joint ventures and other investments",(44)
heineken,cash_flow,32,"Acquisition of/additions to associates, joint ventures and other investments",1,EUR,currency,1000000,2025-12-31,-38,-38,1,matched,2025,2dee3a7ac14103566f798aff09ce15bc354815c0848d2831fcb99d71bdfad259,86,"Acquisition of/additions to associates, joint ventures and other investments",(38)
heineken,cash_flow,33,"Disposal of subsidiaries, net of cash disposed of",1,EUR,currency,1000000,2016-12-31,15,15,1,matched,2017,9bd4a750fe4b871c062b1c64d7198474a2a5c96841286f6e96a32a076398ba95,61-62,"Disposal of subsidiaries, net of cash disposed of",15
heineken,cash_flow,33,"Disposal of subsidiaries, net of cash disposed of",1,EUR,currency,1000000,2017-12-31,10,10,1,matched,2017,9bd4a750fe4b871c062b1c64d7198474a2a5c96841286f6e96a32a076398ba95,61-62,"Disposal of subsidiaries, net of cash disposed of",10
heineken,cash_flow,33,"Disposal of subsidiaries, net of cash disposed of",1,EUR,currency,1000000,2018-12-31,15,15,1,matched,2019,cca80d203bfccb86a381b20bb7641ad3f24ee218104fed0e07d230020484e494,66,"Disposal of subsidiaries, net of cash disposed of",15
heineken,cash_flow,33,"Disposal of subsidiaries, net of cash disposed of",1,EUR,currency,1000000,2019-12-31,244,244,1,matched,2019,cca80d203bfccb86a381b20bb7641ad3f24ee218104fed0e07d230020484e494,66,"Disposal of subsidiaries, net of cash disposed of",244
heineken,cash_flow,33,"Disposal of subsidiaries, net of cash disposed of",1,EUR,currency,1000000,2020-12-31,-29,-29,1,matched,2021,c1a9a847a67b32fc1bce671ae2590e5e0a085c964c0c507a2500fc9713850cd8,73,"Disposal of subsidiaries, net of cash disposed of",(29)
heineken,cash_flow,33,"Disposal of subsidiaries, net of cash disposed of",1,EUR,currency,1000000,2021-12-31,3,3,1,matched,2021,c1a9a847a67b32fc1bce671ae2590e5e0a085c964c0c507a2500fc9713850cd8,73,"Disposal of subsidiaries, net of cash disposed of",3
heineken,cash_flow,33,"Disposal of subsidiaries, net of cash disposed of",1,EUR,currency,1000000,2022-12-31,9,9,1,matched,2023,1b35e06fb6f9b3ed93770966755327a0a6f6911275ef63321c113ba6e83d8ac3,77,"Disposal of subsidiaries, net of cash disposed of",9
heineken,cash_flow,33,"Disposal of subsidiaries, net of cash disposed of",1,EUR,currency,1000000,2023-12-31,257,257,1,matched,2023,1b35e06fb6f9b3ed93770966755327a0a6f6911275ef63321c113ba6e83d8ac3,77,"Disposal of subsidiaries, net of cash disposed of",257
heineken,cash_flow,33,"Disposal of subsidiaries, net of cash disposed of",1,EUR,currency,1000000,2024-12-31,14,14,1,matched,2025,2dee3a7ac14103566f798aff09ce15bc354815c0848d2831fcb99d71bdfad259,86,"Disposal of subsidiaries, net of cash disposed of",14
heineken,cash_flow,33,"Disposal of subsidiaries, net of cash disposed of",1,EUR,currency,1000000,2025-12-31,7,7,1,matched,2025,2dee3a7ac14103566f798aff09ce15bc354815c0848d2831fcb99d71bdfad259,86,"Disposal of subsidiaries, net of cash disposed of",7
heineken,cash_flow,34,"Disposal of associates, joint ventures and other investments",1,EUR,currency,1000000,2016-12-31,—,—,1,matched,2017,9bd4a750fe4b871c062b1c64d7198474a2a5c96841286f6e96a32a076398ba95,61-62,"Disposal of associates, joint ventures and other investments",–
heineken,cash_flow,34,"Disposal of associates, joint ventures and other investments",1,EUR,currency,1000000,2017-12-31,16,16,1,matched,2017,9bd4a750fe4b871c062b1c64d7198474a2a5c96841286f6e96a32a076398ba95,61-62,"Disposal of associates, joint ventures and other investments",16
heineken,cash_flow,34,"Disposal of associates, joint ventures and other investments",1,EUR,currency,1000000,2018-12-31,1,1,1,matched,2019,cca80d203bfccb86a381b20bb7641ad3f24ee218104fed0e07d230020484e494,66,"Disposal of associates, joint ventures and other investments",1
heineken,cash_flow,34,"Disposal of associates, joint ventures and other investments",1,EUR,currency,1000000,2019-12-31,50,50,1,matched,2019,cca80d203bfccb86a381b20bb7641ad3f24ee218104fed0e07d230020484e494,66,"Disposal of associates, joint ventures and other investments",50
heineken,cash_flow,34,"Disposal of associates, joint ventures and other investments",1,EUR,currency,1000000,2020-12-31,249,249,1,matched,2021,c1a9a847a67b32fc1bce671ae2590e5e0a085c964c0c507a2500fc9713850cd8,73,"Disposal of associates, joint ventures and other investments",249
heineken,cash_flow,34,"Disposal of associates, joint ventures and other investments",1,EUR,currency,1000000,2021-12-31,11,11,1,matched,2021,c1a9a847a67b32fc1bce671ae2590e5e0a085c964c0c507a2500fc9713850cd8,73,"Disposal of associates, joint ventures and other investments",11
heineken,cash_flow,34,"Disposal of associates, joint ventures and other investments",1,EUR,currency,1000000,2022-12-31,8,8,1,matched,2023,1b35e06fb6f9b3ed93770966755327a0a6f6911275ef63321c113ba6e83d8ac3,77,"Disposal of associates, joint ventures and other investments",8
heineken,cash_flow,34,"Disposal of associates, joint ventures and other investments",1,EUR,currency,1000000,2023-12-31,53,53,1,matched,2023,1b35e06fb6f9b3ed93770966755327a0a6f6911275ef63321c113ba6e83d8ac3,77,"Disposal of associates, joint ventures and other investments",53
heineken,cash_flow,34,"Disposal of associates, joint ventures and other investments",1,EUR,currency,1000000,2024-12-31,44,44,1,matched,2025,2dee3a7ac14103566f798aff09ce15bc354815c0848d2831fcb99d71bdfad259,86,"Disposal of associates, joint ventures and other investments",44
heineken,cash_flow,34,"Disposal of associates, joint ventures and other investments",1,EUR,currency,1000000,2025-12-31,3,3,1,matched,2025,2dee3a7ac14103566f798aff09ce15bc354815c0848d2831fcb99d71bdfad259,86,"Disposal of associates, joint ventures and other investments",3
heineken,cash_flow,35,Cash flow from/(used) in acquisitions and disposals,1,EUR,currency,1000000,2016-12-31,-62,-62,1,matched,2017,9bd4a750fe4b871c062b1c64d7198474a2a5c96841286f6e96a32a076398ba95,61-62,Cash flow (used in)/from acquisitions and disposals,(62)
heineken,cash_flow,35,Cash flow from/(used) in acquisitions and disposals,1,EUR,currency,1000000,2017-12-31,-1114,-1114,1,matched,2017,9bd4a750fe4b871c062b1c64d7198474a2a5c96841286f6e96a32a076398ba95,61-62,Cash flow (used in)/from acquisitions and disposals,"(1,114)"
heineken,cash_flow,35,Cash flow from/(used) in acquisitions and disposals,1,EUR,currency,1000000,2018-12-31,-213,-213,1,matched,2019,cca80d203bfccb86a381b20bb7641ad3f24ee218104fed0e07d230020484e494,66,Cash flow (used in)/from acquisitions and disposals,(213)
heineken,cash_flow,35,Cash flow from/(used) in acquisitions and disposals,1,EUR,currency,1000000,2019-12-31,-2764,-2764,1,matched,2019,cca80d203bfccb86a381b20bb7641ad3f24ee218104fed0e07d230020484e494,66,Cash flow (used in)/from acquisitions and disposals,"(2,764)"
heineken,cash_flow,35,Cash flow from/(used) in acquisitions and disposals,1,EUR,currency,1000000,2020-12-31,185,185,1,matched,2021,c1a9a847a67b32fc1bce671ae2590e5e0a085c964c0c507a2500fc9713850cd8,73,Cash flow (used in)/from acquisitions and disposals,185
heineken,cash_flow,35,Cash flow from/(used) in acquisitions and disposals,1,EUR,currency,1000000,2021-12-31,-610,-610,1,matched,2021,c1a9a847a67b32fc1bce671ae2590e5e0a085c964c0c507a2500fc9713850cd8,73,Cash flow (used in)/from acquisitions and disposals,(610)
heineken,cash_flow,35,Cash flow from/(used) in acquisitions and disposals,1,EUR,currency,1000000,2022-12-31,-199,-199,1,matched,2023,1b35e06fb6f9b3ed93770966755327a0a6f6911275ef63321c113ba6e83d8ac3,77,Cash flow used in acquisitions and disposals,(199)
heineken,cash_flow,35,Cash flow from/(used) in acquisitions and disposals,1,EUR,currency,1000000,2023-12-31,-905,-905,1,matched,2023,1b35e06fb6f9b3ed93770966755327a0a6f6911275ef63321c113ba6e83d8ac3,77,Cash flow used in acquisitions and disposals,(905)
heineken,cash_flow,35,Cash flow from/(used) in acquisitions and disposals,1,EUR,currency,1000000,2024-12-31,10,10,1,matched,2025,2dee3a7ac14103566f798aff09ce15bc354815c0848d2831fcb99d71bdfad259,86,Cash flow from/(used) in acquisitions and disposals,10
heineken,cash_flow,35,Cash flow from/(used) in acquisitions and disposals,1,EUR,currency,1000000,2025-12-31,-45,-45,1,matched,2025,2dee3a7ac14103566f798aff09ce15bc354815c0848d2831fcb99d71bdfad259,86,Cash flow from/(used) in acquisitions and disposals,(45)
heineken,cash_flow,36,Acquisition of non-controlling interests,1,EUR,currency,1000000,2016-12-31,-294,-294,1,matched,2017,9bd4a750fe4b871c062b1c64d7198474a2a5c96841286f6e96a32a076398ba95,61-62,Acquisition of non-controlling interests,(294)
heineken,cash_flow,36,Acquisition of non-controlling interests,1,EUR,currency,1000000,2017-12-31,-18,-18,1,matched,2017,9bd4a750fe4b871c062b1c64d7198474a2a5c96841286f6e96a32a076398ba95,61-62,Acquisition of non-controlling interests,(18)
heineken,cash_flow,36,Acquisition of non-controlling interests,1,EUR,currency,1000000,2018-12-31,-2,-2,1,matched,2019,cca80d203bfccb86a381b20bb7641ad3f24ee218104fed0e07d230020484e494,66,Acquisition of non-controlling interests,(2)
heineken,cash_flow,36,Acquisition of non-controlling interests,1,EUR,currency,1000000,2019-12-31,-103,-103,1,matched,2019,cca80d203bfccb86a381b20bb7641ad3f24ee218104fed0e07d230020484e494,66,Acquisition of non-controlling interests,(103)
heineken,cash_flow,36,Acquisition of non-controlling interests,1,EUR,currency,1000000,2020-12-31,-4,-4,1,matched,2021,c1a9a847a67b32fc1bce671ae2590e5e0a085c964c0c507a2500fc9713850cd8,73,Acquisition of non-controlling interests,(4)
heineken,cash_flow,36,Acquisition of non-controlling interests,1,EUR,currency,1000000,2021-12-31,-10,-10,1,matched,2021,c1a9a847a67b32fc1bce671ae2590e5e0a085c964c0c507a2500fc9713850cd8,73,Acquisition of non-controlling interests,(10)
heineken,cash_flow,36,Acquisition of non-controlling interests,1,EUR,currency,1000000,2022-12-31,-391,-391,1,matched,2023,1b35e06fb6f9b3ed93770966755327a0a6f6911275ef63321c113ba6e83d8ac3,77,Acquisition of non-controlling interests,(391)
heineken,cash_flow,36,Acquisition of non-controlling interests,1,EUR,currency,1000000,2023-12-31,-286,-286,1,matched,2023,1b35e06fb6f9b3ed93770966755327a0a6f6911275ef63321c113ba6e83d8ac3,77,Acquisition of non-controlling interests,(286)
heineken,cash_flow,36,Acquisition of non-controlling interests,1,EUR,currency,1000000,2024-12-31,—,—,1,matched,2025,2dee3a7ac14103566f798aff09ce15bc354815c0848d2831fcb99d71bdfad259,86,Acquisition of non-controlling interests,—
heineken,cash_flow,36,Acquisition of non-controlling interests,1,EUR,currency,1000000,2025-12-31,-22,-22,1,matched,2025,2dee3a7ac14103566f798aff09ce15bc354815c0848d2831fcb99d71bdfad259,86,Acquisition of non-controlling interests,(22)
heineken,cash_flow,37,Cash flow used in investing activities,1,EUR,currency,1000000,2016-12-31,-2007,-2007,1,matched,2017,9bd4a750fe4b871c062b1c64d7198474a2a5c96841286f6e96a32a076398ba95,61-62,Cash flow (used in)/from investing activities,"(2,007)"
heineken,cash_flow,37,Cash flow used in investing activities,1,EUR,currency,1000000,2017-12-31,-2965,-2965,1,matched,2017,9bd4a750fe4b871c062b1c64d7198474a2a5c96841286f6e96a32a076398ba95,61-62,Cash flow (used in)/from investing activities,"(2,965)"
heineken,cash_flow,37,Cash flow used in investing activities,1,EUR,currency,1000000,2018-12-31,-2355,-2355,1,matched,2019,cca80d203bfccb86a381b20bb7641ad3f24ee218104fed0e07d230020484e494,66,Cash flow (used in)/from investing activities,"(2,355)"
heineken,cash_flow,37,Cash flow used in investing activities,1,EUR,currency,1000000,2019-12-31,-4873,-4873,1,matched,2019,cca80d203bfccb86a381b20bb7641ad3f24ee218104fed0e07d230020484e494,66,Cash flow (used in)/from investing activities,"(4,873)"
heineken,cash_flow,37,Cash flow used in investing activities,1,EUR,currency,1000000,2020-12-31,-1438,-1438,1,matched,2021,c1a9a847a67b32fc1bce671ae2590e5e0a085c964c0c507a2500fc9713850cd8,73,Cash flow (used in)/from investing activities,"(1,438)"
heineken,cash_flow,37,Cash flow used in investing activities,1,EUR,currency,1000000,2021-12-31,-2277,-2277,1,matched,2021,c1a9a847a67b32fc1bce671ae2590e5e0a085c964c0c507a2500fc9713850cd8,73,Cash flow (used in)/from investing activities,"(2,277)"
heineken,cash_flow,37,Cash flow used in investing activities,1,EUR,currency,1000000,2022-12-31,-2286,-2286,1,matched,2023,1b35e06fb6f9b3ed93770966755327a0a6f6911275ef63321c113ba6e83d8ac3,77,Cash flow used in investing activities,"(2,286)"
heineken,cash_flow,37,Cash flow used in investing activities,1,EUR,currency,1000000,2023-12-31,-3576,-3576,1,matched,2023,1b35e06fb6f9b3ed93770966755327a0a6f6911275ef63321c113ba6e83d8ac3,77,Cash flow used in investing activities,"(3,576)"
heineken,cash_flow,37,Cash flow used in investing activities,1,EUR,currency,1000000,2024-12-31,-2435,-2435,1,matched,2025,2dee3a7ac14103566f798aff09ce15bc354815c0848d2831fcb99d71bdfad259,86,Cash flow used in investing activities,"(2,435)"
heineken,cash_flow,37,Cash flow used in investing activities,1,EUR,currency,1000000,2025-12-31,-2455,-2455,1,matched,2025,2dee3a7ac14103566f798aff09ce15bc354815c0848d2831fcb99d71bdfad259,86,Cash flow used in investing activities,"(2,455)"
heineken,cash_flow,38,Proceeds from borrowings,1,EUR,currency,1000000,2016-12-31,1670,1670,1,matched,2017,9bd4a750fe4b871c062b1c64d7198474a2a5c96841286f6e96a32a076398ba95,61-62,Proceeds from loans and borrowings,"1,670"
heineken,cash_flow,38,Proceeds from borrowings,1,EUR,currency,1000000,2017-12-31,3268,3268,1,matched,2017,9bd4a750fe4b871c062b1c64d7198474a2a5c96841286f6e96a32a076398ba95,61-62,Proceeds from loans and borrowings,"3,268"
heineken,cash_flow,38,Proceeds from borrowings,1,EUR,currency,1000000,2018-12-31,1694,1694,1,matched,2019,cca80d203bfccb86a381b20bb7641ad3f24ee218104fed0e07d230020484e494,66,Proceeds from borrowings,"1,694"
heineken,cash_flow,38,Proceeds from borrowings,1,EUR,currency,1000000,2019-12-31,2288,2288,1,matched,2019,cca80d203bfccb86a381b20bb7641ad3f24ee218104fed0e07d230020484e494,66,Proceeds from borrowings,"2,288"
heineken,cash_flow,38,Proceeds from borrowings,1,EUR,currency,1000000,2020-12-31,6037,6037,1,matched,2021,c1a9a847a67b32fc1bce671ae2590e5e0a085c964c0c507a2500fc9713850cd8,73,Proceeds from borrowings,"6,037"
heineken,cash_flow,38,Proceeds from borrowings,1,EUR,currency,1000000,2021-12-31,1571,1571,1,matched,2021,c1a9a847a67b32fc1bce671ae2590e5e0a085c964c0c507a2500fc9713850cd8,73,Proceeds from borrowings,"1,571"
heineken,cash_flow,38,Proceeds from borrowings,1,EUR,currency,1000000,2022-12-31,644,644,1,matched,2023,1b35e06fb6f9b3ed93770966755327a0a6f6911275ef63321c113ba6e83d8ac3,77,Proceeds from borrowings,644
heineken,cash_flow,38,Proceeds from borrowings,1,EUR,currency,1000000,2023-12-31,6751,6751,1,matched,2023,1b35e06fb6f9b3ed93770966755327a0a6f6911275ef63321c113ba6e83d8ac3,77,Proceeds from borrowings,"6,751"
heineken,cash_flow,38,Proceeds from borrowings,1,EUR,currency,1000000,2024-12-31,3076,3076,1,matched,2025,2dee3a7ac14103566f798aff09ce15bc354815c0848d2831fcb99d71bdfad259,86,Proceeds from borrowings,"3,076"
heineken,cash_flow,38,Proceeds from borrowings,1,EUR,currency,1000000,2025-12-31,6582,6582,1,matched,2025,2dee3a7ac14103566f798aff09ce15bc354815c0848d2831fcb99d71bdfad259,86,Proceeds from borrowings,"6,582"
heineken,cash_flow,39,Repayment of borrowings,1,EUR,currency,1000000,2016-12-31,-1001,-1001,1,matched,2017,9bd4a750fe4b871c062b1c64d7198474a2a5c96841286f6e96a32a076398ba95,61-62,Repayment of loans and borrowings,"(1,001)"
heineken,cash_flow,39,Repayment of borrowings,1,EUR,currency,1000000,2017-12-31,-3205,-3205,1,matched,2017,9bd4a750fe4b871c062b1c64d7198474a2a5c96841286f6e96a32a076398ba95,61-62,Repayment of loans and borrowings,"(3,205)"
heineken,cash_flow,39,Repayment of borrowings,1,EUR,currency,1000000,2018-12-31,-1545,-1545,1,matched,2019,cca80d203bfccb86a381b20bb7641ad3f24ee218104fed0e07d230020484e494,66,Repayment of borrowings,"(1,545)"
heineken,cash_flow,39,Repayment of borrowings,1,EUR,currency,1000000,2019-12-31,-2150,-2150,1,matched,2019,cca80d203bfccb86a381b20bb7641ad3f24ee218104fed0e07d230020484e494,66,Repayment of borrowings,"(2,150)"
heineken,cash_flow,39,Repayment of borrowings,1,EUR,currency,1000000,2020-12-31,-3714,-3714,1,matched,2021,c1a9a847a67b32fc1bce671ae2590e5e0a085c964c0c507a2500fc9713850cd8,73,Repayment of borrowings,"(3,714)"
heineken,cash_flow,39,Repayment of borrowings,1,EUR,currency,1000000,2021-12-31,-3362,-3362,1,matched,2021,c1a9a847a67b32fc1bce671ae2590e5e0a085c964c0c507a2500fc9713850cd8,73,Repayment of borrowings,"(3,362)"
heineken,cash_flow,39,Repayment of borrowings,1,EUR,currency,1000000,2022-12-31,-1934,-1934,1,matched,2023,1b35e06fb6f9b3ed93770966755327a0a6f6911275ef63321c113ba6e83d8ac3,77,Repayment of borrowings,"(1,934)"
heineken,cash_flow,39,Repayment of borrowings,1,EUR,currency,1000000,2023-12-31,-4614,-4614,1,matched,2023,1b35e06fb6f9b3ed93770966755327a0a6f6911275ef63321c113ba6e83d8ac3,77,Repayment of borrowings,"(4,614)"
heineken,cash_flow,39,Repayment of borrowings,1,EUR,currency,1000000,2024-12-31,-4091,-4091,1,matched,2025,2dee3a7ac14103566f798aff09ce15bc354815c0848d2831fcb99d71bdfad259,86,Repayment of borrowings,"(4,091)"
heineken,cash_flow,39,Repayment of borrowings,1,EUR,currency,1000000,2025-12-31,-4051,-4051,1,matched,2025,2dee3a7ac14103566f798aff09ce15bc354815c0848d2831fcb99d71bdfad259,86,Repayment of borrowings,"(4,051)"
heineken,cash_flow,40,Payment of principal portion of lease commitments,1,EUR,currency,1000000,2016-12-31,,,0,blank_no_source,,,,,
heineken,cash_flow,40,Payment of principal portion of lease commitments,1,EUR,currency,1000000,2017-12-31,,,0,blank_no_source,,,,,
heineken,cash_flow,40,Payment of principal portion of lease commitments,1,EUR,currency,1000000,2018-12-31,—,—,1,matched,2019,cca80d203bfccb86a381b20bb7641ad3f24ee218104fed0e07d230020484e494,66,Payment of lease commitments,–
heineken,cash_flow,40,Payment of principal portion of lease commitments,1,EUR,currency,1000000,2019-12-31,-259,-259,1,matched,2019,cca80d203bfccb86a381b20bb7641ad3f24ee218104fed0e07d230020484e494,66,Payment of lease commitments,(259)
heineken,cash_flow,40,Payment of principal portion of lease commitments,1,EUR,currency,1000000,2020-12-31,-281,-281,1,matched,2021,c1a9a847a67b32fc1bce671ae2590e5e0a085c964c0c507a2500fc9713850cd8,73,Payment of lease commitments,(281)
heineken,cash_flow,40,Payment of principal portion of lease commitments,1,EUR,currency,1000000,2021-12-31,-298,-298,1,matched,2021,c1a9a847a67b32fc1bce671ae2590e5e0a085c964c0c507a2500fc9713850cd8,73,Payment of lease commitments,(298)
heineken,cash_flow,40,Payment of principal portion of lease commitments,1,EUR,currency,1000000,2022-12-31,-304,-304,1,matched,2023,1b35e06fb6f9b3ed93770966755327a0a6f6911275ef63321c113ba6e83d8ac3,77,Payment of lease commitments,(304)
heineken,cash_flow,40,Payment of principal portion of lease commitments,1,EUR,currency,1000000,2023-12-31,-390,-390,1,matched,2023,1b35e06fb6f9b3ed93770966755327a0a6f6911275ef63321c113ba6e83d8ac3,77,Payment of lease commitments,(390)
heineken,cash_flow,40,Payment of principal portion of lease commitments,1,EUR,currency,1000000,2024-12-31,-355,-355,1,matched,2025,2dee3a7ac14103566f798aff09ce15bc354815c0848d2831fcb99d71bdfad259,86,Payment of principal portion of lease commitments,(355)
heineken,cash_flow,40,Payment of principal portion of lease commitments,1,EUR,currency,1000000,2025-12-31,-379,-379,1,matched,2025,2dee3a7ac14103566f798aff09ce15bc354815c0848d2831fcb99d71bdfad259,86,Payment of principal portion of lease commitments,(379)
heineken,cash_flow,41,Dividends paid,1,EUR,currency,1000000,2016-12-31,-1031,-1031,1,matched,2017,9bd4a750fe4b871c062b1c64d7198474a2a5c96841286f6e96a32a076398ba95,61-62,Dividends paid,"(1,031)"
heineken,cash_flow,41,Dividends paid,1,EUR,currency,1000000,2017-12-31,-1011,-1011,1,matched,2017,9bd4a750fe4b871c062b1c64d7198474a2a5c96841286f6e96a32a076398ba95,61-62,Dividends paid,"(1,011)"
heineken,cash_flow,41,Dividends paid,1,EUR,currency,1000000,2018-12-31,-1090,-1090,1,matched,2019,cca80d203bfccb86a381b20bb7641ad3f24ee218104fed0e07d230020484e494,66,Dividends paid,"(1,090)"
heineken,cash_flow,41,Dividends paid,1,EUR,currency,1000000,2019-12-31,-1223,-1223,1,matched,2019,cca80d203bfccb86a381b20bb7641ad3f24ee218104fed0e07d230020484e494,66,Dividends paid,"(1,223)"
heineken,cash_flow,41,Dividends paid,1,EUR,currency,1000000,2020-12-31,-811,-811,1,matched,2021,c1a9a847a67b32fc1bce671ae2590e5e0a085c964c0c507a2500fc9713850cd8,73,Dividends paid,(811)
heineken,cash_flow,41,Dividends paid,1,EUR,currency,1000000,2021-12-31,-796,-796,1,matched,2021,c1a9a847a67b32fc1bce671ae2590e5e0a085c964c0c507a2500fc9713850cd8,73,Dividends paid,(796)
heineken,cash_flow,41,Dividends paid,1,EUR,currency,1000000,2022-12-31,-1099,-1099,1,matched,2023,1b35e06fb6f9b3ed93770966755327a0a6f6911275ef63321c113ba6e83d8ac3,77,Dividends paid,"(1,099)"
heineken,cash_flow,41,Dividends paid,1,EUR,currency,1000000,2023-12-31,-1335,-1335,1,matched,2023,1b35e06fb6f9b3ed93770966755327a0a6f6911275ef63321c113ba6e83d8ac3,77,Dividends paid,"(1,335)"
heineken,cash_flow,41,Dividends paid,1,EUR,currency,1000000,2024-12-31,-1199,-1199,1,matched,2025,2dee3a7ac14103566f798aff09ce15bc354815c0848d2831fcb99d71bdfad259,86,Dividends paid,"(1,199)"
heineken,cash_flow,41,Dividends paid,1,EUR,currency,1000000,2025-12-31,-1276,-1276,1,matched,2025,2dee3a7ac14103566f798aff09ce15bc354815c0848d2831fcb99d71bdfad259,86,Dividends paid,"(1,276)"
heineken,cash_flow,42,Purchase own shares and shares issued,1,EUR,currency,1000000,2016-12-31,-31,-31,1,matched,2017,9bd4a750fe4b871c062b1c64d7198474a2a5c96841286f6e96a32a076398ba95,61-62,Purchase own shares and shares issued,(31)
heineken,cash_flow,42,Purchase own shares and shares issued,1,EUR,currency,1000000,2017-12-31,—,—,1,matched,2017,9bd4a750fe4b871c062b1c64d7198474a2a5c96841286f6e96a32a076398ba95,61-62,Purchase own shares and shares issued,–
heineken,cash_flow,42,Purchase own shares and shares issued,1,EUR,currency,1000000,2018-12-31,-20,-20,1,matched,2019,cca80d203bfccb86a381b20bb7641ad3f24ee218104fed0e07d230020484e494,66,Purchase own shares and shares issued,(20)
heineken,cash_flow,42,Purchase own shares and shares issued,1,EUR,currency,1000000,2019-12-31,428,428,1,matched,2019,cca80d203bfccb86a381b20bb7641ad3f24ee218104fed0e07d230020484e494,66,Purchase own shares and shares issued,428
heineken,cash_flow,42,Purchase own shares and shares issued,1,EUR,currency,1000000,2020-12-31,11,11,1,matched,2021,c1a9a847a67b32fc1bce671ae2590e5e0a085c964c0c507a2500fc9713850cd8,73,Purchase own shares and shares issued,11
heineken,cash_flow,42,Purchase own shares and shares issued,1,EUR,currency,1000000,2021-12-31,12,12,1,matched,2021,c1a9a847a67b32fc1bce671ae2590e5e0a085c964c0c507a2500fc9713850cd8,73,Purchase own shares and shares issued,12
heineken,cash_flow,42,Purchase own shares and shares issued,1,EUR,currency,1000000,2022-12-31,-43,-43,1,matched,2023,1b35e06fb6f9b3ed93770966755327a0a6f6911275ef63321c113ba6e83d8ac3,77,Purchase own shares and shares issued,(43)
heineken,cash_flow,42,Purchase own shares and shares issued,1,EUR,currency,1000000,2023-12-31,-942,-942,1,matched,2023,1b35e06fb6f9b3ed93770966755327a0a6f6911275ef63321c113ba6e83d8ac3,77,Purchase own shares and shares issued,(942)
heineken,cash_flow,42,Purchase own shares and shares issued,1,EUR,currency,1000000,2024-12-31,-5,-5,1,matched,2025,2dee3a7ac14103566f798aff09ce15bc354815c0848d2831fcb99d71bdfad259,86,Purchase own shares and shares issued,(5)
heineken,cash_flow,42,Purchase own shares and shares issued,1,EUR,currency,1000000,2025-12-31,-701,-701,1,matched,2025,2dee3a7ac14103566f798aff09ce15bc354815c0848d2831fcb99d71bdfad259,86,Purchase own shares and shares issued,(701)
heineken,cash_flow,43,Cash flow from/(used) in financing activities,1,EUR,currency,1000000,2016-12-31,-672,-672,1,matched,2017,9bd4a750fe4b871c062b1c64d7198474a2a5c96841286f6e96a32a076398ba95,61-62,Cash flow (used in)/from financing activities,(672)
heineken,cash_flow,43,Cash flow from/(used) in financing activities,1,EUR,currency,1000000,2017-12-31,-966,-966,1,matched,2017,9bd4a750fe4b871c062b1c64d7198474a2a5c96841286f6e96a32a076398ba95,61-62,Cash flow (used in)/from financing activities,(966)
heineken,cash_flow,43,Cash flow from/(used) in financing activities,1,EUR,currency,1000000,2018-12-31,-967,-967,1,matched,2019,cca80d203bfccb86a381b20bb7641ad3f24ee218104fed0e07d230020484e494,66,Cash flow (used in)/from financing activities,(967)
heineken,cash_flow,43,Cash flow from/(used) in financing activities,1,EUR,currency,1000000,2019-12-31,-1016,-1016,1,matched,2019,cca80d203bfccb86a381b20bb7641ad3f24ee218104fed0e07d230020484e494,66,Cash flow (used in)/from financing activities,"(1,016)"
heineken,cash_flow,43,Cash flow from/(used) in financing activities,1,EUR,currency,1000000,2020-12-31,1238,1238,1,matched,2021,c1a9a847a67b32fc1bce671ae2590e5e0a085c964c0c507a2500fc9713850cd8,73,Cash flow (used in)/from financing activities,"1,238"
heineken,cash_flow,43,Cash flow from/(used) in financing activities,1,EUR,currency,1000000,2021-12-31,-2883,-2883,1,matched,2021,c1a9a847a67b32fc1bce671ae2590e5e0a085c964c0c507a2500fc9713850cd8,73,Cash flow (used in)/from financing activities,"(2,883)"
heineken,cash_flow,43,Cash flow from/(used) in financing activities,1,EUR,currency,1000000,2022-12-31,-3127,-3127,1,matched,2023,1b35e06fb6f9b3ed93770966755327a0a6f6911275ef63321c113ba6e83d8ac3,77,Cash flow used in financing activities,"(3,127)"
heineken,cash_flow,43,Cash flow from/(used) in financing activities,1,EUR,currency,1000000,2023-12-31,-816,-816,1,matched,2023,1b35e06fb6f9b3ed93770966755327a0a6f6911275ef63321c113ba6e83d8ac3,77,Cash flow used in financing activities,(816)
heineken,cash_flow,43,Cash flow from/(used) in financing activities,1,EUR,currency,1000000,2024-12-31,-2574,-2574,1,matched,2025,2dee3a7ac14103566f798aff09ce15bc354815c0848d2831fcb99d71bdfad259,86,Cash flow from/(used) in financing activities,"(2,574)"
heineken,cash_flow,43,Cash flow from/(used) in financing activities,1,EUR,currency,1000000,2025-12-31,153,153,1,matched,2025,2dee3a7ac14103566f798aff09ce15bc354815c0848d2831fcb99d71bdfad259,86,Cash flow from/(used) in financing activities,153
heineken,cash_flow,44,Cash and cash equivalents as at 1 January,1,EUR,currency,1000000,2016-12-31,282,282,1,matched,2017,9bd4a750fe4b871c062b1c64d7198474a2a5c96841286f6e96a32a076398ba95,61-62,Cash and cash equivalents as at 1 January,282
heineken,cash_flow,44,Cash and cash equivalents as at 1 January,1,EUR,currency,1000000,2017-12-31,1366,1366,1,matched,2017,9bd4a750fe4b871c062b1c64d7198474a2a5c96841286f6e96a32a076398ba95,61-62,Cash and cash equivalents as at 1 January,"1,366"
heineken,cash_flow,44,Cash and cash equivalents as at 1 January,1,EUR,currency,1000000,2018-12-31,1177,1177,1,matched,2019,cca80d203bfccb86a381b20bb7641ad3f24ee218104fed0e07d230020484e494,66,Cash and cash equivalents as at 1 January,"1,177"
heineken,cash_flow,44,Cash and cash equivalents as at 1 January,1,EUR,currency,1000000,2019-12-31,2248,2248,1,matched,2019,cca80d203bfccb86a381b20bb7641ad3f24ee218104fed0e07d230020484e494,66,Cash and cash equivalents as at 1 January,"2,248"
heineken,cash_flow,44,Cash and cash equivalents as at 1 January,1,EUR,currency,1000000,2020-12-31,687,687,1,matched,2021,c1a9a847a67b32fc1bce671ae2590e5e0a085c964c0c507a2500fc9713850cd8,73,Cash and cash equivalents as at 1 January,687
heineken,cash_flow,44,Cash and cash equivalents as at 1 January,1,EUR,currency,1000000,2021-12-31,3519,3519,1,matched,2021,c1a9a847a67b32fc1bce671ae2590e5e0a085c964c0c507a2500fc9713850cd8,73,Cash and cash equivalents as at 1 January,"3,519"
heineken,cash_flow,44,Cash and cash equivalents as at 1 January,1,EUR,currency,1000000,2022-12-31,2556,2556,1,matched,2023,1b35e06fb6f9b3ed93770966755327a0a6f6911275ef63321c113ba6e83d8ac3,77,Cash and cash equivalents as at 1 January,"2,556"
heineken,cash_flow,44,Cash and cash equivalents as at 1 January,1,EUR,currency,1000000,2023-12-31,1618,1618,1,matched,2023,1b35e06fb6f9b3ed93770966755327a0a6f6911275ef63321c113ba6e83d8ac3,77,Cash and cash equivalents as at 1 January,"1,618"
heineken,cash_flow,44,Cash and cash equivalents as at 1 January,1,EUR,currency,1000000,2024-12-31,1425,1425,1,matched,2025,2dee3a7ac14103566f798aff09ce15bc354815c0848d2831fcb99d71bdfad259,86,Cash and cash equivalents as at 1 January,"1,425"
heineken,cash_flow,44,Cash and cash equivalents as at 1 January,1,EUR,currency,1000000,2025-12-31,1753,1753,1,matched,2025,2dee3a7ac14103566f798aff09ce15bc354815c0848d2831fcb99d71bdfad259,86,Cash and cash equivalents as at 1 January,"1,753"
heineken,cash_flow,45,Net cash flow,1,EUR,currency,1000000,2016-12-31,1039,1039,1,matched,2017,9bd4a750fe4b871c062b1c64d7198474a2a5c96841286f6e96a32a076398ba95,61-62,Net cash flow,"1,039"
heineken,cash_flow,45,Net cash flow,1,EUR,currency,1000000,2017-12-31,-49,-49,1,matched,2017,9bd4a750fe4b871c062b1c64d7198474a2a5c96841286f6e96a32a076398ba95,61-62,Net cash flow,(49)
heineken,cash_flow,45,Net cash flow,1,EUR,currency,1000000,2018-12-31,1066,1066,1,matched,2019,cca80d203bfccb86a381b20bb7641ad3f24ee218104fed0e07d230020484e494,66,Net cash flow,"1,066"
heineken,cash_flow,45,Net cash flow,1,EUR,currency,1000000,2019-12-31,-1552,-1552,1,matched,2019,cca80d203bfccb86a381b20bb7641ad3f24ee218104fed0e07d230020484e494,66,Net cash flow,"(1,552)"
heineken,cash_flow,45,Net cash flow,1,EUR,currency,1000000,2020-12-31,2936,2936,1,matched,2021,c1a9a847a67b32fc1bce671ae2590e5e0a085c964c0c507a2500fc9713850cd8,73,Net cash flow,"2,936"
heineken,cash_flow,45,Net cash flow,1,EUR,currency,1000000,2021-12-31,-979,-979,1,matched,2021,c1a9a847a67b32fc1bce671ae2590e5e0a085c964c0c507a2500fc9713850cd8,73,Net cash flow,(979)
heineken,cash_flow,45,Net cash flow,1,EUR,currency,1000000,2022-12-31,-917,-917,1,matched,2023,1b35e06fb6f9b3ed93770966755327a0a6f6911275ef63321c113ba6e83d8ac3,77,Net cash flow,(917)
heineken,cash_flow,45,Net cash flow,1,EUR,currency,1000000,2023-12-31,38,38,1,matched,2023,1b35e06fb6f9b3ed93770966755327a0a6f6911275ef63321c113ba6e83d8ac3,77,Net cash flow,38
heineken,cash_flow,45,Net cash flow,1,EUR,currency,1000000,2024-12-31,494,494,1,matched,2025,2dee3a7ac14103566f798aff09ce15bc354815c0848d2831fcb99d71bdfad259,86,Net cash flow,494
heineken,cash_flow,45,Net cash flow,1,EUR,currency,1000000,2025-12-31,2710,2710,1,matched,2025,2dee3a7ac14103566f798aff09ce15bc354815c0848d2831fcb99d71bdfad259,86,Net cash flow,"2,710"
heineken,cash_flow,46,Effect of movements in exchange rates,1,EUR,currency,1000000,2016-12-31,45,45,1,matched,2017,9bd4a750fe4b871c062b1c64d7198474a2a5c96841286f6e96a32a076398ba95,61-62,Effect of movements in exchange rates,45
heineken,cash_flow,46,Effect of movements in exchange rates,1,EUR,currency,1000000,2017-12-31,-140,-140,1,matched,2017,9bd4a750fe4b871c062b1c64d7198474a2a5c96841286f6e96a32a076398ba95,61-62,Effect of movements in exchange rates,(140)
heineken,cash_flow,46,Effect of movements in exchange rates,1,EUR,currency,1000000,2018-12-31,5,5,1,matched,2019,cca80d203bfccb86a381b20bb7641ad3f24ee218104fed0e07d230020484e494,66,Effect of movements in exchange rates,5
heineken,cash_flow,46,Effect of movements in exchange rates,1,EUR,currency,1000000,2019-12-31,-9,-9,1,matched,2019,cca80d203bfccb86a381b20bb7641ad3f24ee218104fed0e07d230020484e494,66,Effect of movements in exchange rates,(9)
heineken,cash_flow,46,Effect of movements in exchange rates,1,EUR,currency,1000000,2020-12-31,-104,-104,1,matched,2021,c1a9a847a67b32fc1bce671ae2590e5e0a085c964c0c507a2500fc9713850cd8,73,Effect of movements in exchange rates,(104)
heineken,cash_flow,46,Effect of movements in exchange rates,1,EUR,currency,1000000,2021-12-31,16,16,1,matched,2021,c1a9a847a67b32fc1bce671ae2590e5e0a085c964c0c507a2500fc9713850cd8,73,Effect of movements in exchange rates,16
heineken,cash_flow,46,Effect of movements in exchange rates,1,EUR,currency,1000000,2022-12-31,-21,-21,1,matched,2023,1b35e06fb6f9b3ed93770966755327a0a6f6911275ef63321c113ba6e83d8ac3,77,Effect of movements in exchange rates,(21)
heineken,cash_flow,46,Effect of movements in exchange rates,1,EUR,currency,1000000,2023-12-31,-231,-231,1,matched,2023,1b35e06fb6f9b3ed93770966755327a0a6f6911275ef63321c113ba6e83d8ac3,77,Effect of movements in exchange rates,(231)
heineken,cash_flow,46,Effect of movements in exchange rates,1,EUR,currency,1000000,2024-12-31,-166,-166,1,matched,2025,2dee3a7ac14103566f798aff09ce15bc354815c0848d2831fcb99d71bdfad259,86,Effect of movements in exchange rates,(166)
heineken,cash_flow,46,Effect of movements in exchange rates,1,EUR,currency,1000000,2025-12-31,-151,-151,1,matched,2025,2dee3a7ac14103566f798aff09ce15bc354815c0848d2831fcb99d71bdfad259,86,Effect of movements in exchange rates,(151)
heineken,cash_flow,47,Other,1,EUR,currency,1000000,2016-12-31,15,15,1,matched,2017,9bd4a750fe4b871c062b1c64d7198474a2a5c96841286f6e96a32a076398ba95,61-62,Other,15
heineken,cash_flow,47,Other,1,EUR,currency,1000000,2017-12-31,—,—,1,matched,2017,9bd4a750fe4b871c062b1c64d7198474a2a5c96841286f6e96a32a076398ba95,61-62,Other,–
heineken,cash_flow,47,Other,1,EUR,currency,1000000,2018-12-31,-4,-4,1,matched,2019,cca80d203bfccb86a381b20bb7641ad3f24ee218104fed0e07d230020484e494,66,Other,(4)
heineken,cash_flow,47,Other,1,EUR,currency,1000000,2019-12-31,3,3,1,matched,2019,cca80d203bfccb86a381b20bb7641ad3f24ee218104fed0e07d230020484e494,66,Other,3
heineken,cash_flow,47,Other,1,EUR,currency,1000000,2020-12-31,,,0,blank_no_source,,,,,
heineken,cash_flow,47,Other,1,EUR,currency,1000000,2021-12-31,,,0,blank_no_source,,,,,
heineken,cash_flow,47,Other,1,EUR,currency,1000000,2022-12-31,,,0,blank_no_source,,,,,
heineken,cash_flow,47,Other,1,EUR,currency,1000000,2023-12-31,,,0,blank_no_source,,,,,
heineken,cash_flow,47,Other,1,EUR,currency,1000000,2024-12-31,,,0,blank_no_source,,,,,
heineken,cash_flow,47,Other,1,EUR,currency,1000000,2025-12-31,,,0,blank_no_source,,,,,
heineken,cash_flow,48,Cash and cash equivalents as at 31 December,1,EUR,currency,1000000,2016-12-31,1366,1366,1,matched,2017,9bd4a750fe4b871c062b1c64d7198474a2a5c96841286f6e96a32a076398ba95,61-62,Cash and cash equivalents as at 31 December,"1,366"
heineken,cash_flow,48,Cash and cash equivalents as at 31 December,1,EUR,currency,1000000,2017-12-31,1177,1177,1,matched,2017,9bd4a750fe4b871c062b1c64d7198474a2a5c96841286f6e96a32a076398ba95,61-62,Cash and cash equivalents as at 31 December,"1,177"
heineken,cash_flow,48,Cash and cash equivalents as at 31 December,1,EUR,currency,1000000,2018-12-31,2248,2248,1,matched,2019,cca80d203bfccb86a381b20bb7641ad3f24ee218104fed0e07d230020484e494,66,Cash and cash equivalents as at 31 December,"2,248"
heineken,cash_flow,48,Cash and cash equivalents as at 31 December,1,EUR,currency,1000000,2019-12-31,687,687,1,matched,2019,cca80d203bfccb86a381b20bb7641ad3f24ee218104fed0e07d230020484e494,66,Cash and cash equivalents as at 31 December,687
heineken,cash_flow,48,Cash and cash equivalents as at 31 December,1,EUR,currency,1000000,2020-12-31,3519,3519,1,matched,2021,c1a9a847a67b32fc1bce671ae2590e5e0a085c964c0c507a2500fc9713850cd8,73,Cash and cash equivalents as at 31 December,"3,519"
heineken,cash_flow,48,Cash and cash equivalents as at 31 December,1,EUR,currency,1000000,2021-12-31,2556,2556,1,matched,2021,c1a9a847a67b32fc1bce671ae2590e5e0a085c964c0c507a2500fc9713850cd8,73,Cash and cash equivalents as at 31 December,"2,556"
heineken,cash_flow,48,Cash and cash equivalents as at 31 December,1,EUR,currency,1000000,2022-12-31,1618,1618,1,matched,2023,1b35e06fb6f9b3ed93770966755327a0a6f6911275ef63321c113ba6e83d8ac3,77,Cash and cash equivalents as at 31 December,"1,618"
heineken,cash_flow,48,Cash and cash equivalents as at 31 December,1,EUR,currency,1000000,2023-12-31,1425,1425,1,matched,2023,1b35e06fb6f9b3ed93770966755327a0a6f6911275ef63321c113ba6e83d8ac3,77,Cash and cash equivalents as at 31 December,"1,425"
heineken,cash_flow,48,Cash and cash equivalents as at 31 December,1,EUR,currency,1000000,2024-12-31,1753,1753,1,matched,2025,2dee3a7ac14103566f798aff09ce15bc354815c0848d2831fcb99d71bdfad259,86,Cash and cash equivalents as at 31 December,"1,753"
heineken,cash_flow,48,Cash and cash equivalents as at 31 December,1,EUR,currency,1000000,2025-12-31,4312,4312,1,matched,2025,2dee3a7ac14103566f798aff09ce15bc354815c0848d2831fcb99d71bdfad259,86,Cash and cash equivalents as at 31 December,"4,312"
unilever,income_statement,2,Turnover,1,EUR,currency,1000000,2016-12-31,52713,52713,1,matched,2017,798661ad641ab15daa68854b13b9ae1e264e62a878090aae79ff3d07deb235d0,89,Turnover,"52,713"
unilever,income_statement,2,Turnover,1,EUR,currency,1000000,2017-12-31,53715,53715,1,matched,2019,39114615f11b0ea05e12bb04558b8ba1e417db6e7114b88d5c288e73f234c8a8,90,Turnover,"53,715"
unilever,income_statement,2,Turnover,1,EUR,currency,1000000,2018-12-31,50982,50982,1,matched,2019,39114615f11b0ea05e12bb04558b8ba1e417db6e7114b88d5c288e73f234c8a8,90,Turnover,"50,982"
unilever,income_statement,2,Turnover,1,EUR,currency,1000000,2019-12-31,51980,51980,1,matched,2021,25a4c72b6ae964841619dd59f9f857cfb798ad126da7286ce0e5d6e0ecf34694,117,Turnover,"51,980"
unilever,income_statement,2,Turnover,1,EUR,currency,1000000,2020-12-31,50724,50724,1,matched,2021,25a4c72b6ae964841619dd59f9f857cfb798ad126da7286ce0e5d6e0ecf34694,117,Turnover,"50,724"
unilever,income_statement,2,Turnover,1,EUR,currency,1000000,2021-12-31,52444,52444,1,matched,2023,d572ce64ca74378a6b60208d27288263fb17c26c0d06d954c1ef3b8439eb1cc1,176,Turnover,"52,444"
unilever,income_statement,2,Turnover,1,EUR,currency,1000000,2022-12-31,60073,60073,1,matched,2023,d572ce64ca74378a6b60208d27288263fb17c26c0d06d954c1ef3b8439eb1cc1,176,Turnover,"60,073"
unilever,income_statement,2,Turnover,1,EUR,currency,1000000,2023-12-31,51680,51680,1,matched,2025,dcdc67ff84977e2beeb6b7a8113b6862fae1880838c613eceac42ba4b605d9d7,131,Turnover,"51,680"
unilever,income_statement,2,Turnover,1,EUR,currency,1000000,2024-12-31,52479,52479,1,matched,2025,dcdc67ff84977e2beeb6b7a8113b6862fae1880838c613eceac42ba4b605d9d7,131,Turnover,"52,479"
unilever,income_statement,2,Turnover,1,EUR,currency,1000000,2025-12-31,50503,50503,1,matched,2025,dcdc67ff84977e2beeb6b7a8113b6862fae1880838c613eceac42ba4b605d9d7,131,Turnover,"50,503"
unilever,income_statement,3,Operating profit,1,EUR,currency,1000000,2016-12-31,7801,7801,1,matched,2017,798661ad641ab15daa68854b13b9ae1e264e62a878090aae79ff3d07deb235d0,89,Operating profit,"7,801"
unilever,income_statement,3,Operating profit,1,EUR,currency,1000000,2017-12-31,8957,8957,1,matched,2019,39114615f11b0ea05e12bb04558b8ba1e417db6e7114b88d5c288e73f234c8a8,90,Operating profit,"8,957"
unilever,income_statement,3,Operating profit,1,EUR,currency,1000000,2018-12-31,12639,12639,1,matched,2019,39114615f11b0ea05e12bb04558b8ba1e417db6e7114b88d5c288e73f234c8a8,90,Operating profit,"12,639"
unilever,income_statement,3,Operating profit,1,EUR,currency,1000000,2019-12-31,8708,8708,1,matched,2021,25a4c72b6ae964841619dd59f9f857cfb798ad126da7286ce0e5d6e0ecf34694,117,Operating profit,"8,708"
unilever,income_statement,3,Operating profit,1,EUR,currency,1000000,2020-12-31,8303,8303,1,matched,2021,25a4c72b6ae964841619dd59f9f857cfb798ad126da7286ce0e5d6e0ecf34694,117,Operating profit,"8,303"
unilever,income_statement,3,Operating profit,1,EUR,currency,1000000,2021-12-31,8702,8702,1,matched,2023,d572ce64ca74378a6b60208d27288263fb17c26c0d06d954c1ef3b8439eb1cc1,176,Operating profit,"8,702"
unilever,income_statement,3,Operating profit,1,EUR,currency,1000000,2022-12-31,10755,10755,1,matched,2023,d572ce64ca74378a6b60208d27288263fb17c26c0d06d954c1ef3b8439eb1cc1,176,Operating profit,"10,755"
unilever,income_statement,3,Operating profit,1,EUR,currency,1000000,2023-12-31,8998,8998,1,matched,2025,dcdc67ff84977e2beeb6b7a8113b6862fae1880838c613eceac42ba4b605d9d7,131,Operating profit,"8,998"
unilever,income_statement,3,Operating profit,1,EUR,currency,1000000,2024-12-31,8829,8829,1,matched,2025,dcdc67ff84977e2beeb6b7a8113b6862fae1880838c613eceac42ba4b605d9d7,131,Operating profit,"8,829"
unilever,income_statement,3,Operating profit,1,EUR,currency,1000000,2025-12-31,9037,9037,1,matched,2025,dcdc67ff84977e2beeb6b7a8113b6862fae1880838c613eceac42ba4b605d9d7,131,Operating profit,"9,037"
unilever,income_statement,4,of which: (loss)/gain on disposal of group companies(b),1,EUR,currency,1000000,2016-12-31,,,0,blank_no_source,,,,,
unilever,income_statement,4,of which: (loss)/gain on disposal of group companies(b),1,EUR,currency,1000000,2017-12-31,,,0,blank_no_source,,,,,
unilever,income_statement,4,of which: (loss)/gain on disposal of group companies(b),1,EUR,currency,1000000,2018-12-31,,,0,blank_no_source,,,,,
unilever,income_statement,4,of which: (loss)/gain on disposal of group companies(b),1,EUR,currency,1000000,2019-12-31,,,0,blank_no_source,,,,,
unilever,income_statement,4,of which: (loss)/gain on disposal of group companies(b),1,EUR,currency,1000000,2020-12-31,,,0,blank_no_source,,,,,
unilever,income_statement,4,of which: (loss)/gain on disposal of group companies(b),1,EUR,currency,1000000,2021-12-31,,,0,blank_no_source,,,,,
unilever,income_statement,4,of which: (loss)/gain on disposal of group companies(b),1,EUR,currency,1000000,2022-12-31,,,0,blank_no_source,,,,,
unilever,income_statement,4,of which: (loss)/gain on disposal of group companies(b),1,EUR,currency,1000000,2023-12-31,491,491,1,matched,2025,dcdc67ff84977e2beeb6b7a8113b6862fae1880838c613eceac42ba4b605d9d7,131,of which: (loss)/gain on disposal of group companies(b),491
unilever,income_statement,4,of which: (loss)/gain on disposal of group companies(b),1,EUR,currency,1000000,2024-12-31,-229,-229,1,matched,2025,dcdc67ff84977e2beeb6b7a8113b6862fae1880838c613eceac42ba4b605d9d7,131,of which: (loss)/gain on disposal of group companies(b),(229)
unilever,income_statement,4,of which: (loss)/gain on disposal of group companies(b),1,EUR,currency,1000000,2025-12-31,-36,-36,1,matched,2025,dcdc67ff84977e2beeb6b7a8113b6862fae1880838c613eceac42ba4b605d9d7,131,of which: (loss)/gain on disposal of group companies(b),(36)
unilever,income_statement,5,Pensions and similar obligations,1,EUR,currency,1000000,2016-12-31,-94,-94,1,matched,2017,798661ad641ab15daa68854b13b9ae1e264e62a878090aae79ff3d07deb235d0,89,  Pensions and similar obligations,(94)
unilever,income_statement,5,Pensions and similar obligations,1,EUR,currency,1000000,2017-12-31,-96,-96,1,matched,2019,39114615f11b0ea05e12bb04558b8ba1e417db6e7114b88d5c288e73f234c8a8,90,Pensions and similar obligations,(96)
unilever,income_statement,5,Pensions and similar obligations,1,EUR,currency,1000000,2018-12-31,-25,-25,1,matched,2019,39114615f11b0ea05e12bb04558b8ba1e417db6e7114b88d5c288e73f234c8a8,90,Pensions and similar obligations,(25)
unilever,income_statement,5,Pensions and similar obligations,1,EUR,currency,1000000,2019-12-31,-30,-30,1,matched,2021,25a4c72b6ae964841619dd59f9f857cfb798ad126da7286ce0e5d6e0ecf34694,117,Pensions and similar obligations,(30)
unilever,income_statement,5,Pensions and similar obligations,1,EUR,currency,1000000,2020-12-31,-9,-9,1,matched,2021,25a4c72b6ae964841619dd59f9f857cfb798ad126da7286ce0e5d6e0ecf34694,117,Pensions and similar obligations,(9)
unilever,income_statement,5,Pensions and similar obligations,1,EUR,currency,1000000,2021-12-31,-10,-10,1,matched,2023,d572ce64ca74378a6b60208d27288263fb17c26c0d06d954c1ef3b8439eb1cc1,176,Pensions and similar obligations,(10)
unilever,income_statement,5,Pensions and similar obligations,1,EUR,currency,1000000,2022-12-31,44,44,1,matched,2023,d572ce64ca74378a6b60208d27288263fb17c26c0d06d954c1ef3b8439eb1cc1,176,Pensions and similar obligations,44
unilever,income_statement,5,Pensions and similar obligations,1,EUR,currency,1000000,2023-12-31,121,121,1,matched,2025,dcdc67ff84977e2beeb6b7a8113b6862fae1880838c613eceac42ba4b605d9d7,131,Pensions and similar obligations,121
unilever,income_statement,5,Pensions and similar obligations,1,EUR,currency,1000000,2024-12-31,83,83,1,matched,2025,dcdc67ff84977e2beeb6b7a8113b6862fae1880838c613eceac42ba4b605d9d7,131,Pensions and similar obligations,83
unilever,income_statement,5,Pensions and similar obligations,1,EUR,currency,1000000,2025-12-31,123,123,1,matched,2025,dcdc67ff84977e2beeb6b7a8113b6862fae1880838c613eceac42ba4b605d9d7,131,Pensions and similar obligations,123
unilever,income_statement,6,Net monetary loss arising from hyperinflationary economies,1,EUR,currency,1000000,2016-12-31,,,0,blank_no_source,,,,,
unilever,income_statement,6,Net monetary loss arising from hyperinflationary economies,1,EUR,currency,1000000,2017-12-31,,,0,blank_no_source,,,,,
unilever,income_statement,6,Net monetary loss arising from hyperinflationary economies,1,EUR,currency,1000000,2018-12-31,,,0,blank_no_source,,,,,
unilever,income_statement,6,Net monetary loss arising from hyperinflationary economies,1,EUR,currency,1000000,2019-12-31,,,0,blank_no_source,,,,,
unilever,income_statement,6,Net monetary loss arising from hyperinflationary economies,1,EUR,currency,1000000,2020-12-31,,,0,blank_no_source,,,,,
unilever,income_statement,6,Net monetary loss arising from hyperinflationary economies,1,EUR,currency,1000000,2021-12-31,,,0,blank_no_source,,,,,
unilever,income_statement,6,Net monetary loss arising from hyperinflationary economies,1,EUR,currency,1000000,2022-12-31,,,0,blank_no_source,,,,,
unilever,income_statement,6,Net monetary loss arising from hyperinflationary economies,1,EUR,currency,1000000,2023-12-31,-169,-169,1,matched,2025,dcdc67ff84977e2beeb6b7a8113b6862fae1880838c613eceac42ba4b605d9d7,131,Net monetary loss arising from hyperinflationary economies,(169)
unilever,income_statement,6,Net monetary loss arising from hyperinflationary economies,1,EUR,currency,1000000,2024-12-31,-201,-201,1,matched,2025,dcdc67ff84977e2beeb6b7a8113b6862fae1880838c613eceac42ba4b605d9d7,131,Net monetary loss arising from hyperinflationary economies,(201)
unilever,income_statement,6,Net monetary loss arising from hyperinflationary economies,1,EUR,currency,1000000,2025-12-31,-68,-68,1,matched,2025,dcdc67ff84977e2beeb6b7a8113b6862fae1880838c613eceac42ba4b605d9d7,131,Net monetary loss arising from hyperinflationary economies,(68)
unilever,income_statement,7,Share of net profit of joint ventures and associates,1,EUR,currency,1000000,2016-12-31,127,127,1,matched,2017,798661ad641ab15daa68854b13b9ae1e264e62a878090aae79ff3d07deb235d0,89,Share of net profit/(loss) of joint ventures and associates,127
unilever,income_statement,7,Share of net profit of joint ventures and associates,1,EUR,currency,1000000,2017-12-31,155,155,1,matched,2019,39114615f11b0ea05e12bb04558b8ba1e417db6e7114b88d5c288e73f234c8a8,90,Share of net profit/(loss) of joint ventures and associates,155
unilever,income_statement,7,Share of net profit of joint ventures and associates,1,EUR,currency,1000000,2018-12-31,185,185,1,matched,2019,39114615f11b0ea05e12bb04558b8ba1e417db6e7114b88d5c288e73f234c8a8,90,Share of net profit/(loss) of joint ventures and associates,185
unilever,income_statement,7,Share of net profit of joint ventures and associates,1,EUR,currency,1000000,2019-12-31,176,176,1,matched,2021,25a4c72b6ae964841619dd59f9f857cfb798ad126da7286ce0e5d6e0ecf34694,117,Share of net profit/(loss) of joint ventures and associates,176
unilever,income_statement,7,Share of net profit of joint ventures and associates,1,EUR,currency,1000000,2020-12-31,175,175,1,matched,2021,25a4c72b6ae964841619dd59f9f857cfb798ad126da7286ce0e5d6e0ecf34694,117,Share of net profit/(loss) of joint ventures and associates,175
unilever,income_statement,7,Share of net profit of joint ventures and associates,1,EUR,currency,1000000,2021-12-31,191,191,1,matched,2023,d572ce64ca74378a6b60208d27288263fb17c26c0d06d954c1ef3b8439eb1cc1,176,Share of net profit/(loss) of joint ventures and associates,191
unilever,income_statement,7,Share of net profit of joint ventures and associates,1,EUR,currency,1000000,2022-12-31,208,208,1,matched,2023,d572ce64ca74378a6b60208d27288263fb17c26c0d06d954c1ef3b8439eb1cc1,176,Share of net profit/(loss) of joint ventures and associates,208
unilever,income_statement,7,Share of net profit of joint ventures and associates,1,EUR,currency,1000000,2023-12-31,228,228,1,matched,2025,dcdc67ff84977e2beeb6b7a8113b6862fae1880838c613eceac42ba4b605d9d7,131,Share of net profit of joint ventures and associates,228
unilever,income_statement,7,Share of net profit of joint ventures and associates,1,EUR,currency,1000000,2024-12-31,250,250,1,matched,2025,dcdc67ff84977e2beeb6b7a8113b6862fae1880838c613eceac42ba4b605d9d7,131,Share of net profit of joint ventures and associates,250
unilever,income_statement,7,Share of net profit of joint ventures and associates,1,EUR,currency,1000000,2025-12-31,245,245,1,matched,2025,dcdc67ff84977e2beeb6b7a8113b6862fae1880838c613eceac42ba4b605d9d7,131,Share of net profit of joint ventures and associates,245
unilever,income_statement,8,Other income/(loss) from non-current investments and associates,1,EUR,currency,1000000,2016-12-31,104,104,1,matched,2017,798661ad641ab15daa68854b13b9ae1e264e62a878090aae79ff3d07deb235d0,89,Other income/(loss) from non-current investments and associates,104
unilever,income_statement,8,Other income/(loss) from non-current investments and associates,1,EUR,currency,1000000,2017-12-31,18,18,1,matched,2019,39114615f11b0ea05e12bb04558b8ba1e417db6e7114b88d5c288e73f234c8a8,90,Other income/(loss) from non-current investments and associates,18
unilever,income_statement,8,Other income/(loss) from non-current investments and associates,1,EUR,currency,1000000,2018-12-31,22,22,1,matched,2019,39114615f11b0ea05e12bb04558b8ba1e417db6e7114b88d5c288e73f234c8a8,90,Other income/(loss) from non-current investments and associates,22
unilever,income_statement,8,Other income/(loss) from non-current investments and associates,1,EUR,currency,1000000,2019-12-31,—,—,1,matched,2021,25a4c72b6ae964841619dd59f9f857cfb798ad126da7286ce0e5d6e0ecf34694,117,Other income/(loss) from non-current investments and associates,—
unilever,income_statement,8,Other income/(loss) from non-current investments and associates,1,EUR,currency,1000000,2020-12-31,3,3,1,matched,2021,25a4c72b6ae964841619dd59f9f857cfb798ad126da7286ce0e5d6e0ecf34694,117,Other income/(loss) from non-current investments and associates,3
unilever,income_statement,8,Other income/(loss) from non-current investments and associates,1,EUR,currency,1000000,2021-12-31,91,91,1,matched,2023,d572ce64ca74378a6b60208d27288263fb17c26c0d06d954c1ef3b8439eb1cc1,176,Other income/(loss) from non-current investments and associates,91
unilever,income_statement,8,Other income/(loss) from non-current investments and associates,1,EUR,currency,1000000,2022-12-31,24,24,1,matched,2023,d572ce64ca74378a6b60208d27288263fb17c26c0d06d954c1ef3b8439eb1cc1,176,Other income/(loss) from non-current investments and associates,24
unilever,income_statement,8,Other income/(loss) from non-current investments and associates,1,EUR,currency,1000000,2023-12-31,-22,-22,1,matched,2025,dcdc67ff84977e2beeb6b7a8113b6862fae1880838c613eceac42ba4b605d9d7,131,Other income/(loss) from non-current investments and associates,(22)
unilever,income_statement,8,Other income/(loss) from non-current investments and associates,1,EUR,currency,1000000,2024-12-31,13,13,1,matched,2025,dcdc67ff84977e2beeb6b7a8113b6862fae1880838c613eceac42ba4b605d9d7,131,Other income/(loss) from non-current investments and associates,13
unilever,income_statement,8,Other income/(loss) from non-current investments and associates,1,EUR,currency,1000000,2025-12-31,-17,-17,1,matched,2025,dcdc67ff84977e2beeb6b7a8113b6862fae1880838c613eceac42ba4b605d9d7,131,Other income/(loss) from non-current investments and associates,(17)
unilever,income_statement,9,Gain on disposal of discontinued operations,1,EUR,currency,1000000,2016-12-31,,,0,blank_no_source,,,,,
unilever,income_statement,9,Gain on disposal of discontinued operations,1,EUR,currency,1000000,2017-12-31,,,0,blank_no_source,,,,,
unilever,income_statement,9,Gain on disposal of discontinued operations,1,EUR,currency,1000000,2018-12-31,,,0,blank_no_source,,,,,
unilever,income_statement,9,Gain on disposal of discontinued operations,1,EUR,currency,1000000,2019-12-31,,,0,blank_no_source,,,,,
unilever,income_statement,9,Gain on disposal of discontinued operations,1,EUR,currency,1000000,2020-12-31,,,0,blank_no_source,,,,,
unilever,income_statement,9,Gain on disposal of discontinued operations,1,EUR,currency,1000000,2021-12-31,,,0,blank_no_source,,,,,
unilever,income_statement,9,Gain on disposal of discontinued operations,1,EUR,currency,1000000,2022-12-31,,,0,blank_no_source,,,,,
unilever,income_statement,9,Gain on disposal of discontinued operations,1,EUR,currency,1000000,2023-12-31,—,—,1,matched,2025,dcdc67ff84977e2beeb6b7a8113b6862fae1880838c613eceac42ba4b605d9d7,131,Gain on disposal of discontinued operations,–
unilever,income_statement,9,Gain on disposal of discontinued operations,1,EUR,currency,1000000,2024-12-31,—,—,1,matched,2025,dcdc67ff84977e2beeb6b7a8113b6862fae1880838c613eceac42ba4b605d9d7,131,Gain on disposal of discontinued operations,–
unilever,income_statement,9,Gain on disposal of discontinued operations,1,EUR,currency,1000000,2025-12-31,3373,3373,1,matched,2025,dcdc67ff84977e2beeb6b7a8113b6862fae1880838c613eceac42ba4b605d9d7,131,Gain on disposal of discontinued operations,"3,373"
unilever,income_statement,10,Gain on disposal of ekaterra,1,EUR,currency,1000000,2016-12-31,,,0,blank_no_source,,,,,
unilever,income_statement,10,Gain on disposal of ekaterra,1,EUR,currency,1000000,2017-12-31,,,0,blank_no_source,,,,,
unilever,income_statement,10,Gain on disposal of ekaterra,1,EUR,currency,1000000,2018-12-31,,,0,blank_no_source,,,,,
unilever,income_statement,10,Gain on disposal of ekaterra,1,EUR,currency,1000000,2019-12-31,,,0,blank_no_source,,,,,
unilever,income_statement,10,Gain on disposal of ekaterra,1,EUR,currency,1000000,2020-12-31,,,0,blank_no_source,,,,,
unilever,income_statement,10,Gain on disposal of ekaterra,1,EUR,currency,1000000,2021-12-31,—,—,1,matched,2023,d572ce64ca74378a6b60208d27288263fb17c26c0d06d954c1ef3b8439eb1cc1,176,Gain on disposal of ekaterra,–
unilever,income_statement,10,Gain on disposal of ekaterra,1,EUR,currency,1000000,2022-12-31,2303,2303,1,matched,2023,d572ce64ca74378a6b60208d27288263fb17c26c0d06d954c1ef3b8439eb1cc1,176,Gain on disposal of ekaterra,"2,303"
unilever,income_statement,10,Gain on disposal of ekaterra,1,EUR,currency,1000000,2023-12-31,—,—,1,matched,2023,d572ce64ca74378a6b60208d27288263fb17c26c0d06d954c1ef3b8439eb1cc1,176,Gain on disposal of ekaterra,–
unilever,income_statement,10,Gain on disposal of ekaterra,1,EUR,currency,1000000,2024-12-31,,,0,blank_no_source,,,,,
unilever,income_statement,10,Gain on disposal of ekaterra,1,EUR,currency,1000000,2025-12-31,,,0,blank_no_source,,,,,
unilever,income_statement,11,Gain on disposal of Suave,1,EUR,currency,1000000,2016-12-31,,,0,blank_no_source,,,,,
unilever,income_statement,11,Gain on disposal of Suave,1,EUR,currency,1000000,2017-12-31,,,0,blank_no_source,,,,,
unilever,income_statement,11,Gain on disposal of Suave,1,EUR,currency,1000000,2018-12-31,,,0,blank_no_source,,,,,
unilever,income_statement,11,Gain on disposal of Suave,1,EUR,currency,1000000,2019-12-31,,,0,blank_no_source,,,,,
unilever,income_statement,11,Gain on disposal of Suave,1,EUR,currency,1000000,2020-12-31,,,0,blank_no_source,,,,,
unilever,income_statement,11,Gain on disposal of Suave,1,EUR,currency,1000000,2021-12-31,—,—,1,matched,2023,d572ce64ca74378a6b60208d27288263fb17c26c0d06d954c1ef3b8439eb1cc1,176,Gain on disposal of Suave,–
unilever,income_statement,11,Gain on disposal of Suave,1,EUR,currency,1000000,2022-12-31,—,—,1,matched,2023,d572ce64ca74378a6b60208d27288263fb17c26c0d06d954c1ef3b8439eb1cc1,176,Gain on disposal of Suave,–
unilever,income_statement,11,Gain on disposal of Suave,1,EUR,currency,1000000,2023-12-31,497,497,1,matched,2023,d572ce64ca74378a6b60208d27288263fb17c26c0d06d954c1ef3b8439eb1cc1,176,Gain on disposal of Suave,497
unilever,income_statement,11,Gain on disposal of Suave,1,EUR,currency,1000000,2024-12-31,,,0,blank_no_source,,,,,
unilever,income_statement,11,Gain on disposal of Suave,1,EUR,currency,1000000,2025-12-31,,,0,blank_no_source,,,,,
unilever,income_statement,12,Net monetary gain/(loss) arising from hyperinflationary economies,1,EUR,currency,1000000,2016-12-31,,,0,blank_no_source,,,,,
unilever,income_statement,12,Net monetary gain/(loss) arising from hyperinflationary economies,1,EUR,currency,1000000,2017-12-31,,,0,blank_no_source,,,,,
unilever,income_statement,12,Net monetary gain/(loss) arising from hyperinflationary economies,1,EUR,currency,1000000,2018-12-31,,,0,blank_no_source,,,,,
unilever,income_statement,12,Net monetary gain/(loss) arising from hyperinflationary economies,1,EUR,currency,1000000,2019-12-31,,,0,blank_no_source,,,,,
unilever,income_statement,12,Net monetary gain/(loss) arising from hyperinflationary economies,1,EUR,currency,1000000,2020-12-31,,,0,blank_no_source,,,,,
unilever,income_statement,12,Net monetary gain/(loss) arising from hyperinflationary economies,1,EUR,currency,1000000,2021-12-31,-74,-74,1,matched,2023,d572ce64ca74378a6b60208d27288263fb17c26c0d06d954c1ef3b8439eb1cc1,176,Net monetary gain/(loss) arising from hyperinflationary economies,(74)
unilever,income_statement,12,Net monetary gain/(loss) arising from hyperinflationary economies,1,EUR,currency,1000000,2022-12-31,-157,-157,1,matched,2023,d572ce64ca74378a6b60208d27288263fb17c26c0d06d954c1ef3b8439eb1cc1,176,Net monetary gain/(loss) arising from hyperinflationary economies,(157)
unilever,income_statement,12,Net monetary gain/(loss) arising from hyperinflationary economies,1,EUR,currency,1000000,2023-12-31,-142,-142,1,matched,2023,d572ce64ca74378a6b60208d27288263fb17c26c0d06d954c1ef3b8439eb1cc1,176,Net monetary gain/(loss) arising from hyperinflationary economies,(142)
unilever,income_statement,12,Net monetary gain/(loss) arising from hyperinflationary economies,1,EUR,currency,1000000,2024-12-31,,,0,blank_no_source,,,,,
unilever,income_statement,12,Net monetary gain/(loss) arising from hyperinflationary economies,1,EUR,currency,1000000,2025-12-31,,,0,blank_no_source,,,,,
unilever,income_statement,13,Which includes non-underlying item credits/(charges) of,1,EUR,currency,1000000,2016-12-31,,,0,blank_no_source,,,,,
unilever,income_statement,13,Which includes non-underlying item credits/(charges) of,1,EUR,currency,1000000,2017-12-31,-543,-543,1,matched,2019,39114615f11b0ea05e12bb04558b8ba1e417db6e7114b88d5c288e73f234c8a8,90,Which includes non-underlying item credits/(charges) of,(543)
unilever,income_statement,13,Which includes non-underlying item credits/(charges) of,1,EUR,currency,1000000,2018-12-31,3176,3176,1,matched,2019,39114615f11b0ea05e12bb04558b8ba1e417db6e7114b88d5c288e73f234c8a8,90,Which includes non-underlying item credits/(charges) of,"3,176"
unilever,income_statement,13,Which includes non-underlying item credits/(charges) of,1,EUR,currency,1000000,2019-12-31,-1239,-1239,1,matched,2021,25a4c72b6ae964841619dd59f9f857cfb798ad126da7286ce0e5d6e0ecf34694,117,Which includes non-underlying item credits/(charges) of,"(1,239)"
unilever,income_statement,13,Which includes non-underlying item credits/(charges) of,1,EUR,currency,1000000,2020-12-31,-1064,-1064,1,matched,2021,25a4c72b6ae964841619dd59f9f857cfb798ad126da7286ce0e5d6e0ecf34694,117,Which includes non-underlying item credits/(charges) of,"(1,064)"
unilever,income_statement,13,Which includes non-underlying item credits/(charges) of,1,EUR,currency,1000000,2021-12-31,-934,-934,1,matched,2021,25a4c72b6ae964841619dd59f9f857cfb798ad126da7286ce0e5d6e0ecf34694,117,Which includes non-underlying item credits/(charges) of,(934)
unilever,income_statement,13,Which includes non-underlying item credits/(charges) of,1,EUR,currency,1000000,2022-12-31,,,0,blank_no_source,,,,,
unilever,income_statement,13,Which includes non-underlying item credits/(charges) of,1,EUR,currency,1000000,2023-12-31,,,0,blank_no_source,,,,,
unilever,income_statement,13,Which includes non-underlying item credits/(charges) of,1,EUR,currency,1000000,2024-12-31,,,0,blank_no_source,,,,,
unilever,income_statement,13,Which includes non-underlying item credits/(charges) of,1,EUR,currency,1000000,2025-12-31,,,0,blank_no_source,,,,,
unilever,income_statement,14,Which includes non-underlying costs of,1,EUR,currency,1000000,2016-12-31,,,0,blank_no_source,,,,,
unilever,income_statement,14,Which includes non-underlying costs of,1,EUR,currency,1000000,2017-12-31,,,0,blank_no_source,,,,,
unilever,income_statement,14,Which includes non-underlying costs of,1,EUR,currency,1000000,2018-12-31,,,0,blank_no_source,,,,,
unilever,income_statement,14,Which includes non-underlying costs of,1,EUR,currency,1000000,2019-12-31,—,—,1,matched,2021,25a4c72b6ae964841619dd59f9f857cfb798ad126da7286ce0e5d6e0ecf34694,117,Which includes non-underlying costs of,—
unilever,income_statement,14,Which includes non-underlying costs of,1,EUR,currency,1000000,2020-12-31,-56,-56,1,matched,2021,25a4c72b6ae964841619dd59f9f857cfb798ad126da7286ce0e5d6e0ecf34694,117,Which includes non-underlying costs of,(56)
unilever,income_statement,14,Which includes non-underlying costs of,1,EUR,currency,1000000,2021-12-31,10,10,1,matched,2021,25a4c72b6ae964841619dd59f9f857cfb798ad126da7286ce0e5d6e0ecf34694,117,Which includes non-underlying costs of,10
unilever,income_statement,14,Which includes non-underlying costs of,1,EUR,currency,1000000,2022-12-31,,,0,blank_no_source,,,,,
unilever,income_statement,14,Which includes non-underlying costs of,1,EUR,currency,1000000,2023-12-31,,,0,blank_no_source,,,,,
unilever,income_statement,14,Which includes non-underlying costs of,1,EUR,currency,1000000,2024-12-31,,,0,blank_no_source,,,,,
unilever,income_statement,14,Which includes non-underlying costs of,1,EUR,currency,1000000,2025-12-31,,,0,blank_no_source,,,,,
unilever,income_statement,15,Non-underlying item net monetary gain/(loss) arising from hyperinflationary economies,1,EUR,currency,1000000,2016-12-31,,,0,blank_no_source,,,,,
unilever,income_statement,15,Non-underlying item net monetary gain/(loss) arising from hyperinflationary economies,1,EUR,currency,1000000,2017-12-31,—,—,1,matched,2019,39114615f11b0ea05e12bb04558b8ba1e417db6e7114b88d5c288e73f234c8a8,90,Non-underlying item net monetary gain/(loss) arising from hyperinflationary economies,–
unilever,income_statement,15,Non-underlying item net monetary gain/(loss) arising from hyperinflationary economies,1,EUR,currency,1000000,2018-12-31,122,122,1,matched,2019,39114615f11b0ea05e12bb04558b8ba1e417db6e7114b88d5c288e73f234c8a8,90,Non-underlying item net monetary gain/(loss) arising from hyperinflationary economies,122
unilever,income_statement,15,Non-underlying item net monetary gain/(loss) arising from hyperinflationary economies,1,EUR,currency,1000000,2019-12-31,32,32,1,matched,2021,25a4c72b6ae964841619dd59f9f857cfb798ad126da7286ce0e5d6e0ecf34694,117,Non-underlying item net monetary gain/(loss) arising from hyperinflationary economies,32
unilever,income_statement,15,Non-underlying item net monetary gain/(loss) arising from hyperinflationary economies,1,EUR,currency,1000000,2020-12-31,20,20,1,matched,2021,25a4c72b6ae964841619dd59f9f857cfb798ad126da7286ce0e5d6e0ecf34694,117,Non-underlying item net monetary gain/(loss) arising from hyperinflationary economies,20
unilever,income_statement,15,Non-underlying item net monetary gain/(loss) arising from hyperinflationary economies,1,EUR,currency,1000000,2021-12-31,-74,-74,1,matched,2021,25a4c72b6ae964841619dd59f9f857cfb798ad126da7286ce0e5d6e0ecf34694,117,Non-underlying item net monetary gain/(loss) arising from hyperinflationary economies,(74)
unilever,income_statement,15,Non-underlying item net monetary gain/(loss) arising from hyperinflationary economies,1,EUR,currency,1000000,2022-12-31,,,0,blank_no_source,,,,,
unilever,income_statement,15,Non-underlying item net monetary gain/(loss) arising from hyperinflationary economies,1,EUR,currency,1000000,2023-12-31,,,0,blank_no_source,,,,,
unilever,income_statement,15,Non-underlying item net monetary gain/(loss) arising from hyperinflationary economies,1,EUR,currency,1000000,2024-12-31,,,0,blank_no_source,,,,,
unilever,income_statement,15,Non-underlying item net monetary gain/(loss) arising from hyperinflationary economies,1,EUR,currency,1000000,2025-12-31,,,0,blank_no_source,,,,,
unilever,income_statement,16,Which includes non-underlying item credits/(charges) of,2,EUR,currency,1000000,2016-12-31,,,0,blank_no_source,,,,,
unilever,income_statement,16,Which includes non-underlying item credits/(charges) of,2,EUR,currency,1000000,2017-12-31,—,—,1,matched,2019,39114615f11b0ea05e12bb04558b8ba1e417db6e7114b88d5c288e73f234c8a8,90,Which includes non-underlying item credits/(charges) of,–
unilever,income_statement,16,Which includes non-underlying item credits/(charges) of,2,EUR,currency,1000000,2018-12-31,32,32,1,matched,2019,39114615f11b0ea05e12bb04558b8ba1e417db6e7114b88d5c288e73f234c8a8,90,Which includes non-underlying item credits/(charges) of,32
unilever,income_statement,16,Which includes non-underlying item credits/(charges) of,2,EUR,currency,1000000,2019-12-31,3,3,1,matched,2021,25a4c72b6ae964841619dd59f9f857cfb798ad126da7286ce0e5d6e0ecf34694,117,Which includes non-underlying item credits/(charges) of,3
unilever,income_statement,16,Which includes non-underlying item credits/(charges) of,2,EUR,currency,1000000,2020-12-31,—,—,1,matched,2021,25a4c72b6ae964841619dd59f9f857cfb798ad126da7286ce0e5d6e0ecf34694,117,Which includes non-underlying item credits/(charges) of,—
unilever,income_statement,16,Which includes non-underlying item credits/(charges) of,2,EUR,currency,1000000,2021-12-31,—,—,1,matched,2021,25a4c72b6ae964841619dd59f9f857cfb798ad126da7286ce0e5d6e0ecf34694,117,Which includes non-underlying item credits/(charges) of,—
unilever,income_statement,16,Which includes non-underlying item credits/(charges) of,2,EUR,currency,1000000,2022-12-31,,,0,blank_no_source,,,,,
unilever,income_statement,16,Which includes non-underlying item credits/(charges) of,2,EUR,currency,1000000,2023-12-31,,,0,blank_no_source,,,,,
unilever,income_statement,16,Which includes non-underlying item credits/(charges) of,2,EUR,currency,1000000,2024-12-31,,,0,blank_no_source,,,,,
unilever,income_statement,16,Which includes non-underlying item credits/(charges) of,2,EUR,currency,1000000,2025-12-31,,,0,blank_no_source,,,,,
unilever,income_statement,17,Which includes tax impact of non-underlying items of,1,EUR,currency,1000000,2016-12-31,,,0,blank_no_source,,,,,
unilever,income_statement,17,Which includes tax impact of non-underlying items of,1,EUR,currency,1000000,2017-12-31,655,655,1,matched,2019,39114615f11b0ea05e12bb04558b8ba1e417db6e7114b88d5c288e73f234c8a8,90,Which includes tax impact of non-underlying items of,655
unilever,income_statement,17,Which includes tax impact of non-underlying items of,1,EUR,currency,1000000,2018-12-31,-288,-288,1,matched,2019,39114615f11b0ea05e12bb04558b8ba1e417db6e7114b88d5c288e73f234c8a8,90,Which includes tax impact of non-underlying items of,(288)
unilever,income_statement,17,Which includes tax impact of non-underlying items of,1,EUR,currency,1000000,2019-12-31,113,113,1,matched,2021,25a4c72b6ae964841619dd59f9f857cfb798ad126da7286ce0e5d6e0ecf34694,117,Which includes tax impact of non-underlying items of,113
unilever,income_statement,17,Which includes tax impact of non-underlying items of,1,EUR,currency,1000000,2020-12-31,126,126,1,matched,2021,25a4c72b6ae964841619dd59f9f857cfb798ad126da7286ce0e5d6e0ecf34694,117,Which includes tax impact of non-underlying items of,126
unilever,income_statement,17,Which includes tax impact of non-underlying items of,1,EUR,currency,1000000,2021-12-31,178,178,1,matched,2021,25a4c72b6ae964841619dd59f9f857cfb798ad126da7286ce0e5d6e0ecf34694,117,Which includes tax impact of non-underlying items of,178
unilever,income_statement,17,Which includes tax impact of non-underlying items of,1,EUR,currency,1000000,2022-12-31,,,0,blank_no_source,,,,,
unilever,income_statement,17,Which includes tax impact of non-underlying items of,1,EUR,currency,1000000,2023-12-31,,,0,blank_no_source,,,,,
unilever,income_statement,17,Which includes tax impact of non-underlying items of,1,EUR,currency,1000000,2024-12-31,,,0,blank_no_source,,,,,
unilever,income_statement,17,Which includes tax impact of non-underlying items of,1,EUR,currency,1000000,2025-12-31,,,0,blank_no_source,,,,,
unilever,income_statement,18,After (charging)/crediting non-underlying items,1,EUR,currency,1000000,2016-12-31,-823,-823,1,matched,2017,798661ad641ab15daa68854b13b9ae1e264e62a878090aae79ff3d07deb235d0,89,After (charging)/crediting non-underlying items,(823)
unilever,income_statement,18,After (charging)/crediting non-underlying items,1,EUR,currency,1000000,2017-12-31,-543,-543,1,matched,2017,798661ad641ab15daa68854b13b9ae1e264e62a878090aae79ff3d07deb235d0,89,After (charging)/crediting non-underlying items,(543)
unilever,income_statement,18,After (charging)/crediting non-underlying items,1,EUR,currency,1000000,2018-12-31,,,0,blank_no_source,,,,,
unilever,income_statement,18,After (charging)/crediting non-underlying items,1,EUR,currency,1000000,2019-12-31,,,0,blank_no_source,,,,,
unilever,income_statement,18,After (charging)/crediting non-underlying items,1,EUR,currency,1000000,2020-12-31,,,0,blank_no_source,,,,,
unilever,income_statement,18,After (charging)/crediting non-underlying items,1,EUR,currency,1000000,2021-12-31,,,0,blank_no_source,,,,,
unilever,income_statement,18,After (charging)/crediting non-underlying items,1,EUR,currency,1000000,2022-12-31,,,0,blank_no_source,,,,,
unilever,income_statement,18,After (charging)/crediting non-underlying items,1,EUR,currency,1000000,2023-12-31,,,0,blank_no_source,,,,,
unilever,income_statement,18,After (charging)/crediting non-underlying items,1,EUR,currency,1000000,2024-12-31,,,0,blank_no_source,,,,,
unilever,income_statement,18,After (charging)/crediting non-underlying items,1,EUR,currency,1000000,2025-12-31,,,0,blank_no_source,,,,,
unilever,income_statement,19,After crediting tax impact of non-underlying items,1,EUR,currency,1000000,2016-12-31,213,213,1,matched,2017,798661ad641ab15daa68854b13b9ae1e264e62a878090aae79ff3d07deb235d0,89,After crediting tax impact of non-underlying items,213
unilever,income_statement,19,After crediting tax impact of non-underlying items,1,EUR,currency,1000000,2017-12-31,655,655,1,matched,2017,798661ad641ab15daa68854b13b9ae1e264e62a878090aae79ff3d07deb235d0,89,After crediting tax impact of non-underlying items,655
unilever,income_statement,19,After crediting tax impact of non-underlying items,1,EUR,currency,1000000,2018-12-31,,,0,blank_no_source,,,,,
unilever,income_statement,19,After crediting tax impact of non-underlying items,1,EUR,currency,1000000,2019-12-31,,,0,blank_no_source,,,,,
unilever,income_statement,19,After crediting tax impact of non-underlying items,1,EUR,currency,1000000,2020-12-31,,,0,blank_no_source,,,,,
unilever,income_statement,19,After crediting tax impact of non-underlying items,1,EUR,currency,1000000,2021-12-31,,,0,blank_no_source,,,,,
unilever,income_statement,19,After crediting tax impact of non-underlying items,1,EUR,currency,1000000,2022-12-31,,,0,blank_no_source,,,,,
unilever,income_statement,19,After crediting tax impact of non-underlying items,1,EUR,currency,1000000,2023-12-31,,,0,blank_no_source,,,,,
unilever,income_statement,19,After crediting tax impact of non-underlying items,1,EUR,currency,1000000,2024-12-31,,,0,blank_no_source,,,,,
unilever,income_statement,19,After crediting tax impact of non-underlying items,1,EUR,currency,1000000,2025-12-31,,,0,blank_no_source,,,,,
unilever,income_statement,20,Net finance costs,1,EUR,currency,1000000,2016-12-31,-563,-563,1,matched,2017,798661ad641ab15daa68854b13b9ae1e264e62a878090aae79ff3d07deb235d0,89,Net finance costs,(563)
unilever,income_statement,20,Net finance costs,1,EUR,currency,1000000,2017-12-31,-1004,-1004,1,matched,2019,39114615f11b0ea05e12bb04558b8ba1e417db6e7114b88d5c288e73f234c8a8,90,Net finance costs,"(1,004)"
unilever,income_statement,20,Net finance costs,1,EUR,currency,1000000,2018-12-31,-608,-608,1,matched,2019,39114615f11b0ea05e12bb04558b8ba1e417db6e7114b88d5c288e73f234c8a8,90,Net finance costs,(608)
unilever,income_statement,20,Net finance costs,1,EUR,currency,1000000,2019-12-31,-627,-627,1,matched,2021,25a4c72b6ae964841619dd59f9f857cfb798ad126da7286ce0e5d6e0ecf34694,117,Net finance costs,(627)
unilever,income_statement,20,Net finance costs,1,EUR,currency,1000000,2020-12-31,-505,-505,1,matched,2021,25a4c72b6ae964841619dd59f9f857cfb798ad126da7286ce0e5d6e0ecf34694,117,Net finance costs,(505)
unilever,income_statement,20,Net finance costs,1,EUR,currency,1000000,2021-12-31,-354,-354,1,matched,2023,d572ce64ca74378a6b60208d27288263fb17c26c0d06d954c1ef3b8439eb1cc1,176,Net finance costs,(354)
unilever,income_statement,20,Net finance costs,1,EUR,currency,1000000,2022-12-31,-493,-493,1,matched,2023,d572ce64ca74378a6b60208d27288263fb17c26c0d06d954c1ef3b8439eb1cc1,176,Net finance costs,(493)
unilever,income_statement,20,Net finance costs,1,EUR,currency,1000000,2023-12-31,-409,-409,1,matched,2025,dcdc67ff84977e2beeb6b7a8113b6862fae1880838c613eceac42ba4b605d9d7,131,Net finance costs,(409)
unilever,income_statement,20,Net finance costs,1,EUR,currency,1000000,2024-12-31,-520,-520,1,matched,2025,dcdc67ff84977e2beeb6b7a8113b6862fae1880838c613eceac42ba4b605d9d7,131,Net finance costs,(520)
unilever,income_statement,20,Net finance costs,1,EUR,currency,1000000,2025-12-31,-503,-503,1,matched,2025,dcdc67ff84977e2beeb6b7a8113b6862fae1880838c613eceac42ba4b605d9d7,131,Net finance costs,(503)
unilever,income_statement,21,Finance income,1,EUR,currency,1000000,2016-12-31,115,115,1,matched,2017,798661ad641ab15daa68854b13b9ae1e264e62a878090aae79ff3d07deb235d0,89,  Finance income,115
unilever,income_statement,21,Finance income,1,EUR,currency,1000000,2017-12-31,157,157,1,matched,2019,39114615f11b0ea05e12bb04558b8ba1e417db6e7114b88d5c288e73f234c8a8,90,Finance income,157
unilever,income_statement,21,Finance income,1,EUR,currency,1000000,2018-12-31,135,135,1,matched,2019,39114615f11b0ea05e12bb04558b8ba1e417db6e7114b88d5c288e73f234c8a8,90,Finance income,135
unilever,income_statement,21,Finance income,1,EUR,currency,1000000,2019-12-31,224,224,1,matched,2021,25a4c72b6ae964841619dd59f9f857cfb798ad126da7286ce0e5d6e0ecf34694,117,Finance income,224
unilever,income_statement,21,Finance income,1,EUR,currency,1000000,2020-12-31,232,232,1,matched,2021,25a4c72b6ae964841619dd59f9f857cfb798ad126da7286ce0e5d6e0ecf34694,117,Finance income,232
unilever,income_statement,21,Finance income,1,EUR,currency,1000000,2021-12-31,147,147,1,matched,2023,d572ce64ca74378a6b60208d27288263fb17c26c0d06d954c1ef3b8439eb1cc1,176,Finance income,147
unilever,income_statement,21,Finance income,1,EUR,currency,1000000,2022-12-31,281,281,1,matched,2023,d572ce64ca74378a6b60208d27288263fb17c26c0d06d954c1ef3b8439eb1cc1,176,Finance income,281
unilever,income_statement,21,Finance income,1,EUR,currency,1000000,2023-12-31,393,393,1,matched,2025,dcdc67ff84977e2beeb6b7a8113b6862fae1880838c613eceac42ba4b605d9d7,131,Finance income,393
unilever,income_statement,21,Finance income,1,EUR,currency,1000000,2024-12-31,391,391,1,matched,2025,dcdc67ff84977e2beeb6b7a8113b6862fae1880838c613eceac42ba4b605d9d7,131,Finance income,391
unilever,income_statement,21,Finance income,1,EUR,currency,1000000,2025-12-31,398,398,1,matched,2025,dcdc67ff84977e2beeb6b7a8113b6862fae1880838c613eceac42ba4b605d9d7,131,Finance income,398
unilever,income_statement,22,Finance costs,1,EUR,currency,1000000,2016-12-31,-584,-584,1,matched,2017,798661ad641ab15daa68854b13b9ae1e264e62a878090aae79ff3d07deb235d0,89,  Finance costs,(584)
unilever,income_statement,22,Finance costs,1,EUR,currency,1000000,2017-12-31,-683,-683,1,matched,2019,39114615f11b0ea05e12bb04558b8ba1e417db6e7114b88d5c288e73f234c8a8,90,Finance costs,(683)
unilever,income_statement,22,Finance costs,1,EUR,currency,1000000,2018-12-31,-718,-718,1,matched,2019,39114615f11b0ea05e12bb04558b8ba1e417db6e7114b88d5c288e73f234c8a8,90,Finance costs,(718)
unilever,income_statement,22,Finance costs,1,EUR,currency,1000000,2019-12-31,-821,-821,1,matched,2021,25a4c72b6ae964841619dd59f9f857cfb798ad126da7286ce0e5d6e0ecf34694,117,Finance costs,(821)
unilever,income_statement,22,Finance costs,1,EUR,currency,1000000,2020-12-31,-728,-728,1,matched,2021,25a4c72b6ae964841619dd59f9f857cfb798ad126da7286ce0e5d6e0ecf34694,117,Finance costs,(728)
unilever,income_statement,22,Finance costs,1,EUR,currency,1000000,2021-12-31,-491,-491,1,matched,2023,d572ce64ca74378a6b60208d27288263fb17c26c0d06d954c1ef3b8439eb1cc1,176,Finance costs,(491)
unilever,income_statement,22,Finance costs,1,EUR,currency,1000000,2022-12-31,-818,-818,1,matched,2023,d572ce64ca74378a6b60208d27288263fb17c26c0d06d954c1ef3b8439eb1cc1,176,Finance costs,(818)
unilever,income_statement,22,Finance costs,1,EUR,currency,1000000,2023-12-31,-922,-922,1,matched,2025,dcdc67ff84977e2beeb6b7a8113b6862fae1880838c613eceac42ba4b605d9d7,131,Finance costs,(922)
unilever,income_statement,22,Finance costs,1,EUR,currency,1000000,2024-12-31,-994,-994,1,matched,2025,dcdc67ff84977e2beeb6b7a8113b6862fae1880838c613eceac42ba4b605d9d7,131,Finance costs,(994)
unilever,income_statement,22,Finance costs,1,EUR,currency,1000000,2025-12-31,-1024,-1024,1,matched,2025,dcdc67ff84977e2beeb6b7a8113b6862fae1880838c613eceac42ba4b605d9d7,131,Finance costs,"(1,024)"
unilever,income_statement,23,Net finance cost non-underlying items,1,EUR,currency,1000000,2016-12-31,—,—,1,matched,2017,798661ad641ab15daa68854b13b9ae1e264e62a878090aae79ff3d07deb235d0,89,  Net finance cost non-underlying items,-
unilever,income_statement,23,Net finance cost non-underlying items,1,EUR,currency,1000000,2017-12-31,-382,-382,1,matched,2019,39114615f11b0ea05e12bb04558b8ba1e417db6e7114b88d5c288e73f234c8a8,90,Net finance cost non-underlying items,(382)
unilever,income_statement,23,Net finance cost non-underlying items,1,EUR,currency,1000000,2018-12-31,—,—,1,matched,2019,39114615f11b0ea05e12bb04558b8ba1e417db6e7114b88d5c288e73f234c8a8,90,Net finance cost non-underlying items,–
unilever,income_statement,23,Net finance cost non-underlying items,1,EUR,currency,1000000,2019-12-31,—,—,1,matched,2019,39114615f11b0ea05e12bb04558b8ba1e417db6e7114b88d5c288e73f234c8a8,90,Net finance cost non-underlying items,–
unilever,income_statement,23,Net finance cost non-underlying items,1,EUR,currency,1000000,2020-12-31,,,0,blank_no_source,,,,,
unilever,income_statement,23,Net finance cost non-underlying items,1,EUR,currency,1000000,2021-12-31,,,0,blank_no_source,,,,,
unilever,income_statement,23,Net finance cost non-underlying items,1,EUR,currency,1000000,2022-12-31,,,0,blank_no_source,,,,,
unilever,income_statement,23,Net finance cost non-underlying items,1,EUR,currency,1000000,2023-12-31,,,0,blank_no_source,,,,,
unilever,income_statement,23,Net finance cost non-underlying items,1,EUR,currency,1000000,2024-12-31,,,0,blank_no_source,,,,,
unilever,income_statement,23,Net finance cost non-underlying items,1,EUR,currency,1000000,2025-12-31,,,0,blank_no_source,,,,,
unilever,income_statement,24,Profit before taxation from continuing operations,1,EUR,currency,1000000,2016-12-31,,,0,blank_no_source,,,,,
unilever,income_statement,24,Profit before taxation from continuing operations,1,EUR,currency,1000000,2017-12-31,,,0,blank_no_source,,,,,
unilever,income_statement,24,Profit before taxation from continuing operations,1,EUR,currency,1000000,2018-12-31,,,0,blank_no_source,,,,,
unilever,income_statement,24,Profit before taxation from continuing operations,1,EUR,currency,1000000,2019-12-31,,,0,blank_no_source,,,,,
unilever,income_statement,24,Profit before taxation from continuing operations,1,EUR,currency,1000000,2020-12-31,,,0,blank_no_source,,,,,
unilever,income_statement,24,Profit before taxation from continuing operations,1,EUR,currency,1000000,2021-12-31,,,0,blank_no_source,,,,,
unilever,income_statement,24,Profit before taxation from continuing operations,1,EUR,currency,1000000,2022-12-31,,,0,blank_no_source,,,,,
unilever,income_statement,24,Profit before taxation from continuing operations,1,EUR,currency,1000000,2023-12-31,8627,8627,1,matched,2025,dcdc67ff84977e2beeb6b7a8113b6862fae1880838c613eceac42ba4b605d9d7,131,Profit before taxation from continuing operations,"8,627"
unilever,income_statement,24,Profit before taxation from continuing operations,1,EUR,currency,1000000,2024-12-31,8371,8371,1,matched,2025,dcdc67ff84977e2beeb6b7a8113b6862fae1880838c613eceac42ba4b605d9d7,131,Profit before taxation from continuing operations,"8,371"
unilever,income_statement,24,Profit before taxation from continuing operations,1,EUR,currency,1000000,2025-12-31,8693,8693,1,matched,2025,dcdc67ff84977e2beeb6b7a8113b6862fae1880838c613eceac42ba4b605d9d7,131,Profit before taxation from continuing operations,"8,693"
unilever,income_statement,25,Profit before taxation,1,EUR,currency,1000000,2016-12-31,7469,7469,1,matched,2017,798661ad641ab15daa68854b13b9ae1e264e62a878090aae79ff3d07deb235d0,89,Profit before taxation,"7,469"
unilever,income_statement,25,Profit before taxation,1,EUR,currency,1000000,2017-12-31,8126,8126,1,matched,2019,39114615f11b0ea05e12bb04558b8ba1e417db6e7114b88d5c288e73f234c8a8,90,Profit before taxation,"8,126"
unilever,income_statement,25,Profit before taxation,1,EUR,currency,1000000,2018-12-31,12360,12360,1,matched,2019,39114615f11b0ea05e12bb04558b8ba1e417db6e7114b88d5c288e73f234c8a8,90,Profit before taxation,"12,360"
unilever,income_statement,25,Profit before taxation,1,EUR,currency,1000000,2019-12-31,8289,8289,1,matched,2021,25a4c72b6ae964841619dd59f9f857cfb798ad126da7286ce0e5d6e0ecf34694,117,Profit before taxation,"8,289"
unilever,income_statement,25,Profit before taxation,1,EUR,currency,1000000,2020-12-31,7996,7996,1,matched,2021,25a4c72b6ae964841619dd59f9f857cfb798ad126da7286ce0e5d6e0ecf34694,117,Profit before taxation,"7,996"
unilever,income_statement,25,Profit before taxation,1,EUR,currency,1000000,2021-12-31,8556,8556,1,matched,2023,d572ce64ca74378a6b60208d27288263fb17c26c0d06d954c1ef3b8439eb1cc1,176,Profit before taxation,"8,556"
unilever,income_statement,25,Profit before taxation,1,EUR,currency,1000000,2022-12-31,10337,10337,1,matched,2023,d572ce64ca74378a6b60208d27288263fb17c26c0d06d954c1ef3b8439eb1cc1,176,Profit before taxation,"10,337"
unilever,income_statement,25,Profit before taxation,1,EUR,currency,1000000,2023-12-31,9339,9339,1,matched,2023,d572ce64ca74378a6b60208d27288263fb17c26c0d06d954c1ef3b8439eb1cc1,176,Profit before taxation,"9,339"
unilever,income_statement,25,Profit before taxation,1,EUR,currency,1000000,2024-12-31,,,0,blank_no_source,,,,,
unilever,income_statement,25,Profit before taxation,1,EUR,currency,1000000,2025-12-31,,,0,blank_no_source,,,,,
unilever,income_statement,26,Taxation,1,EUR,currency,1000000,2016-12-31,-1922,-1922,1,matched,2017,798661ad641ab15daa68854b13b9ae1e264e62a878090aae79ff3d07deb235d0,89,Taxation,"(1,922)"
unilever,income_statement,26,Taxation,1,EUR,currency,1000000,2017-12-31,-1670,-1670,1,matched,2019,39114615f11b0ea05e12bb04558b8ba1e417db6e7114b88d5c288e73f234c8a8,90,Taxation,"(1,670)"
unilever,income_statement,26,Taxation,1,EUR,currency,1000000,2018-12-31,-2572,-2572,1,matched,2019,39114615f11b0ea05e12bb04558b8ba1e417db6e7114b88d5c288e73f234c8a8,90,Taxation,"(2,572)"
unilever,income_statement,26,Taxation,1,EUR,currency,1000000,2019-12-31,-2263,-2263,1,matched,2021,25a4c72b6ae964841619dd59f9f857cfb798ad126da7286ce0e5d6e0ecf34694,117,Taxation,"(2,263)"
unilever,income_statement,26,Taxation,1,EUR,currency,1000000,2020-12-31,-1923,-1923,1,matched,2021,25a4c72b6ae964841619dd59f9f857cfb798ad126da7286ce0e5d6e0ecf34694,117,Taxation,"(1,923)"
unilever,income_statement,26,Taxation,1,EUR,currency,1000000,2021-12-31,-1935,-1935,1,matched,2023,d572ce64ca74378a6b60208d27288263fb17c26c0d06d954c1ef3b8439eb1cc1,176,Taxation,"(1,935)"
unilever,income_statement,26,Taxation,1,EUR,currency,1000000,2022-12-31,-2068,-2068,1,matched,2023,d572ce64ca74378a6b60208d27288263fb17c26c0d06d954c1ef3b8439eb1cc1,176,Taxation,"(2,068)"
unilever,income_statement,26,Taxation,1,EUR,currency,1000000,2023-12-31,-1990,-1990,1,matched,2025,dcdc67ff84977e2beeb6b7a8113b6862fae1880838c613eceac42ba4b605d9d7,131,Taxation,"(1,990)"
unilever,income_statement,26,Taxation,1,EUR,currency,1000000,2024-12-31,-2332,-2332,1,matched,2025,dcdc67ff84977e2beeb6b7a8113b6862fae1880838c613eceac42ba4b605d9d7,131,Taxation,"(2,332)"
unilever,income_statement,26,Taxation,1,EUR,currency,1000000,2025-12-31,-2481,-2481,1,matched,2025,dcdc67ff84977e2beeb6b7a8113b6862fae1880838c613eceac42ba4b605d9d7,131,Taxation,"(2,481)"
unilever,income_statement,27,Net profit from continuing operations,1,EUR,currency,1000000,2016-12-31,,,0,blank_no_source,,,,,
unilever,income_statement,27,Net profit from continuing operations,1,EUR,currency,1000000,2017-12-31,,,0,blank_no_source,,,,,
unilever,income_statement,27,Net profit from continuing operations,1,EUR,currency,1000000,2018-12-31,,,0,blank_no_source,,,,,
unilever,income_statement,27,Net profit from continuing operations,1,EUR,currency,1000000,2019-12-31,,,0,blank_no_source,,,,,
unilever,income_statement,27,Net profit from continuing operations,1,EUR,currency,1000000,2020-12-31,,,0,blank_no_source,,,,,
unilever,income_statement,27,Net profit from continuing operations,1,EUR,currency,1000000,2021-12-31,,,0,blank_no_source,,,,,
unilever,income_statement,27,Net profit from continuing operations,1,EUR,currency,1000000,2022-12-31,,,0,blank_no_source,,,,,
unilever,income_statement,27,Net profit from continuing operations,1,EUR,currency,1000000,2023-12-31,6637,6637,1,matched,2025,dcdc67ff84977e2beeb6b7a8113b6862fae1880838c613eceac42ba4b605d9d7,131,Net profit from continuing operations,"6,637"
unilever,income_statement,27,Net profit from continuing operations,1,EUR,currency,1000000,2024-12-31,6039,6039,1,matched,2025,dcdc67ff84977e2beeb6b7a8113b6862fae1880838c613eceac42ba4b605d9d7,131,Net profit from continuing operations,"6,039"
unilever,income_statement,27,Net profit from continuing operations,1,EUR,currency,1000000,2025-12-31,6213,6213,1,matched,2025,dcdc67ff84977e2beeb6b7a8113b6862fae1880838c613eceac42ba4b605d9d7,131,Net profit from continuing operations,"6,213"
unilever,income_statement,28,Profit after taxation from discontinued operations,1,EUR,currency,1000000,2016-12-31,,,0,blank_no_source,,,,,
unilever,income_statement,28,Profit after taxation from discontinued operations,1,EUR,currency,1000000,2017-12-31,,,0,blank_no_source,,,,,
unilever,income_statement,28,Profit after taxation from discontinued operations,1,EUR,currency,1000000,2018-12-31,,,0,blank_no_source,,,,,
unilever,income_statement,28,Profit after taxation from discontinued operations,1,EUR,currency,1000000,2019-12-31,,,0,blank_no_source,,,,,
unilever,income_statement,28,Profit after taxation from discontinued operations,1,EUR,currency,1000000,2020-12-31,,,0,blank_no_source,,,,,
unilever,income_statement,28,Profit after taxation from discontinued operations,1,EUR,currency,1000000,2021-12-31,,,0,blank_no_source,,,,,
unilever,income_statement,28,Profit after taxation from discontinued operations,1,EUR,currency,1000000,2022-12-31,,,0,blank_no_source,,,,,
unilever,income_statement,28,Profit after taxation from discontinued operations,1,EUR,currency,1000000,2023-12-31,503,503,1,matched,2025,dcdc67ff84977e2beeb6b7a8113b6862fae1880838c613eceac42ba4b605d9d7,131,Profit after taxation from discontinued operations,503
unilever,income_statement,28,Profit after taxation from discontinued operations,1,EUR,currency,1000000,2024-12-31,330,330,1,matched,2025,dcdc67ff84977e2beeb6b7a8113b6862fae1880838c613eceac42ba4b605d9d7,131,Profit after taxation from discontinued operations,330
unilever,income_statement,28,Profit after taxation from discontinued operations,1,EUR,currency,1000000,2025-12-31,425,425,1,matched,2025,dcdc67ff84977e2beeb6b7a8113b6862fae1880838c613eceac42ba4b605d9d7,131,Profit after taxation from discontinued operations,425
unilever,income_statement,29,Net profit from discontinued operations,1,EUR,currency,1000000,2016-12-31,,,0,blank_no_source,,,,,
unilever,income_statement,29,Net profit from discontinued operations,1,EUR,currency,1000000,2017-12-31,,,0,blank_no_source,,,,,
unilever,income_statement,29,Net profit from discontinued operations,1,EUR,currency,1000000,2018-12-31,,,0,blank_no_source,,,,,
unilever,income_statement,29,Net profit from discontinued operations,1,EUR,currency,1000000,2019-12-31,,,0,blank_no_source,,,,,
unilever,income_statement,29,Net profit from discontinued operations,1,EUR,currency,1000000,2020-12-31,,,0,blank_no_source,,,,,
unilever,income_statement,29,Net profit from discontinued operations,1,EUR,currency,1000000,2021-12-31,,,0,blank_no_source,,,,,
unilever,income_statement,29,Net profit from discontinued operations,1,EUR,currency,1000000,2022-12-31,,,0,blank_no_source,,,,,
unilever,income_statement,29,Net profit from discontinued operations,1,EUR,currency,1000000,2023-12-31,503,503,1,matched,2025,dcdc67ff84977e2beeb6b7a8113b6862fae1880838c613eceac42ba4b605d9d7,131,Net profit from discontinued operations,503
unilever,income_statement,29,Net profit from discontinued operations,1,EUR,currency,1000000,2024-12-31,330,330,1,matched,2025,dcdc67ff84977e2beeb6b7a8113b6862fae1880838c613eceac42ba4b605d9d7,131,Net profit from discontinued operations,330
unilever,income_statement,29,Net profit from discontinued operations,1,EUR,currency,1000000,2025-12-31,3798,3798,1,matched,2025,dcdc67ff84977e2beeb6b7a8113b6862fae1880838c613eceac42ba4b605d9d7,131,Net profit from discontinued operations,"3,798"
unilever,income_statement,30,Total net profit,1,EUR,currency,1000000,2016-12-31,5547,5547,1,matched,2017,798661ad641ab15daa68854b13b9ae1e264e62a878090aae79ff3d07deb235d0,89,Net profit,"5,547"
unilever,income_statement,30,Total net profit,1,EUR,currency,1000000,2017-12-31,6456,6456,1,matched,2019,39114615f11b0ea05e12bb04558b8ba1e417db6e7114b88d5c288e73f234c8a8,90,Net profit,"6,456"
unilever,income_statement,30,Total net profit,1,EUR,currency,1000000,2018-12-31,9788,9788,1,matched,2019,39114615f11b0ea05e12bb04558b8ba1e417db6e7114b88d5c288e73f234c8a8,90,Net profit,"9,788"
unilever,income_statement,30,Total net profit,1,EUR,currency,1000000,2019-12-31,6026,6026,1,matched,2021,25a4c72b6ae964841619dd59f9f857cfb798ad126da7286ce0e5d6e0ecf34694,117,Net profit,"6,026"
unilever,income_statement,30,Total net profit,1,EUR,currency,1000000,2020-12-31,6073,6073,1,matched,2021,25a4c72b6ae964841619dd59f9f857cfb798ad126da7286ce0e5d6e0ecf34694,117,Net profit,"6,073"
unilever,income_statement,30,Total net profit,1,EUR,currency,1000000,2021-12-31,6621,6621,1,matched,2023,d572ce64ca74378a6b60208d27288263fb17c26c0d06d954c1ef3b8439eb1cc1,176,Net profit,"6,621"
unilever,income_statement,30,Total net profit,1,EUR,currency,1000000,2022-12-31,8269,8269,1,matched,2023,d572ce64ca74378a6b60208d27288263fb17c26c0d06d954c1ef3b8439eb1cc1,176,Net profit,"8,269"
unilever,income_statement,30,Total net profit,1,EUR,currency,1000000,2023-12-31,7140,7140,1,matched,2025,dcdc67ff84977e2beeb6b7a8113b6862fae1880838c613eceac42ba4b605d9d7,131,Total net profit,"7,140"
unilever,income_statement,30,Total net profit,1,EUR,currency,1000000,2024-12-31,6369,6369,1,matched,2025,dcdc67ff84977e2beeb6b7a8113b6862fae1880838c613eceac42ba4b605d9d7,131,Total net profit,"6,369"
unilever,income_statement,30,Total net profit,1,EUR,currency,1000000,2025-12-31,10011,10011,1,matched,2025,dcdc67ff84977e2beeb6b7a8113b6862fae1880838c613eceac42ba4b605d9d7,131,Total net profit,"10,011"
unilever,income_statement,31,Non-controlling interests,1,EUR,currency,1000000,2016-12-31,363,363,1,matched,2017,798661ad641ab15daa68854b13b9ae1e264e62a878090aae79ff3d07deb235d0,89,Non-controlling interests,363
unilever,income_statement,31,Non-controlling interests,1,EUR,currency,1000000,2017-12-31,433,433,1,matched,2019,39114615f11b0ea05e12bb04558b8ba1e417db6e7114b88d5c288e73f234c8a8,90,Non-controlling interests,433
unilever,income_statement,31,Non-controlling interests,1,EUR,currency,1000000,2018-12-31,419,419,1,matched,2019,39114615f11b0ea05e12bb04558b8ba1e417db6e7114b88d5c288e73f234c8a8,90,Non-controlling interests,419
unilever,income_statement,31,Non-controlling interests,1,EUR,currency,1000000,2019-12-31,401,401,1,matched,2021,25a4c72b6ae964841619dd59f9f857cfb798ad126da7286ce0e5d6e0ecf34694,117,Non-controlling interests,401
unilever,income_statement,31,Non-controlling interests,1,EUR,currency,1000000,2020-12-31,492,492,1,matched,2021,25a4c72b6ae964841619dd59f9f857cfb798ad126da7286ce0e5d6e0ecf34694,117,Non-controlling interests,492
unilever,income_statement,31,Non-controlling interests,1,EUR,currency,1000000,2021-12-31,572,572,1,matched,2023,d572ce64ca74378a6b60208d27288263fb17c26c0d06d954c1ef3b8439eb1cc1,176,Non-controlling interests,572
unilever,income_statement,31,Non-controlling interests,1,EUR,currency,1000000,2022-12-31,627,627,1,matched,2023,d572ce64ca74378a6b60208d27288263fb17c26c0d06d954c1ef3b8439eb1cc1,176,Non-controlling interests,627
unilever,income_statement,31,Non-controlling interests,1,EUR,currency,1000000,2023-12-31,653,653,1,matched,2025,dcdc67ff84977e2beeb6b7a8113b6862fae1880838c613eceac42ba4b605d9d7,131,Non-controlling interests,653
unilever,income_statement,31,Non-controlling interests,1,EUR,currency,1000000,2024-12-31,625,625,1,matched,2025,dcdc67ff84977e2beeb6b7a8113b6862fae1880838c613eceac42ba4b605d9d7,131,Non-controlling interests,625
unilever,income_statement,31,Non-controlling interests,1,EUR,currency,1000000,2025-12-31,542,542,1,matched,2025,dcdc67ff84977e2beeb6b7a8113b6862fae1880838c613eceac42ba4b605d9d7,131,Non-controlling interests,542
unilever,income_statement,32,Shareholders’ equity,1,EUR,currency,1000000,2016-12-31,5184,5184,1,matched,2017,798661ad641ab15daa68854b13b9ae1e264e62a878090aae79ff3d07deb235d0,89,Shareholders’ equity,"5,184"
unilever,income_statement,32,Shareholders’ equity,1,EUR,currency,1000000,2017-12-31,6023,6023,1,matched,2019,39114615f11b0ea05e12bb04558b8ba1e417db6e7114b88d5c288e73f234c8a8,90,Shareholders’ equity,"6,023"
unilever,income_statement,32,Shareholders’ equity,1,EUR,currency,1000000,2018-12-31,9369,9369,1,matched,2019,39114615f11b0ea05e12bb04558b8ba1e417db6e7114b88d5c288e73f234c8a8,90,Shareholders’ equity,"9,369"
unilever,income_statement,32,Shareholders’ equity,1,EUR,currency,1000000,2019-12-31,5625,5625,1,matched,2021,25a4c72b6ae964841619dd59f9f857cfb798ad126da7286ce0e5d6e0ecf34694,117,Shareholders’ equity,"5,625"
unilever,income_statement,32,Shareholders’ equity,1,EUR,currency,1000000,2020-12-31,5581,5581,1,matched,2021,25a4c72b6ae964841619dd59f9f857cfb798ad126da7286ce0e5d6e0ecf34694,117,Shareholders’ equity,"5,581"
unilever,income_statement,32,Shareholders’ equity,1,EUR,currency,1000000,2021-12-31,6049,6049,1,matched,2023,d572ce64ca74378a6b60208d27288263fb17c26c0d06d954c1ef3b8439eb1cc1,176,Shareholders’ equity,"6,049"
unilever,income_statement,32,Shareholders’ equity,1,EUR,currency,1000000,2022-12-31,7642,7642,1,matched,2023,d572ce64ca74378a6b60208d27288263fb17c26c0d06d954c1ef3b8439eb1cc1,176,Shareholders’ equity,"7,642"
unilever,income_statement,32,Shareholders’ equity,1,EUR,currency,1000000,2023-12-31,6487,6487,1,matched,2025,dcdc67ff84977e2beeb6b7a8113b6862fae1880838c613eceac42ba4b605d9d7,131,Shareholders’ equity,"6,487"
unilever,income_statement,32,Shareholders’ equity,1,EUR,currency,1000000,2024-12-31,5744,5744,1,matched,2025,dcdc67ff84977e2beeb6b7a8113b6862fae1880838c613eceac42ba4b605d9d7,131,Shareholders’ equity,"5,744"
unilever,income_statement,32,Shareholders’ equity,1,EUR,currency,1000000,2025-12-31,9469,9469,1,matched,2025,dcdc67ff84977e2beeb6b7a8113b6862fae1880838c613eceac42ba4b605d9d7,131,Shareholders’ equity,"9,469"
unilever,income_statement,33,Continuing operations,1,EUR,currency,1000000,2016-12-31,,,0,blank_no_source,,,,,
unilever,income_statement,33,Continuing operations,1,EUR,currency,1000000,2017-12-31,,,0,blank_no_source,,,,,
unilever,income_statement,33,Continuing operations,1,EUR,currency,1000000,2018-12-31,,,0,blank_no_source,,,,,
unilever,income_statement,33,Continuing operations,1,EUR,currency,1000000,2019-12-31,,,0,blank_no_source,,,,,
unilever,income_statement,33,Continuing operations,1,EUR,currency,1000000,2020-12-31,,,0,blank_no_source,,,,,
unilever,income_statement,33,Continuing operations,1,EUR,currency,1000000,2021-12-31,,,0,blank_no_source,,,,,
unilever,income_statement,33,Continuing operations,1,EUR,currency,1000000,2022-12-31,,,0,blank_no_source,,,,,
unilever,income_statement,33,Continuing operations,1,EUR,currency,1000000,2023-12-31,6002,6002,1,matched,2025,dcdc67ff84977e2beeb6b7a8113b6862fae1880838c613eceac42ba4b605d9d7,131,Continuing operations,"6,002"
unilever,income_statement,33,Continuing operations,1,EUR,currency,1000000,2024-12-31,5430,5430,1,matched,2025,dcdc67ff84977e2beeb6b7a8113b6862fae1880838c613eceac42ba4b605d9d7,131,Continuing operations,"5,430"
unilever,income_statement,33,Continuing operations,1,EUR,currency,1000000,2025-12-31,5682,5682,1,matched,2025,dcdc67ff84977e2beeb6b7a8113b6862fae1880838c613eceac42ba4b605d9d7,131,Continuing operations,"5,682"
unilever,income_statement,34,Discontinued operations,1,EUR,currency,1000000,2016-12-31,,,0,blank_no_source,,,,,
unilever,income_statement,34,Discontinued operations,1,EUR,currency,1000000,2017-12-31,,,0,blank_no_source,,,,,
unilever,income_statement,34,Discontinued operations,1,EUR,currency,1000000,2018-12-31,,,0,blank_no_source,,,,,
unilever,income_statement,34,Discontinued operations,1,EUR,currency,1000000,2019-12-31,,,0,blank_no_source,,,,,
unilever,income_statement,34,Discontinued operations,1,EUR,currency,1000000,2020-12-31,,,0,blank_no_source,,,,,
unilever,income_statement,34,Discontinued operations,1,EUR,currency,1000000,2021-12-31,,,0,blank_no_source,,,,,
unilever,income_statement,34,Discontinued operations,1,EUR,currency,1000000,2022-12-31,,,0,blank_no_source,,,,,
unilever,income_statement,34,Discontinued operations,1,EUR,currency,1000000,2023-12-31,485,485,1,matched,2025,dcdc67ff84977e2beeb6b7a8113b6862fae1880838c613eceac42ba4b605d9d7,131,Discontinued operations,485
unilever,income_statement,34,Discontinued operations,1,EUR,currency,1000000,2024-12-31,314,314,1,matched,2025,dcdc67ff84977e2beeb6b7a8113b6862fae1880838c613eceac42ba4b605d9d7,131,Discontinued operations,314
unilever,income_statement,34,Discontinued operations,1,EUR,currency,1000000,2025-12-31,3787,3787,1,matched,2025,dcdc67ff84977e2beeb6b7a8113b6862fae1880838c613eceac42ba4b605d9d7,131,Discontinued operations,"3,787"
unilever,income_statement,35,Continuing operations,2,EUR,currency,1000000,2016-12-31,,,0,blank_no_source,,,,,
unilever,income_statement,35,Continuing operations,2,EUR,currency,1000000,2017-12-31,,,0,blank_no_source,,,,,
unilever,income_statement,35,Continuing operations,2,EUR,currency,1000000,2018-12-31,,,0,blank_no_source,,,,,
unilever,income_statement,35,Continuing operations,2,EUR,currency,1000000,2019-12-31,,,0,blank_no_source,,,,,
unilever,income_statement,35,Continuing operations,2,EUR,currency,1000000,2020-12-31,,,0,blank_no_source,,,,,
unilever,income_statement,35,Continuing operations,2,EUR,currency,1000000,2021-12-31,,,0,blank_no_source,,,,,
unilever,income_statement,35,Continuing operations,2,EUR,currency,1000000,2022-12-31,,,0,blank_no_source,,,,,
unilever,income_statement,35,Continuing operations,2,EUR,currency,1000000,2023-12-31,635,635,1,matched,2025,dcdc67ff84977e2beeb6b7a8113b6862fae1880838c613eceac42ba4b605d9d7,131,Continuing operations,635
unilever,income_statement,35,Continuing operations,2,EUR,currency,1000000,2024-12-31,609,609,1,matched,2025,dcdc67ff84977e2beeb6b7a8113b6862fae1880838c613eceac42ba4b605d9d7,131,Continuing operations,609
unilever,income_statement,35,Continuing operations,2,EUR,currency,1000000,2025-12-31,531,531,1,matched,2025,dcdc67ff84977e2beeb6b7a8113b6862fae1880838c613eceac42ba4b605d9d7,131,Continuing operations,531
unilever,income_statement,36,Discontinued operations,2,EUR,currency,1000000,2016-12-31,,,0,blank_no_source,,,,,
unilever,income_statement,36,Discontinued operations,2,EUR,currency,1000000,2017-12-31,,,0,blank_no_source,,,,,
unilever,income_statement,36,Discontinued operations,2,EUR,currency,1000000,2018-12-31,,,0,blank_no_source,,,,,
unilever,income_statement,36,Discontinued operations,2,EUR,currency,1000000,2019-12-31,,,0,blank_no_source,,,,,
unilever,income_statement,36,Discontinued operations,2,EUR,currency,1000000,2020-12-31,,,0,blank_no_source,,,,,
unilever,income_statement,36,Discontinued operations,2,EUR,currency,1000000,2021-12-31,,,0,blank_no_source,,,,,
unilever,income_statement,36,Discontinued operations,2,EUR,currency,1000000,2022-12-31,,,0,blank_no_source,,,,,
unilever,income_statement,36,Discontinued operations,2,EUR,currency,1000000,2023-12-31,18,18,1,matched,2025,dcdc67ff84977e2beeb6b7a8113b6862fae1880838c613eceac42ba4b605d9d7,131,Discontinued operations,18
unilever,income_statement,36,Discontinued operations,2,EUR,currency,1000000,2024-12-31,16,16,1,matched,2025,dcdc67ff84977e2beeb6b7a8113b6862fae1880838c613eceac42ba4b605d9d7,131,Discontinued operations,16
unilever,income_statement,36,Discontinued operations,2,EUR,currency,1000000,2025-12-31,11,11,1,matched,2025,dcdc67ff84977e2beeb6b7a8113b6862fae1880838c613eceac42ba4b605d9d7,131,Discontinued operations,11
unilever,income_statement,37,Basic earnings per share (€),1,EUR,currency_per_share,1,2016-12-31,1.83,1.83,1,matched,2017,798661ad641ab15daa68854b13b9ae1e264e62a878090aae79ff3d07deb235d0,89,Basic earnings per share (€),1.83
unilever,income_statement,37,Basic earnings per share (€),1,EUR,currency_per_share,1,2017-12-31,2.15,2.15,1,matched,2019,39114615f11b0ea05e12bb04558b8ba1e417db6e7114b88d5c288e73f234c8a8,90,Basic earnings per share (€),2.15
unilever,income_statement,37,Basic earnings per share (€),1,EUR,currency_per_share,1,2018-12-31,3.49,3.49,1,matched,2019,39114615f11b0ea05e12bb04558b8ba1e417db6e7114b88d5c288e73f234c8a8,90,Basic earnings per share (€),3.49
unilever,income_statement,37,Basic earnings per share (€),1,EUR,currency_per_share,1,2019-12-31,2.15,2.15,1,matched,2021,25a4c72b6ae964841619dd59f9f857cfb798ad126da7286ce0e5d6e0ecf34694,117,Basic earnings per share (€),2.15
unilever,income_statement,37,Basic earnings per share (€),1,EUR,currency_per_share,1,2020-12-31,2.13,2.13,1,matched,2021,25a4c72b6ae964841619dd59f9f857cfb798ad126da7286ce0e5d6e0ecf34694,117,Basic earnings per share (€),2.13
unilever,income_statement,37,Basic earnings per share (€),1,EUR,currency_per_share,1,2021-12-31,2.33,2.33,1,matched,2023,d572ce64ca74378a6b60208d27288263fb17c26c0d06d954c1ef3b8439eb1cc1,176,Basic earnings per share (€),2.33
unilever,income_statement,37,Basic earnings per share (€),1,EUR,currency_per_share,1,2022-12-31,3.00,3,1,matched,2023,d572ce64ca74378a6b60208d27288263fb17c26c0d06d954c1ef3b8439eb1cc1,176,Basic earnings per share (€),3.00
unilever,income_statement,37,Basic earnings per share (€),1,EUR,currency_per_share,1,2023-12-31,2.90,2.9,1,matched,2025,dcdc67ff84977e2beeb6b7a8113b6862fae1880838c613eceac42ba4b605d9d7,131,Basic earnings per share (€),2.90
unilever,income_statement,37,Basic earnings per share (€),1,EUR,currency_per_share,1,2024-12-31,2.59,2.59,1,matched,2025,dcdc67ff84977e2beeb6b7a8113b6862fae1880838c613eceac42ba4b605d9d7,131,Basic earnings per share (€),2.59
unilever,income_statement,37,Basic earnings per share (€),1,EUR,currency_per_share,1,2025-12-31,4.33,4.33,1,matched,2025,dcdc67ff84977e2beeb6b7a8113b6862fae1880838c613eceac42ba4b605d9d7,131,Basic earnings per share (€),4.33
unilever,income_statement,38,Basic earnings per share (€) from continuing operations,1,EUR,currency_per_share,1,2016-12-31,,,0,blank_no_source,,,,,
unilever,income_statement,38,Basic earnings per share (€) from continuing operations,1,EUR,currency_per_share,1,2017-12-31,,,0,blank_no_source,,,,,
unilever,income_statement,38,Basic earnings per share (€) from continuing operations,1,EUR,currency_per_share,1,2018-12-31,,,0,blank_no_source,,,,,
unilever,income_statement,38,Basic earnings per share (€) from continuing operations,1,EUR,currency_per_share,1,2019-12-31,,,0,blank_no_source,,,,,
unilever,income_statement,38,Basic earnings per share (€) from continuing operations,1,EUR,currency_per_share,1,2020-12-31,,,0,blank_no_source,,,,,
unilever,income_statement,38,Basic earnings per share (€) from continuing operations,1,EUR,currency_per_share,1,2021-12-31,,,0,blank_no_source,,,,,
unilever,income_statement,38,Basic earnings per share (€) from continuing operations,1,EUR,currency_per_share,1,2022-12-31,,,0,blank_no_source,,,,,
unilever,income_statement,38,Basic earnings per share (€) from continuing operations,1,EUR,currency_per_share,1,2023-12-31,2.68,2.68,1,matched,2025,dcdc67ff84977e2beeb6b7a8113b6862fae1880838c613eceac42ba4b605d9d7,131,Basic earnings per share (€) from continuing operations,2.68
unilever,income_statement,38,Basic earnings per share (€) from continuing operations,1,EUR,currency_per_share,1,2024-12-31,2.45,2.45,1,matched,2025,dcdc67ff84977e2beeb6b7a8113b6862fae1880838c613eceac42ba4b605d9d7,131,Basic earnings per share (€) from continuing operations,2.45
unilever,income_statement,38,Basic earnings per share (€) from continuing operations,1,EUR,currency_per_share,1,2025-12-31,2.60,2.6,1,matched,2025,dcdc67ff84977e2beeb6b7a8113b6862fae1880838c613eceac42ba4b605d9d7,131,Basic earnings per share (€) from continuing operations,2.60
unilever,income_statement,39,Basic earnings per share (€) from discontinued operations,1,EUR,currency_per_share,1,2016-12-31,,,0,blank_no_source,,,,,
unilever,income_statement,39,Basic earnings per share (€) from discontinued operations,1,EUR,currency_per_share,1,2017-12-31,,,0,blank_no_source,,,,,
unilever,income_statement,39,Basic earnings per share (€) from discontinued operations,1,EUR,currency_per_share,1,2018-12-31,,,0,blank_no_source,,,,,
unilever,income_statement,39,Basic earnings per share (€) from discontinued operations,1,EUR,currency_per_share,1,2019-12-31,,,0,blank_no_source,,,,,
unilever,income_statement,39,Basic earnings per share (€) from discontinued operations,1,EUR,currency_per_share,1,2020-12-31,,,0,blank_no_source,,,,,
unilever,income_statement,39,Basic earnings per share (€) from discontinued operations,1,EUR,currency_per_share,1,2021-12-31,,,0,blank_no_source,,,,,
unilever,income_statement,39,Basic earnings per share (€) from discontinued operations,1,EUR,currency_per_share,1,2022-12-31,,,0,blank_no_source,,,,,
unilever,income_statement,39,Basic earnings per share (€) from discontinued operations,1,EUR,currency_per_share,1,2023-12-31,0.22,0.22,1,matched,2025,dcdc67ff84977e2beeb6b7a8113b6862fae1880838c613eceac42ba4b605d9d7,131,Basic earnings per share (€) from discontinued operations,0.22
unilever,income_statement,39,Basic earnings per share (€) from discontinued operations,1,EUR,currency_per_share,1,2024-12-31,0.14,0.14,1,matched,2025,dcdc67ff84977e2beeb6b7a8113b6862fae1880838c613eceac42ba4b605d9d7,131,Basic earnings per share (€) from discontinued operations,0.14
unilever,income_statement,39,Basic earnings per share (€) from discontinued operations,1,EUR,currency_per_share,1,2025-12-31,1.73,1.73,1,matched,2025,dcdc67ff84977e2beeb6b7a8113b6862fae1880838c613eceac42ba4b605d9d7,131,Basic earnings per share (€) from discontinued operations,1.73
unilever,income_statement,40,Diluted earnings per share (€),1,EUR,currency_per_share,1,2016-12-31,1.82,1.82,1,matched,2017,798661ad641ab15daa68854b13b9ae1e264e62a878090aae79ff3d07deb235d0,89,Diluted earnings per share (€),1.82
unilever,income_statement,40,Diluted earnings per share (€),1,EUR,currency_per_share,1,2017-12-31,2.14,2.14,1,matched,2019,39114615f11b0ea05e12bb04558b8ba1e417db6e7114b88d5c288e73f234c8a8,90,Diluted earnings per share (€),2.14
unilever,income_statement,40,Diluted earnings per share (€),1,EUR,currency_per_share,1,2018-12-31,3.48,3.48,1,matched,2019,39114615f11b0ea05e12bb04558b8ba1e417db6e7114b88d5c288e73f234c8a8,90,Diluted earnings per share (€),3.48
unilever,income_statement,40,Diluted earnings per share (€),1,EUR,currency_per_share,1,2019-12-31,2.14,2.14,1,matched,2021,25a4c72b6ae964841619dd59f9f857cfb798ad126da7286ce0e5d6e0ecf34694,117,Diluted earnings per share (€),2.14
unilever,income_statement,40,Diluted earnings per share (€),1,EUR,currency_per_share,1,2020-12-31,2.12,2.12,1,matched,2021,25a4c72b6ae964841619dd59f9f857cfb798ad126da7286ce0e5d6e0ecf34694,117,Diluted earnings per share (€),2.12
unilever,income_statement,40,Diluted earnings per share (€),1,EUR,currency_per_share,1,2021-12-31,2.32,2.32,1,matched,2023,d572ce64ca74378a6b60208d27288263fb17c26c0d06d954c1ef3b8439eb1cc1,176,Diluted earnings per share (€),2.32
unilever,income_statement,40,Diluted earnings per share (€),1,EUR,currency_per_share,1,2022-12-31,2.99,2.99,1,matched,2023,d572ce64ca74378a6b60208d27288263fb17c26c0d06d954c1ef3b8439eb1cc1,176,Diluted earnings per share (€),2.99
unilever,income_statement,40,Diluted earnings per share (€),1,EUR,currency_per_share,1,2023-12-31,2.89,2.89,1,matched,2025,dcdc67ff84977e2beeb6b7a8113b6862fae1880838c613eceac42ba4b605d9d7,131,Diluted earnings per share (€),2.89
unilever,income_statement,40,Diluted earnings per share (€),1,EUR,currency_per_share,1,2024-12-31,2.58,2.58,1,matched,2025,dcdc67ff84977e2beeb6b7a8113b6862fae1880838c613eceac42ba4b605d9d7,131,Diluted earnings per share (€),2.58
unilever,income_statement,40,Diluted earnings per share (€),1,EUR,currency_per_share,1,2025-12-31,4.32,4.32,1,matched,2025,dcdc67ff84977e2beeb6b7a8113b6862fae1880838c613eceac42ba4b605d9d7,131,Diluted earnings per share (€),4.32
unilever,income_statement,41,Diluted earnings per share (€) from continuing operations,1,EUR,currency_per_share,1,2016-12-31,,,0,blank_no_source,,,,,
unilever,income_statement,41,Diluted earnings per share (€) from continuing operations,1,EUR,currency_per_share,1,2017-12-31,,,0,blank_no_source,,,,,
unilever,income_statement,41,Diluted earnings per share (€) from continuing operations,1,EUR,currency_per_share,1,2018-12-31,,,0,blank_no_source,,,,,
unilever,income_statement,41,Diluted earnings per share (€) from continuing operations,1,EUR,currency_per_share,1,2019-12-31,,,0,blank_no_source,,,,,
unilever,income_statement,41,Diluted earnings per share (€) from continuing operations,1,EUR,currency_per_share,1,2020-12-31,,,0,blank_no_source,,,,,
unilever,income_statement,41,Diluted earnings per share (€) from continuing operations,1,EUR,currency_per_share,1,2021-12-31,,,0,blank_no_source,,,,,
unilever,income_statement,41,Diluted earnings per share (€) from continuing operations,1,EUR,currency_per_share,1,2022-12-31,,,0,blank_no_source,,,,,
unilever,income_statement,41,Diluted earnings per share (€) from continuing operations,1,EUR,currency_per_share,1,2023-12-31,2.67,2.67,1,matched,2025,dcdc67ff84977e2beeb6b7a8113b6862fae1880838c613eceac42ba4b605d9d7,131,Diluted earnings per share (€) from continuing operations,2.67
unilever,income_statement,41,Diluted earnings per share (€) from continuing operations,1,EUR,currency_per_share,1,2024-12-31,2.44,2.44,1,matched,2025,dcdc67ff84977e2beeb6b7a8113b6862fae1880838c613eceac42ba4b605d9d7,131,Diluted earnings per share (€) from continuing operations,2.44
unilever,income_statement,41,Diluted earnings per share (€) from continuing operations,1,EUR,currency_per_share,1,2025-12-31,2.59,2.59,1,matched,2025,dcdc67ff84977e2beeb6b7a8113b6862fae1880838c613eceac42ba4b605d9d7,131,Diluted earnings per share (€) from continuing operations,2.59
unilever,income_statement,42,Diluted earnings per share (€) from discontinued operations,1,EUR,currency_per_share,1,2016-12-31,,,0,blank_no_source,,,,,
unilever,income_statement,42,Diluted earnings per share (€) from discontinued operations,1,EUR,currency_per_share,1,2017-12-31,,,0,blank_no_source,,,,,
unilever,income_statement,42,Diluted earnings per share (€) from discontinued operations,1,EUR,currency_per_share,1,2018-12-31,,,0,blank_no_source,,,,,
unilever,income_statement,42,Diluted earnings per share (€) from discontinued operations,1,EUR,currency_per_share,1,2019-12-31,,,0,blank_no_source,,,,,
unilever,income_statement,42,Diluted earnings per share (€) from discontinued operations,1,EUR,currency_per_share,1,2020-12-31,,,0,blank_no_source,,,,,
unilever,income_statement,42,Diluted earnings per share (€) from discontinued operations,1,EUR,currency_per_share,1,2021-12-31,,,0,blank_no_source,,,,,
unilever,income_statement,42,Diluted earnings per share (€) from discontinued operations,1,EUR,currency_per_share,1,2022-12-31,,,0,blank_no_source,,,,,
unilever,income_statement,42,Diluted earnings per share (€) from discontinued operations,1,EUR,currency_per_share,1,2023-12-31,0.22,0.22,1,matched,2025,dcdc67ff84977e2beeb6b7a8113b6862fae1880838c613eceac42ba4b605d9d7,131,Diluted earnings per share (€) from discontinued operations,0.22
unilever,income_statement,42,Diluted earnings per share (€) from discontinued operations,1,EUR,currency_per_share,1,2024-12-31,0.14,0.14,1,matched,2025,dcdc67ff84977e2beeb6b7a8113b6862fae1880838c613eceac42ba4b605d9d7,131,Diluted earnings per share (€) from discontinued operations,0.14
unilever,income_statement,42,Diluted earnings per share (€) from discontinued operations,1,EUR,currency_per_share,1,2025-12-31,1.73,1.73,1,matched,2025,dcdc67ff84977e2beeb6b7a8113b6862fae1880838c613eceac42ba4b605d9d7,131,Diluted earnings per share (€) from discontinued operations,1.73
unilever,balance_sheet,2,Goodwill,1,EUR,currency,1000000,2016-12-31,17624,17624,1,matched,2017,798661ad641ab15daa68854b13b9ae1e264e62a878090aae79ff3d07deb235d0,91,Goodwill,"17,624"
unilever,balance_sheet,2,Goodwill,1,EUR,currency,1000000,2017-12-31,16881,16881,1,matched,2017,798661ad641ab15daa68854b13b9ae1e264e62a878090aae79ff3d07deb235d0,91,Goodwill,"16,881"
unilever,balance_sheet,2,Goodwill,1,EUR,currency,1000000,2018-12-31,17341,17341,1,matched,2019,39114615f11b0ea05e12bb04558b8ba1e417db6e7114b88d5c288e73f234c8a8,92,Goodwill,"17,341"
unilever,balance_sheet,2,Goodwill,1,EUR,currency,1000000,2019-12-31,18067,18067,1,matched,2019,39114615f11b0ea05e12bb04558b8ba1e417db6e7114b88d5c288e73f234c8a8,92,Goodwill,"18,067"
unilever,balance_sheet,2,Goodwill,1,EUR,currency,1000000,2020-12-31,18942,18942,1,matched,2021,25a4c72b6ae964841619dd59f9f857cfb798ad126da7286ce0e5d6e0ecf34694,119,Goodwill,"18,942"
unilever,balance_sheet,2,Goodwill,1,EUR,currency,1000000,2021-12-31,20330,20330,1,matched,2021,25a4c72b6ae964841619dd59f9f857cfb798ad126da7286ce0e5d6e0ecf34694,119,Goodwill,"20,330"
unilever,balance_sheet,2,Goodwill,1,EUR,currency,1000000,2022-12-31,21609,21609,1,matched,2023,d572ce64ca74378a6b60208d27288263fb17c26c0d06d954c1ef3b8439eb1cc1,178,Goodwill,"21,609"
unilever,balance_sheet,2,Goodwill,1,EUR,currency,1000000,2023-12-31,21109,21109,1,matched,2023,d572ce64ca74378a6b60208d27288263fb17c26c0d06d954c1ef3b8439eb1cc1,178,Goodwill,"21,109"
unilever,balance_sheet,2,Goodwill,1,EUR,currency,1000000,2024-12-31,22311,22311,1,matched,2025,dcdc67ff84977e2beeb6b7a8113b6862fae1880838c613eceac42ba4b605d9d7,134,Goodwill,"22,311"
unilever,balance_sheet,2,Goodwill,1,EUR,currency,1000000,2025-12-31,17709,17709,1,matched,2025,dcdc67ff84977e2beeb6b7a8113b6862fae1880838c613eceac42ba4b605d9d7,134,Goodwill,"17,709"
unilever,balance_sheet,3,Intangible assets,1,EUR,currency,1000000,2016-12-31,9809,9809,1,matched,2017,798661ad641ab15daa68854b13b9ae1e264e62a878090aae79ff3d07deb235d0,91,Intangible assets,"9,809"
unilever,balance_sheet,3,Intangible assets,1,EUR,currency,1000000,2017-12-31,11520,11520,1,matched,2017,798661ad641ab15daa68854b13b9ae1e264e62a878090aae79ff3d07deb235d0,91,Intangible assets,"11,520"
unilever,balance_sheet,3,Intangible assets,1,EUR,currency,1000000,2018-12-31,12152,12152,1,matched,2019,39114615f11b0ea05e12bb04558b8ba1e417db6e7114b88d5c288e73f234c8a8,92,Intangible assets,"12,152"
unilever,balance_sheet,3,Intangible assets,1,EUR,currency,1000000,2019-12-31,12962,12962,1,matched,2019,39114615f11b0ea05e12bb04558b8ba1e417db6e7114b88d5c288e73f234c8a8,92,Intangible assets,"12,962"
unilever,balance_sheet,3,Intangible assets,1,EUR,currency,1000000,2020-12-31,15999,15999,1,matched,2021,25a4c72b6ae964841619dd59f9f857cfb798ad126da7286ce0e5d6e0ecf34694,119,Intangible assets,"15,999"
unilever,balance_sheet,3,Intangible assets,1,EUR,currency,1000000,2021-12-31,18261,18261,1,matched,2021,25a4c72b6ae964841619dd59f9f857cfb798ad126da7286ce0e5d6e0ecf34694,119,Intangible assets,"18,261"
unilever,balance_sheet,3,Intangible assets,1,EUR,currency,1000000,2022-12-31,18880,18880,1,matched,2023,d572ce64ca74378a6b60208d27288263fb17c26c0d06d954c1ef3b8439eb1cc1,178,Intangible assets,"18,880"
unilever,balance_sheet,3,Intangible assets,1,EUR,currency,1000000,2023-12-31,18357,18357,1,matched,2023,d572ce64ca74378a6b60208d27288263fb17c26c0d06d954c1ef3b8439eb1cc1,178,Intangible assets,"18,357"
unilever,balance_sheet,3,Intangible assets,1,EUR,currency,1000000,2024-12-31,18590,18590,1,matched,2025,dcdc67ff84977e2beeb6b7a8113b6862fae1880838c613eceac42ba4b605d9d7,134,Intangible assets,"18,590"
unilever,balance_sheet,3,Intangible assets,1,EUR,currency,1000000,2025-12-31,17055,17055,1,matched,2025,dcdc67ff84977e2beeb6b7a8113b6862fae1880838c613eceac42ba4b605d9d7,134,Intangible assets,"17,055"
unilever,balance_sheet,4,"Property, plant and equipment",1,EUR,currency,1000000,2016-12-31,11673,11673,1,matched,2017,798661ad641ab15daa68854b13b9ae1e264e62a878090aae79ff3d07deb235d0,91,"Property, plant and equipment","11,673"
unilever,balance_sheet,4,"Property, plant and equipment",1,EUR,currency,1000000,2017-12-31,10411,10411,1,matched,2017,798661ad641ab15daa68854b13b9ae1e264e62a878090aae79ff3d07deb235d0,91,"Property, plant and equipment","10,411"
unilever,balance_sheet,4,"Property, plant and equipment",1,EUR,currency,1000000,2018-12-31,12088,12088,1,matched,2019,39114615f11b0ea05e12bb04558b8ba1e417db6e7114b88d5c288e73f234c8a8,92,"Property, plant and equipment","12,088"
unilever,balance_sheet,4,"Property, plant and equipment",1,EUR,currency,1000000,2019-12-31,12062,12062,1,matched,2019,39114615f11b0ea05e12bb04558b8ba1e417db6e7114b88d5c288e73f234c8a8,92,"Property, plant and equipment","12,062"
unilever,balance_sheet,4,"Property, plant and equipment",1,EUR,currency,1000000,2020-12-31,10558,10558,1,matched,2021,25a4c72b6ae964841619dd59f9f857cfb798ad126da7286ce0e5d6e0ecf34694,119,"Property, plant and equipment","10,558"
unilever,balance_sheet,4,"Property, plant and equipment",1,EUR,currency,1000000,2021-12-31,10347,10347,1,matched,2021,25a4c72b6ae964841619dd59f9f857cfb798ad126da7286ce0e5d6e0ecf34694,119,"Property, plant and equipment","10,347"
unilever,balance_sheet,4,"Property, plant and equipment",1,EUR,currency,1000000,2022-12-31,10770,10770,1,matched,2023,d572ce64ca74378a6b60208d27288263fb17c26c0d06d954c1ef3b8439eb1cc1,178,"Property, plant and equipment","10,770"
unilever,balance_sheet,4,"Property, plant and equipment",1,EUR,currency,1000000,2023-12-31,10707,10707,1,matched,2023,d572ce64ca74378a6b60208d27288263fb17c26c0d06d954c1ef3b8439eb1cc1,178,"Property, plant and equipment","10,707"
unilever,balance_sheet,4,"Property, plant and equipment",1,EUR,currency,1000000,2024-12-31,11669,11669,1,matched,2025,dcdc67ff84977e2beeb6b7a8113b6862fae1880838c613eceac42ba4b605d9d7,134,"Property, plant and equipment","11,669"
unilever,balance_sheet,4,"Property, plant and equipment",1,EUR,currency,1000000,2025-12-31,8992,8992,1,matched,2025,dcdc67ff84977e2beeb6b7a8113b6862fae1880838c613eceac42ba4b605d9d7,134,"Property, plant and equipment","8,992"
unilever,balance_sheet,5,Pension asset for funded schemes in surplus,1,EUR,currency,1000000,2016-12-31,694,694,1,matched,2017,798661ad641ab15daa68854b13b9ae1e264e62a878090aae79ff3d07deb235d0,91,Pension asset for funded schemes in surplus,694
unilever,balance_sheet,5,Pension asset for funded schemes in surplus,1,EUR,currency,1000000,2017-12-31,2173,2173,1,matched,2017,798661ad641ab15daa68854b13b9ae1e264e62a878090aae79ff3d07deb235d0,91,Pension asset for funded schemes in surplus,"2,173"
unilever,balance_sheet,5,Pension asset for funded schemes in surplus,1,EUR,currency,1000000,2018-12-31,1728,1728,1,matched,2019,39114615f11b0ea05e12bb04558b8ba1e417db6e7114b88d5c288e73f234c8a8,92,Pension asset for funded schemes in surplus,"1,728"
unilever,balance_sheet,5,Pension asset for funded schemes in surplus,1,EUR,currency,1000000,2019-12-31,2422,2422,1,matched,2019,39114615f11b0ea05e12bb04558b8ba1e417db6e7114b88d5c288e73f234c8a8,92,Pension asset for funded schemes in surplus,"2,422"
unilever,balance_sheet,5,Pension asset for funded schemes in surplus,1,EUR,currency,1000000,2020-12-31,2722,2722,1,matched,2021,25a4c72b6ae964841619dd59f9f857cfb798ad126da7286ce0e5d6e0ecf34694,119,Pension asset for funded schemes in surplus,"2,722"
unilever,balance_sheet,5,Pension asset for funded schemes in surplus,1,EUR,currency,1000000,2021-12-31,5119,5119,1,matched,2021,25a4c72b6ae964841619dd59f9f857cfb798ad126da7286ce0e5d6e0ecf34694,119,Pension asset for funded schemes in surplus,"5,119"
unilever,balance_sheet,5,Pension asset for funded schemes in surplus,1,EUR,currency,1000000,2022-12-31,4260,4260,1,matched,2023,d572ce64ca74378a6b60208d27288263fb17c26c0d06d954c1ef3b8439eb1cc1,178,Pension asset for funded schemes in surplus,"4,260"
unilever,balance_sheet,5,Pension asset for funded schemes in surplus,1,EUR,currency,1000000,2023-12-31,3781,3781,1,matched,2023,d572ce64ca74378a6b60208d27288263fb17c26c0d06d954c1ef3b8439eb1cc1,178,Pension asset for funded schemes in surplus,"3,781"
unilever,balance_sheet,5,Pension asset for funded schemes in surplus,1,EUR,currency,1000000,2024-12-31,4164,4164,1,matched,2025,dcdc67ff84977e2beeb6b7a8113b6862fae1880838c613eceac42ba4b605d9d7,134,Pension asset for funded schemes in surplus,"4,164"
unilever,balance_sheet,5,Pension asset for funded schemes in surplus,1,EUR,currency,1000000,2025-12-31,4462,4462,1,matched,2025,dcdc67ff84977e2beeb6b7a8113b6862fae1880838c613eceac42ba4b605d9d7,134,Pension asset for funded schemes in surplus,"4,462"
unilever,balance_sheet,6,Deferred tax assets,1,EUR,currency,1000000,2016-12-31,1354,1354,1,matched,2017,798661ad641ab15daa68854b13b9ae1e264e62a878090aae79ff3d07deb235d0,91,Deferred tax assets,"1,354"
unilever,balance_sheet,6,Deferred tax assets,1,EUR,currency,1000000,2017-12-31,1085,1085,1,matched,2017,798661ad641ab15daa68854b13b9ae1e264e62a878090aae79ff3d07deb235d0,91,Deferred tax assets,"1,085"
unilever,balance_sheet,6,Deferred tax assets,1,EUR,currency,1000000,2018-12-31,1152,1152,1,matched,2019,39114615f11b0ea05e12bb04558b8ba1e417db6e7114b88d5c288e73f234c8a8,92,Deferred tax assets,"1,152"
unilever,balance_sheet,6,Deferred tax assets,1,EUR,currency,1000000,2019-12-31,1336,1336,1,matched,2019,39114615f11b0ea05e12bb04558b8ba1e417db6e7114b88d5c288e73f234c8a8,92,Deferred tax assets,"1,336"
unilever,balance_sheet,6,Deferred tax assets,1,EUR,currency,1000000,2020-12-31,1474,1474,1,matched,2021,25a4c72b6ae964841619dd59f9f857cfb798ad126da7286ce0e5d6e0ecf34694,119,Deferred tax assets,"1,474"
unilever,balance_sheet,6,Deferred tax assets,1,EUR,currency,1000000,2021-12-31,1465,1465,1,matched,2021,25a4c72b6ae964841619dd59f9f857cfb798ad126da7286ce0e5d6e0ecf34694,119,Deferred tax assets,"1,465"
unilever,balance_sheet,6,Deferred tax assets,1,EUR,currency,1000000,2022-12-31,1049,1049,1,matched,2023,d572ce64ca74378a6b60208d27288263fb17c26c0d06d954c1ef3b8439eb1cc1,178,Deferred tax assets,"1,049"
unilever,balance_sheet,6,Deferred tax assets,1,EUR,currency,1000000,2023-12-31,1113,1113,1,matched,2023,d572ce64ca74378a6b60208d27288263fb17c26c0d06d954c1ef3b8439eb1cc1,178,Deferred tax assets,"1,113"
unilever,balance_sheet,6,Deferred tax assets,1,EUR,currency,1000000,2024-12-31,1280,1280,1,matched,2025,dcdc67ff84977e2beeb6b7a8113b6862fae1880838c613eceac42ba4b605d9d7,134,Deferred tax assets,"1,280"
unilever,balance_sheet,6,Deferred tax assets,1,EUR,currency,1000000,2025-12-31,1146,1146,1,matched,2025,dcdc67ff84977e2beeb6b7a8113b6862fae1880838c613eceac42ba4b605d9d7,134,Deferred tax assets,"1,146"
unilever,balance_sheet,7,Financial assets,1,EUR,currency,1000000,2016-12-31,673,673,1,matched,2017,798661ad641ab15daa68854b13b9ae1e264e62a878090aae79ff3d07deb235d0,91,Financial assets,673
unilever,balance_sheet,7,Financial assets,1,EUR,currency,1000000,2017-12-31,675,675,1,matched,2017,798661ad641ab15daa68854b13b9ae1e264e62a878090aae79ff3d07deb235d0,91,Financial assets,675
unilever,balance_sheet,7,Financial assets,1,EUR,currency,1000000,2018-12-31,642,642,1,matched,2019,39114615f11b0ea05e12bb04558b8ba1e417db6e7114b88d5c288e73f234c8a8,92,Financial assets,642
unilever,balance_sheet,7,Financial assets,1,EUR,currency,1000000,2019-12-31,874,874,1,matched,2019,39114615f11b0ea05e12bb04558b8ba1e417db6e7114b88d5c288e73f234c8a8,92,Financial assets,874
unilever,balance_sheet,7,Financial assets,1,EUR,currency,1000000,2020-12-31,876,876,1,matched,2021,25a4c72b6ae964841619dd59f9f857cfb798ad126da7286ce0e5d6e0ecf34694,119,Financial assets,876
unilever,balance_sheet,7,Financial assets,1,EUR,currency,1000000,2021-12-31,1198,1198,1,matched,2021,25a4c72b6ae964841619dd59f9f857cfb798ad126da7286ce0e5d6e0ecf34694,119,Financial assets,"1,198"
unilever,balance_sheet,7,Financial assets,1,EUR,currency,1000000,2022-12-31,1154,1154,1,matched,2023,d572ce64ca74378a6b60208d27288263fb17c26c0d06d954c1ef3b8439eb1cc1,178,Financial assets,"1,154"
unilever,balance_sheet,7,Financial assets,1,EUR,currency,1000000,2023-12-31,1386,1386,1,matched,2023,d572ce64ca74378a6b60208d27288263fb17c26c0d06d954c1ef3b8439eb1cc1,178,Financial assets,"1,386"
unilever,balance_sheet,7,Financial assets,1,EUR,currency,1000000,2024-12-31,1571,1571,1,matched,2025,dcdc67ff84977e2beeb6b7a8113b6862fae1880838c613eceac42ba4b605d9d7,134,Financial assets,"1,571"
unilever,balance_sheet,7,Financial assets,1,EUR,currency,1000000,2025-12-31,3065,3065,1,matched,2025,dcdc67ff84977e2beeb6b7a8113b6862fae1880838c613eceac42ba4b605d9d7,134,Financial assets,"3,065"
unilever,balance_sheet,8,Other non-current assets,1,EUR,currency,1000000,2016-12-31,718,718,1,matched,2017,798661ad641ab15daa68854b13b9ae1e264e62a878090aae79ff3d07deb235d0,91,Other non-current assets,718
unilever,balance_sheet,8,Other non-current assets,1,EUR,currency,1000000,2017-12-31,557,557,1,matched,2017,798661ad641ab15daa68854b13b9ae1e264e62a878090aae79ff3d07deb235d0,91,Other non-current assets,557
unilever,balance_sheet,8,Other non-current assets,1,EUR,currency,1000000,2018-12-31,530,530,1,matched,2019,39114615f11b0ea05e12bb04558b8ba1e417db6e7114b88d5c288e73f234c8a8,92,Other non-current assets,530
unilever,balance_sheet,8,Other non-current assets,1,EUR,currency,1000000,2019-12-31,653,653,1,matched,2019,39114615f11b0ea05e12bb04558b8ba1e417db6e7114b88d5c288e73f234c8a8,92,Other non-current assets,653
unilever,balance_sheet,8,Other non-current assets,1,EUR,currency,1000000,2020-12-31,931,931,1,matched,2021,25a4c72b6ae964841619dd59f9f857cfb798ad126da7286ce0e5d6e0ecf34694,119,Other non-current assets,931
unilever,balance_sheet,8,Other non-current assets,1,EUR,currency,1000000,2021-12-31,974,974,1,matched,2021,25a4c72b6ae964841619dd59f9f857cfb798ad126da7286ce0e5d6e0ecf34694,119,Other non-current assets,974
unilever,balance_sheet,8,Other non-current assets,1,EUR,currency,1000000,2022-12-31,942,942,1,matched,2023,d572ce64ca74378a6b60208d27288263fb17c26c0d06d954c1ef3b8439eb1cc1,178,Other non-current assets,942
unilever,balance_sheet,8,Other non-current assets,1,EUR,currency,1000000,2023-12-31,911,911,1,matched,2023,d572ce64ca74378a6b60208d27288263fb17c26c0d06d954c1ef3b8439eb1cc1,178,Other non-current assets,911
unilever,balance_sheet,8,Other non-current assets,1,EUR,currency,1000000,2024-12-31,971,971,1,matched,2025,dcdc67ff84977e2beeb6b7a8113b6862fae1880838c613eceac42ba4b605d9d7,134,Other non-current assets,971
unilever,balance_sheet,8,Other non-current assets,1,EUR,currency,1000000,2025-12-31,976,976,1,matched,2025,dcdc67ff84977e2beeb6b7a8113b6862fae1880838c613eceac42ba4b605d9d7,134,Other non-current assets,976
unilever,balance_sheet,9,Non-current assets,1,EUR,currency,1000000,2016-12-31,42545,42545,1,matched,2017,798661ad641ab15daa68854b13b9ae1e264e62a878090aae79ff3d07deb235d0,91,Non-current assets,"42,545"
unilever,balance_sheet,9,Non-current assets,1,EUR,currency,1000000,2017-12-31,43302,43302,1,matched,2017,798661ad641ab15daa68854b13b9ae1e264e62a878090aae79ff3d07deb235d0,91,Non-current assets,"43,302"
unilever,balance_sheet,9,Non-current assets,1,EUR,currency,1000000,2018-12-31,45633,45633,1,matched,2019,39114615f11b0ea05e12bb04558b8ba1e417db6e7114b88d5c288e73f234c8a8,92,Non-current assets,"45,633"
unilever,balance_sheet,9,Non-current assets,1,EUR,currency,1000000,2019-12-31,48376,48376,1,matched,2019,39114615f11b0ea05e12bb04558b8ba1e417db6e7114b88d5c288e73f234c8a8,92,Non-current assets,"48,376"
unilever,balance_sheet,9,Non-current assets,1,EUR,currency,1000000,2020-12-31,51502,51502,1,matched,2021,25a4c72b6ae964841619dd59f9f857cfb798ad126da7286ce0e5d6e0ecf34694,119,Non-current assets,"51,502"
unilever,balance_sheet,9,Non-current assets,1,EUR,currency,1000000,2021-12-31,57694,57694,1,matched,2021,25a4c72b6ae964841619dd59f9f857cfb798ad126da7286ce0e5d6e0ecf34694,119,Non-current assets,"57,694"
unilever,balance_sheet,9,Non-current assets,1,EUR,currency,1000000,2022-12-31,58664,58664,1,matched,2023,d572ce64ca74378a6b60208d27288263fb17c26c0d06d954c1ef3b8439eb1cc1,178,Non-current assets,"58,664"
unilever,balance_sheet,9,Non-current assets,1,EUR,currency,1000000,2023-12-31,57364,57364,1,matched,2023,d572ce64ca74378a6b60208d27288263fb17c26c0d06d954c1ef3b8439eb1cc1,178,Non-current assets,"57,364"
unilever,balance_sheet,9,Non-current assets,1,EUR,currency,1000000,2024-12-31,60556,60556,1,matched,2025,dcdc67ff84977e2beeb6b7a8113b6862fae1880838c613eceac42ba4b605d9d7,134,Non-current assets,"60,556"
unilever,balance_sheet,9,Non-current assets,1,EUR,currency,1000000,2025-12-31,53405,53405,1,matched,2025,dcdc67ff84977e2beeb6b7a8113b6862fae1880838c613eceac42ba4b605d9d7,134,Non-current assets,"53,405"
unilever,balance_sheet,10,Inventories,1,EUR,currency,1000000,2016-12-31,4278,4278,1,matched,2017,798661ad641ab15daa68854b13b9ae1e264e62a878090aae79ff3d07deb235d0,91,Inventories,"4,278"
unilever,balance_sheet,10,Inventories,1,EUR,currency,1000000,2017-12-31,3962,3962,1,matched,2017,798661ad641ab15daa68854b13b9ae1e264e62a878090aae79ff3d07deb235d0,91,Inventories,"3,962"
unilever,balance_sheet,10,Inventories,1,EUR,currency,1000000,2018-12-31,4301,4301,1,matched,2019,39114615f11b0ea05e12bb04558b8ba1e417db6e7114b88d5c288e73f234c8a8,92,Inventories,"4,301"
unilever,balance_sheet,10,Inventories,1,EUR,currency,1000000,2019-12-31,4164,4164,1,matched,2019,39114615f11b0ea05e12bb04558b8ba1e417db6e7114b88d5c288e73f234c8a8,92,Inventories,"4,164"
unilever,balance_sheet,10,Inventories,1,EUR,currency,1000000,2020-12-31,4462,4462,1,matched,2021,25a4c72b6ae964841619dd59f9f857cfb798ad126da7286ce0e5d6e0ecf34694,119,Inventories,"4,462"
unilever,balance_sheet,10,Inventories,1,EUR,currency,1000000,2021-12-31,4683,4683,1,matched,2021,25a4c72b6ae964841619dd59f9f857cfb798ad126da7286ce0e5d6e0ecf34694,119,Inventories,"4,683"
unilever,balance_sheet,10,Inventories,1,EUR,currency,1000000,2022-12-31,5931,5931,1,matched,2023,d572ce64ca74378a6b60208d27288263fb17c26c0d06d954c1ef3b8439eb1cc1,178,Inventories,"5,931"
unilever,balance_sheet,10,Inventories,1,EUR,currency,1000000,2023-12-31,5119,5119,1,matched,2023,d572ce64ca74378a6b60208d27288263fb17c26c0d06d954c1ef3b8439eb1cc1,178,Inventories,"5,119"
unilever,balance_sheet,10,Inventories,1,EUR,currency,1000000,2024-12-31,5177,5177,1,matched,2025,dcdc67ff84977e2beeb6b7a8113b6862fae1880838c613eceac42ba4b605d9d7,134,Inventories,"5,177"
unilever,balance_sheet,10,Inventories,1,EUR,currency,1000000,2025-12-31,4043,4043,1,matched,2025,dcdc67ff84977e2beeb6b7a8113b6862fae1880838c613eceac42ba4b605d9d7,134,Inventories,"4,043"
unilever,balance_sheet,11,Trade and other current receivables,1,EUR,currency,1000000,2016-12-31,5102,5102,1,matched,2017,798661ad641ab15daa68854b13b9ae1e264e62a878090aae79ff3d07deb235d0,91,Trade and other current receivables,"5,102"
unilever,balance_sheet,11,Trade and other current receivables,1,EUR,currency,1000000,2017-12-31,5222,5222,1,matched,2017,798661ad641ab15daa68854b13b9ae1e264e62a878090aae79ff3d07deb235d0,91,Trade and other current receivables,"5,222"
unilever,balance_sheet,11,Trade and other current receivables,1,EUR,currency,1000000,2018-12-31,6482,6482,1,matched,2019,39114615f11b0ea05e12bb04558b8ba1e417db6e7114b88d5c288e73f234c8a8,92,Trade and other current receivables,"6,482"
unilever,balance_sheet,11,Trade and other current receivables,1,EUR,currency,1000000,2019-12-31,6695,6695,1,matched,2019,39114615f11b0ea05e12bb04558b8ba1e417db6e7114b88d5c288e73f234c8a8,92,Trade and other current receivables,"6,695"
unilever,balance_sheet,11,Trade and other current receivables,1,EUR,currency,1000000,2020-12-31,4939,4939,1,matched,2021,25a4c72b6ae964841619dd59f9f857cfb798ad126da7286ce0e5d6e0ecf34694,119,Trade and other current receivables,"4,939"
unilever,balance_sheet,11,Trade and other current receivables,1,EUR,currency,1000000,2021-12-31,5422,5422,1,matched,2021,25a4c72b6ae964841619dd59f9f857cfb798ad126da7286ce0e5d6e0ecf34694,119,Trade and other current receivables,"5,422"
unilever,balance_sheet,11,Trade and other current receivables,1,EUR,currency,1000000,2022-12-31,7056,7056,1,matched,2023,d572ce64ca74378a6b60208d27288263fb17c26c0d06d954c1ef3b8439eb1cc1,178,Trade and other current receivables,"7,056"
unilever,balance_sheet,11,Trade and other current receivables,1,EUR,currency,1000000,2023-12-31,5775,5775,1,matched,2023,d572ce64ca74378a6b60208d27288263fb17c26c0d06d954c1ef3b8439eb1cc1,178,Trade and other current receivables,"5,775"
unilever,balance_sheet,11,Trade and other current receivables,1,EUR,currency,1000000,2024-12-31,6011,6011,1,matched,2025,dcdc67ff84977e2beeb6b7a8113b6862fae1880838c613eceac42ba4b605d9d7,134,Trade and other current receivables,"6,011"
unilever,balance_sheet,11,Trade and other current receivables,1,EUR,currency,1000000,2025-12-31,7346,7346,1,matched,2025,dcdc67ff84977e2beeb6b7a8113b6862fae1880838c613eceac42ba4b605d9d7,134,Trade and other current receivables,"7,346"
unilever,balance_sheet,12,Current tax assets,1,EUR,currency,1000000,2016-12-31,317,317,1,matched,2017,798661ad641ab15daa68854b13b9ae1e264e62a878090aae79ff3d07deb235d0,91,Current tax assets,317
unilever,balance_sheet,12,Current tax assets,1,EUR,currency,1000000,2017-12-31,488,488,1,matched,2017,798661ad641ab15daa68854b13b9ae1e264e62a878090aae79ff3d07deb235d0,91,Current tax assets,488
unilever,balance_sheet,12,Current tax assets,1,EUR,currency,1000000,2018-12-31,472,472,1,matched,2019,39114615f11b0ea05e12bb04558b8ba1e417db6e7114b88d5c288e73f234c8a8,92,Current tax assets,472
unilever,balance_sheet,12,Current tax assets,1,EUR,currency,1000000,2019-12-31,397,397,1,matched,2019,39114615f11b0ea05e12bb04558b8ba1e417db6e7114b88d5c288e73f234c8a8,92,Current tax assets,397
unilever,balance_sheet,12,Current tax assets,1,EUR,currency,1000000,2020-12-31,372,372,1,matched,2021,25a4c72b6ae964841619dd59f9f857cfb798ad126da7286ce0e5d6e0ecf34694,119,Current tax assets,372
unilever,balance_sheet,12,Current tax assets,1,EUR,currency,1000000,2021-12-31,324,324,1,matched,2021,25a4c72b6ae964841619dd59f9f857cfb798ad126da7286ce0e5d6e0ecf34694,119,Current tax assets,324
unilever,balance_sheet,12,Current tax assets,1,EUR,currency,1000000,2022-12-31,381,381,1,matched,2023,d572ce64ca74378a6b60208d27288263fb17c26c0d06d954c1ef3b8439eb1cc1,178,Current tax assets,381
unilever,balance_sheet,12,Current tax assets,1,EUR,currency,1000000,2023-12-31,427,427,1,matched,2023,d572ce64ca74378a6b60208d27288263fb17c26c0d06d954c1ef3b8439eb1cc1,178,Current tax assets,427
unilever,balance_sheet,12,Current tax assets,1,EUR,currency,1000000,2024-12-31,373,373,1,matched,2025,dcdc67ff84977e2beeb6b7a8113b6862fae1880838c613eceac42ba4b605d9d7,134,Current tax assets,373
unilever,balance_sheet,12,Current tax assets,1,EUR,currency,1000000,2025-12-31,329,329,1,matched,2025,dcdc67ff84977e2beeb6b7a8113b6862fae1880838c613eceac42ba4b605d9d7,134,Current tax assets,329
unilever,balance_sheet,13,Cash and cash equivalents,1,EUR,currency,1000000,2016-12-31,3382,3382,1,matched,2017,798661ad641ab15daa68854b13b9ae1e264e62a878090aae79ff3d07deb235d0,91,Cash and cash equivalents,"3,382"
unilever,balance_sheet,13,Cash and cash equivalents,1,EUR,currency,1000000,2017-12-31,3317,3317,1,matched,2017,798661ad641ab15daa68854b13b9ae1e264e62a878090aae79ff3d07deb235d0,91,Cash and cash equivalents,"3,317"
unilever,balance_sheet,13,Cash and cash equivalents,1,EUR,currency,1000000,2018-12-31,3230,3230,1,matched,2019,39114615f11b0ea05e12bb04558b8ba1e417db6e7114b88d5c288e73f234c8a8,92,Cash and cash equivalents,"3,230"
unilever,balance_sheet,13,Cash and cash equivalents,1,EUR,currency,1000000,2019-12-31,4185,4185,1,matched,2019,39114615f11b0ea05e12bb04558b8ba1e417db6e7114b88d5c288e73f234c8a8,92,Cash and cash equivalents,"4,185"
unilever,balance_sheet,13,Cash and cash equivalents,1,EUR,currency,1000000,2020-12-31,5548,5548,1,matched,2021,25a4c72b6ae964841619dd59f9f857cfb798ad126da7286ce0e5d6e0ecf34694,119,Cash and cash equivalents,"5,548"
unilever,balance_sheet,13,Cash and cash equivalents,1,EUR,currency,1000000,2021-12-31,3415,3415,1,matched,2021,25a4c72b6ae964841619dd59f9f857cfb798ad126da7286ce0e5d6e0ecf34694,119,Cash and cash equivalents,"3,415"
unilever,balance_sheet,13,Cash and cash equivalents,1,EUR,currency,1000000,2022-12-31,4326,4326,1,matched,2023,d572ce64ca74378a6b60208d27288263fb17c26c0d06d954c1ef3b8439eb1cc1,178,Cash and cash equivalents,"4,326"
unilever,balance_sheet,13,Cash and cash equivalents,1,EUR,currency,1000000,2023-12-31,4159,4159,1,matched,2023,d572ce64ca74378a6b60208d27288263fb17c26c0d06d954c1ef3b8439eb1cc1,178,Cash and cash equivalents,"4,159"
unilever,balance_sheet,13,Cash and cash equivalents,1,EUR,currency,1000000,2024-12-31,6136,6136,1,matched,2025,dcdc67ff84977e2beeb6b7a8113b6862fae1880838c613eceac42ba4b605d9d7,134,Cash and cash equivalents,"6,136"
unilever,balance_sheet,13,Cash and cash equivalents,1,EUR,currency,1000000,2025-12-31,3941,3941,1,matched,2025,dcdc67ff84977e2beeb6b7a8113b6862fae1880838c613eceac42ba4b605d9d7,134,Cash and cash equivalents,"3,941"
unilever,balance_sheet,14,Other financial assets,1,EUR,currency,1000000,2016-12-31,599,599,1,matched,2017,798661ad641ab15daa68854b13b9ae1e264e62a878090aae79ff3d07deb235d0,91,Other financial assets,599
unilever,balance_sheet,14,Other financial assets,1,EUR,currency,1000000,2017-12-31,770,770,1,matched,2017,798661ad641ab15daa68854b13b9ae1e264e62a878090aae79ff3d07deb235d0,91,Other financial assets,770
unilever,balance_sheet,14,Other financial assets,1,EUR,currency,1000000,2018-12-31,874,874,1,matched,2019,39114615f11b0ea05e12bb04558b8ba1e417db6e7114b88d5c288e73f234c8a8,92,Other financial assets,874
unilever,balance_sheet,14,Other financial assets,1,EUR,currency,1000000,2019-12-31,907,907,1,matched,2019,39114615f11b0ea05e12bb04558b8ba1e417db6e7114b88d5c288e73f234c8a8,92,Other financial assets,907
unilever,balance_sheet,14,Other financial assets,1,EUR,currency,1000000,2020-12-31,808,808,1,matched,2021,25a4c72b6ae964841619dd59f9f857cfb798ad126da7286ce0e5d6e0ecf34694,119,Other financial assets,808
unilever,balance_sheet,14,Other financial assets,1,EUR,currency,1000000,2021-12-31,1156,1156,1,matched,2021,25a4c72b6ae964841619dd59f9f857cfb798ad126da7286ce0e5d6e0ecf34694,119,Other financial assets,"1,156"
unilever,balance_sheet,14,Other financial assets,1,EUR,currency,1000000,2022-12-31,1435,1435,1,matched,2023,d572ce64ca74378a6b60208d27288263fb17c26c0d06d954c1ef3b8439eb1cc1,178,Other financial assets,"1,435"
unilever,balance_sheet,14,Other financial assets,1,EUR,currency,1000000,2023-12-31,1731,1731,1,matched,2023,d572ce64ca74378a6b60208d27288263fb17c26c0d06d954c1ef3b8439eb1cc1,178,Other financial assets,"1,731"
unilever,balance_sheet,14,Other financial assets,1,EUR,currency,1000000,2024-12-31,1330,1330,1,matched,2025,dcdc67ff84977e2beeb6b7a8113b6862fae1880838c613eceac42ba4b605d9d7,134,Other financial assets,"1,330"
unilever,balance_sheet,14,Other financial assets,1,EUR,currency,1000000,2025-12-31,1121,1121,1,matched,2025,dcdc67ff84977e2beeb6b7a8113b6862fae1880838c613eceac42ba4b605d9d7,134,Other financial assets,"1,121"
unilever,balance_sheet,15,Assets held for sale,1,EUR,currency,1000000,2016-12-31,206,206,1,matched,2017,798661ad641ab15daa68854b13b9ae1e264e62a878090aae79ff3d07deb235d0,91,Assets held for sale,206
unilever,balance_sheet,15,Assets held for sale,1,EUR,currency,1000000,2017-12-31,3224,3224,1,matched,2017,798661ad641ab15daa68854b13b9ae1e264e62a878090aae79ff3d07deb235d0,91,Assets held for sale,"3,224"
unilever,balance_sheet,15,Assets held for sale,1,EUR,currency,1000000,2018-12-31,119,119,1,matched,2019,39114615f11b0ea05e12bb04558b8ba1e417db6e7114b88d5c288e73f234c8a8,92,Assets held for sale,119
unilever,balance_sheet,15,Assets held for sale,1,EUR,currency,1000000,2019-12-31,82,82,1,matched,2019,39114615f11b0ea05e12bb04558b8ba1e417db6e7114b88d5c288e73f234c8a8,92,Assets held for sale,82
unilever,balance_sheet,15,Assets held for sale,1,EUR,currency,1000000,2020-12-31,28,28,1,matched,2021,25a4c72b6ae964841619dd59f9f857cfb798ad126da7286ce0e5d6e0ecf34694,119,Assets held for sale,28
unilever,balance_sheet,15,Assets held for sale,1,EUR,currency,1000000,2021-12-31,2401,2401,1,matched,2021,25a4c72b6ae964841619dd59f9f857cfb798ad126da7286ce0e5d6e0ecf34694,119,Assets held for sale,"2,401"
unilever,balance_sheet,15,Assets held for sale,1,EUR,currency,1000000,2022-12-31,28,28,1,matched,2023,d572ce64ca74378a6b60208d27288263fb17c26c0d06d954c1ef3b8439eb1cc1,178,Assets held for sale,28
unilever,balance_sheet,15,Assets held for sale,1,EUR,currency,1000000,2023-12-31,691,691,1,matched,2023,d572ce64ca74378a6b60208d27288263fb17c26c0d06d954c1ef3b8439eb1cc1,178,Assets held for sale,691
unilever,balance_sheet,15,Assets held for sale,1,EUR,currency,1000000,2024-12-31,167,167,1,matched,2025,dcdc67ff84977e2beeb6b7a8113b6862fae1880838c613eceac42ba4b605d9d7,134,Assets held for sale,167
unilever,balance_sheet,15,Assets held for sale,1,EUR,currency,1000000,2025-12-31,286,286,1,matched,2025,dcdc67ff84977e2beeb6b7a8113b6862fae1880838c613eceac42ba4b605d9d7,134,Assets held for sale,286
unilever,balance_sheet,16,Current assets,1,EUR,currency,1000000,2016-12-31,13884,13884,1,matched,2017,798661ad641ab15daa68854b13b9ae1e264e62a878090aae79ff3d07deb235d0,91,Current assets,"13,884"
unilever,balance_sheet,16,Current assets,1,EUR,currency,1000000,2017-12-31,16983,16983,1,matched,2017,798661ad641ab15daa68854b13b9ae1e264e62a878090aae79ff3d07deb235d0,91,Current assets,"16,983"
unilever,balance_sheet,16,Current assets,1,EUR,currency,1000000,2018-12-31,15478,15478,1,matched,2019,39114615f11b0ea05e12bb04558b8ba1e417db6e7114b88d5c288e73f234c8a8,92,Current assets,"15,478"
unilever,balance_sheet,16,Current assets,1,EUR,currency,1000000,2019-12-31,16430,16430,1,matched,2019,39114615f11b0ea05e12bb04558b8ba1e417db6e7114b88d5c288e73f234c8a8,92,Current assets,"16,430"
unilever,balance_sheet,16,Current assets,1,EUR,currency,1000000,2020-12-31,16157,16157,1,matched,2021,25a4c72b6ae964841619dd59f9f857cfb798ad126da7286ce0e5d6e0ecf34694,119,Current assets,"16,157"
unilever,balance_sheet,16,Current assets,1,EUR,currency,1000000,2021-12-31,17401,17401,1,matched,2021,25a4c72b6ae964841619dd59f9f857cfb798ad126da7286ce0e5d6e0ecf34694,119,Current assets,"17,401"
unilever,balance_sheet,16,Current assets,1,EUR,currency,1000000,2022-12-31,19157,19157,1,matched,2023,d572ce64ca74378a6b60208d27288263fb17c26c0d06d954c1ef3b8439eb1cc1,178,Current assets,"19,157"
unilever,balance_sheet,16,Current assets,1,EUR,currency,1000000,2023-12-31,17902,17902,1,matched,2023,d572ce64ca74378a6b60208d27288263fb17c26c0d06d954c1ef3b8439eb1cc1,178,Current assets,"17,902"
unilever,balance_sheet,16,Current assets,1,EUR,currency,1000000,2024-12-31,19194,19194,1,matched,2025,dcdc67ff84977e2beeb6b7a8113b6862fae1880838c613eceac42ba4b605d9d7,134,Current assets,"19,194"
unilever,balance_sheet,16,Current assets,1,EUR,currency,1000000,2025-12-31,17066,17066,1,matched,2025,dcdc67ff84977e2beeb6b7a8113b6862fae1880838c613eceac42ba4b605d9d7,134,Current assets,"17,066"
unilever,balance_sheet,17,Total assets,1,EUR,currency,1000000,2016-12-31,56429,56429,1,matched,2017,798661ad641ab15daa68854b13b9ae1e264e62a878090aae79ff3d07deb235d0,91,Total assets,"56,429"
unilever,balance_sheet,17,Total assets,1,EUR,currency,1000000,2017-12-31,60285,60285,1,matched,2017,798661ad641ab15daa68854b13b9ae1e264e62a878090aae79ff3d07deb235d0,91,Total assets,"60,285"
unilever,balance_sheet,17,Total assets,1,EUR,currency,1000000,2018-12-31,61111,61111,1,matched,2019,39114615f11b0ea05e12bb04558b8ba1e417db6e7114b88d5c288e73f234c8a8,92,Total assets,"61,111"
unilever,balance_sheet,17,Total assets,1,EUR,currency,1000000,2019-12-31,64806,64806,1,matched,2019,39114615f11b0ea05e12bb04558b8ba1e417db6e7114b88d5c288e73f234c8a8,92,Total assets,"64,806"
unilever,balance_sheet,17,Total assets,1,EUR,currency,1000000,2020-12-31,67659,67659,1,matched,2021,25a4c72b6ae964841619dd59f9f857cfb798ad126da7286ce0e5d6e0ecf34694,119,Total assets,"67,659"
unilever,balance_sheet,17,Total assets,1,EUR,currency,1000000,2021-12-31,75095,75095,1,matched,2021,25a4c72b6ae964841619dd59f9f857cfb798ad126da7286ce0e5d6e0ecf34694,119,Total assets,"75,095"
unilever,balance_sheet,17,Total assets,1,EUR,currency,1000000,2022-12-31,77821,77821,1,matched,2023,d572ce64ca74378a6b60208d27288263fb17c26c0d06d954c1ef3b8439eb1cc1,178,Total assets,"77,821"
unilever,balance_sheet,17,Total assets,1,EUR,currency,1000000,2023-12-31,75266,75266,1,matched,2023,d572ce64ca74378a6b60208d27288263fb17c26c0d06d954c1ef3b8439eb1cc1,178,Total assets,"75,266"
unilever,balance_sheet,17,Total assets,1,EUR,currency,1000000,2024-12-31,79750,79750,1,matched,2025,dcdc67ff84977e2beeb6b7a8113b6862fae1880838c613eceac42ba4b605d9d7,134,Total assets,"79,750"
unilever,balance_sheet,17,Total assets,1,EUR,currency,1000000,2025-12-31,70471,70471,1,matched,2025,dcdc67ff84977e2beeb6b7a8113b6862fae1880838c613eceac42ba4b605d9d7,134,Total assets,"70,471"
unilever,balance_sheet,18,Financial liabilities,1,EUR,currency,1000000,2016-12-31,5450,5450,1,matched,2017,798661ad641ab15daa68854b13b9ae1e264e62a878090aae79ff3d07deb235d0,91,Financial liabilities,"5,450"
unilever,balance_sheet,18,Financial liabilities,1,EUR,currency,1000000,2017-12-31,7968,7968,1,matched,2017,798661ad641ab15daa68854b13b9ae1e264e62a878090aae79ff3d07deb235d0,91,Financial liabilities,"7,968"
unilever,balance_sheet,18,Financial liabilities,1,EUR,currency,1000000,2018-12-31,3613,3613,1,matched,2019,39114615f11b0ea05e12bb04558b8ba1e417db6e7114b88d5c288e73f234c8a8,92,Financial liabilities,"3,613"
unilever,balance_sheet,18,Financial liabilities,1,EUR,currency,1000000,2019-12-31,4691,4691,1,matched,2019,39114615f11b0ea05e12bb04558b8ba1e417db6e7114b88d5c288e73f234c8a8,92,Financial liabilities,"4,691"
unilever,balance_sheet,18,Financial liabilities,1,EUR,currency,1000000,2020-12-31,4461,4461,1,matched,2021,25a4c72b6ae964841619dd59f9f857cfb798ad126da7286ce0e5d6e0ecf34694,119,Financial liabilities,"4,461"
unilever,balance_sheet,18,Financial liabilities,1,EUR,currency,1000000,2021-12-31,7252,7252,1,matched,2021,25a4c72b6ae964841619dd59f9f857cfb798ad126da7286ce0e5d6e0ecf34694,119,Financial liabilities,"7,252"
unilever,balance_sheet,18,Financial liabilities,1,EUR,currency,1000000,2022-12-31,5775,5775,1,matched,2023,d572ce64ca74378a6b60208d27288263fb17c26c0d06d954c1ef3b8439eb1cc1,178,Financial liabilities,"5,775"
unilever,balance_sheet,18,Financial liabilities,1,EUR,currency,1000000,2023-12-31,5087,5087,1,matched,2023,d572ce64ca74378a6b60208d27288263fb17c26c0d06d954c1ef3b8439eb1cc1,178,Financial liabilities,"5,087"
unilever,balance_sheet,18,Financial liabilities,1,EUR,currency,1000000,2024-12-31,6987,6987,1,matched,2025,dcdc67ff84977e2beeb6b7a8113b6862fae1880838c613eceac42ba4b605d9d7,134,Financial liabilities,"6,987"
unilever,balance_sheet,18,Financial liabilities,1,EUR,currency,1000000,2025-12-31,2582,2582,1,matched,2025,dcdc67ff84977e2beeb6b7a8113b6862fae1880838c613eceac42ba4b605d9d7,134,Financial liabilities,"2,582"
unilever,balance_sheet,19,Trade payables and other current liabilities,1,EUR,currency,1000000,2016-12-31,13871,13871,1,matched,2017,798661ad641ab15daa68854b13b9ae1e264e62a878090aae79ff3d07deb235d0,91,Trade payables and other current liabilities,"13,871"
unilever,balance_sheet,19,Trade payables and other current liabilities,1,EUR,currency,1000000,2017-12-31,13426,13426,1,matched,2017,798661ad641ab15daa68854b13b9ae1e264e62a878090aae79ff3d07deb235d0,91,Trade payables and other current liabilities,"13,426"
unilever,balance_sheet,19,Trade payables and other current liabilities,1,EUR,currency,1000000,2018-12-31,14457,14457,1,matched,2019,39114615f11b0ea05e12bb04558b8ba1e417db6e7114b88d5c288e73f234c8a8,92,Trade payables and other current liabilities,"14,457"
unilever,balance_sheet,19,Trade payables and other current liabilities,1,EUR,currency,1000000,2019-12-31,14768,14768,1,matched,2019,39114615f11b0ea05e12bb04558b8ba1e417db6e7114b88d5c288e73f234c8a8,92,Trade payables and other current liabilities,"14,768"
unilever,balance_sheet,19,Trade payables and other current liabilities,1,EUR,currency,1000000,2020-12-31,14132,14132,1,matched,2021,25a4c72b6ae964841619dd59f9f857cfb798ad126da7286ce0e5d6e0ecf34694,119,Trade payables and other current liabilities,"14,132"
unilever,balance_sheet,19,Trade payables and other current liabilities,1,EUR,currency,1000000,2021-12-31,14861,14861,1,matched,2021,25a4c72b6ae964841619dd59f9f857cfb798ad126da7286ce0e5d6e0ecf34694,119,Trade payables and other current liabilities,"14,861"
unilever,balance_sheet,19,Trade payables and other current liabilities,1,EUR,currency,1000000,2022-12-31,18023,18023,1,matched,2023,d572ce64ca74378a6b60208d27288263fb17c26c0d06d954c1ef3b8439eb1cc1,178,Trade payables and other current liabilities,"18,023"
unilever,balance_sheet,19,Trade payables and other current liabilities,1,EUR,currency,1000000,2023-12-31,16857,16857,1,matched,2023,d572ce64ca74378a6b60208d27288263fb17c26c0d06d954c1ef3b8439eb1cc1,178,Trade payables and other current liabilities,"16,857"
unilever,balance_sheet,19,Trade payables and other current liabilities,1,EUR,currency,1000000,2024-12-31,16690,16690,1,matched,2025,dcdc67ff84977e2beeb6b7a8113b6862fae1880838c613eceac42ba4b605d9d7,134,Trade payables and other current liabilities,"16,690"
unilever,balance_sheet,19,Trade payables and other current liabilities,1,EUR,currency,1000000,2025-12-31,16939,16939,1,matched,2025,dcdc67ff84977e2beeb6b7a8113b6862fae1880838c613eceac42ba4b605d9d7,134,Trade payables and other current liabilities,"16,939"
unilever,balance_sheet,20,Current tax liabilities,1,EUR,currency,1000000,2016-12-31,844,844,1,matched,2017,798661ad641ab15daa68854b13b9ae1e264e62a878090aae79ff3d07deb235d0,91,Current tax liabilities,844
unilever,balance_sheet,20,Current tax liabilities,1,EUR,currency,1000000,2017-12-31,1088,1088,1,matched,2017,798661ad641ab15daa68854b13b9ae1e264e62a878090aae79ff3d07deb235d0,91,Current tax liabilities,"1,088"
unilever,balance_sheet,20,Current tax liabilities,1,EUR,currency,1000000,2018-12-31,1445,1445,1,matched,2019,39114615f11b0ea05e12bb04558b8ba1e417db6e7114b88d5c288e73f234c8a8,92,Current tax liabilities,"1,445"
unilever,balance_sheet,20,Current tax liabilities,1,EUR,currency,1000000,2019-12-31,898,898,1,matched,2019,39114615f11b0ea05e12bb04558b8ba1e417db6e7114b88d5c288e73f234c8a8,92,Current tax liabilities,898
unilever,balance_sheet,20,Current tax liabilities,1,EUR,currency,1000000,2020-12-31,1451,1451,1,matched,2021,25a4c72b6ae964841619dd59f9f857cfb798ad126da7286ce0e5d6e0ecf34694,119,Current tax liabilities,"1,451"
unilever,balance_sheet,20,Current tax liabilities,1,EUR,currency,1000000,2021-12-31,1365,1365,1,matched,2021,25a4c72b6ae964841619dd59f9f857cfb798ad126da7286ce0e5d6e0ecf34694,119,Current tax liabilities,"1,365"
unilever,balance_sheet,20,Current tax liabilities,1,EUR,currency,1000000,2022-12-31,877,877,1,matched,2023,d572ce64ca74378a6b60208d27288263fb17c26c0d06d954c1ef3b8439eb1cc1,178,Current tax liabilities,877
unilever,balance_sheet,20,Current tax liabilities,1,EUR,currency,1000000,2023-12-31,851,851,1,matched,2023,d572ce64ca74378a6b60208d27288263fb17c26c0d06d954c1ef3b8439eb1cc1,178,Current tax liabilities,851
unilever,balance_sheet,20,Current tax liabilities,1,EUR,currency,1000000,2024-12-31,678,678,1,matched,2025,dcdc67ff84977e2beeb6b7a8113b6862fae1880838c613eceac42ba4b605d9d7,134,Current tax liabilities,678
unilever,balance_sheet,20,Current tax liabilities,1,EUR,currency,1000000,2025-12-31,1439,1439,1,matched,2025,dcdc67ff84977e2beeb6b7a8113b6862fae1880838c613eceac42ba4b605d9d7,134,Current tax liabilities,"1,439"
unilever,balance_sheet,21,Provisions,1,EUR,currency,1000000,2016-12-31,390,390,1,matched,2017,798661ad641ab15daa68854b13b9ae1e264e62a878090aae79ff3d07deb235d0,91,Provisions,390
unilever,balance_sheet,21,Provisions,1,EUR,currency,1000000,2017-12-31,525,525,1,matched,2017,798661ad641ab15daa68854b13b9ae1e264e62a878090aae79ff3d07deb235d0,91,Provisions,525
unilever,balance_sheet,21,Provisions,1,EUR,currency,1000000,2018-12-31,624,624,1,matched,2019,39114615f11b0ea05e12bb04558b8ba1e417db6e7114b88d5c288e73f234c8a8,92,Provisions,624
unilever,balance_sheet,21,Provisions,1,EUR,currency,1000000,2019-12-31,620,620,1,matched,2019,39114615f11b0ea05e12bb04558b8ba1e417db6e7114b88d5c288e73f234c8a8,92,Provisions,620
unilever,balance_sheet,21,Provisions,1,EUR,currency,1000000,2020-12-31,547,547,1,matched,2021,25a4c72b6ae964841619dd59f9f857cfb798ad126da7286ce0e5d6e0ecf34694,119,Provisions,547
unilever,balance_sheet,21,Provisions,1,EUR,currency,1000000,2021-12-31,480,480,1,matched,2021,25a4c72b6ae964841619dd59f9f857cfb798ad126da7286ce0e5d6e0ecf34694,119,Provisions,480
unilever,balance_sheet,21,Provisions,1,EUR,currency,1000000,2022-12-31,748,748,1,matched,2023,d572ce64ca74378a6b60208d27288263fb17c26c0d06d954c1ef3b8439eb1cc1,178,Provisions,748
unilever,balance_sheet,21,Provisions,1,EUR,currency,1000000,2023-12-31,537,537,1,matched,2023,d572ce64ca74378a6b60208d27288263fb17c26c0d06d954c1ef3b8439eb1cc1,178,Provisions,537
unilever,balance_sheet,21,Provisions,1,EUR,currency,1000000,2024-12-31,831,831,1,matched,2025,dcdc67ff84977e2beeb6b7a8113b6862fae1880838c613eceac42ba4b605d9d7,134,Provisions,831
unilever,balance_sheet,21,Provisions,1,EUR,currency,1000000,2025-12-31,589,589,1,matched,2025,dcdc67ff84977e2beeb6b7a8113b6862fae1880838c613eceac42ba4b605d9d7,134,Provisions,589
unilever,balance_sheet,22,Liabilities held for sale,1,EUR,currency,1000000,2016-12-31,1,1,1,matched,2017,798661ad641ab15daa68854b13b9ae1e264e62a878090aae79ff3d07deb235d0,91,Liabilities held for sale,1
unilever,balance_sheet,22,Liabilities held for sale,1,EUR,currency,1000000,2017-12-31,170,170,1,matched,2017,798661ad641ab15daa68854b13b9ae1e264e62a878090aae79ff3d07deb235d0,91,Liabilities held for sale,170
unilever,balance_sheet,22,Liabilities held for sale,1,EUR,currency,1000000,2018-12-31,11,11,1,matched,2019,39114615f11b0ea05e12bb04558b8ba1e417db6e7114b88d5c288e73f234c8a8,92,Liabilities held for sale,11
unilever,balance_sheet,22,Liabilities held for sale,1,EUR,currency,1000000,2019-12-31,1,1,1,matched,2019,39114615f11b0ea05e12bb04558b8ba1e417db6e7114b88d5c288e73f234c8a8,92,Liabilities held for sale,1
unilever,balance_sheet,22,Liabilities held for sale,1,EUR,currency,1000000,2020-12-31,1,1,1,matched,2021,25a4c72b6ae964841619dd59f9f857cfb798ad126da7286ce0e5d6e0ecf34694,119,Liabilities held for sale,1
unilever,balance_sheet,22,Liabilities held for sale,1,EUR,currency,1000000,2021-12-31,820,820,1,matched,2021,25a4c72b6ae964841619dd59f9f857cfb798ad126da7286ce0e5d6e0ecf34694,119,Liabilities held for sale,820
unilever,balance_sheet,22,Liabilities held for sale,1,EUR,currency,1000000,2022-12-31,4,4,1,matched,2023,d572ce64ca74378a6b60208d27288263fb17c26c0d06d954c1ef3b8439eb1cc1,178,Liabilities held for sale,4
unilever,balance_sheet,22,Liabilities held for sale,1,EUR,currency,1000000,2023-12-31,175,175,1,matched,2023,d572ce64ca74378a6b60208d27288263fb17c26c0d06d954c1ef3b8439eb1cc1,178,Liabilities held for sale,175
unilever,balance_sheet,22,Liabilities held for sale,1,EUR,currency,1000000,2024-12-31,48,48,1,matched,2025,dcdc67ff84977e2beeb6b7a8113b6862fae1880838c613eceac42ba4b605d9d7,134,Liabilities held for sale,48
unilever,balance_sheet,22,Liabilities held for sale,1,EUR,currency,1000000,2025-12-31,113,113,1,matched,2025,dcdc67ff84977e2beeb6b7a8113b6862fae1880838c613eceac42ba4b605d9d7,134,Liabilities held for sale,113
unilever,balance_sheet,23,Current liabilities,1,EUR,currency,1000000,2016-12-31,20556,20556,1,matched,2017,798661ad641ab15daa68854b13b9ae1e264e62a878090aae79ff3d07deb235d0,91,Current liabilities,"20,556"
unilever,balance_sheet,23,Current liabilities,1,EUR,currency,1000000,2017-12-31,23177,23177,1,matched,2017,798661ad641ab15daa68854b13b9ae1e264e62a878090aae79ff3d07deb235d0,91,Current liabilities,"23,177"
unilever,balance_sheet,23,Current liabilities,1,EUR,currency,1000000,2018-12-31,20150,20150,1,matched,2019,39114615f11b0ea05e12bb04558b8ba1e417db6e7114b88d5c288e73f234c8a8,92,Current liabilities,"20,150"
unilever,balance_sheet,23,Current liabilities,1,EUR,currency,1000000,2019-12-31,20978,20978,1,matched,2019,39114615f11b0ea05e12bb04558b8ba1e417db6e7114b88d5c288e73f234c8a8,92,Current liabilities,"20,978"
unilever,balance_sheet,23,Current liabilities,1,EUR,currency,1000000,2020-12-31,20592,20592,1,matched,2021,25a4c72b6ae964841619dd59f9f857cfb798ad126da7286ce0e5d6e0ecf34694,119,Current liabilities,"20,592"
unilever,balance_sheet,23,Current liabilities,1,EUR,currency,1000000,2021-12-31,24778,24778,1,matched,2021,25a4c72b6ae964841619dd59f9f857cfb798ad126da7286ce0e5d6e0ecf34694,119,Current liabilities,"24,778"
unilever,balance_sheet,23,Current liabilities,1,EUR,currency,1000000,2022-12-31,25427,25427,1,matched,2023,d572ce64ca74378a6b60208d27288263fb17c26c0d06d954c1ef3b8439eb1cc1,178,Current liabilities,"25,427"
unilever,balance_sheet,23,Current liabilities,1,EUR,currency,1000000,2023-12-31,23507,23507,1,matched,2023,d572ce64ca74378a6b60208d27288263fb17c26c0d06d954c1ef3b8439eb1cc1,178,Current liabilities,"23,507"
unilever,balance_sheet,23,Current liabilities,1,EUR,currency,1000000,2024-12-31,25234,25234,1,matched,2025,dcdc67ff84977e2beeb6b7a8113b6862fae1880838c613eceac42ba4b605d9d7,134,Current liabilities,"25,234"
unilever,balance_sheet,23,Current liabilities,1,EUR,currency,1000000,2025-12-31,21662,21662,1,matched,2025,dcdc67ff84977e2beeb6b7a8113b6862fae1880838c613eceac42ba4b605d9d7,134,Current liabilities,"21,662"
unilever,balance_sheet,24,Financial liabilities,2,EUR,currency,1000000,2016-12-31,11145,11145,1,matched,2017,798661ad641ab15daa68854b13b9ae1e264e62a878090aae79ff3d07deb235d0,91,Financial liabilities,"11,145"
unilever,balance_sheet,24,Financial liabilities,2,EUR,currency,1000000,2017-12-31,16462,16462,1,matched,2017,798661ad641ab15daa68854b13b9ae1e264e62a878090aae79ff3d07deb235d0,91,Financial liabilities,"16,462"
unilever,balance_sheet,24,Financial liabilities,2,EUR,currency,1000000,2018-12-31,23125,23125,1,matched,2019,39114615f11b0ea05e12bb04558b8ba1e417db6e7114b88d5c288e73f234c8a8,92,Financial liabilities,"23,125"
unilever,balance_sheet,24,Financial liabilities,2,EUR,currency,1000000,2019-12-31,23566,23566,1,matched,2019,39114615f11b0ea05e12bb04558b8ba1e417db6e7114b88d5c288e73f234c8a8,92,Financial liabilities,"23,566"
unilever,balance_sheet,24,Financial liabilities,2,EUR,currency,1000000,2020-12-31,22844,22844,1,matched,2021,25a4c72b6ae964841619dd59f9f857cfb798ad126da7286ce0e5d6e0ecf34694,119,Financial liabilities,"22,844"
unilever,balance_sheet,24,Financial liabilities,2,EUR,currency,1000000,2021-12-31,22881,22881,1,matched,2021,25a4c72b6ae964841619dd59f9f857cfb798ad126da7286ce0e5d6e0ecf34694,119,Financial liabilities,"22,881"
unilever,balance_sheet,24,Financial liabilities,2,EUR,currency,1000000,2022-12-31,23713,23713,1,matched,2023,d572ce64ca74378a6b60208d27288263fb17c26c0d06d954c1ef3b8439eb1cc1,178,Financial liabilities,"23,713"
unilever,balance_sheet,24,Financial liabilities,2,EUR,currency,1000000,2023-12-31,24535,24535,1,matched,2023,d572ce64ca74378a6b60208d27288263fb17c26c0d06d954c1ef3b8439eb1cc1,178,Financial liabilities,"24,535"
unilever,balance_sheet,24,Financial liabilities,2,EUR,currency,1000000,2024-12-31,25066,25066,1,matched,2025,dcdc67ff84977e2beeb6b7a8113b6862fae1880838c613eceac42ba4b605d9d7,134,Financial liabilities,"25,066"
unilever,balance_sheet,24,Financial liabilities,2,EUR,currency,1000000,2025-12-31,25696,25696,1,matched,2025,dcdc67ff84977e2beeb6b7a8113b6862fae1880838c613eceac42ba4b605d9d7,134,Financial liabilities,"25,696"
unilever,balance_sheet,25,Non-current tax liabilities,1,EUR,currency,1000000,2016-12-31,120,120,1,matched,2017,798661ad641ab15daa68854b13b9ae1e264e62a878090aae79ff3d07deb235d0,91,Non-current tax liabilities,120
unilever,balance_sheet,25,Non-current tax liabilities,1,EUR,currency,1000000,2017-12-31,118,118,1,matched,2017,798661ad641ab15daa68854b13b9ae1e264e62a878090aae79ff3d07deb235d0,91,Non-current tax liabilities,118
unilever,balance_sheet,25,Non-current tax liabilities,1,EUR,currency,1000000,2018-12-31,174,174,1,matched,2019,39114615f11b0ea05e12bb04558b8ba1e417db6e7114b88d5c288e73f234c8a8,92,Non-current tax liabilities,174
unilever,balance_sheet,25,Non-current tax liabilities,1,EUR,currency,1000000,2019-12-31,182,182,1,matched,2019,39114615f11b0ea05e12bb04558b8ba1e417db6e7114b88d5c288e73f234c8a8,92,Non-current tax liabilities,182
unilever,balance_sheet,25,Non-current tax liabilities,1,EUR,currency,1000000,2020-12-31,149,149,1,matched,2021,25a4c72b6ae964841619dd59f9f857cfb798ad126da7286ce0e5d6e0ecf34694,119,Non-current tax liabilities,149
unilever,balance_sheet,25,Non-current tax liabilities,1,EUR,currency,1000000,2021-12-31,148,148,1,matched,2021,25a4c72b6ae964841619dd59f9f857cfb798ad126da7286ce0e5d6e0ecf34694,119,Non-current tax liabilities,148
unilever,balance_sheet,25,Non-current tax liabilities,1,EUR,currency,1000000,2022-12-31,94,94,1,matched,2023,d572ce64ca74378a6b60208d27288263fb17c26c0d06d954c1ef3b8439eb1cc1,178,Non-current tax liabilities,94
unilever,balance_sheet,25,Non-current tax liabilities,1,EUR,currency,1000000,2023-12-31,384,384,1,matched,2023,d572ce64ca74378a6b60208d27288263fb17c26c0d06d954c1ef3b8439eb1cc1,178,Non-current tax liabilities,384
unilever,balance_sheet,25,Non-current tax liabilities,1,EUR,currency,1000000,2024-12-31,585,585,1,matched,2025,dcdc67ff84977e2beeb6b7a8113b6862fae1880838c613eceac42ba4b605d9d7,134,Non-current tax liabilities,585
unilever,balance_sheet,25,Non-current tax liabilities,1,EUR,currency,1000000,2025-12-31,303,303,1,matched,2025,dcdc67ff84977e2beeb6b7a8113b6862fae1880838c613eceac42ba4b605d9d7,134,Non-current tax liabilities,303
unilever,balance_sheet,26,Funded schemes in deficit,1,EUR,currency,1000000,2016-12-31,2163,2163,1,matched,2017,798661ad641ab15daa68854b13b9ae1e264e62a878090aae79ff3d07deb235d0,91, Funded schemes in deficit,"2,163"
unilever,balance_sheet,26,Funded schemes in deficit,1,EUR,currency,1000000,2017-12-31,1225,1225,1,matched,2017,798661ad641ab15daa68854b13b9ae1e264e62a878090aae79ff3d07deb235d0,91, Funded schemes in deficit,"1,225"
unilever,balance_sheet,26,Funded schemes in deficit,1,EUR,currency,1000000,2018-12-31,1209,1209,1,matched,2019,39114615f11b0ea05e12bb04558b8ba1e417db6e7114b88d5c288e73f234c8a8,92,Funded schemes in deficit,"1,209"
unilever,balance_sheet,26,Funded schemes in deficit,1,EUR,currency,1000000,2019-12-31,1157,1157,1,matched,2019,39114615f11b0ea05e12bb04558b8ba1e417db6e7114b88d5c288e73f234c8a8,92,Funded schemes in deficit,"1,157"
unilever,balance_sheet,26,Funded schemes in deficit,1,EUR,currency,1000000,2020-12-31,1109,1109,1,matched,2021,25a4c72b6ae964841619dd59f9f857cfb798ad126da7286ce0e5d6e0ecf34694,119,Funded schemes in deficit,"1,109"
unilever,balance_sheet,26,Funded schemes in deficit,1,EUR,currency,1000000,2021-12-31,831,831,1,matched,2021,25a4c72b6ae964841619dd59f9f857cfb798ad126da7286ce0e5d6e0ecf34694,119,Funded schemes in deficit,831
unilever,balance_sheet,26,Funded schemes in deficit,1,EUR,currency,1000000,2022-12-31,613,613,1,matched,2023,d572ce64ca74378a6b60208d27288263fb17c26c0d06d954c1ef3b8439eb1cc1,178,Funded schemes in deficit,613
unilever,balance_sheet,26,Funded schemes in deficit,1,EUR,currency,1000000,2023-12-31,351,351,1,matched,2023,d572ce64ca74378a6b60208d27288263fb17c26c0d06d954c1ef3b8439eb1cc1,178,Funded schemes in deficit,351
unilever,balance_sheet,26,Funded schemes in deficit,1,EUR,currency,1000000,2024-12-31,173,173,1,matched,2025,dcdc67ff84977e2beeb6b7a8113b6862fae1880838c613eceac42ba4b605d9d7,134,  Funded schemes in deficit,173
unilever,balance_sheet,26,Funded schemes in deficit,1,EUR,currency,1000000,2025-12-31,100,100,1,matched,2025,dcdc67ff84977e2beeb6b7a8113b6862fae1880838c613eceac42ba4b605d9d7,134,  Funded schemes in deficit,100
unilever,balance_sheet,27,Unfunded schemes,1,EUR,currency,1000000,2016-12-31,1704,1704,1,matched,2017,798661ad641ab15daa68854b13b9ae1e264e62a878090aae79ff3d07deb235d0,91, Unfunded schemes,"1,704"
unilever,balance_sheet,27,Unfunded schemes,1,EUR,currency,1000000,2017-12-31,1509,1509,1,matched,2017,798661ad641ab15daa68854b13b9ae1e264e62a878090aae79ff3d07deb235d0,91, Unfunded schemes,"1,509"
unilever,balance_sheet,27,Unfunded schemes,1,EUR,currency,1000000,2018-12-31,1393,1393,1,matched,2019,39114615f11b0ea05e12bb04558b8ba1e417db6e7114b88d5c288e73f234c8a8,92,Unfunded schemes,"1,393"
unilever,balance_sheet,27,Unfunded schemes,1,EUR,currency,1000000,2019-12-31,1461,1461,1,matched,2019,39114615f11b0ea05e12bb04558b8ba1e417db6e7114b88d5c288e73f234c8a8,92,Unfunded schemes,"1,461"
unilever,balance_sheet,27,Unfunded schemes,1,EUR,currency,1000000,2020-12-31,1326,1326,1,matched,2021,25a4c72b6ae964841619dd59f9f857cfb798ad126da7286ce0e5d6e0ecf34694,119,Unfunded schemes,"1,326"
unilever,balance_sheet,27,Unfunded schemes,1,EUR,currency,1000000,2021-12-31,1295,1295,1,matched,2021,25a4c72b6ae964841619dd59f9f857cfb798ad126da7286ce0e5d6e0ecf34694,119,Unfunded schemes,"1,295"
unilever,balance_sheet,27,Unfunded schemes,1,EUR,currency,1000000,2022-12-31,1078,1078,1,matched,2023,d572ce64ca74378a6b60208d27288263fb17c26c0d06d954c1ef3b8439eb1cc1,178,Unfunded schemes,"1,078"
unilever,balance_sheet,27,Unfunded schemes,1,EUR,currency,1000000,2023-12-31,1029,1029,1,matched,2023,d572ce64ca74378a6b60208d27288263fb17c26c0d06d954c1ef3b8439eb1cc1,178,Unfunded schemes,"1,029"
unilever,balance_sheet,27,Unfunded schemes,1,EUR,currency,1000000,2024-12-31,1021,1021,1,matched,2025,dcdc67ff84977e2beeb6b7a8113b6862fae1880838c613eceac42ba4b605d9d7,134,  Unfunded schemes,"1,021"
unilever,balance_sheet,27,Unfunded schemes,1,EUR,currency,1000000,2025-12-31,844,844,1,matched,2025,dcdc67ff84977e2beeb6b7a8113b6862fae1880838c613eceac42ba4b605d9d7,134,  Unfunded schemes,844
unilever,balance_sheet,28,Provisions,2,EUR,currency,1000000,2016-12-31,1033,1033,1,matched,2017,798661ad641ab15daa68854b13b9ae1e264e62a878090aae79ff3d07deb235d0,91,Provisions,"1,033"
unilever,balance_sheet,28,Provisions,2,EUR,currency,1000000,2017-12-31,794,794,1,matched,2017,798661ad641ab15daa68854b13b9ae1e264e62a878090aae79ff3d07deb235d0,91,Provisions,794
unilever,balance_sheet,28,Provisions,2,EUR,currency,1000000,2018-12-31,697,697,1,matched,2019,39114615f11b0ea05e12bb04558b8ba1e417db6e7114b88d5c288e73f234c8a8,92,Provisions,697
unilever,balance_sheet,28,Provisions,2,EUR,currency,1000000,2019-12-31,664,664,1,matched,2019,39114615f11b0ea05e12bb04558b8ba1e417db6e7114b88d5c288e73f234c8a8,92,Provisions,664
unilever,balance_sheet,28,Provisions,2,EUR,currency,1000000,2020-12-31,583,583,1,matched,2021,25a4c72b6ae964841619dd59f9f857cfb798ad126da7286ce0e5d6e0ecf34694,119,Provisions,583
unilever,balance_sheet,28,Provisions,2,EUR,currency,1000000,2021-12-31,611,611,1,matched,2021,25a4c72b6ae964841619dd59f9f857cfb798ad126da7286ce0e5d6e0ecf34694,119,Provisions,611
unilever,balance_sheet,28,Provisions,2,EUR,currency,1000000,2022-12-31,550,550,1,matched,2023,d572ce64ca74378a6b60208d27288263fb17c26c0d06d954c1ef3b8439eb1cc1,178,Provisions,550
unilever,balance_sheet,28,Provisions,2,EUR,currency,1000000,2023-12-31,563,563,1,matched,2023,d572ce64ca74378a6b60208d27288263fb17c26c0d06d954c1ef3b8439eb1cc1,178,Provisions,563
unilever,balance_sheet,28,Provisions,2,EUR,currency,1000000,2024-12-31,571,571,1,matched,2025,dcdc67ff84977e2beeb6b7a8113b6862fae1880838c613eceac42ba4b605d9d7,134,Provisions,571
unilever,balance_sheet,28,Provisions,2,EUR,currency,1000000,2025-12-31,539,539,1,matched,2025,dcdc67ff84977e2beeb6b7a8113b6862fae1880838c613eceac42ba4b605d9d7,134,Provisions,539
unilever,balance_sheet,29,Deferred tax liabilities,1,EUR,currency,1000000,2016-12-31,2061,2061,1,matched,2017,798661ad641ab15daa68854b13b9ae1e264e62a878090aae79ff3d07deb235d0,91,Deferred tax liabilities,"2,061"
unilever,balance_sheet,29,Deferred tax liabilities,1,EUR,currency,1000000,2017-12-31,1913,1913,1,matched,2017,798661ad641ab15daa68854b13b9ae1e264e62a878090aae79ff3d07deb235d0,91,Deferred tax liabilities,"1,913"
unilever,balance_sheet,29,Deferred tax liabilities,1,EUR,currency,1000000,2018-12-31,1900,1900,1,matched,2019,39114615f11b0ea05e12bb04558b8ba1e417db6e7114b88d5c288e73f234c8a8,92,Deferred tax liabilities,"1,900"
unilever,balance_sheet,29,Deferred tax liabilities,1,EUR,currency,1000000,2019-12-31,2573,2573,1,matched,2019,39114615f11b0ea05e12bb04558b8ba1e417db6e7114b88d5c288e73f234c8a8,92,Deferred tax liabilities,"2,573"
unilever,balance_sheet,29,Deferred tax liabilities,1,EUR,currency,1000000,2020-12-31,3166,3166,1,matched,2021,25a4c72b6ae964841619dd59f9f857cfb798ad126da7286ce0e5d6e0ecf34694,119,Deferred tax liabilities,"3,166"
unilever,balance_sheet,29,Deferred tax liabilities,1,EUR,currency,1000000,2021-12-31,4530,4530,1,matched,2021,25a4c72b6ae964841619dd59f9f857cfb798ad126da7286ce0e5d6e0ecf34694,119,Deferred tax liabilities,"4,530"
unilever,balance_sheet,29,Deferred tax liabilities,1,EUR,currency,1000000,2022-12-31,4375,4375,1,matched,2023,d572ce64ca74378a6b60208d27288263fb17c26c0d06d954c1ef3b8439eb1cc1,178,Deferred tax liabilities,"4,375"
unilever,balance_sheet,29,Deferred tax liabilities,1,EUR,currency,1000000,2023-12-31,3995,3995,1,matched,2023,d572ce64ca74378a6b60208d27288263fb17c26c0d06d954c1ef3b8439eb1cc1,178,Deferred tax liabilities,"3,995"
unilever,balance_sheet,29,Deferred tax liabilities,1,EUR,currency,1000000,2024-12-31,4342,4342,1,matched,2025,dcdc67ff84977e2beeb6b7a8113b6862fae1880838c613eceac42ba4b605d9d7,134,Deferred tax liabilities,"4,342"
unilever,balance_sheet,29,Deferred tax liabilities,1,EUR,currency,1000000,2025-12-31,3603,3603,1,matched,2025,dcdc67ff84977e2beeb6b7a8113b6862fae1880838c613eceac42ba4b605d9d7,134,Deferred tax liabilities,"3,603"
unilever,balance_sheet,30,Other non-current liabilities,1,EUR,currency,1000000,2016-12-31,667,667,1,matched,2017,798661ad641ab15daa68854b13b9ae1e264e62a878090aae79ff3d07deb235d0,91,Other non-current liabilities,667
unilever,balance_sheet,30,Other non-current liabilities,1,EUR,currency,1000000,2017-12-31,700,700,1,matched,2017,798661ad641ab15daa68854b13b9ae1e264e62a878090aae79ff3d07deb235d0,91,Other non-current liabilities,700
unilever,balance_sheet,30,Other non-current liabilities,1,EUR,currency,1000000,2018-12-31,346,346,1,matched,2019,39114615f11b0ea05e12bb04558b8ba1e417db6e7114b88d5c288e73f234c8a8,92,Other non-current liabilities,346
unilever,balance_sheet,30,Other non-current liabilities,1,EUR,currency,1000000,2019-12-31,339,339,1,matched,2019,39114615f11b0ea05e12bb04558b8ba1e417db6e7114b88d5c288e73f234c8a8,92,Other non-current liabilities,339
unilever,balance_sheet,30,Other non-current liabilities,1,EUR,currency,1000000,2020-12-31,235,235,1,matched,2021,25a4c72b6ae964841619dd59f9f857cfb798ad126da7286ce0e5d6e0ecf34694,119,Other non-current liabilities,235
unilever,balance_sheet,30,Other non-current liabilities,1,EUR,currency,1000000,2021-12-31,275,275,1,matched,2021,25a4c72b6ae964841619dd59f9f857cfb798ad126da7286ce0e5d6e0ecf34694,119,Other non-current liabilities,275
unilever,balance_sheet,30,Other non-current liabilities,1,EUR,currency,1000000,2022-12-31,270,270,1,matched,2023,d572ce64ca74378a6b60208d27288263fb17c26c0d06d954c1ef3b8439eb1cc1,178,Other non-current liabilities,270
unilever,balance_sheet,30,Other non-current liabilities,1,EUR,currency,1000000,2023-12-31,138,138,1,matched,2023,d572ce64ca74378a6b60208d27288263fb17c26c0d06d954c1ef3b8439eb1cc1,178,Other non-current liabilities,138
unilever,balance_sheet,30,Other non-current liabilities,1,EUR,currency,1000000,2024-12-31,203,203,1,matched,2025,dcdc67ff84977e2beeb6b7a8113b6862fae1880838c613eceac42ba4b605d9d7,134,Other non-current liabilities,203
unilever,balance_sheet,30,Other non-current liabilities,1,EUR,currency,1000000,2025-12-31,137,137,1,matched,2025,dcdc67ff84977e2beeb6b7a8113b6862fae1880838c613eceac42ba4b605d9d7,134,Other non-current liabilities,137
unilever,balance_sheet,31,Non-current liabilities,1,EUR,currency,1000000,2016-12-31,18893,18893,1,matched,2017,798661ad641ab15daa68854b13b9ae1e264e62a878090aae79ff3d07deb235d0,91,Non-current liabilities,"18,893"
unilever,balance_sheet,31,Non-current liabilities,1,EUR,currency,1000000,2017-12-31,22721,22721,1,matched,2017,798661ad641ab15daa68854b13b9ae1e264e62a878090aae79ff3d07deb235d0,91,Non-current liabilities,"22,721"
unilever,balance_sheet,31,Non-current liabilities,1,EUR,currency,1000000,2018-12-31,28844,28844,1,matched,2019,39114615f11b0ea05e12bb04558b8ba1e417db6e7114b88d5c288e73f234c8a8,92,Non-current liabilities,"28,844"
unilever,balance_sheet,31,Non-current liabilities,1,EUR,currency,1000000,2019-12-31,29942,29942,1,matched,2019,39114615f11b0ea05e12bb04558b8ba1e417db6e7114b88d5c288e73f234c8a8,92,Non-current liabilities,"29,942"
unilever,balance_sheet,31,Non-current liabilities,1,EUR,currency,1000000,2020-12-31,29412,29412,1,matched,2021,25a4c72b6ae964841619dd59f9f857cfb798ad126da7286ce0e5d6e0ecf34694,119,Non-current liabilities,"29,412"
unilever,balance_sheet,31,Non-current liabilities,1,EUR,currency,1000000,2021-12-31,30571,30571,1,matched,2021,25a4c72b6ae964841619dd59f9f857cfb798ad126da7286ce0e5d6e0ecf34694,119,Non-current liabilities,"30,571"
unilever,balance_sheet,31,Non-current liabilities,1,EUR,currency,1000000,2022-12-31,30693,30693,1,matched,2023,d572ce64ca74378a6b60208d27288263fb17c26c0d06d954c1ef3b8439eb1cc1,178,Non-current liabilities,"30,693"
unilever,balance_sheet,31,Non-current liabilities,1,EUR,currency,1000000,2023-12-31,30995,30995,1,matched,2023,d572ce64ca74378a6b60208d27288263fb17c26c0d06d954c1ef3b8439eb1cc1,178,Non-current liabilities,"30,995"
unilever,balance_sheet,31,Non-current liabilities,1,EUR,currency,1000000,2024-12-31,31961,31961,1,matched,2025,dcdc67ff84977e2beeb6b7a8113b6862fae1880838c613eceac42ba4b605d9d7,134,Non-current liabilities,"31,961"
unilever,balance_sheet,31,Non-current liabilities,1,EUR,currency,1000000,2025-12-31,31222,31222,1,matched,2025,dcdc67ff84977e2beeb6b7a8113b6862fae1880838c613eceac42ba4b605d9d7,134,Non-current liabilities,"31,222"
unilever,balance_sheet,32,Total liabilities,1,EUR,currency,1000000,2016-12-31,39449,39449,1,matched,2017,798661ad641ab15daa68854b13b9ae1e264e62a878090aae79ff3d07deb235d0,91,Total liabilities,"39,449"
unilever,balance_sheet,32,Total liabilities,1,EUR,currency,1000000,2017-12-31,45898,45898,1,matched,2017,798661ad641ab15daa68854b13b9ae1e264e62a878090aae79ff3d07deb235d0,91,Total liabilities,"45,898"
unilever,balance_sheet,32,Total liabilities,1,EUR,currency,1000000,2018-12-31,48994,48994,1,matched,2019,39114615f11b0ea05e12bb04558b8ba1e417db6e7114b88d5c288e73f234c8a8,92,Total liabilities,"48,994"
unilever,balance_sheet,32,Total liabilities,1,EUR,currency,1000000,2019-12-31,50920,50920,1,matched,2019,39114615f11b0ea05e12bb04558b8ba1e417db6e7114b88d5c288e73f234c8a8,92,Total liabilities,"50,920"
unilever,balance_sheet,32,Total liabilities,1,EUR,currency,1000000,2020-12-31,50004,50004,1,matched,2021,25a4c72b6ae964841619dd59f9f857cfb798ad126da7286ce0e5d6e0ecf34694,119,Total liabilities,"50,004"
unilever,balance_sheet,32,Total liabilities,1,EUR,currency,1000000,2021-12-31,55349,55349,1,matched,2021,25a4c72b6ae964841619dd59f9f857cfb798ad126da7286ce0e5d6e0ecf34694,119,Total liabilities,"55,349"
unilever,balance_sheet,32,Total liabilities,1,EUR,currency,1000000,2022-12-31,56120,56120,1,matched,2023,d572ce64ca74378a6b60208d27288263fb17c26c0d06d954c1ef3b8439eb1cc1,178,Total liabilities,"56,120"
unilever,balance_sheet,32,Total liabilities,1,EUR,currency,1000000,2023-12-31,54502,54502,1,matched,2023,d572ce64ca74378a6b60208d27288263fb17c26c0d06d954c1ef3b8439eb1cc1,178,Total liabilities,"54,502"
unilever,balance_sheet,32,Total liabilities,1,EUR,currency,1000000,2024-12-31,57195,57195,1,matched,2025,dcdc67ff84977e2beeb6b7a8113b6862fae1880838c613eceac42ba4b605d9d7,134,Total liabilities,"57,195"
unilever,balance_sheet,32,Total liabilities,1,EUR,currency,1000000,2025-12-31,52884,52884,1,matched,2025,dcdc67ff84977e2beeb6b7a8113b6862fae1880838c613eceac42ba4b605d9d7,134,Total liabilities,"52,884"
unilever,balance_sheet,33,Called up share capital,1,EUR,currency,1000000,2016-12-31,484,484,1,matched,2017,798661ad641ab15daa68854b13b9ae1e264e62a878090aae79ff3d07deb235d0,91,Called up share capital,484
unilever,balance_sheet,33,Called up share capital,1,EUR,currency,1000000,2017-12-31,484,484,1,matched,2017,798661ad641ab15daa68854b13b9ae1e264e62a878090aae79ff3d07deb235d0,91,Called up share capital,484
unilever,balance_sheet,33,Called up share capital,1,EUR,currency,1000000,2018-12-31,464,464,1,matched,2019,39114615f11b0ea05e12bb04558b8ba1e417db6e7114b88d5c288e73f234c8a8,92,Called up share capital,464
unilever,balance_sheet,33,Called up share capital,1,EUR,currency,1000000,2019-12-31,420,420,1,matched,2019,39114615f11b0ea05e12bb04558b8ba1e417db6e7114b88d5c288e73f234c8a8,92,Called up share capital,420
unilever,balance_sheet,33,Called up share capital,1,EUR,currency,1000000,2020-12-31,,,0,blank_no_source,,,,,
unilever,balance_sheet,33,Called up share capital,1,EUR,currency,1000000,2021-12-31,,,0,blank_no_source,,,,,
unilever,balance_sheet,33,Called up share capital,1,EUR,currency,1000000,2022-12-31,,,0,blank_no_source,,,,,
unilever,balance_sheet,33,Called up share capital,1,EUR,currency,1000000,2023-12-31,,,0,blank_no_source,,,,,
unilever,balance_sheet,33,Called up share capital,1,EUR,currency,1000000,2024-12-31,,,0,blank_no_source,,,,,
unilever,balance_sheet,33,Called up share capital,1,EUR,currency,1000000,2025-12-31,,,0,blank_no_source,,,,,
unilever,balance_sheet,34,Share premium account,1,EUR,currency,1000000,2016-12-31,134,134,1,matched,2017,798661ad641ab15daa68854b13b9ae1e264e62a878090aae79ff3d07deb235d0,91,Share premium account,134
unilever,balance_sheet,34,Share premium account,1,EUR,currency,1000000,2017-12-31,130,130,1,matched,2017,798661ad641ab15daa68854b13b9ae1e264e62a878090aae79ff3d07deb235d0,91,Share premium account,130
unilever,balance_sheet,34,Share premium account,1,EUR,currency,1000000,2018-12-31,129,129,1,matched,2019,39114615f11b0ea05e12bb04558b8ba1e417db6e7114b88d5c288e73f234c8a8,92,Share premium account,129
unilever,balance_sheet,34,Share premium account,1,EUR,currency,1000000,2019-12-31,134,134,1,matched,2019,39114615f11b0ea05e12bb04558b8ba1e417db6e7114b88d5c288e73f234c8a8,92,Share premium account,134
unilever,balance_sheet,34,Share premium account,1,EUR,currency,1000000,2020-12-31,,,0,blank_no_source,,,,,
unilever,balance_sheet,34,Share premium account,1,EUR,currency,1000000,2021-12-31,,,0,blank_no_source,,,,,
unilever,balance_sheet,34,Share premium account,1,EUR,currency,1000000,2022-12-31,,,0,blank_no_source,,,,,
unilever,balance_sheet,34,Share premium account,1,EUR,currency,1000000,2023-12-31,,,0,blank_no_source,,,,,
unilever,balance_sheet,34,Share premium account,1,EUR,currency,1000000,2024-12-31,,,0,blank_no_source,,,,,
unilever,balance_sheet,34,Share premium account,1,EUR,currency,1000000,2025-12-31,,,0,blank_no_source,,,,,
unilever,balance_sheet,35,Other reserves,1,EUR,currency,1000000,2016-12-31,-7443,-7443,1,matched,2017,798661ad641ab15daa68854b13b9ae1e264e62a878090aae79ff3d07deb235d0,91,Other reserves,"(7,443)"
unilever,balance_sheet,35,Other reserves,1,EUR,currency,1000000,2017-12-31,-13633,-13633,1,matched,2017,798661ad641ab15daa68854b13b9ae1e264e62a878090aae79ff3d07deb235d0,91,Other reserves,"(13,633)"
unilever,balance_sheet,35,Other reserves,1,EUR,currency,1000000,2018-12-31,-15218,-15218,1,matched,2019,39114615f11b0ea05e12bb04558b8ba1e417db6e7114b88d5c288e73f234c8a8,92,Other reserves,"(15,218)"
unilever,balance_sheet,35,Other reserves,1,EUR,currency,1000000,2019-12-31,-5574,-5574,1,matched,2019,39114615f11b0ea05e12bb04558b8ba1e417db6e7114b88d5c288e73f234c8a8,92,Other reserves,"(5,574)"
unilever,balance_sheet,35,Other reserves,1,EUR,currency,1000000,2020-12-31,,,0,blank_no_source,,,,,
unilever,balance_sheet,35,Other reserves,1,EUR,currency,1000000,2021-12-31,,,0,blank_no_source,,,,,
unilever,balance_sheet,35,Other reserves,1,EUR,currency,1000000,2022-12-31,,,0,blank_no_source,,,,,
unilever,balance_sheet,35,Other reserves,1,EUR,currency,1000000,2023-12-31,,,0,blank_no_source,,,,,
unilever,balance_sheet,35,Other reserves,1,EUR,currency,1000000,2024-12-31,,,0,blank_no_source,,,,,
unilever,balance_sheet,35,Other reserves,1,EUR,currency,1000000,2025-12-31,,,0,blank_no_source,,,,,
unilever,balance_sheet,36,Retained profit,1,EUR,currency,1000000,2016-12-31,23179,23179,1,matched,2017,798661ad641ab15daa68854b13b9ae1e264e62a878090aae79ff3d07deb235d0,91,Retained profit,"23,179"
unilever,balance_sheet,36,Retained profit,1,EUR,currency,1000000,2017-12-31,26648,26648,1,matched,2017,798661ad641ab15daa68854b13b9ae1e264e62a878090aae79ff3d07deb235d0,91,Retained profit,"26,648"
unilever,balance_sheet,36,Retained profit,1,EUR,currency,1000000,2018-12-31,26022,26022,1,matched,2019,39114615f11b0ea05e12bb04558b8ba1e417db6e7114b88d5c288e73f234c8a8,92,Retained profit,"26,022"
unilever,balance_sheet,36,Retained profit,1,EUR,currency,1000000,2019-12-31,18212,18212,1,matched,2019,39114615f11b0ea05e12bb04558b8ba1e417db6e7114b88d5c288e73f234c8a8,92,Retained profit,"18,212"
unilever,balance_sheet,36,Retained profit,1,EUR,currency,1000000,2020-12-31,,,0,blank_no_source,,,,,
unilever,balance_sheet,36,Retained profit,1,EUR,currency,1000000,2021-12-31,,,0,blank_no_source,,,,,
unilever,balance_sheet,36,Retained profit,1,EUR,currency,1000000,2022-12-31,,,0,blank_no_source,,,,,
unilever,balance_sheet,36,Retained profit,1,EUR,currency,1000000,2023-12-31,,,0,blank_no_source,,,,,
unilever,balance_sheet,36,Retained profit,1,EUR,currency,1000000,2024-12-31,,,0,blank_no_source,,,,,
unilever,balance_sheet,36,Retained profit,1,EUR,currency,1000000,2025-12-31,,,0,blank_no_source,,,,,
unilever,balance_sheet,37,Shareholders’ equity,1,EUR,currency,1000000,2016-12-31,16354,16354,1,matched,2017,798661ad641ab15daa68854b13b9ae1e264e62a878090aae79ff3d07deb235d0,91,Shareholders’ equity,"16,354"
unilever,balance_sheet,37,Shareholders’ equity,1,EUR,currency,1000000,2017-12-31,13629,13629,1,matched,2017,798661ad641ab15daa68854b13b9ae1e264e62a878090aae79ff3d07deb235d0,91,Shareholders’ equity,"13,629"
unilever,balance_sheet,37,Shareholders’ equity,1,EUR,currency,1000000,2018-12-31,11397,11397,1,matched,2019,39114615f11b0ea05e12bb04558b8ba1e417db6e7114b88d5c288e73f234c8a8,92,Shareholders’ equity,"11,397"
unilever,balance_sheet,37,Shareholders’ equity,1,EUR,currency,1000000,2019-12-31,13192,13192,1,matched,2019,39114615f11b0ea05e12bb04558b8ba1e417db6e7114b88d5c288e73f234c8a8,92,Shareholders’ equity,"13,192"
unilever,balance_sheet,37,Shareholders’ equity,1,EUR,currency,1000000,2020-12-31,15266,15266,1,matched,2021,25a4c72b6ae964841619dd59f9f857cfb798ad126da7286ce0e5d6e0ecf34694,119,Shareholders’ equity,"15,266"
unilever,balance_sheet,37,Shareholders’ equity,1,EUR,currency,1000000,2021-12-31,17107,17107,1,matched,2021,25a4c72b6ae964841619dd59f9f857cfb798ad126da7286ce0e5d6e0ecf34694,119,Shareholders’ equity,"17,107"
unilever,balance_sheet,37,Shareholders’ equity,1,EUR,currency,1000000,2022-12-31,19021,19021,1,matched,2023,d572ce64ca74378a6b60208d27288263fb17c26c0d06d954c1ef3b8439eb1cc1,178,Shareholders’ equity,"19,021"
unilever,balance_sheet,37,Shareholders’ equity,1,EUR,currency,1000000,2023-12-31,18102,18102,1,matched,2023,d572ce64ca74378a6b60208d27288263fb17c26c0d06d954c1ef3b8439eb1cc1,178,Shareholders’ equity,"18,102"
unilever,balance_sheet,37,Shareholders’ equity,1,EUR,currency,1000000,2024-12-31,19990,19990,1,matched,2025,dcdc67ff84977e2beeb6b7a8113b6862fae1880838c613eceac42ba4b605d9d7,134,Shareholders’ equity,"19,990"
unilever,balance_sheet,37,Shareholders’ equity,1,EUR,currency,1000000,2025-12-31,15530,15530,1,matched,2025,dcdc67ff84977e2beeb6b7a8113b6862fae1880838c613eceac42ba4b605d9d7,134,Shareholders’ equity,"15,530"
unilever,balance_sheet,38,Non-controlling interests,1,EUR,currency,1000000,2016-12-31,626,626,1,matched,2017,798661ad641ab15daa68854b13b9ae1e264e62a878090aae79ff3d07deb235d0,91,Non-controlling interests,626
unilever,balance_sheet,38,Non-controlling interests,1,EUR,currency,1000000,2017-12-31,758,758,1,matched,2017,798661ad641ab15daa68854b13b9ae1e264e62a878090aae79ff3d07deb235d0,91,Non-controlling interests,758
unilever,balance_sheet,38,Non-controlling interests,1,EUR,currency,1000000,2018-12-31,720,720,1,matched,2019,39114615f11b0ea05e12bb04558b8ba1e417db6e7114b88d5c288e73f234c8a8,92,Non-controlling interests,720
unilever,balance_sheet,38,Non-controlling interests,1,EUR,currency,1000000,2019-12-31,694,694,1,matched,2019,39114615f11b0ea05e12bb04558b8ba1e417db6e7114b88d5c288e73f234c8a8,92,Non-controlling interests,694
unilever,balance_sheet,38,Non-controlling interests,1,EUR,currency,1000000,2020-12-31,2389,2389,1,matched,2021,25a4c72b6ae964841619dd59f9f857cfb798ad126da7286ce0e5d6e0ecf34694,119,Non-controlling interests,"2,389"
unilever,balance_sheet,38,Non-controlling interests,1,EUR,currency,1000000,2021-12-31,2639,2639,1,matched,2021,25a4c72b6ae964841619dd59f9f857cfb798ad126da7286ce0e5d6e0ecf34694,119,Non-controlling interests,"2,639"
unilever,balance_sheet,38,Non-controlling interests,1,EUR,currency,1000000,2022-12-31,2680,2680,1,matched,2023,d572ce64ca74378a6b60208d27288263fb17c26c0d06d954c1ef3b8439eb1cc1,178,Non-controlling interests,"2,680"
unilever,balance_sheet,38,Non-controlling interests,1,EUR,currency,1000000,2023-12-31,2662,2662,1,matched,2023,d572ce64ca74378a6b60208d27288263fb17c26c0d06d954c1ef3b8439eb1cc1,178,Non-controlling interests,"2,662"
unilever,balance_sheet,38,Non-controlling interests,1,EUR,currency,1000000,2024-12-31,2565,2565,1,matched,2025,dcdc67ff84977e2beeb6b7a8113b6862fae1880838c613eceac42ba4b605d9d7,134,Non-controlling interests,"2,565"
unilever,balance_sheet,38,Non-controlling interests,1,EUR,currency,1000000,2025-12-31,2057,2057,1,matched,2025,dcdc67ff84977e2beeb6b7a8113b6862fae1880838c613eceac42ba4b605d9d7,134,Non-controlling interests,"2,057"
unilever,balance_sheet,39,Total equity,1,EUR,currency,1000000,2016-12-31,16980,16980,1,matched,2017,798661ad641ab15daa68854b13b9ae1e264e62a878090aae79ff3d07deb235d0,91,Total equity,"16,980"
unilever,balance_sheet,39,Total equity,1,EUR,currency,1000000,2017-12-31,14387,14387,1,matched,2017,798661ad641ab15daa68854b13b9ae1e264e62a878090aae79ff3d07deb235d0,91,Total equity,"14,387"
unilever,balance_sheet,39,Total equity,1,EUR,currency,1000000,2018-12-31,12117,12117,1,matched,2019,39114615f11b0ea05e12bb04558b8ba1e417db6e7114b88d5c288e73f234c8a8,92,Total equity,"12,117"
unilever,balance_sheet,39,Total equity,1,EUR,currency,1000000,2019-12-31,13886,13886,1,matched,2019,39114615f11b0ea05e12bb04558b8ba1e417db6e7114b88d5c288e73f234c8a8,92,Total equity,"13,886"
unilever,balance_sheet,39,Total equity,1,EUR,currency,1000000,2020-12-31,17655,17655,1,matched,2021,25a4c72b6ae964841619dd59f9f857cfb798ad126da7286ce0e5d6e0ecf34694,119,Total equity,"17,655"
unilever,balance_sheet,39,Total equity,1,EUR,currency,1000000,2021-12-31,19746,19746,1,matched,2021,25a4c72b6ae964841619dd59f9f857cfb798ad126da7286ce0e5d6e0ecf34694,119,Total equity,"19,746"
unilever,balance_sheet,39,Total equity,1,EUR,currency,1000000,2022-12-31,21701,21701,1,matched,2023,d572ce64ca74378a6b60208d27288263fb17c26c0d06d954c1ef3b8439eb1cc1,178,Total equity,"21,701"
unilever,balance_sheet,39,Total equity,1,EUR,currency,1000000,2023-12-31,20764,20764,1,matched,2023,d572ce64ca74378a6b60208d27288263fb17c26c0d06d954c1ef3b8439eb1cc1,178,Total equity,"20,764"
unilever,balance_sheet,39,Total equity,1,EUR,currency,1000000,2024-12-31,22555,22555,1,matched,2025,dcdc67ff84977e2beeb6b7a8113b6862fae1880838c613eceac42ba4b605d9d7,134,Total equity,"22,555"
unilever,balance_sheet,39,Total equity,1,EUR,currency,1000000,2025-12-31,17587,17587,1,matched,2025,dcdc67ff84977e2beeb6b7a8113b6862fae1880838c613eceac42ba4b605d9d7,134,Total equity,"17,587"
unilever,balance_sheet,40,Total liabilities and equity,1,EUR,currency,1000000,2016-12-31,56429,56429,1,matched,2017,798661ad641ab15daa68854b13b9ae1e264e62a878090aae79ff3d07deb235d0,91,Total liabilities and equity,"56,429"
unilever,balance_sheet,40,Total liabilities and equity,1,EUR,currency,1000000,2017-12-31,60285,60285,1,matched,2017,798661ad641ab15daa68854b13b9ae1e264e62a878090aae79ff3d07deb235d0,91,Total liabilities and equity,"60,285"
unilever,balance_sheet,40,Total liabilities and equity,1,EUR,currency,1000000,2018-12-31,61111,61111,1,matched,2019,39114615f11b0ea05e12bb04558b8ba1e417db6e7114b88d5c288e73f234c8a8,92,Total liabilities and equity,"61,111"
unilever,balance_sheet,40,Total liabilities and equity,1,EUR,currency,1000000,2019-12-31,64806,64806,1,matched,2019,39114615f11b0ea05e12bb04558b8ba1e417db6e7114b88d5c288e73f234c8a8,92,Total liabilities and equity,"64,806"
unilever,balance_sheet,40,Total liabilities and equity,1,EUR,currency,1000000,2020-12-31,67659,67659,1,matched,2021,25a4c72b6ae964841619dd59f9f857cfb798ad126da7286ce0e5d6e0ecf34694,119,Total liabilities and equity,"67,659"
unilever,balance_sheet,40,Total liabilities and equity,1,EUR,currency,1000000,2021-12-31,75095,75095,1,matched,2021,25a4c72b6ae964841619dd59f9f857cfb798ad126da7286ce0e5d6e0ecf34694,119,Total liabilities and equity,"75,095"
unilever,balance_sheet,40,Total liabilities and equity,1,EUR,currency,1000000,2022-12-31,77821,77821,1,matched,2023,d572ce64ca74378a6b60208d27288263fb17c26c0d06d954c1ef3b8439eb1cc1,178,Total liabilities and equity,"77,821"
unilever,balance_sheet,40,Total liabilities and equity,1,EUR,currency,1000000,2023-12-31,75266,75266,1,matched,2023,d572ce64ca74378a6b60208d27288263fb17c26c0d06d954c1ef3b8439eb1cc1,178,Total liabilities and equity,"75,266"
unilever,balance_sheet,40,Total liabilities and equity,1,EUR,currency,1000000,2024-12-31,79750,79750,1,matched,2025,dcdc67ff84977e2beeb6b7a8113b6862fae1880838c613eceac42ba4b605d9d7,134,Total liabilities and equity,"79,750"
unilever,balance_sheet,40,Total liabilities and equity,1,EUR,currency,1000000,2025-12-31,70471,70471,1,matched,2025,dcdc67ff84977e2beeb6b7a8113b6862fae1880838c613eceac42ba4b605d9d7,134,Total liabilities and equity,"70,471"
unilever,cash_flow,2,Net profit from continuing operations,1,EUR,currency,1000000,2016-12-31,,,0,blank_no_source,,,,,
unilever,cash_flow,2,Net profit from continuing operations,1,EUR,currency,1000000,2017-12-31,,,0,blank_no_source,,,,,
unilever,cash_flow,2,Net profit from continuing operations,1,EUR,currency,1000000,2018-12-31,,,0,blank_no_source,,,,,
unilever,cash_flow,2,Net profit from continuing operations,1,EUR,currency,1000000,2019-12-31,,,0,blank_no_source,,,,,
unilever,cash_flow,2,Net profit from continuing operations,1,EUR,currency,1000000,2020-12-31,,,0,blank_no_source,,,,,
unilever,cash_flow,2,Net profit from continuing operations,1,EUR,currency,1000000,2021-12-31,,,0,blank_no_source,,,,,
unilever,cash_flow,2,Net profit from continuing operations,1,EUR,currency,1000000,2022-12-31,,,0,blank_no_source,,,,,
unilever,cash_flow,2,Net profit from continuing operations,1,EUR,currency,1000000,2023-12-31,6637,6637,1,matched,2025,dcdc67ff84977e2beeb6b7a8113b6862fae1880838c613eceac42ba4b605d9d7,135, Net profit from continuing operations,"6,637"
unilever,cash_flow,2,Net profit from continuing operations,1,EUR,currency,1000000,2024-12-31,6039,6039,1,matched,2025,dcdc67ff84977e2beeb6b7a8113b6862fae1880838c613eceac42ba4b605d9d7,135, Net profit from continuing operations,"6,039"
unilever,cash_flow,2,Net profit from continuing operations,1,EUR,currency,1000000,2025-12-31,6213,6213,1,matched,2025,dcdc67ff84977e2beeb6b7a8113b6862fae1880838c613eceac42ba4b605d9d7,135, Net profit from continuing operations,"6,213"
unilever,cash_flow,3,Taxation,1,EUR,currency,1000000,2016-12-31,1922,1922,1,matched,2017,798661ad641ab15daa68854b13b9ae1e264e62a878090aae79ff3d07deb235d0,92,Taxation,"1,922"
unilever,cash_flow,3,Taxation,1,EUR,currency,1000000,2017-12-31,1670,1670,1,matched,2019,39114615f11b0ea05e12bb04558b8ba1e417db6e7114b88d5c288e73f234c8a8,93,Taxation,"1,670"
unilever,cash_flow,3,Taxation,1,EUR,currency,1000000,2018-12-31,2572,2572,1,matched,2019,39114615f11b0ea05e12bb04558b8ba1e417db6e7114b88d5c288e73f234c8a8,93,Taxation,"2,572"
unilever,cash_flow,3,Taxation,1,EUR,currency,1000000,2019-12-31,2263,2263,1,matched,2021,25a4c72b6ae964841619dd59f9f857cfb798ad126da7286ce0e5d6e0ecf34694,120,Taxation,"2,263"
unilever,cash_flow,3,Taxation,1,EUR,currency,1000000,2020-12-31,1923,1923,1,matched,2021,25a4c72b6ae964841619dd59f9f857cfb798ad126da7286ce0e5d6e0ecf34694,120,Taxation,"1,923"
unilever,cash_flow,3,Taxation,1,EUR,currency,1000000,2021-12-31,1935,1935,1,matched,2023,d572ce64ca74378a6b60208d27288263fb17c26c0d06d954c1ef3b8439eb1cc1,179,Taxation,"1,935"
unilever,cash_flow,3,Taxation,1,EUR,currency,1000000,2022-12-31,2068,2068,1,matched,2023,d572ce64ca74378a6b60208d27288263fb17c26c0d06d954c1ef3b8439eb1cc1,179,Taxation,"2,068"
unilever,cash_flow,3,Taxation,1,EUR,currency,1000000,2023-12-31,1990,1990,1,matched,2025,dcdc67ff84977e2beeb6b7a8113b6862fae1880838c613eceac42ba4b605d9d7,135, Taxation,"1,990"
unilever,cash_flow,3,Taxation,1,EUR,currency,1000000,2024-12-31,2332,2332,1,matched,2025,dcdc67ff84977e2beeb6b7a8113b6862fae1880838c613eceac42ba4b605d9d7,135, Taxation,"2,332"
unilever,cash_flow,3,Taxation,1,EUR,currency,1000000,2025-12-31,2481,2481,1,matched,2025,dcdc67ff84977e2beeb6b7a8113b6862fae1880838c613eceac42ba4b605d9d7,135, Taxation,"2,481"
unilever,cash_flow,4,Share of net profit of joint ventures/associates and other (income)/loss from non- current investments,1,EUR,currency,1000000,2016-12-31,-231,-231,1,matched,2017,798661ad641ab15daa68854b13b9ae1e264e62a878090aae79ff3d07deb235d0,92,"Share of net profit of joint ventures/associates and other income/(loss) from
 non-current investments and associates",(231)
unilever,cash_flow,4,Share of net profit of joint ventures/associates and other (income)/loss from non- current investments,1,EUR,currency,1000000,2017-12-31,-173,-173,1,matched,2019,39114615f11b0ea05e12bb04558b8ba1e417db6e7114b88d5c288e73f234c8a8,93,Share of net (profit)/loss of joint ventures/associates and other (income)/loss from non-current investments and associates,(173)
unilever,cash_flow,4,Share of net profit of joint ventures/associates and other (income)/loss from non- current investments,1,EUR,currency,1000000,2018-12-31,-207,-207,1,matched,2019,39114615f11b0ea05e12bb04558b8ba1e417db6e7114b88d5c288e73f234c8a8,93,Share of net (profit)/loss of joint ventures/associates and other (income)/loss from non-current investments and associates,(207)
unilever,cash_flow,4,Share of net profit of joint ventures/associates and other (income)/loss from non- current investments,1,EUR,currency,1000000,2019-12-31,-176,-176,1,matched,2021,25a4c72b6ae964841619dd59f9f857cfb798ad126da7286ce0e5d6e0ecf34694,120,"Share of net profit of joint ventures/associates and other income/(loss) from
 non-current investments",(176)
unilever,cash_flow,4,Share of net profit of joint ventures/associates and other (income)/loss from non- current investments,1,EUR,currency,1000000,2020-12-31,-178,-178,1,matched,2021,25a4c72b6ae964841619dd59f9f857cfb798ad126da7286ce0e5d6e0ecf34694,120,"Share of net profit of joint ventures/associates and other income/(loss) from
 non-current investments",(178)
unilever,cash_flow,4,Share of net profit of joint ventures/associates and other (income)/loss from non- current investments,1,EUR,currency,1000000,2021-12-31,-282,-282,1,matched,2023,d572ce64ca74378a6b60208d27288263fb17c26c0d06d954c1ef3b8439eb1cc1,179,Share of net profit of joint ventures/associates and other income/(loss) from non-current investments,(282)
unilever,cash_flow,4,Share of net profit of joint ventures/associates and other (income)/loss from non- current investments,1,EUR,currency,1000000,2022-12-31,-232,-232,1,matched,2023,d572ce64ca74378a6b60208d27288263fb17c26c0d06d954c1ef3b8439eb1cc1,179,Share of net profit of joint ventures/associates and other income/(loss) from non-current investments,(232)
unilever,cash_flow,4,Share of net profit of joint ventures/associates and other (income)/loss from non- current investments,1,EUR,currency,1000000,2023-12-31,-206,-206,1,matched,2025,dcdc67ff84977e2beeb6b7a8113b6862fae1880838c613eceac42ba4b605d9d7,135," Share of net profit of joint ventures/associates and other (income)/loss from non-
 current investments",(206)
unilever,cash_flow,4,Share of net profit of joint ventures/associates and other (income)/loss from non- current investments,1,EUR,currency,1000000,2024-12-31,-263,-263,1,matched,2025,dcdc67ff84977e2beeb6b7a8113b6862fae1880838c613eceac42ba4b605d9d7,135," Share of net profit of joint ventures/associates and other (income)/loss from non-
 current investments",(263)
unilever,cash_flow,4,Share of net profit of joint ventures/associates and other (income)/loss from non- current investments,1,EUR,currency,1000000,2025-12-31,-228,-228,1,matched,2025,dcdc67ff84977e2beeb6b7a8113b6862fae1880838c613eceac42ba4b605d9d7,135," Share of net profit of joint ventures/associates and other (income)/loss from non-
 current investments",(228)
unilever,cash_flow,5,Net monetary loss arising from hyperinflationary economies,1,EUR,currency,1000000,2016-12-31,,,0,blank_no_source,,,,,
unilever,cash_flow,5,Net monetary loss arising from hyperinflationary economies,1,EUR,currency,1000000,2017-12-31,—,—,1,matched,2019,39114615f11b0ea05e12bb04558b8ba1e417db6e7114b88d5c288e73f234c8a8,93,Net monetary (gain)/loss arising from hyperinflationary economies,–
unilever,cash_flow,5,Net monetary loss arising from hyperinflationary economies,1,EUR,currency,1000000,2018-12-31,-122,-122,1,matched,2019,39114615f11b0ea05e12bb04558b8ba1e417db6e7114b88d5c288e73f234c8a8,93,Net monetary (gain)/loss arising from hyperinflationary economies,(122)
unilever,cash_flow,5,Net monetary loss arising from hyperinflationary economies,1,EUR,currency,1000000,2019-12-31,-32,-32,1,matched,2021,25a4c72b6ae964841619dd59f9f857cfb798ad126da7286ce0e5d6e0ecf34694,120,Net monetary (gain)/loss arising from hyperinflationary economies,(32)
unilever,cash_flow,5,Net monetary loss arising from hyperinflationary economies,1,EUR,currency,1000000,2020-12-31,-20,-20,1,matched,2021,25a4c72b6ae964841619dd59f9f857cfb798ad126da7286ce0e5d6e0ecf34694,120,Net monetary (gain)/loss arising from hyperinflationary economies,(20)
unilever,cash_flow,5,Net monetary loss arising from hyperinflationary economies,1,EUR,currency,1000000,2021-12-31,74,74,1,matched,2023,d572ce64ca74378a6b60208d27288263fb17c26c0d06d954c1ef3b8439eb1cc1,179,Net monetary (gain)/loss arising from hyperinflationary economies,74
unilever,cash_flow,5,Net monetary loss arising from hyperinflationary economies,1,EUR,currency,1000000,2022-12-31,157,157,1,matched,2023,d572ce64ca74378a6b60208d27288263fb17c26c0d06d954c1ef3b8439eb1cc1,179,Net monetary (gain)/loss arising from hyperinflationary economies,157
unilever,cash_flow,5,Net monetary loss arising from hyperinflationary economies,1,EUR,currency,1000000,2023-12-31,169,169,1,matched,2025,dcdc67ff84977e2beeb6b7a8113b6862fae1880838c613eceac42ba4b605d9d7,135, Net monetary loss arising from hyperinflationary economies,169
unilever,cash_flow,5,Net monetary loss arising from hyperinflationary economies,1,EUR,currency,1000000,2024-12-31,201,201,1,matched,2025,dcdc67ff84977e2beeb6b7a8113b6862fae1880838c613eceac42ba4b605d9d7,135, Net monetary loss arising from hyperinflationary economies,201
unilever,cash_flow,5,Net monetary loss arising from hyperinflationary economies,1,EUR,currency,1000000,2025-12-31,68,68,1,matched,2025,dcdc67ff84977e2beeb6b7a8113b6862fae1880838c613eceac42ba4b605d9d7,135, Net monetary loss arising from hyperinflationary economies,68
unilever,cash_flow,6,Net finance costs,1,EUR,currency,1000000,2016-12-31,563,563,1,matched,2017,798661ad641ab15daa68854b13b9ae1e264e62a878090aae79ff3d07deb235d0,92,Net finance costs,563
unilever,cash_flow,6,Net finance costs,1,EUR,currency,1000000,2017-12-31,1004,1004,1,matched,2019,39114615f11b0ea05e12bb04558b8ba1e417db6e7114b88d5c288e73f234c8a8,93,Net finance costs,"1,004"
unilever,cash_flow,6,Net finance costs,1,EUR,currency,1000000,2018-12-31,608,608,1,matched,2019,39114615f11b0ea05e12bb04558b8ba1e417db6e7114b88d5c288e73f234c8a8,93,Net finance costs,608
unilever,cash_flow,6,Net finance costs,1,EUR,currency,1000000,2019-12-31,627,627,1,matched,2021,25a4c72b6ae964841619dd59f9f857cfb798ad126da7286ce0e5d6e0ecf34694,120,Net finance costs,627
unilever,cash_flow,6,Net finance costs,1,EUR,currency,1000000,2020-12-31,505,505,1,matched,2021,25a4c72b6ae964841619dd59f9f857cfb798ad126da7286ce0e5d6e0ecf34694,120,Net finance costs,505
unilever,cash_flow,6,Net finance costs,1,EUR,currency,1000000,2021-12-31,354,354,1,matched,2023,d572ce64ca74378a6b60208d27288263fb17c26c0d06d954c1ef3b8439eb1cc1,179,Net finance costs,354
unilever,cash_flow,6,Net finance costs,1,EUR,currency,1000000,2022-12-31,493,493,1,matched,2023,d572ce64ca74378a6b60208d27288263fb17c26c0d06d954c1ef3b8439eb1cc1,179,Net finance costs,493
unilever,cash_flow,6,Net finance costs,1,EUR,currency,1000000,2023-12-31,409,409,1,matched,2025,dcdc67ff84977e2beeb6b7a8113b6862fae1880838c613eceac42ba4b605d9d7,135, Net finance costs,409
unilever,cash_flow,6,Net finance costs,1,EUR,currency,1000000,2024-12-31,520,520,1,matched,2025,dcdc67ff84977e2beeb6b7a8113b6862fae1880838c613eceac42ba4b605d9d7,135, Net finance costs,520
unilever,cash_flow,6,Net finance costs,1,EUR,currency,1000000,2025-12-31,503,503,1,matched,2025,dcdc67ff84977e2beeb6b7a8113b6862fae1880838c613eceac42ba4b605d9d7,135, Net finance costs,503
unilever,cash_flow,7,Operating profit from continuing operations,1,EUR,currency,1000000,2016-12-31,,,0,blank_no_source,,,,,
unilever,cash_flow,7,Operating profit from continuing operations,1,EUR,currency,1000000,2017-12-31,,,0,blank_no_source,,,,,
unilever,cash_flow,7,Operating profit from continuing operations,1,EUR,currency,1000000,2018-12-31,,,0,blank_no_source,,,,,
unilever,cash_flow,7,Operating profit from continuing operations,1,EUR,currency,1000000,2019-12-31,,,0,blank_no_source,,,,,
unilever,cash_flow,7,Operating profit from continuing operations,1,EUR,currency,1000000,2020-12-31,,,0,blank_no_source,,,,,
unilever,cash_flow,7,Operating profit from continuing operations,1,EUR,currency,1000000,2021-12-31,,,0,blank_no_source,,,,,
unilever,cash_flow,7,Operating profit from continuing operations,1,EUR,currency,1000000,2022-12-31,,,0,blank_no_source,,,,,
unilever,cash_flow,7,Operating profit from continuing operations,1,EUR,currency,1000000,2023-12-31,8998,8998,1,matched,2025,dcdc67ff84977e2beeb6b7a8113b6862fae1880838c613eceac42ba4b605d9d7,135, Operating profit from continuing operations,"8,998"
unilever,cash_flow,7,Operating profit from continuing operations,1,EUR,currency,1000000,2024-12-31,8829,8829,1,matched,2025,dcdc67ff84977e2beeb6b7a8113b6862fae1880838c613eceac42ba4b605d9d7,135, Operating profit from continuing operations,"8,829"
unilever,cash_flow,7,Operating profit from continuing operations,1,EUR,currency,1000000,2025-12-31,9037,9037,1,matched,2025,dcdc67ff84977e2beeb6b7a8113b6862fae1880838c613eceac42ba4b605d9d7,135, Operating profit from continuing operations,"9,037"
unilever,cash_flow,8,"Depreciation, amortisation and impairment",1,EUR,currency,1000000,2016-12-31,1464,1464,1,matched,2017,798661ad641ab15daa68854b13b9ae1e264e62a878090aae79ff3d07deb235d0,92,"Depreciation, amortisation and impairment","1,464"
unilever,cash_flow,8,"Depreciation, amortisation and impairment",1,EUR,currency,1000000,2017-12-31,2025,2025,1,matched,2019,39114615f11b0ea05e12bb04558b8ba1e417db6e7114b88d5c288e73f234c8a8,93,"Depreciation, amortisation and impairment","2,025"
unilever,cash_flow,8,"Depreciation, amortisation and impairment",1,EUR,currency,1000000,2018-12-31,2216,2216,1,matched,2019,39114615f11b0ea05e12bb04558b8ba1e417db6e7114b88d5c288e73f234c8a8,93,"Depreciation, amortisation and impairment","2,216"
unilever,cash_flow,8,"Depreciation, amortisation and impairment",1,EUR,currency,1000000,2019-12-31,1982,1982,1,matched,2021,25a4c72b6ae964841619dd59f9f857cfb798ad126da7286ce0e5d6e0ecf34694,120,"Depreciation, amortisation and impairment","1,982"
unilever,cash_flow,8,"Depreciation, amortisation and impairment",1,EUR,currency,1000000,2020-12-31,2018,2018,1,matched,2021,25a4c72b6ae964841619dd59f9f857cfb798ad126da7286ce0e5d6e0ecf34694,120,"Depreciation, amortisation and impairment","2,018"
unilever,cash_flow,8,"Depreciation, amortisation and impairment",1,EUR,currency,1000000,2021-12-31,1763,1763,1,matched,2023,d572ce64ca74378a6b60208d27288263fb17c26c0d06d954c1ef3b8439eb1cc1,179,"Depreciation, amortisation and impairment","1,763"
unilever,cash_flow,8,"Depreciation, amortisation and impairment",1,EUR,currency,1000000,2022-12-31,1946,1946,1,matched,2023,d572ce64ca74378a6b60208d27288263fb17c26c0d06d954c1ef3b8439eb1cc1,179,"Depreciation, amortisation and impairment","1,946"
unilever,cash_flow,8,"Depreciation, amortisation and impairment",1,EUR,currency,1000000,2023-12-31,1148,1148,1,matched,2025,dcdc67ff84977e2beeb6b7a8113b6862fae1880838c613eceac42ba4b605d9d7,135," Depreciation, amortisation and impairment","1,148"
unilever,cash_flow,8,"Depreciation, amortisation and impairment",1,EUR,currency,1000000,2024-12-31,1370,1370,1,matched,2025,dcdc67ff84977e2beeb6b7a8113b6862fae1880838c613eceac42ba4b605d9d7,135," Depreciation, amortisation and impairment","1,370"
unilever,cash_flow,8,"Depreciation, amortisation and impairment",1,EUR,currency,1000000,2025-12-31,1353,1353,1,matched,2025,dcdc67ff84977e2beeb6b7a8113b6862fae1880838c613eceac42ba4b605d9d7,135," Depreciation, amortisation and impairment","1,353"
unilever,cash_flow,9,Changes in working capital:,1,EUR,currency,1000000,2016-12-31,51,51,1,matched,2017,798661ad641ab15daa68854b13b9ae1e264e62a878090aae79ff3d07deb235d0,92,Changes in working capital:,51
unilever,cash_flow,9,Changes in working capital:,1,EUR,currency,1000000,2017-12-31,-68,-68,1,matched,2019,39114615f11b0ea05e12bb04558b8ba1e417db6e7114b88d5c288e73f234c8a8,93,Changes in working capital:,(68)
unilever,cash_flow,9,Changes in working capital:,1,EUR,currency,1000000,2018-12-31,-793,-793,1,matched,2019,39114615f11b0ea05e12bb04558b8ba1e417db6e7114b88d5c288e73f234c8a8,93,Changes in working capital:,(793)
unilever,cash_flow,9,Changes in working capital:,1,EUR,currency,1000000,2019-12-31,-9,-9,1,matched,2021,25a4c72b6ae964841619dd59f9f857cfb798ad126da7286ce0e5d6e0ecf34694,120,Changes in working capital:,(9)
unilever,cash_flow,9,Changes in working capital:,1,EUR,currency,1000000,2020-12-31,680,680,1,matched,2021,25a4c72b6ae964841619dd59f9f857cfb798ad126da7286ce0e5d6e0ecf34694,120,Changes in working capital:,680
unilever,cash_flow,9,Changes in working capital:,1,EUR,currency,1000000,2021-12-31,-47,-47,1,matched,2023,d572ce64ca74378a6b60208d27288263fb17c26c0d06d954c1ef3b8439eb1cc1,179,Changes in working capital:,(47)
unilever,cash_flow,9,Changes in working capital:,1,EUR,currency,1000000,2022-12-31,-422,-422,1,matched,2023,d572ce64ca74378a6b60208d27288263fb17c26c0d06d954c1ef3b8439eb1cc1,179,Changes in working capital:,(422)
unilever,cash_flow,9,Changes in working capital:,1,EUR,currency,1000000,2023-12-31,753,753,1,matched,2025,dcdc67ff84977e2beeb6b7a8113b6862fae1880838c613eceac42ba4b605d9d7,135, Changes in working capital:,753
unilever,cash_flow,9,Changes in working capital:,1,EUR,currency,1000000,2024-12-31,-188,-188,1,matched,2025,dcdc67ff84977e2beeb6b7a8113b6862fae1880838c613eceac42ba4b605d9d7,135, Changes in working capital:,(188)
unilever,cash_flow,9,Changes in working capital:,1,EUR,currency,1000000,2025-12-31,116,116,1,matched,2025,dcdc67ff84977e2beeb6b7a8113b6862fae1880838c613eceac42ba4b605d9d7,135, Changes in working capital:,116
unilever,cash_flow,10,Inventories,1,EUR,currency,1000000,2016-12-31,190,190,1,matched,2017,798661ad641ab15daa68854b13b9ae1e264e62a878090aae79ff3d07deb235d0,92,   Inventories,190
unilever,cash_flow,10,Inventories,1,EUR,currency,1000000,2017-12-31,-104,-104,1,matched,2019,39114615f11b0ea05e12bb04558b8ba1e417db6e7114b88d5c288e73f234c8a8,93,Inventories,(104)
unilever,cash_flow,10,Inventories,1,EUR,currency,1000000,2018-12-31,-471,-471,1,matched,2019,39114615f11b0ea05e12bb04558b8ba1e417db6e7114b88d5c288e73f234c8a8,93,Inventories,(471)
unilever,cash_flow,10,Inventories,1,EUR,currency,1000000,2019-12-31,313,313,1,matched,2021,25a4c72b6ae964841619dd59f9f857cfb798ad126da7286ce0e5d6e0ecf34694,120,  Inventories,313
unilever,cash_flow,10,Inventories,1,EUR,currency,1000000,2020-12-31,-587,-587,1,matched,2021,25a4c72b6ae964841619dd59f9f857cfb798ad126da7286ce0e5d6e0ecf34694,120,  Inventories,(587)
unilever,cash_flow,10,Inventories,1,EUR,currency,1000000,2021-12-31,-458,-458,1,matched,2023,d572ce64ca74378a6b60208d27288263fb17c26c0d06d954c1ef3b8439eb1cc1,179,  Inventories,(458)
unilever,cash_flow,10,Inventories,1,EUR,currency,1000000,2022-12-31,-1398,-1398,1,matched,2023,d572ce64ca74378a6b60208d27288263fb17c26c0d06d954c1ef3b8439eb1cc1,179,  Inventories,"(1,398)"
unilever,cash_flow,10,Inventories,1,EUR,currency,1000000,2023-12-31,282,282,1,matched,2025,dcdc67ff84977e2beeb6b7a8113b6862fae1880838c613eceac42ba4b605d9d7,135,   Inventories,282
unilever,cash_flow,10,Inventories,1,EUR,currency,1000000,2024-12-31,-190,-190,1,matched,2025,dcdc67ff84977e2beeb6b7a8113b6862fae1880838c613eceac42ba4b605d9d7,135,   Inventories,(190)
unilever,cash_flow,10,Inventories,1,EUR,currency,1000000,2025-12-31,-281,-281,1,matched,2025,dcdc67ff84977e2beeb6b7a8113b6862fae1880838c613eceac42ba4b605d9d7,135,   Inventories,(281)
unilever,cash_flow,11,Trade and other receivables(b),1,EUR,currency,1000000,2016-12-31,142,142,1,matched,2017,798661ad641ab15daa68854b13b9ae1e264e62a878090aae79ff3d07deb235d0,92,  Trade and other receivables,142
unilever,cash_flow,11,Trade and other receivables(b),1,EUR,currency,1000000,2017-12-31,-506,-506,1,matched,2019,39114615f11b0ea05e12bb04558b8ba1e417db6e7114b88d5c288e73f234c8a8,93,Trade and other receivables,(506)
unilever,cash_flow,11,Trade and other receivables(b),1,EUR,currency,1000000,2018-12-31,-1298,-1298,1,matched,2019,39114615f11b0ea05e12bb04558b8ba1e417db6e7114b88d5c288e73f234c8a8,93,Trade and other receivables,"(1,298)"
unilever,cash_flow,11,Trade and other receivables(b),1,EUR,currency,1000000,2019-12-31,-445,-445,1,matched,2021,25a4c72b6ae964841619dd59f9f857cfb798ad126da7286ce0e5d6e0ecf34694,120,  Trade and other receivables,(445)
unilever,cash_flow,11,Trade and other receivables(b),1,EUR,currency,1000000,2020-12-31,1125,1125,1,matched,2021,25a4c72b6ae964841619dd59f9f857cfb798ad126da7286ce0e5d6e0ecf34694,120,  Trade and other receivables,"1,125"
unilever,cash_flow,11,Trade and other receivables(b),1,EUR,currency,1000000,2021-12-31,-307,-307,1,matched,2023,d572ce64ca74378a6b60208d27288263fb17c26c0d06d954c1ef3b8439eb1cc1,179,  Trade and other receivables,(307)
unilever,cash_flow,11,Trade and other receivables(b),1,EUR,currency,1000000,2022-12-31,-1852,-1852,1,matched,2023,d572ce64ca74378a6b60208d27288263fb17c26c0d06d954c1ef3b8439eb1cc1,179,  Trade and other receivables,"(1,852)"
unilever,cash_flow,11,Trade and other receivables(b),1,EUR,currency,1000000,2023-12-31,731,731,1,matched,2025,dcdc67ff84977e2beeb6b7a8113b6862fae1880838c613eceac42ba4b605d9d7,135,   Trade and other receivables(b),731
unilever,cash_flow,11,Trade and other receivables(b),1,EUR,currency,1000000,2024-12-31,-211,-211,1,matched,2025,dcdc67ff84977e2beeb6b7a8113b6862fae1880838c613eceac42ba4b605d9d7,135,   Trade and other receivables(b),(211)
unilever,cash_flow,11,Trade and other receivables(b),1,EUR,currency,1000000,2025-12-31,-2620,-2620,1,matched,2025,dcdc67ff84977e2beeb6b7a8113b6862fae1880838c613eceac42ba4b605d9d7,135,   Trade and other receivables(b),"(2,620)"
unilever,cash_flow,12,Trade payables and other liabilities(b),1,EUR,currency,1000000,2016-12-31,-281,-281,1,matched,2017,798661ad641ab15daa68854b13b9ae1e264e62a878090aae79ff3d07deb235d0,92,  Trade payables and other liabilities,(281)
unilever,cash_flow,12,Trade payables and other liabilities(b),1,EUR,currency,1000000,2017-12-31,542,542,1,matched,2019,39114615f11b0ea05e12bb04558b8ba1e417db6e7114b88d5c288e73f234c8a8,93,Trade payables and other liabilities,542
unilever,cash_flow,12,Trade payables and other liabilities(b),1,EUR,currency,1000000,2018-12-31,976,976,1,matched,2019,39114615f11b0ea05e12bb04558b8ba1e417db6e7114b88d5c288e73f234c8a8,93,Trade payables and other liabilities,976
unilever,cash_flow,12,Trade payables and other liabilities(b),1,EUR,currency,1000000,2019-12-31,123,123,1,matched,2021,25a4c72b6ae964841619dd59f9f857cfb798ad126da7286ce0e5d6e0ecf34694,120,  Trade payables and other liabilities,123
unilever,cash_flow,12,Trade payables and other liabilities(b),1,EUR,currency,1000000,2020-12-31,142,142,1,matched,2021,25a4c72b6ae964841619dd59f9f857cfb798ad126da7286ce0e5d6e0ecf34694,120,  Trade payables and other liabilities,142
unilever,cash_flow,12,Trade payables and other liabilities(b),1,EUR,currency,1000000,2021-12-31,718,718,1,matched,2023,d572ce64ca74378a6b60208d27288263fb17c26c0d06d954c1ef3b8439eb1cc1,179,  Trade payables and other liabilities,718
unilever,cash_flow,12,Trade payables and other liabilities(b),1,EUR,currency,1000000,2022-12-31,2828,2828,1,matched,2023,d572ce64ca74378a6b60208d27288263fb17c26c0d06d954c1ef3b8439eb1cc1,179,  Trade payables and other liabilities,"2,828"
unilever,cash_flow,12,Trade payables and other liabilities(b),1,EUR,currency,1000000,2023-12-31,-260,-260,1,matched,2025,dcdc67ff84977e2beeb6b7a8113b6862fae1880838c613eceac42ba4b605d9d7,135,   Trade payables and other liabilities(b),(260)
unilever,cash_flow,12,Trade payables and other liabilities(b),1,EUR,currency,1000000,2024-12-31,213,213,1,matched,2025,dcdc67ff84977e2beeb6b7a8113b6862fae1880838c613eceac42ba4b605d9d7,135,   Trade payables and other liabilities(b),213
unilever,cash_flow,12,Trade payables and other liabilities(b),1,EUR,currency,1000000,2025-12-31,3017,3017,1,matched,2025,dcdc67ff84977e2beeb6b7a8113b6862fae1880838c613eceac42ba4b605d9d7,135,   Trade payables and other liabilities(b),"3,017"
unilever,cash_flow,13,Pensions and similar obligations less payments,1,EUR,currency,1000000,2016-12-31,-327,-327,1,matched,2017,798661ad641ab15daa68854b13b9ae1e264e62a878090aae79ff3d07deb235d0,92,Pensions and similar obligations less payments,(327)
unilever,cash_flow,13,Pensions and similar obligations less payments,1,EUR,currency,1000000,2017-12-31,-904,-904,1,matched,2019,39114615f11b0ea05e12bb04558b8ba1e417db6e7114b88d5c288e73f234c8a8,93,Pensions and similar obligations less payments,(904)
unilever,cash_flow,13,Pensions and similar obligations less payments,1,EUR,currency,1000000,2018-12-31,-128,-128,1,matched,2019,39114615f11b0ea05e12bb04558b8ba1e417db6e7114b88d5c288e73f234c8a8,93,Pensions and similar obligations less payments,(128)
unilever,cash_flow,13,Pensions and similar obligations less payments,1,EUR,currency,1000000,2019-12-31,-260,-260,1,matched,2021,25a4c72b6ae964841619dd59f9f857cfb798ad126da7286ce0e5d6e0ecf34694,120,Pensions and similar obligations less payments,(260)
unilever,cash_flow,13,Pensions and similar obligations less payments,1,EUR,currency,1000000,2020-12-31,-182,-182,1,matched,2021,25a4c72b6ae964841619dd59f9f857cfb798ad126da7286ce0e5d6e0ecf34694,120,Pensions and similar obligations less payments,(182)
unilever,cash_flow,13,Pensions and similar obligations less payments,1,EUR,currency,1000000,2021-12-31,-183,-183,1,matched,2023,d572ce64ca74378a6b60208d27288263fb17c26c0d06d954c1ef3b8439eb1cc1,179,Pensions and similar obligations less payments,(183)
unilever,cash_flow,13,Pensions and similar obligations less payments,1,EUR,currency,1000000,2022-12-31,-119,-119,1,matched,2023,d572ce64ca74378a6b60208d27288263fb17c26c0d06d954c1ef3b8439eb1cc1,179,Pensions and similar obligations less payments,(119)
unilever,cash_flow,13,Pensions and similar obligations less payments,1,EUR,currency,1000000,2023-12-31,-251,-251,1,matched,2025,dcdc67ff84977e2beeb6b7a8113b6862fae1880838c613eceac42ba4b605d9d7,135, Pensions and similar obligations less payments,(251)
unilever,cash_flow,13,Pensions and similar obligations less payments,1,EUR,currency,1000000,2024-12-31,-54,-54,1,matched,2025,dcdc67ff84977e2beeb6b7a8113b6862fae1880838c613eceac42ba4b605d9d7,135, Pensions and similar obligations less payments,(54)
unilever,cash_flow,13,Pensions and similar obligations less payments,1,EUR,currency,1000000,2025-12-31,-74,-74,1,matched,2025,dcdc67ff84977e2beeb6b7a8113b6862fae1880838c613eceac42ba4b605d9d7,135, Pensions and similar obligations less payments,(74)
unilever,cash_flow,14,Provisions less payments,1,EUR,currency,1000000,2016-12-31,65,65,1,matched,2017,798661ad641ab15daa68854b13b9ae1e264e62a878090aae79ff3d07deb235d0,92,Provisions less payments,65
unilever,cash_flow,14,Provisions less payments,1,EUR,currency,1000000,2017-12-31,200,200,1,matched,2019,39114615f11b0ea05e12bb04558b8ba1e417db6e7114b88d5c288e73f234c8a8,93,Provisions less payments,200
unilever,cash_flow,14,Provisions less payments,1,EUR,currency,1000000,2018-12-31,55,55,1,matched,2019,39114615f11b0ea05e12bb04558b8ba1e417db6e7114b88d5c288e73f234c8a8,93,Provisions less payments,55
unilever,cash_flow,14,Provisions less payments,1,EUR,currency,1000000,2019-12-31,7,7,1,matched,2021,25a4c72b6ae964841619dd59f9f857cfb798ad126da7286ce0e5d6e0ecf34694,120,Provisions less payments,7
unilever,cash_flow,14,Provisions less payments,1,EUR,currency,1000000,2020-12-31,-53,-53,1,matched,2021,25a4c72b6ae964841619dd59f9f857cfb798ad126da7286ce0e5d6e0ecf34694,120,Provisions less payments,(53)
unilever,cash_flow,14,Provisions less payments,1,EUR,currency,1000000,2021-12-31,-61,-61,1,matched,2023,d572ce64ca74378a6b60208d27288263fb17c26c0d06d954c1ef3b8439eb1cc1,179,Provisions less payments,(61)
unilever,cash_flow,14,Provisions less payments,1,EUR,currency,1000000,2022-12-31,203,203,1,matched,2023,d572ce64ca74378a6b60208d27288263fb17c26c0d06d954c1ef3b8439eb1cc1,179,Provisions less payments,203
unilever,cash_flow,14,Provisions less payments,1,EUR,currency,1000000,2023-12-31,-171,-171,1,matched,2025,dcdc67ff84977e2beeb6b7a8113b6862fae1880838c613eceac42ba4b605d9d7,135, Provisions less payments,(171)
unilever,cash_flow,14,Provisions less payments,1,EUR,currency,1000000,2024-12-31,289,289,1,matched,2025,dcdc67ff84977e2beeb6b7a8113b6862fae1880838c613eceac42ba4b605d9d7,135, Provisions less payments,289
unilever,cash_flow,14,Provisions less payments,1,EUR,currency,1000000,2025-12-31,-130,-130,1,matched,2025,dcdc67ff84977e2beeb6b7a8113b6862fae1880838c613eceac42ba4b605d9d7,135, Provisions less payments,(130)
unilever,cash_flow,15,Non-cash charge for share-based compensation,1,EUR,currency,1000000,2016-12-31,198,198,1,matched,2017,798661ad641ab15daa68854b13b9ae1e264e62a878090aae79ff3d07deb235d0,92,Non-cash charge for share-based compensation,198
unilever,cash_flow,15,Non-cash charge for share-based compensation,1,EUR,currency,1000000,2017-12-31,284,284,1,matched,2019,39114615f11b0ea05e12bb04558b8ba1e417db6e7114b88d5c288e73f234c8a8,93,Non-cash charge for share-based compensation,284
unilever,cash_flow,15,Non-cash charge for share-based compensation,1,EUR,currency,1000000,2018-12-31,196,196,1,matched,2019,39114615f11b0ea05e12bb04558b8ba1e417db6e7114b88d5c288e73f234c8a8,93,Non-cash charge for share-based compensation,196
unilever,cash_flow,15,Non-cash charge for share-based compensation,1,EUR,currency,1000000,2019-12-31,151,151,1,matched,2021,25a4c72b6ae964841619dd59f9f857cfb798ad126da7286ce0e5d6e0ecf34694,120,Non-cash charge for share-based compensation,151
unilever,cash_flow,15,Non-cash charge for share-based compensation,1,EUR,currency,1000000,2020-12-31,108,108,1,matched,2021,25a4c72b6ae964841619dd59f9f857cfb798ad126da7286ce0e5d6e0ecf34694,120,Non-cash charge for share-based compensation,108
unilever,cash_flow,15,Non-cash charge for share-based compensation,1,EUR,currency,1000000,2021-12-31,161,161,1,matched,2023,d572ce64ca74378a6b60208d27288263fb17c26c0d06d954c1ef3b8439eb1cc1,179,Non-cash charge for share-based compensation,161
unilever,cash_flow,15,Non-cash charge for share-based compensation,1,EUR,currency,1000000,2022-12-31,177,177,1,matched,2023,d572ce64ca74378a6b60208d27288263fb17c26c0d06d954c1ef3b8439eb1cc1,179,Non-cash charge for share-based compensation,177
unilever,cash_flow,15,Non-cash charge for share-based compensation,1,EUR,currency,1000000,2023-12-31,192,192,1,matched,2025,dcdc67ff84977e2beeb6b7a8113b6862fae1880838c613eceac42ba4b605d9d7,135, Non-cash charge for share-based compensation,192
unilever,cash_flow,15,Non-cash charge for share-based compensation,1,EUR,currency,1000000,2024-12-31,292,292,1,matched,2025,dcdc67ff84977e2beeb6b7a8113b6862fae1880838c613eceac42ba4b605d9d7,135, Non-cash charge for share-based compensation,292
unilever,cash_flow,15,Non-cash charge for share-based compensation,1,EUR,currency,1000000,2025-12-31,255,255,1,matched,2025,dcdc67ff84977e2beeb6b7a8113b6862fae1880838c613eceac42ba4b605d9d7,135, Non-cash charge for share-based compensation,255
unilever,cash_flow,16,Other adjustments,1,EUR,currency,1000000,2016-12-31,-81,-81,1,matched,2017,798661ad641ab15daa68854b13b9ae1e264e62a878090aae79ff3d07deb235d0,92,Other adjustments,(81)
unilever,cash_flow,16,Other adjustments,1,EUR,currency,1000000,2017-12-31,-153,-153,1,matched,2019,39114615f11b0ea05e12bb04558b8ba1e417db6e7114b88d5c288e73f234c8a8,93,Other adjustments(b),(153)
unilever,cash_flow,16,Other adjustments,1,EUR,currency,1000000,2018-12-31,-260,-260,1,matched,2019,39114615f11b0ea05e12bb04558b8ba1e417db6e7114b88d5c288e73f234c8a8,93,Other adjustments(b),(260)
unilever,cash_flow,16,Other adjustments,1,EUR,currency,1000000,2019-12-31,2,2,1,matched,2021,25a4c72b6ae964841619dd59f9f857cfb798ad126da7286ce0e5d6e0ecf34694,120,Other adjustments,2
unilever,cash_flow,16,Other adjustments,1,EUR,currency,1000000,2020-12-31,-1,-1,1,matched,2021,25a4c72b6ae964841619dd59f9f857cfb798ad126da7286ce0e5d6e0ecf34694,120,Other adjustments,(1)
unilever,cash_flow,16,Other adjustments,1,EUR,currency,1000000,2021-12-31,-53,-53,1,matched,2023,d572ce64ca74378a6b60208d27288263fb17c26c0d06d954c1ef3b8439eb1cc1,179,Other adjustments,(53)
unilever,cash_flow,16,Other adjustments,1,EUR,currency,1000000,2022-12-31,-116,-116,1,matched,2023,d572ce64ca74378a6b60208d27288263fb17c26c0d06d954c1ef3b8439eb1cc1,179,Other adjustments,(116)
unilever,cash_flow,16,Other adjustments,1,EUR,currency,1000000,2023-12-31,97,97,1,matched,2025,dcdc67ff84977e2beeb6b7a8113b6862fae1880838c613eceac42ba4b605d9d7,135, Other adjustments,97
unilever,cash_flow,16,Other adjustments,1,EUR,currency,1000000,2024-12-31,116,116,1,matched,2025,dcdc67ff84977e2beeb6b7a8113b6862fae1880838c613eceac42ba4b605d9d7,135, Other adjustments,116
unilever,cash_flow,16,Other adjustments,1,EUR,currency,1000000,2025-12-31,157,157,1,matched,2025,dcdc67ff84977e2beeb6b7a8113b6862fae1880838c613eceac42ba4b605d9d7,135, Other adjustments,157
unilever,cash_flow,17,Cash flow from continuing operating activities,1,EUR,currency,1000000,2016-12-31,,,0,blank_no_source,,,,,
unilever,cash_flow,17,Cash flow from continuing operating activities,1,EUR,currency,1000000,2017-12-31,,,0,blank_no_source,,,,,
unilever,cash_flow,17,Cash flow from continuing operating activities,1,EUR,currency,1000000,2018-12-31,,,0,blank_no_source,,,,,
unilever,cash_flow,17,Cash flow from continuing operating activities,1,EUR,currency,1000000,2019-12-31,,,0,blank_no_source,,,,,
unilever,cash_flow,17,Cash flow from continuing operating activities,1,EUR,currency,1000000,2020-12-31,,,0,blank_no_source,,,,,
unilever,cash_flow,17,Cash flow from continuing operating activities,1,EUR,currency,1000000,2021-12-31,,,0,blank_no_source,,,,,
unilever,cash_flow,17,Cash flow from continuing operating activities,1,EUR,currency,1000000,2022-12-31,,,0,blank_no_source,,,,,
unilever,cash_flow,17,Cash flow from continuing operating activities,1,EUR,currency,1000000,2023-12-31,10326,10326,1,matched,2025,dcdc67ff84977e2beeb6b7a8113b6862fae1880838c613eceac42ba4b605d9d7,135, Cash flow from continuing operating activities,"10,326"
unilever,cash_flow,17,Cash flow from continuing operating activities,1,EUR,currency,1000000,2024-12-31,10913,10913,1,matched,2025,dcdc67ff84977e2beeb6b7a8113b6862fae1880838c613eceac42ba4b605d9d7,135, Cash flow from continuing operating activities,"10,913"
unilever,cash_flow,17,Cash flow from continuing operating activities,1,EUR,currency,1000000,2025-12-31,10772,10772,1,matched,2025,dcdc67ff84977e2beeb6b7a8113b6862fae1880838c613eceac42ba4b605d9d7,135, Cash flow from continuing operating activities,"10,772"
unilever,cash_flow,18,Income tax paid on continuing operations,1,EUR,currency,1000000,2016-12-31,,,0,blank_no_source,,,,,
unilever,cash_flow,18,Income tax paid on continuing operations,1,EUR,currency,1000000,2017-12-31,,,0,blank_no_source,,,,,
unilever,cash_flow,18,Income tax paid on continuing operations,1,EUR,currency,1000000,2018-12-31,,,0,blank_no_source,,,,,
unilever,cash_flow,18,Income tax paid on continuing operations,1,EUR,currency,1000000,2019-12-31,,,0,blank_no_source,,,,,
unilever,cash_flow,18,Income tax paid on continuing operations,1,EUR,currency,1000000,2020-12-31,,,0,blank_no_source,,,,,
unilever,cash_flow,18,Income tax paid on continuing operations,1,EUR,currency,1000000,2021-12-31,,,0,blank_no_source,,,,,
unilever,cash_flow,18,Income tax paid on continuing operations,1,EUR,currency,1000000,2022-12-31,,,0,blank_no_source,,,,,
unilever,cash_flow,18,Income tax paid on continuing operations,1,EUR,currency,1000000,2023-12-31,-1933,-1933,1,matched,2025,dcdc67ff84977e2beeb6b7a8113b6862fae1880838c613eceac42ba4b605d9d7,135, Income tax paid on continuing operations,"(1,933)"
unilever,cash_flow,18,Income tax paid on continuing operations,1,EUR,currency,1000000,2024-12-31,-2452,-2452,1,matched,2025,dcdc67ff84977e2beeb6b7a8113b6862fae1880838c613eceac42ba4b605d9d7,135, Income tax paid on continuing operations,"(2,452)"
unilever,cash_flow,18,Income tax paid on continuing operations,1,EUR,currency,1000000,2025-12-31,-2720,-2720,1,matched,2025,dcdc67ff84977e2beeb6b7a8113b6862fae1880838c613eceac42ba4b605d9d7,135, Income tax paid on continuing operations,"(2,720)"
unilever,cash_flow,19,Net cash flow from continuing operating activities,1,EUR,currency,1000000,2016-12-31,,,0,blank_no_source,,,,,
unilever,cash_flow,19,Net cash flow from continuing operating activities,1,EUR,currency,1000000,2017-12-31,,,0,blank_no_source,,,,,
unilever,cash_flow,19,Net cash flow from continuing operating activities,1,EUR,currency,1000000,2018-12-31,,,0,blank_no_source,,,,,
unilever,cash_flow,19,Net cash flow from continuing operating activities,1,EUR,currency,1000000,2019-12-31,,,0,blank_no_source,,,,,
unilever,cash_flow,19,Net cash flow from continuing operating activities,1,EUR,currency,1000000,2020-12-31,,,0,blank_no_source,,,,,
unilever,cash_flow,19,Net cash flow from continuing operating activities,1,EUR,currency,1000000,2021-12-31,,,0,blank_no_source,,,,,
unilever,cash_flow,19,Net cash flow from continuing operating activities,1,EUR,currency,1000000,2022-12-31,,,0,blank_no_source,,,,,
unilever,cash_flow,19,Net cash flow from continuing operating activities,1,EUR,currency,1000000,2023-12-31,8393,8393,1,matched,2025,dcdc67ff84977e2beeb6b7a8113b6862fae1880838c613eceac42ba4b605d9d7,135, Net cash flow from continuing operating activities,"8,393"
unilever,cash_flow,19,Net cash flow from continuing operating activities,1,EUR,currency,1000000,2024-12-31,8461,8461,1,matched,2025,dcdc67ff84977e2beeb6b7a8113b6862fae1880838c613eceac42ba4b605d9d7,135, Net cash flow from continuing operating activities,"8,461"
unilever,cash_flow,19,Net cash flow from continuing operating activities,1,EUR,currency,1000000,2025-12-31,8052,8052,1,matched,2025,dcdc67ff84977e2beeb6b7a8113b6862fae1880838c613eceac42ba4b605d9d7,135, Net cash flow from continuing operating activities,"8,052"
unilever,cash_flow,20,Cash flow from operations attributable to discontinued operations,1,EUR,currency,1000000,2016-12-31,,,0,blank_no_source,,,,,
unilever,cash_flow,20,Cash flow from operations attributable to discontinued operations,1,EUR,currency,1000000,2017-12-31,,,0,blank_no_source,,,,,
unilever,cash_flow,20,Cash flow from operations attributable to discontinued operations,1,EUR,currency,1000000,2018-12-31,,,0,blank_no_source,,,,,
unilever,cash_flow,20,Cash flow from operations attributable to discontinued operations,1,EUR,currency,1000000,2019-12-31,,,0,blank_no_source,,,,,
unilever,cash_flow,20,Cash flow from operations attributable to discontinued operations,1,EUR,currency,1000000,2020-12-31,,,0,blank_no_source,,,,,
unilever,cash_flow,20,Cash flow from operations attributable to discontinued operations,1,EUR,currency,1000000,2021-12-31,,,0,blank_no_source,,,,,
unilever,cash_flow,20,Cash flow from operations attributable to discontinued operations,1,EUR,currency,1000000,2022-12-31,,,0,blank_no_source,,,,,
unilever,cash_flow,20,Cash flow from operations attributable to discontinued operations,1,EUR,currency,1000000,2023-12-31,1235,1235,1,matched,2025,dcdc67ff84977e2beeb6b7a8113b6862fae1880838c613eceac42ba4b605d9d7,135, Cash flow from operations attributable to discontinued operations,"1,235"
unilever,cash_flow,20,Cash flow from operations attributable to discontinued operations,1,EUR,currency,1000000,2024-12-31,1231,1231,1,matched,2025,dcdc67ff84977e2beeb6b7a8113b6862fae1880838c613eceac42ba4b605d9d7,135, Cash flow from operations attributable to discontinued operations,"1,231"
unilever,cash_flow,20,Cash flow from operations attributable to discontinued operations,1,EUR,currency,1000000,2025-12-31,475,475,1,matched,2025,dcdc67ff84977e2beeb6b7a8113b6862fae1880838c613eceac42ba4b605d9d7,135, Cash flow from operations attributable to discontinued operations,475
unilever,cash_flow,21,Income tax paid from discontinued operation,1,EUR,currency,1000000,2016-12-31,,,0,blank_no_source,,,,,
unilever,cash_flow,21,Income tax paid from discontinued operation,1,EUR,currency,1000000,2017-12-31,,,0,blank_no_source,,,,,
unilever,cash_flow,21,Income tax paid from discontinued operation,1,EUR,currency,1000000,2018-12-31,,,0,blank_no_source,,,,,
unilever,cash_flow,21,Income tax paid from discontinued operation,1,EUR,currency,1000000,2019-12-31,,,0,blank_no_source,,,,,
unilever,cash_flow,21,Income tax paid from discontinued operation,1,EUR,currency,1000000,2020-12-31,,,0,blank_no_source,,,,,
unilever,cash_flow,21,Income tax paid from discontinued operation,1,EUR,currency,1000000,2021-12-31,,,0,blank_no_source,,,,,
unilever,cash_flow,21,Income tax paid from discontinued operation,1,EUR,currency,1000000,2022-12-31,,,0,blank_no_source,,,,,
unilever,cash_flow,21,Income tax paid from discontinued operation,1,EUR,currency,1000000,2023-12-31,-202,-202,1,matched,2025,dcdc67ff84977e2beeb6b7a8113b6862fae1880838c613eceac42ba4b605d9d7,135, Income tax paid from discontinued operation,(202)
unilever,cash_flow,21,Income tax paid from discontinued operation,1,EUR,currency,1000000,2024-12-31,-173,-173,1,matched,2025,dcdc67ff84977e2beeb6b7a8113b6862fae1880838c613eceac42ba4b605d9d7,135, Income tax paid from discontinued operation,(173)
unilever,cash_flow,21,Income tax paid from discontinued operation,1,EUR,currency,1000000,2025-12-31,-177,-177,1,matched,2025,dcdc67ff84977e2beeb6b7a8113b6862fae1880838c613eceac42ba4b605d9d7,135, Income tax paid from discontinued operation,(177)
unilever,cash_flow,22,Net operating cash flows attributable to discontinued operations,1,EUR,currency,1000000,2016-12-31,,,0,blank_no_source,,,,,
unilever,cash_flow,22,Net operating cash flows attributable to discontinued operations,1,EUR,currency,1000000,2017-12-31,,,0,blank_no_source,,,,,
unilever,cash_flow,22,Net operating cash flows attributable to discontinued operations,1,EUR,currency,1000000,2018-12-31,,,0,blank_no_source,,,,,
unilever,cash_flow,22,Net operating cash flows attributable to discontinued operations,1,EUR,currency,1000000,2019-12-31,,,0,blank_no_source,,,,,
unilever,cash_flow,22,Net operating cash flows attributable to discontinued operations,1,EUR,currency,1000000,2020-12-31,,,0,blank_no_source,,,,,
unilever,cash_flow,22,Net operating cash flows attributable to discontinued operations,1,EUR,currency,1000000,2021-12-31,,,0,blank_no_source,,,,,
unilever,cash_flow,22,Net operating cash flows attributable to discontinued operations,1,EUR,currency,1000000,2022-12-31,,,0,blank_no_source,,,,,
unilever,cash_flow,22,Net operating cash flows attributable to discontinued operations,1,EUR,currency,1000000,2023-12-31,1033,1033,1,matched,2025,dcdc67ff84977e2beeb6b7a8113b6862fae1880838c613eceac42ba4b605d9d7,135, Net operating cash flows attributable to discontinued operations,"1,033"
unilever,cash_flow,22,Net operating cash flows attributable to discontinued operations,1,EUR,currency,1000000,2024-12-31,1058,1058,1,matched,2025,dcdc67ff84977e2beeb6b7a8113b6862fae1880838c613eceac42ba4b605d9d7,135, Net operating cash flows attributable to discontinued operations,"1,058"
unilever,cash_flow,22,Net operating cash flows attributable to discontinued operations,1,EUR,currency,1000000,2025-12-31,298,298,1,matched,2025,dcdc67ff84977e2beeb6b7a8113b6862fae1880838c613eceac42ba4b605d9d7,135, Net operating cash flows attributable to discontinued operations,298
unilever,cash_flow,23,Interest received,1,EUR,currency,1000000,2016-12-31,105,105,1,matched,2017,798661ad641ab15daa68854b13b9ae1e264e62a878090aae79ff3d07deb235d0,92,Interest received,105
unilever,cash_flow,23,Interest received,1,EUR,currency,1000000,2017-12-31,154,154,1,matched,2019,39114615f11b0ea05e12bb04558b8ba1e417db6e7114b88d5c288e73f234c8a8,93,Interest received,154
unilever,cash_flow,23,Interest received,1,EUR,currency,1000000,2018-12-31,110,110,1,matched,2019,39114615f11b0ea05e12bb04558b8ba1e417db6e7114b88d5c288e73f234c8a8,93,Interest received,110
unilever,cash_flow,23,Interest received,1,EUR,currency,1000000,2019-12-31,146,146,1,matched,2021,25a4c72b6ae964841619dd59f9f857cfb798ad126da7286ce0e5d6e0ecf34694,120,Interest received,146
unilever,cash_flow,23,Interest received,1,EUR,currency,1000000,2020-12-31,169,169,1,matched,2021,25a4c72b6ae964841619dd59f9f857cfb798ad126da7286ce0e5d6e0ecf34694,120,Interest received,169
unilever,cash_flow,23,Interest received,1,EUR,currency,1000000,2021-12-31,148,148,1,matched,2023,d572ce64ca74378a6b60208d27288263fb17c26c0d06d954c1ef3b8439eb1cc1,179,Interest received,148
unilever,cash_flow,23,Interest received,1,EUR,currency,1000000,2022-12-31,287,287,1,matched,2023,d572ce64ca74378a6b60208d27288263fb17c26c0d06d954c1ef3b8439eb1cc1,179,Interest received,287
unilever,cash_flow,23,Interest received,1,EUR,currency,1000000,2023-12-31,223,223,1,matched,2025,dcdc67ff84977e2beeb6b7a8113b6862fae1880838c613eceac42ba4b605d9d7,135, Interest received,223
unilever,cash_flow,23,Interest received,1,EUR,currency,1000000,2024-12-31,370,370,1,matched,2025,dcdc67ff84977e2beeb6b7a8113b6862fae1880838c613eceac42ba4b605d9d7,135, Interest received,370
unilever,cash_flow,23,Interest received,1,EUR,currency,1000000,2025-12-31,352,352,1,matched,2025,dcdc67ff84977e2beeb6b7a8113b6862fae1880838c613eceac42ba4b605d9d7,135, Interest received,352
unilever,cash_flow,24,Net profit,1,EUR,currency,1000000,2016-12-31,5547,5547,1,matched,2017,798661ad641ab15daa68854b13b9ae1e264e62a878090aae79ff3d07deb235d0,92,Net profit,"5,547"
unilever,cash_flow,24,Net profit,1,EUR,currency,1000000,2017-12-31,6456,6456,1,matched,2019,39114615f11b0ea05e12bb04558b8ba1e417db6e7114b88d5c288e73f234c8a8,93,Net profit,"6,456"
unilever,cash_flow,24,Net profit,1,EUR,currency,1000000,2018-12-31,9788,9788,1,matched,2019,39114615f11b0ea05e12bb04558b8ba1e417db6e7114b88d5c288e73f234c8a8,93,Net profit,"9,788"
unilever,cash_flow,24,Net profit,1,EUR,currency,1000000,2019-12-31,6026,6026,1,matched,2021,25a4c72b6ae964841619dd59f9f857cfb798ad126da7286ce0e5d6e0ecf34694,120,Net profit,"6,026"
unilever,cash_flow,24,Net profit,1,EUR,currency,1000000,2020-12-31,6073,6073,1,matched,2021,25a4c72b6ae964841619dd59f9f857cfb798ad126da7286ce0e5d6e0ecf34694,120,Net profit,"6,073"
unilever,cash_flow,24,Net profit,1,EUR,currency,1000000,2021-12-31,6621,6621,1,matched,2023,d572ce64ca74378a6b60208d27288263fb17c26c0d06d954c1ef3b8439eb1cc1,179,Net profit,"6,621"
unilever,cash_flow,24,Net profit,1,EUR,currency,1000000,2022-12-31,8269,8269,1,matched,2023,d572ce64ca74378a6b60208d27288263fb17c26c0d06d954c1ef3b8439eb1cc1,179,Net profit,"8,269"
unilever,cash_flow,24,Net profit,1,EUR,currency,1000000,2023-12-31,7140,7140,1,matched,2023,d572ce64ca74378a6b60208d27288263fb17c26c0d06d954c1ef3b8439eb1cc1,179,Net profit,"7,140"
unilever,cash_flow,24,Net profit,1,EUR,currency,1000000,2024-12-31,,,0,blank_no_source,,,,,
unilever,cash_flow,24,Net profit,1,EUR,currency,1000000,2025-12-31,,,0,blank_no_source,,,,,
unilever,cash_flow,25,Operating profit,1,EUR,currency,1000000,2016-12-31,7801,7801,1,matched,2017,798661ad641ab15daa68854b13b9ae1e264e62a878090aae79ff3d07deb235d0,92,Operating profit,"7,801"
unilever,cash_flow,25,Operating profit,1,EUR,currency,1000000,2017-12-31,8957,8957,1,matched,2019,39114615f11b0ea05e12bb04558b8ba1e417db6e7114b88d5c288e73f234c8a8,93,Operating profit,"8,957"
unilever,cash_flow,25,Operating profit,1,EUR,currency,1000000,2018-12-31,12639,12639,1,matched,2019,39114615f11b0ea05e12bb04558b8ba1e417db6e7114b88d5c288e73f234c8a8,93,Operating profit,"12,639"
unilever,cash_flow,25,Operating profit,1,EUR,currency,1000000,2019-12-31,8708,8708,1,matched,2021,25a4c72b6ae964841619dd59f9f857cfb798ad126da7286ce0e5d6e0ecf34694,120,Operating profit,"8,708"
unilever,cash_flow,25,Operating profit,1,EUR,currency,1000000,2020-12-31,8303,8303,1,matched,2021,25a4c72b6ae964841619dd59f9f857cfb798ad126da7286ce0e5d6e0ecf34694,120,Operating profit,"8,303"
unilever,cash_flow,25,Operating profit,1,EUR,currency,1000000,2021-12-31,8702,8702,1,matched,2023,d572ce64ca74378a6b60208d27288263fb17c26c0d06d954c1ef3b8439eb1cc1,179,Operating profit,"8,702"
unilever,cash_flow,25,Operating profit,1,EUR,currency,1000000,2022-12-31,10755,10755,1,matched,2023,d572ce64ca74378a6b60208d27288263fb17c26c0d06d954c1ef3b8439eb1cc1,179,Operating profit,"10,755"
unilever,cash_flow,25,Operating profit,1,EUR,currency,1000000,2023-12-31,9758,9758,1,matched,2023,d572ce64ca74378a6b60208d27288263fb17c26c0d06d954c1ef3b8439eb1cc1,179,Operating profit,"9,758"
unilever,cash_flow,25,Operating profit,1,EUR,currency,1000000,2024-12-31,,,0,blank_no_source,,,,,
unilever,cash_flow,25,Operating profit,1,EUR,currency,1000000,2025-12-31,,,0,blank_no_source,,,,,
unilever,cash_flow,26,Income tax paid,1,EUR,currency,1000000,2016-12-31,-2251,-2251,1,matched,2017,798661ad641ab15daa68854b13b9ae1e264e62a878090aae79ff3d07deb235d0,92,Income tax paid,"(2,251)"
unilever,cash_flow,26,Income tax paid,1,EUR,currency,1000000,2017-12-31,-2164,-2164,1,matched,2019,39114615f11b0ea05e12bb04558b8ba1e417db6e7114b88d5c288e73f234c8a8,93,Income tax paid,"(2,164)"
unilever,cash_flow,26,Income tax paid,1,EUR,currency,1000000,2018-12-31,-2294,-2294,1,matched,2019,39114615f11b0ea05e12bb04558b8ba1e417db6e7114b88d5c288e73f234c8a8,93,Income tax paid,"(2,294)"
unilever,cash_flow,26,Income tax paid,1,EUR,currency,1000000,2019-12-31,-2532,-2532,1,matched,2021,25a4c72b6ae964841619dd59f9f857cfb798ad126da7286ce0e5d6e0ecf34694,120,Income tax paid,"(2,532)"
unilever,cash_flow,26,Income tax paid,1,EUR,currency,1000000,2020-12-31,-1875,-1875,1,matched,2021,25a4c72b6ae964841619dd59f9f857cfb798ad126da7286ce0e5d6e0ecf34694,120,Income tax paid,"(1,875)"
unilever,cash_flow,26,Income tax paid,1,EUR,currency,1000000,2021-12-31,-2333,-2333,1,matched,2023,d572ce64ca74378a6b60208d27288263fb17c26c0d06d954c1ef3b8439eb1cc1,179,Income tax paid,"(2,333)"
unilever,cash_flow,26,Income tax paid,1,EUR,currency,1000000,2022-12-31,-2807,-2807,1,matched,2023,d572ce64ca74378a6b60208d27288263fb17c26c0d06d954c1ef3b8439eb1cc1,179,Income tax paid,"(2,807)"
unilever,cash_flow,26,Income tax paid,1,EUR,currency,1000000,2023-12-31,-2135,-2135,1,matched,2023,d572ce64ca74378a6b60208d27288263fb17c26c0d06d954c1ef3b8439eb1cc1,179,Income tax paid,"(2,135)"
unilever,cash_flow,26,Income tax paid,1,EUR,currency,1000000,2024-12-31,,,0,blank_no_source,,,,,
unilever,cash_flow,26,Income tax paid,1,EUR,currency,1000000,2025-12-31,,,0,blank_no_source,,,,,
unilever,cash_flow,27,Total cash flows from operating activities,1,EUR,currency,1000000,2016-12-31,7047,7047,1,matched,2017,798661ad641ab15daa68854b13b9ae1e264e62a878090aae79ff3d07deb235d0,92,Net cash flow from operating activities,"7,047"
unilever,cash_flow,27,Total cash flows from operating activities,1,EUR,currency,1000000,2017-12-31,7879,7879,1,matched,2019,39114615f11b0ea05e12bb04558b8ba1e417db6e7114b88d5c288e73f234c8a8,93,Net cash flow from operating activities,"7,879"
unilever,cash_flow,27,Total cash flows from operating activities,1,EUR,currency,1000000,2018-12-31,7318,7318,1,matched,2019,39114615f11b0ea05e12bb04558b8ba1e417db6e7114b88d5c288e73f234c8a8,93,Net cash flow from operating activities,"7,318"
unilever,cash_flow,27,Total cash flows from operating activities,1,EUR,currency,1000000,2019-12-31,8109,8109,1,matched,2021,25a4c72b6ae964841619dd59f9f857cfb798ad126da7286ce0e5d6e0ecf34694,120,Net cash flow from operating activities,"8,109"
unilever,cash_flow,27,Total cash flows from operating activities,1,EUR,currency,1000000,2020-12-31,9058,9058,1,matched,2021,25a4c72b6ae964841619dd59f9f857cfb798ad126da7286ce0e5d6e0ecf34694,120,Net cash flow from operating activities,"9,058"
unilever,cash_flow,27,Total cash flows from operating activities,1,EUR,currency,1000000,2021-12-31,7972,7972,1,matched,2023,d572ce64ca74378a6b60208d27288263fb17c26c0d06d954c1ef3b8439eb1cc1,179,Net cash flow from operating activities,"7,972"
unilever,cash_flow,27,Total cash flows from operating activities,1,EUR,currency,1000000,2022-12-31,7282,7282,1,matched,2023,d572ce64ca74378a6b60208d27288263fb17c26c0d06d954c1ef3b8439eb1cc1,179,Net cash flow from operating activities,"7,282"
unilever,cash_flow,27,Total cash flows from operating activities,1,EUR,currency,1000000,2023-12-31,9426,9426,1,matched,2025,dcdc67ff84977e2beeb6b7a8113b6862fae1880838c613eceac42ba4b605d9d7,135, Total cash flows from operating activities,"9,426"
unilever,cash_flow,27,Total cash flows from operating activities,1,EUR,currency,1000000,2024-12-31,9519,9519,1,matched,2025,dcdc67ff84977e2beeb6b7a8113b6862fae1880838c613eceac42ba4b605d9d7,135, Total cash flows from operating activities,"9,519"
unilever,cash_flow,27,Total cash flows from operating activities,1,EUR,currency,1000000,2025-12-31,8350,8350,1,matched,2025,dcdc67ff84977e2beeb6b7a8113b6862fae1880838c613eceac42ba4b605d9d7,135, Total cash flows from operating activities,"8,350"
unilever,cash_flow,28,Cash flow from operating activities,1,EUR,currency,1000000,2016-12-31,9298,9298,1,matched,2017,798661ad641ab15daa68854b13b9ae1e264e62a878090aae79ff3d07deb235d0,92,Cash flow from operating activities,"9,298"
unilever,cash_flow,28,Cash flow from operating activities,1,EUR,currency,1000000,2017-12-31,10043,10043,1,matched,2019,39114615f11b0ea05e12bb04558b8ba1e417db6e7114b88d5c288e73f234c8a8,93,Cash flow from operating activities,"10,043"
unilever,cash_flow,28,Cash flow from operating activities,1,EUR,currency,1000000,2018-12-31,9612,9612,1,matched,2019,39114615f11b0ea05e12bb04558b8ba1e417db6e7114b88d5c288e73f234c8a8,93,Cash flow from operating activities,"9,612"
unilever,cash_flow,28,Cash flow from operating activities,1,EUR,currency,1000000,2019-12-31,10641,10641,1,matched,2021,25a4c72b6ae964841619dd59f9f857cfb798ad126da7286ce0e5d6e0ecf34694,120,Cash flow from operating activities,"10,641"
unilever,cash_flow,28,Cash flow from operating activities,1,EUR,currency,1000000,2020-12-31,10933,10933,1,matched,2021,25a4c72b6ae964841619dd59f9f857cfb798ad126da7286ce0e5d6e0ecf34694,120,Cash flow from operating activities,"10,933"
unilever,cash_flow,28,Cash flow from operating activities,1,EUR,currency,1000000,2021-12-31,10305,10305,1,matched,2023,d572ce64ca74378a6b60208d27288263fb17c26c0d06d954c1ef3b8439eb1cc1,179,Cash flow from operating activities,"10,305"
unilever,cash_flow,28,Cash flow from operating activities,1,EUR,currency,1000000,2022-12-31,10089,10089,1,matched,2023,d572ce64ca74378a6b60208d27288263fb17c26c0d06d954c1ef3b8439eb1cc1,179,Cash flow from operating activities,"10,089"
unilever,cash_flow,28,Cash flow from operating activities,1,EUR,currency,1000000,2023-12-31,11561,11561,1,matched,2023,d572ce64ca74378a6b60208d27288263fb17c26c0d06d954c1ef3b8439eb1cc1,179,Cash flow from operating activities,"11,561"
unilever,cash_flow,28,Cash flow from operating activities,1,EUR,currency,1000000,2024-12-31,,,0,blank_no_source,,,,,
unilever,cash_flow,28,Cash flow from operating activities,1,EUR,currency,1000000,2025-12-31,,,0,blank_no_source,,,,,
unilever,cash_flow,29,Elimination of losses/(profits) on disposals,1,EUR,currency,1000000,2016-12-31,127,127,1,matched,2017,798661ad641ab15daa68854b13b9ae1e264e62a878090aae79ff3d07deb235d0,92,Elimination of (profits)/losses on disposals,127
unilever,cash_flow,29,Elimination of losses/(profits) on disposals,1,EUR,currency,1000000,2017-12-31,-298,-298,1,matched,2019,39114615f11b0ea05e12bb04558b8ba1e417db6e7114b88d5c288e73f234c8a8,93,Elimination of (profits)/losses on disposals,(298)
unilever,cash_flow,29,Elimination of losses/(profits) on disposals,1,EUR,currency,1000000,2018-12-31,-4313,-4313,1,matched,2019,39114615f11b0ea05e12bb04558b8ba1e417db6e7114b88d5c288e73f234c8a8,93,Elimination of (profits)/losses on disposals,"(4,313)"
unilever,cash_flow,29,Elimination of losses/(profits) on disposals,1,EUR,currency,1000000,2019-12-31,60,60,1,matched,2021,25a4c72b6ae964841619dd59f9f857cfb798ad126da7286ce0e5d6e0ecf34694,120,Elimination of (profits)/losses on disposals,60
unilever,cash_flow,29,Elimination of losses/(profits) on disposals,1,EUR,currency,1000000,2020-12-31,60,60,1,matched,2021,25a4c72b6ae964841619dd59f9f857cfb798ad126da7286ce0e5d6e0ecf34694,120,Elimination of (profits)/losses on disposals,60
unilever,cash_flow,29,Elimination of losses/(profits) on disposals,1,EUR,currency,1000000,2021-12-31,23,23,1,matched,2023,d572ce64ca74378a6b60208d27288263fb17c26c0d06d954c1ef3b8439eb1cc1,179,Elimination of (profits)/losses on disposals,23
unilever,cash_flow,29,Elimination of losses/(profits) on disposals,1,EUR,currency,1000000,2022-12-31,-2335,-2335,1,matched,2023,d572ce64ca74378a6b60208d27288263fb17c26c0d06d954c1ef3b8439eb1cc1,179,Elimination of (profits)/losses on disposals,"(2,335)"
unilever,cash_flow,29,Elimination of losses/(profits) on disposals,1,EUR,currency,1000000,2023-12-31,-440,-440,1,matched,2025,dcdc67ff84977e2beeb6b7a8113b6862fae1880838c613eceac42ba4b605d9d7,135, Elimination of losses/(profits) on disposals,(440)
unilever,cash_flow,29,Elimination of losses/(profits) on disposals,1,EUR,currency,1000000,2024-12-31,259,259,1,matched,2025,dcdc67ff84977e2beeb6b7a8113b6862fae1880838c613eceac42ba4b605d9d7,135, Elimination of losses/(profits) on disposals,259
unilever,cash_flow,29,Elimination of losses/(profits) on disposals,1,EUR,currency,1000000,2025-12-31,58,58,1,matched,2025,dcdc67ff84977e2beeb6b7a8113b6862fae1880838c613eceac42ba4b605d9d7,135, Elimination of losses/(profits) on disposals,58
unilever,cash_flow,30,Purchase of intangible assets,1,EUR,currency,1000000,2016-12-31,-232,-232,1,matched,2017,798661ad641ab15daa68854b13b9ae1e264e62a878090aae79ff3d07deb235d0,92,Purchase of intangible assets,(232)
unilever,cash_flow,30,Purchase of intangible assets,1,EUR,currency,1000000,2017-12-31,-158,-158,1,matched,2019,39114615f11b0ea05e12bb04558b8ba1e417db6e7114b88d5c288e73f234c8a8,93,Purchase of intangible assets,(158)
unilever,cash_flow,30,Purchase of intangible assets,1,EUR,currency,1000000,2018-12-31,-203,-203,1,matched,2019,39114615f11b0ea05e12bb04558b8ba1e417db6e7114b88d5c288e73f234c8a8,93,Purchase of intangible assets,(203)
unilever,cash_flow,30,Purchase of intangible assets,1,EUR,currency,1000000,2019-12-31,-210,-210,1,matched,2021,25a4c72b6ae964841619dd59f9f857cfb798ad126da7286ce0e5d6e0ecf34694,120,Purchase of intangible assets,(210)
unilever,cash_flow,30,Purchase of intangible assets,1,EUR,currency,1000000,2020-12-31,-158,-158,1,matched,2021,25a4c72b6ae964841619dd59f9f857cfb798ad126da7286ce0e5d6e0ecf34694,120,Purchase of intangible assets,(158)
unilever,cash_flow,30,Purchase of intangible assets,1,EUR,currency,1000000,2021-12-31,-232,-232,1,matched,2023,d572ce64ca74378a6b60208d27288263fb17c26c0d06d954c1ef3b8439eb1cc1,179,Purchase of intangible assets,(232)
unilever,cash_flow,30,Purchase of intangible assets,1,EUR,currency,1000000,2022-12-31,-253,-253,1,matched,2023,d572ce64ca74378a6b60208d27288263fb17c26c0d06d954c1ef3b8439eb1cc1,179,Purchase of intangible assets,(253)
unilever,cash_flow,30,Purchase of intangible assets,1,EUR,currency,1000000,2023-12-31,-241,-241,1,matched,2025,dcdc67ff84977e2beeb6b7a8113b6862fae1880838c613eceac42ba4b605d9d7,135, Purchase of intangible assets,(241)
unilever,cash_flow,30,Purchase of intangible assets,1,EUR,currency,1000000,2024-12-31,-233,-233,1,matched,2025,dcdc67ff84977e2beeb6b7a8113b6862fae1880838c613eceac42ba4b605d9d7,135, Purchase of intangible assets,(233)
unilever,cash_flow,30,Purchase of intangible assets,1,EUR,currency,1000000,2025-12-31,-174,-174,1,matched,2025,dcdc67ff84977e2beeb6b7a8113b6862fae1880838c613eceac42ba4b605d9d7,135, Purchase of intangible assets,(174)
unilever,cash_flow,31,"Purchase of property, plant and equipment",1,EUR,currency,1000000,2016-12-31,-1804,-1804,1,matched,2017,798661ad641ab15daa68854b13b9ae1e264e62a878090aae79ff3d07deb235d0,92,"Purchase of property, plant and equipment","(1,804)"
unilever,cash_flow,31,"Purchase of property, plant and equipment",1,EUR,currency,1000000,2017-12-31,-1509,-1509,1,matched,2019,39114615f11b0ea05e12bb04558b8ba1e417db6e7114b88d5c288e73f234c8a8,93,"Purchase of property, plant and equipment","(1,509)"
unilever,cash_flow,31,"Purchase of property, plant and equipment",1,EUR,currency,1000000,2018-12-31,-1329,-1329,1,matched,2019,39114615f11b0ea05e12bb04558b8ba1e417db6e7114b88d5c288e73f234c8a8,93,"Purchase of property, plant and equipment","(1,329)"
unilever,cash_flow,31,"Purchase of property, plant and equipment",1,EUR,currency,1000000,2019-12-31,-1316,-1316,1,matched,2021,25a4c72b6ae964841619dd59f9f857cfb798ad126da7286ce0e5d6e0ecf34694,120,"Purchase of property, plant and equipment","(1,316)"
unilever,cash_flow,31,"Purchase of property, plant and equipment",1,EUR,currency,1000000,2020-12-31,-863,-863,1,matched,2021,25a4c72b6ae964841619dd59f9f857cfb798ad126da7286ce0e5d6e0ecf34694,120,"Purchase of property, plant and equipment",(863)
unilever,cash_flow,31,"Purchase of property, plant and equipment",1,EUR,currency,1000000,2021-12-31,-1108,-1108,1,matched,2023,d572ce64ca74378a6b60208d27288263fb17c26c0d06d954c1ef3b8439eb1cc1,179,"Purchase of property, plant and equipment","(1,108)"
unilever,cash_flow,31,"Purchase of property, plant and equipment",1,EUR,currency,1000000,2022-12-31,-1456,-1456,1,matched,2023,d572ce64ca74378a6b60208d27288263fb17c26c0d06d954c1ef3b8439eb1cc1,179,"Purchase of property, plant and equipment","(1,456)"
unilever,cash_flow,31,"Purchase of property, plant and equipment",1,EUR,currency,1000000,2023-12-31,-1194,-1194,1,matched,2025,dcdc67ff84977e2beeb6b7a8113b6862fae1880838c613eceac42ba4b605d9d7,135," Purchase of property, plant and equipment","(1,194)"
unilever,cash_flow,31,"Purchase of property, plant and equipment",1,EUR,currency,1000000,2024-12-31,-1381,-1381,1,matched,2025,dcdc67ff84977e2beeb6b7a8113b6862fae1880838c613eceac42ba4b605d9d7,135," Purchase of property, plant and equipment","(1,381)"
unilever,cash_flow,31,"Purchase of property, plant and equipment",1,EUR,currency,1000000,2025-12-31,-1417,-1417,1,matched,2025,dcdc67ff84977e2beeb6b7a8113b6862fae1880838c613eceac42ba4b605d9d7,135," Purchase of property, plant and equipment","(1,417)"
unilever,cash_flow,32,"Disposal of property, plant and equipment",1,EUR,currency,1000000,2016-12-31,158,158,1,matched,2017,798661ad641ab15daa68854b13b9ae1e264e62a878090aae79ff3d07deb235d0,92,"Disposal of property, plant and equipment",158
unilever,cash_flow,32,"Disposal of property, plant and equipment",1,EUR,currency,1000000,2017-12-31,46,46,1,matched,2019,39114615f11b0ea05e12bb04558b8ba1e417db6e7114b88d5c288e73f234c8a8,93,"Disposal of property, plant and equipment",46
unilever,cash_flow,32,"Disposal of property, plant and equipment",1,EUR,currency,1000000,2018-12-31,108,108,1,matched,2019,39114615f11b0ea05e12bb04558b8ba1e417db6e7114b88d5c288e73f234c8a8,93,"Disposal of property, plant and equipment",108
unilever,cash_flow,32,"Disposal of property, plant and equipment",1,EUR,currency,1000000,2019-12-31,97,97,1,matched,2021,25a4c72b6ae964841619dd59f9f857cfb798ad126da7286ce0e5d6e0ecf34694,120,"Disposal of property, plant and equipment",97
unilever,cash_flow,32,"Disposal of property, plant and equipment",1,EUR,currency,1000000,2020-12-31,89,89,1,matched,2021,25a4c72b6ae964841619dd59f9f857cfb798ad126da7286ce0e5d6e0ecf34694,120,"Disposal of property, plant and equipment",89
unilever,cash_flow,32,"Disposal of property, plant and equipment",1,EUR,currency,1000000,2021-12-31,101,101,1,matched,2023,d572ce64ca74378a6b60208d27288263fb17c26c0d06d954c1ef3b8439eb1cc1,179,"Disposal of property, plant and equipment",101
unilever,cash_flow,32,"Disposal of property, plant and equipment",1,EUR,currency,1000000,2022-12-31,82,82,1,matched,2023,d572ce64ca74378a6b60208d27288263fb17c26c0d06d954c1ef3b8439eb1cc1,179,"Disposal of property, plant and equipment",82
unilever,cash_flow,32,"Disposal of property, plant and equipment",1,EUR,currency,1000000,2023-12-31,15,15,1,matched,2025,dcdc67ff84977e2beeb6b7a8113b6862fae1880838c613eceac42ba4b605d9d7,135," Disposal of property, plant and equipment",15
unilever,cash_flow,32,"Disposal of property, plant and equipment",1,EUR,currency,1000000,2024-12-31,15,15,1,matched,2025,dcdc67ff84977e2beeb6b7a8113b6862fae1880838c613eceac42ba4b605d9d7,135," Disposal of property, plant and equipment",15
unilever,cash_flow,32,"Disposal of property, plant and equipment",1,EUR,currency,1000000,2025-12-31,126,126,1,matched,2025,dcdc67ff84977e2beeb6b7a8113b6862fae1880838c613eceac42ba4b605d9d7,135," Disposal of property, plant and equipment",126
unilever,cash_flow,33,Acquisition of businesses and investments in joint ventures and associates,1,EUR,currency,1000000,2016-12-31,-1731,-1731,1,matched,2017,798661ad641ab15daa68854b13b9ae1e264e62a878090aae79ff3d07deb235d0,92,"Acquisition of group companies, joint ventures and associates","(1,731)"
unilever,cash_flow,33,Acquisition of businesses and investments in joint ventures and associates,1,EUR,currency,1000000,2017-12-31,-4896,-4896,1,matched,2019,39114615f11b0ea05e12bb04558b8ba1e417db6e7114b88d5c288e73f234c8a8,93,Acquisition of businesses and investments in joint ventures and associates,"(4,896)"
unilever,cash_flow,33,Acquisition of businesses and investments in joint ventures and associates,1,EUR,currency,1000000,2018-12-31,-1336,-1336,1,matched,2019,39114615f11b0ea05e12bb04558b8ba1e417db6e7114b88d5c288e73f234c8a8,93,Acquisition of businesses and investments in joint ventures and associates,"(1,336)"
unilever,cash_flow,33,Acquisition of businesses and investments in joint ventures and associates,1,EUR,currency,1000000,2019-12-31,-1122,-1122,1,matched,2021,25a4c72b6ae964841619dd59f9f857cfb798ad126da7286ce0e5d6e0ecf34694,120,Acquisition of businesses and investments in joint ventures and associates,"(1,122)"
unilever,cash_flow,33,Acquisition of businesses and investments in joint ventures and associates,1,EUR,currency,1000000,2020-12-31,-1426,-1426,1,matched,2021,25a4c72b6ae964841619dd59f9f857cfb798ad126da7286ce0e5d6e0ecf34694,120,Acquisition of businesses and investments in joint ventures and associates,"(1,426)"
unilever,cash_flow,33,Acquisition of businesses and investments in joint ventures and associates,1,EUR,currency,1000000,2021-12-31,-2131,-2131,1,matched,2023,d572ce64ca74378a6b60208d27288263fb17c26c0d06d954c1ef3b8439eb1cc1,179,Acquisition of businesses and investments in joint ventures and associates,"(2,131)"
unilever,cash_flow,33,Acquisition of businesses and investments in joint ventures and associates,1,EUR,currency,1000000,2022-12-31,-979,-979,1,matched,2023,d572ce64ca74378a6b60208d27288263fb17c26c0d06d954c1ef3b8439eb1cc1,179,Acquisition of businesses and investments in joint ventures and associates,(979)
unilever,cash_flow,33,Acquisition of businesses and investments in joint ventures and associates,1,EUR,currency,1000000,2023-12-31,-100,-100,1,matched,2025,dcdc67ff84977e2beeb6b7a8113b6862fae1880838c613eceac42ba4b605d9d7,135, Acquisition of businesses and investments in joint ventures and associates,(100)
unilever,cash_flow,33,Acquisition of businesses and investments in joint ventures and associates,1,EUR,currency,1000000,2024-12-31,-734,-734,1,matched,2025,dcdc67ff84977e2beeb6b7a8113b6862fae1880838c613eceac42ba4b605d9d7,135, Acquisition of businesses and investments in joint ventures and associates,(734)
unilever,cash_flow,33,Acquisition of businesses and investments in joint ventures and associates,1,EUR,currency,1000000,2025-12-31,-1674,-1674,1,matched,2025,dcdc67ff84977e2beeb6b7a8113b6862fae1880838c613eceac42ba4b605d9d7,135, Acquisition of businesses and investments in joint ventures and associates,"(1,674)"
unilever,cash_flow,34,"Disposal of businesses, joint ventures and associates",1,EUR,currency,1000000,2016-12-31,30,30,1,matched,2017,798661ad641ab15daa68854b13b9ae1e264e62a878090aae79ff3d07deb235d0,92,"Disposal of group companies, joint ventures and associates",30
unilever,cash_flow,34,"Disposal of businesses, joint ventures and associates",1,EUR,currency,1000000,2017-12-31,561,561,1,matched,2019,39114615f11b0ea05e12bb04558b8ba1e417db6e7114b88d5c288e73f234c8a8,93,"Disposal of businesses, joint ventures and associates",561
unilever,cash_flow,34,"Disposal of businesses, joint ventures and associates",1,EUR,currency,1000000,2018-12-31,7093,7093,1,matched,2019,39114615f11b0ea05e12bb04558b8ba1e417db6e7114b88d5c288e73f234c8a8,93,"Disposal of businesses, joint ventures and associates","7,093"
unilever,cash_flow,34,"Disposal of businesses, joint ventures and associates",1,EUR,currency,1000000,2019-12-31,177,177,1,matched,2021,25a4c72b6ae964841619dd59f9f857cfb798ad126da7286ce0e5d6e0ecf34694,120,"Disposal of businesses, joint ventures and associates",177
unilever,cash_flow,34,"Disposal of businesses, joint ventures and associates",1,EUR,currency,1000000,2020-12-31,39,39,1,matched,2021,25a4c72b6ae964841619dd59f9f857cfb798ad126da7286ce0e5d6e0ecf34694,120,"Disposal of businesses, joint ventures and associates",39
unilever,cash_flow,34,"Disposal of businesses, joint ventures and associates",1,EUR,currency,1000000,2021-12-31,43,43,1,matched,2023,d572ce64ca74378a6b60208d27288263fb17c26c0d06d954c1ef3b8439eb1cc1,179,"Disposal of businesses, joint ventures and associates",43
unilever,cash_flow,34,"Disposal of businesses, joint ventures and associates",1,EUR,currency,1000000,2022-12-31,4622,4622,1,matched,2023,d572ce64ca74378a6b60208d27288263fb17c26c0d06d954c1ef3b8439eb1cc1,179,"Disposal of businesses, joint ventures and associates","4,622"
unilever,cash_flow,34,"Disposal of businesses, joint ventures and associates",1,EUR,currency,1000000,2023-12-31,436,436,1,matched,2025,dcdc67ff84977e2beeb6b7a8113b6862fae1880838c613eceac42ba4b605d9d7,135," Disposal of businesses, joint ventures and associates",436
unilever,cash_flow,34,"Disposal of businesses, joint ventures and associates",1,EUR,currency,1000000,2024-12-31,910,910,1,matched,2025,dcdc67ff84977e2beeb6b7a8113b6862fae1880838c613eceac42ba4b605d9d7,135," Disposal of businesses, joint ventures and associates",910
unilever,cash_flow,34,"Disposal of businesses, joint ventures and associates",1,EUR,currency,1000000,2025-12-31,107,107,1,matched,2025,dcdc67ff84977e2beeb6b7a8113b6862fae1880838c613eceac42ba4b605d9d7,135," Disposal of businesses, joint ventures and associates",107
unilever,cash_flow,35,Acquisition of other non-current investments,1,EUR,currency,1000000,2016-12-31,-208,-208,1,matched,2017,798661ad641ab15daa68854b13b9ae1e264e62a878090aae79ff3d07deb235d0,92,Acquisition of other non-current investments,(208)
unilever,cash_flow,35,Acquisition of other non-current investments,1,EUR,currency,1000000,2017-12-31,-317,-317,1,matched,2019,39114615f11b0ea05e12bb04558b8ba1e417db6e7114b88d5c288e73f234c8a8,93,Acquisition of other non-current investments,(317)
unilever,cash_flow,35,Acquisition of other non-current investments,1,EUR,currency,1000000,2018-12-31,-94,-94,1,matched,2019,39114615f11b0ea05e12bb04558b8ba1e417db6e7114b88d5c288e73f234c8a8,93,Acquisition of other non-current investments,(94)
unilever,cash_flow,35,Acquisition of other non-current investments,1,EUR,currency,1000000,2019-12-31,-160,-160,1,matched,2021,25a4c72b6ae964841619dd59f9f857cfb798ad126da7286ce0e5d6e0ecf34694,120,Acquisition of other non-current investments,(160)
unilever,cash_flow,35,Acquisition of other non-current investments,1,EUR,currency,1000000,2020-12-31,-128,-128,1,matched,2021,25a4c72b6ae964841619dd59f9f857cfb798ad126da7286ce0e5d6e0ecf34694,120,Acquisition of other non-current investments,(128)
unilever,cash_flow,35,Acquisition of other non-current investments,1,EUR,currency,1000000,2021-12-31,-142,-142,1,matched,2023,d572ce64ca74378a6b60208d27288263fb17c26c0d06d954c1ef3b8439eb1cc1,179,Acquisition of other non-current investments,(142)
unilever,cash_flow,35,Acquisition of other non-current investments,1,EUR,currency,1000000,2022-12-31,-170,-170,1,matched,2023,d572ce64ca74378a6b60208d27288263fb17c26c0d06d954c1ef3b8439eb1cc1,179,Acquisition of other non-current investments,(170)
unilever,cash_flow,35,Acquisition of other non-current investments,1,EUR,currency,1000000,2023-12-31,-533,-533,1,matched,2025,dcdc67ff84977e2beeb6b7a8113b6862fae1880838c613eceac42ba4b605d9d7,135, Acquisition of other non-current investments,(533)
unilever,cash_flow,35,Acquisition of other non-current investments,1,EUR,currency,1000000,2024-12-31,-166,-166,1,matched,2025,dcdc67ff84977e2beeb6b7a8113b6862fae1880838c613eceac42ba4b605d9d7,135, Acquisition of other non-current investments,(166)
unilever,cash_flow,35,Acquisition of other non-current investments,1,EUR,currency,1000000,2025-12-31,-111,-111,1,matched,2025,dcdc67ff84977e2beeb6b7a8113b6862fae1880838c613eceac42ba4b605d9d7,135, Acquisition of other non-current investments,(111)
unilever,cash_flow,36,Disposal of other non-current investments,1,EUR,currency,1000000,2016-12-31,173,173,1,matched,2017,798661ad641ab15daa68854b13b9ae1e264e62a878090aae79ff3d07deb235d0,92,Disposal of other non-current investments,173
unilever,cash_flow,36,Disposal of other non-current investments,1,EUR,currency,1000000,2017-12-31,251,251,1,matched,2019,39114615f11b0ea05e12bb04558b8ba1e417db6e7114b88d5c288e73f234c8a8,93,Disposal of other non-current investments,251
unilever,cash_flow,36,Disposal of other non-current investments,1,EUR,currency,1000000,2018-12-31,151,151,1,matched,2019,39114615f11b0ea05e12bb04558b8ba1e417db6e7114b88d5c288e73f234c8a8,93,Disposal of other non-current investments,151
unilever,cash_flow,36,Disposal of other non-current investments,1,EUR,currency,1000000,2019-12-31,55,55,1,matched,2021,25a4c72b6ae964841619dd59f9f857cfb798ad126da7286ce0e5d6e0ecf34694,120,Disposal of other non-current investments,55
unilever,cash_flow,36,Disposal of other non-current investments,1,EUR,currency,1000000,2020-12-31,51,51,1,matched,2021,25a4c72b6ae964841619dd59f9f857cfb798ad126da7286ce0e5d6e0ecf34694,120,Disposal of other non-current investments,51
unilever,cash_flow,36,Disposal of other non-current investments,1,EUR,currency,1000000,2021-12-31,137,137,1,matched,2023,d572ce64ca74378a6b60208d27288263fb17c26c0d06d954c1ef3b8439eb1cc1,179,Disposal of other non-current investments,137
unilever,cash_flow,36,Disposal of other non-current investments,1,EUR,currency,1000000,2022-12-31,266,266,1,matched,2023,d572ce64ca74378a6b60208d27288263fb17c26c0d06d954c1ef3b8439eb1cc1,179,Disposal of other non-current investments,266
unilever,cash_flow,36,Disposal of other non-current investments,1,EUR,currency,1000000,2023-12-31,62,62,1,matched,2025,dcdc67ff84977e2beeb6b7a8113b6862fae1880838c613eceac42ba4b605d9d7,135, Disposal of other non-current investments,62
unilever,cash_flow,36,Disposal of other non-current investments,1,EUR,currency,1000000,2024-12-31,59,59,1,matched,2025,dcdc67ff84977e2beeb6b7a8113b6862fae1880838c613eceac42ba4b605d9d7,135, Disposal of other non-current investments,59
unilever,cash_flow,36,Disposal of other non-current investments,1,EUR,currency,1000000,2025-12-31,239,239,1,matched,2025,dcdc67ff84977e2beeb6b7a8113b6862fae1880838c613eceac42ba4b605d9d7,135, Disposal of other non-current investments,239
unilever,cash_flow,37,"Dividends from joint ventures, associates and other non-current investments",1,EUR,currency,1000000,2016-12-31,186,186,1,matched,2017,798661ad641ab15daa68854b13b9ae1e264e62a878090aae79ff3d07deb235d0,92,"Dividends from joint ventures, associates and other non-current investments",186
unilever,cash_flow,37,"Dividends from joint ventures, associates and other non-current investments",1,EUR,currency,1000000,2017-12-31,138,138,1,matched,2019,39114615f11b0ea05e12bb04558b8ba1e417db6e7114b88d5c288e73f234c8a8,93,"Dividends from joint ventures, associates and other non-current investments",138
unilever,cash_flow,37,"Dividends from joint ventures, associates and other non-current investments",1,EUR,currency,1000000,2018-12-31,154,154,1,matched,2019,39114615f11b0ea05e12bb04558b8ba1e417db6e7114b88d5c288e73f234c8a8,93,"Dividends from joint ventures, associates and other non-current investments",154
unilever,cash_flow,37,"Dividends from joint ventures, associates and other non-current investments",1,EUR,currency,1000000,2019-12-31,164,164,1,matched,2021,25a4c72b6ae964841619dd59f9f857cfb798ad126da7286ce0e5d6e0ecf34694,120,"Dividends from joint ventures, associates and other non-current investments",164
unilever,cash_flow,37,"Dividends from joint ventures, associates and other non-current investments",1,EUR,currency,1000000,2020-12-31,188,188,1,matched,2021,25a4c72b6ae964841619dd59f9f857cfb798ad126da7286ce0e5d6e0ecf34694,120,"Dividends from joint ventures, associates and other non-current investments",188
unilever,cash_flow,37,"Dividends from joint ventures, associates and other non-current investments",1,EUR,currency,1000000,2021-12-31,185,185,1,matched,2023,d572ce64ca74378a6b60208d27288263fb17c26c0d06d954c1ef3b8439eb1cc1,179,"Dividends from joint ventures, associates and other non-current investments",185
unilever,cash_flow,37,"Dividends from joint ventures, associates and other non-current investments",1,EUR,currency,1000000,2022-12-31,185,185,1,matched,2023,d572ce64ca74378a6b60208d27288263fb17c26c0d06d954c1ef3b8439eb1cc1,179,"Dividends from joint ventures, associates and other non-current investments",185
unilever,cash_flow,37,"Dividends from joint ventures, associates and other non-current investments",1,EUR,currency,1000000,2023-12-31,239,239,1,matched,2025,dcdc67ff84977e2beeb6b7a8113b6862fae1880838c613eceac42ba4b605d9d7,135," Dividends from joint ventures, associates and other non-current investments",239
unilever,cash_flow,37,"Dividends from joint ventures, associates and other non-current investments",1,EUR,currency,1000000,2024-12-31,261,261,1,matched,2025,dcdc67ff84977e2beeb6b7a8113b6862fae1880838c613eceac42ba4b605d9d7,135," Dividends from joint ventures, associates and other non-current investments",261
unilever,cash_flow,37,"Dividends from joint ventures, associates and other non-current investments",1,EUR,currency,1000000,2025-12-31,243,243,1,matched,2025,dcdc67ff84977e2beeb6b7a8113b6862fae1880838c613eceac42ba4b605d9d7,135," Dividends from joint ventures, associates and other non-current investments",243
unilever,cash_flow,38,Sale/(purchase) of financial assets,1,EUR,currency,1000000,2016-12-31,135,135,1,matched,2017,798661ad641ab15daa68854b13b9ae1e264e62a878090aae79ff3d07deb235d0,92,(Purchase)/sale of financial assets,135
unilever,cash_flow,38,Sale/(purchase) of financial assets,1,EUR,currency,1000000,2017-12-31,-149,-149,1,matched,2019,39114615f11b0ea05e12bb04558b8ba1e417db6e7114b88d5c288e73f234c8a8,93,(Purchase)/sale of financial assets,(149)
unilever,cash_flow,38,Sale/(purchase) of financial assets,1,EUR,currency,1000000,2018-12-31,-10,-10,1,matched,2019,39114615f11b0ea05e12bb04558b8ba1e417db6e7114b88d5c288e73f234c8a8,93,(Purchase)/sale of financial assets,(10)
unilever,cash_flow,38,Sale/(purchase) of financial assets,1,EUR,currency,1000000,2019-12-31,-68,-68,1,matched,2021,25a4c72b6ae964841619dd59f9f857cfb798ad126da7286ce0e5d6e0ecf34694,120,(Purchase)/sale of financial assets,(68)
unilever,cash_flow,38,Sale/(purchase) of financial assets,1,EUR,currency,1000000,2020-12-31,558,558,1,matched,2021,25a4c72b6ae964841619dd59f9f857cfb798ad126da7286ce0e5d6e0ecf34694,120,(Purchase)/sale of financial assets,558
unilever,cash_flow,38,Sale/(purchase) of financial assets,1,EUR,currency,1000000,2021-12-31,-247,-247,1,matched,2023,d572ce64ca74378a6b60208d27288263fb17c26c0d06d954c1ef3b8439eb1cc1,179,(Purchase)/sale of financial assets,(247)
unilever,cash_flow,38,Sale/(purchase) of financial assets,1,EUR,currency,1000000,2022-12-31,-131,-131,1,matched,2023,d572ce64ca74378a6b60208d27288263fb17c26c0d06d954c1ef3b8439eb1cc1,179,(Purchase)/sale of financial assets,(131)
unilever,cash_flow,38,Sale/(purchase) of financial assets,1,EUR,currency,1000000,2023-12-31,-318,-318,1,matched,2025,dcdc67ff84977e2beeb6b7a8113b6862fae1880838c613eceac42ba4b605d9d7,135, Sale/(purchase) of financial assets,(318)
unilever,cash_flow,38,Sale/(purchase) of financial assets,1,EUR,currency,1000000,2024-12-31,476,476,1,matched,2025,dcdc67ff84977e2beeb6b7a8113b6862fae1880838c613eceac42ba4b605d9d7,135, Sale/(purchase) of financial assets,476
unilever,cash_flow,38,Sale/(purchase) of financial assets,1,EUR,currency,1000000,2025-12-31,-85,-85,1,matched,2025,dcdc67ff84977e2beeb6b7a8113b6862fae1880838c613eceac42ba4b605d9d7,135, Sale/(purchase) of financial assets,(85)
unilever,cash_flow,39,Net cash flow used in continuing investing activities,1,EUR,currency,1000000,2016-12-31,,,0,blank_no_source,,,,,
unilever,cash_flow,39,Net cash flow used in continuing investing activities,1,EUR,currency,1000000,2017-12-31,,,0,blank_no_source,,,,,
unilever,cash_flow,39,Net cash flow used in continuing investing activities,1,EUR,currency,1000000,2018-12-31,,,0,blank_no_source,,,,,
unilever,cash_flow,39,Net cash flow used in continuing investing activities,1,EUR,currency,1000000,2019-12-31,,,0,blank_no_source,,,,,
unilever,cash_flow,39,Net cash flow used in continuing investing activities,1,EUR,currency,1000000,2020-12-31,,,0,blank_no_source,,,,,
unilever,cash_flow,39,Net cash flow used in continuing investing activities,1,EUR,currency,1000000,2021-12-31,,,0,blank_no_source,,,,,
unilever,cash_flow,39,Net cash flow used in continuing investing activities,1,EUR,currency,1000000,2022-12-31,,,0,blank_no_source,,,,,
unilever,cash_flow,39,Net cash flow used in continuing investing activities,1,EUR,currency,1000000,2023-12-31,-1411,-1411,1,matched,2025,dcdc67ff84977e2beeb6b7a8113b6862fae1880838c613eceac42ba4b605d9d7,135, Net cash flow used in continuing investing activities,"(1,411)"
unilever,cash_flow,39,Net cash flow used in continuing investing activities,1,EUR,currency,1000000,2024-12-31,-423,-423,1,matched,2025,dcdc67ff84977e2beeb6b7a8113b6862fae1880838c613eceac42ba4b605d9d7,135, Net cash flow used in continuing investing activities,(423)
unilever,cash_flow,39,Net cash flow used in continuing investing activities,1,EUR,currency,1000000,2025-12-31,-2394,-2394,1,matched,2025,dcdc67ff84977e2beeb6b7a8113b6862fae1880838c613eceac42ba4b605d9d7,135, Net cash flow used in continuing investing activities,"(2,394)"
unilever,cash_flow,40,Net investing cash flows attributable to discontinued operations,1,EUR,currency,1000000,2016-12-31,,,0,blank_no_source,,,,,
unilever,cash_flow,40,Net investing cash flows attributable to discontinued operations,1,EUR,currency,1000000,2017-12-31,,,0,blank_no_source,,,,,
unilever,cash_flow,40,Net investing cash flows attributable to discontinued operations,1,EUR,currency,1000000,2018-12-31,,,0,blank_no_source,,,,,
unilever,cash_flow,40,Net investing cash flows attributable to discontinued operations,1,EUR,currency,1000000,2019-12-31,,,0,blank_no_source,,,,,
unilever,cash_flow,40,Net investing cash flows attributable to discontinued operations,1,EUR,currency,1000000,2020-12-31,,,0,blank_no_source,,,,,
unilever,cash_flow,40,Net investing cash flows attributable to discontinued operations,1,EUR,currency,1000000,2021-12-31,,,0,blank_no_source,,,,,
unilever,cash_flow,40,Net investing cash flows attributable to discontinued operations,1,EUR,currency,1000000,2022-12-31,,,0,blank_no_source,,,,,
unilever,cash_flow,40,Net investing cash flows attributable to discontinued operations,1,EUR,currency,1000000,2023-12-31,-883,-883,1,matched,2025,dcdc67ff84977e2beeb6b7a8113b6862fae1880838c613eceac42ba4b605d9d7,135, Net investing cash flows attributable to discontinued operations,(883)
unilever,cash_flow,40,Net investing cash flows attributable to discontinued operations,1,EUR,currency,1000000,2024-12-31,-202,-202,1,matched,2025,dcdc67ff84977e2beeb6b7a8113b6862fae1880838c613eceac42ba4b605d9d7,135, Net investing cash flows attributable to discontinued operations,(202)
unilever,cash_flow,40,Net investing cash flows attributable to discontinued operations,1,EUR,currency,1000000,2025-12-31,-724,-724,1,matched,2025,dcdc67ff84977e2beeb6b7a8113b6862fae1880838c613eceac42ba4b605d9d7,135, Net investing cash flows attributable to discontinued operations,(724)
unilever,cash_flow,41,Total cash outflow used in investing activities,1,EUR,currency,1000000,2016-12-31,-3188,-3188,1,matched,2017,798661ad641ab15daa68854b13b9ae1e264e62a878090aae79ff3d07deb235d0,92,Net cash flow (used in)/from investing activities,"(3,188)"
unilever,cash_flow,41,Total cash outflow used in investing activities,1,EUR,currency,1000000,2017-12-31,-5879,-5879,1,matched,2019,39114615f11b0ea05e12bb04558b8ba1e417db6e7114b88d5c288e73f234c8a8,93,Net cash flow (used in)/from investing activities,"(5,879)"
unilever,cash_flow,41,Total cash outflow used in investing activities,1,EUR,currency,1000000,2018-12-31,4644,4644,1,matched,2019,39114615f11b0ea05e12bb04558b8ba1e417db6e7114b88d5c288e73f234c8a8,93,Net cash flow (used in)/from investing activities,"4,644"
unilever,cash_flow,41,Total cash outflow used in investing activities,1,EUR,currency,1000000,2019-12-31,-2237,-2237,1,matched,2021,25a4c72b6ae964841619dd59f9f857cfb798ad126da7286ce0e5d6e0ecf34694,120,Net cash flow (used in)/from investing activities,"(2,237)"
unilever,cash_flow,41,Total cash outflow used in investing activities,1,EUR,currency,1000000,2020-12-31,-1481,-1481,1,matched,2021,25a4c72b6ae964841619dd59f9f857cfb798ad126da7286ce0e5d6e0ecf34694,120,Net cash flow (used in)/from investing activities,"(1,481)"
unilever,cash_flow,41,Total cash outflow used in investing activities,1,EUR,currency,1000000,2021-12-31,-3246,-3246,1,matched,2023,d572ce64ca74378a6b60208d27288263fb17c26c0d06d954c1ef3b8439eb1cc1,179,Net cash flow (used in)/from investing activities,"(3,246)"
unilever,cash_flow,41,Total cash outflow used in investing activities,1,EUR,currency,1000000,2022-12-31,2453,2453,1,matched,2023,d572ce64ca74378a6b60208d27288263fb17c26c0d06d954c1ef3b8439eb1cc1,179,Net cash flow (used in)/from investing activities,"2,453"
unilever,cash_flow,41,Total cash outflow used in investing activities,1,EUR,currency,1000000,2023-12-31,-2294,-2294,1,matched,2025,dcdc67ff84977e2beeb6b7a8113b6862fae1880838c613eceac42ba4b605d9d7,135, Total cash outflow used in investing activities,"(2,294)"
unilever,cash_flow,41,Total cash outflow used in investing activities,1,EUR,currency,1000000,2024-12-31,-625,-625,1,matched,2025,dcdc67ff84977e2beeb6b7a8113b6862fae1880838c613eceac42ba4b605d9d7,135, Total cash outflow used in investing activities,(625)
unilever,cash_flow,41,Total cash outflow used in investing activities,1,EUR,currency,1000000,2025-12-31,-3118,-3118,1,matched,2025,dcdc67ff84977e2beeb6b7a8113b6862fae1880838c613eceac42ba4b605d9d7,135, Total cash outflow used in investing activities,"(3,118)"
unilever,cash_flow,42,Dividends paid on ordinary share capital,1,EUR,currency,1000000,2016-12-31,-3609,-3609,1,matched,2017,798661ad641ab15daa68854b13b9ae1e264e62a878090aae79ff3d07deb235d0,92,Dividends paid on ordinary share capital,"(3,609)"
unilever,cash_flow,42,Dividends paid on ordinary share capital,1,EUR,currency,1000000,2017-12-31,-3916,-3916,1,matched,2019,39114615f11b0ea05e12bb04558b8ba1e417db6e7114b88d5c288e73f234c8a8,93,Dividends paid on ordinary share capital,"(3,916)"
unilever,cash_flow,42,Dividends paid on ordinary share capital,1,EUR,currency,1000000,2018-12-31,-4066,-4066,1,matched,2019,39114615f11b0ea05e12bb04558b8ba1e417db6e7114b88d5c288e73f234c8a8,93,Dividends paid on ordinary share capital,"(4,066)"
unilever,cash_flow,42,Dividends paid on ordinary share capital,1,EUR,currency,1000000,2019-12-31,-4209,-4209,1,matched,2021,25a4c72b6ae964841619dd59f9f857cfb798ad126da7286ce0e5d6e0ecf34694,120,Dividends paid on ordinary share capital,"(4,209)"
unilever,cash_flow,42,Dividends paid on ordinary share capital,1,EUR,currency,1000000,2020-12-31,-4279,-4279,1,matched,2021,25a4c72b6ae964841619dd59f9f857cfb798ad126da7286ce0e5d6e0ecf34694,120,Dividends paid on ordinary share capital,"(4,279)"
unilever,cash_flow,42,Dividends paid on ordinary share capital,1,EUR,currency,1000000,2021-12-31,-4483,-4483,1,matched,2023,d572ce64ca74378a6b60208d27288263fb17c26c0d06d954c1ef3b8439eb1cc1,179,Dividends paid on ordinary share capital,"(4,483)"
unilever,cash_flow,42,Dividends paid on ordinary share capital,1,EUR,currency,1000000,2022-12-31,-4329,-4329,1,matched,2023,d572ce64ca74378a6b60208d27288263fb17c26c0d06d954c1ef3b8439eb1cc1,179,Dividends paid on ordinary share capital,"(4,329)"
unilever,cash_flow,42,Dividends paid on ordinary share capital,1,EUR,currency,1000000,2023-12-31,-4363,-4363,1,matched,2025,dcdc67ff84977e2beeb6b7a8113b6862fae1880838c613eceac42ba4b605d9d7,135, Dividends paid on ordinary share capital,"(4,363)"
unilever,cash_flow,42,Dividends paid on ordinary share capital,1,EUR,currency,1000000,2024-12-31,-4319,-4319,1,matched,2025,dcdc67ff84977e2beeb6b7a8113b6862fae1880838c613eceac42ba4b605d9d7,135, Dividends paid on ordinary share capital,"(4,319)"
unilever,cash_flow,42,Dividends paid on ordinary share capital,1,EUR,currency,1000000,2025-12-31,-4453,-4453,1,matched,2025,dcdc67ff84977e2beeb6b7a8113b6862fae1880838c613eceac42ba4b605d9d7,135, Dividends paid on ordinary share capital,"(4,453)"
unilever,cash_flow,43,Interest paid,1,EUR,currency,1000000,2016-12-31,,,0,blank_no_source,,,,,
unilever,cash_flow,43,Interest paid,1,EUR,currency,1000000,2017-12-31,-574,-574,1,matched,2019,39114615f11b0ea05e12bb04558b8ba1e417db6e7114b88d5c288e73f234c8a8,93,Interest paid,(574)
unilever,cash_flow,43,Interest paid,1,EUR,currency,1000000,2018-12-31,-571,-571,1,matched,2019,39114615f11b0ea05e12bb04558b8ba1e417db6e7114b88d5c288e73f234c8a8,93,Interest paid,(571)
unilever,cash_flow,43,Interest paid,1,EUR,currency,1000000,2019-12-31,-694,-694,1,matched,2021,25a4c72b6ae964841619dd59f9f857cfb798ad126da7286ce0e5d6e0ecf34694,120,Interest paid,(694)
unilever,cash_flow,43,Interest paid,1,EUR,currency,1000000,2020-12-31,-624,-624,1,matched,2021,25a4c72b6ae964841619dd59f9f857cfb798ad126da7286ce0e5d6e0ecf34694,120,Interest paid,(624)
unilever,cash_flow,43,Interest paid,1,EUR,currency,1000000,2021-12-31,-488,-488,1,matched,2023,d572ce64ca74378a6b60208d27288263fb17c26c0d06d954c1ef3b8439eb1cc1,179,Interest paid,(488)
unilever,cash_flow,43,Interest paid,1,EUR,currency,1000000,2022-12-31,-744,-744,1,matched,2023,d572ce64ca74378a6b60208d27288263fb17c26c0d06d954c1ef3b8439eb1cc1,179,Interest paid,(744)
unilever,cash_flow,43,Interest paid,1,EUR,currency,1000000,2023-12-31,-751,-751,1,matched,2025,dcdc67ff84977e2beeb6b7a8113b6862fae1880838c613eceac42ba4b605d9d7,135, Interest paid,(751)
unilever,cash_flow,43,Interest paid,1,EUR,currency,1000000,2024-12-31,-929,-929,1,matched,2025,dcdc67ff84977e2beeb6b7a8113b6862fae1880838c613eceac42ba4b605d9d7,135, Interest paid,(929)
unilever,cash_flow,43,Interest paid,1,EUR,currency,1000000,2025-12-31,-1018,-1018,1,matched,2025,dcdc67ff84977e2beeb6b7a8113b6862fae1880838c613eceac42ba4b605d9d7,135, Interest paid,"(1,018)"
unilever,cash_flow,44,Net change in short-term borrowings,1,EUR,currency,1000000,2016-12-31,258,258,1,matched,2017,798661ad641ab15daa68854b13b9ae1e264e62a878090aae79ff3d07deb235d0,92,Net change in short-term borrowings,258
unilever,cash_flow,44,Net change in short-term borrowings,1,EUR,currency,1000000,2017-12-31,2695,2695,1,matched,2019,39114615f11b0ea05e12bb04558b8ba1e417db6e7114b88d5c288e73f234c8a8,93,Net change in short-term borrowings,"2,695"
unilever,cash_flow,44,Net change in short-term borrowings,1,EUR,currency,1000000,2018-12-31,-4026,-4026,1,matched,2019,39114615f11b0ea05e12bb04558b8ba1e417db6e7114b88d5c288e73f234c8a8,93,Net change in short-term borrowings,"(4,026)"
unilever,cash_flow,44,Net change in short-term borrowings,1,EUR,currency,1000000,2019-12-31,337,337,1,matched,2021,25a4c72b6ae964841619dd59f9f857cfb798ad126da7286ce0e5d6e0ecf34694,120,Net change in short-term borrowings,337
unilever,cash_flow,44,Net change in short-term borrowings,1,EUR,currency,1000000,2020-12-31,722,722,1,matched,2021,25a4c72b6ae964841619dd59f9f857cfb798ad126da7286ce0e5d6e0ecf34694,120,Net change in short-term borrowings,722
unilever,cash_flow,44,Net change in short-term borrowings,1,EUR,currency,1000000,2021-12-31,656,656,1,matched,2023,d572ce64ca74378a6b60208d27288263fb17c26c0d06d954c1ef3b8439eb1cc1,179,Net change in short-term borrowings,656
unilever,cash_flow,44,Net change in short-term borrowings,1,EUR,currency,1000000,2022-12-31,-545,-545,1,matched,2023,d572ce64ca74378a6b60208d27288263fb17c26c0d06d954c1ef3b8439eb1cc1,179,Net change in short-term borrowings,(545)
unilever,cash_flow,44,Net change in short-term borrowings,1,EUR,currency,1000000,2023-12-31,-506,-506,1,matched,2025,dcdc67ff84977e2beeb6b7a8113b6862fae1880838c613eceac42ba4b605d9d7,135, Net change in short-term borrowings,(506)
unilever,cash_flow,44,Net change in short-term borrowings,1,EUR,currency,1000000,2024-12-31,575,575,1,matched,2025,dcdc67ff84977e2beeb6b7a8113b6862fae1880838c613eceac42ba4b605d9d7,135, Net change in short-term borrowings,575
unilever,cash_flow,44,Net change in short-term borrowings,1,EUR,currency,1000000,2025-12-31,-2228,-2228,1,matched,2025,dcdc67ff84977e2beeb6b7a8113b6862fae1880838c613eceac42ba4b605d9d7,135, Net change in short-term borrowings,"(2,228)"
unilever,cash_flow,45,Additional financial liabilities,1,EUR,currency,1000000,2016-12-31,6761,6761,1,matched,2017,798661ad641ab15daa68854b13b9ae1e264e62a878090aae79ff3d07deb235d0,92,Additional financial liabilities,"6,761"
unilever,cash_flow,45,Additional financial liabilities,1,EUR,currency,1000000,2017-12-31,8851,8851,1,matched,2019,39114615f11b0ea05e12bb04558b8ba1e417db6e7114b88d5c288e73f234c8a8,93,Additional financial liabilities,"8,851"
unilever,cash_flow,45,Additional financial liabilities,1,EUR,currency,1000000,2018-12-31,10595,10595,1,matched,2019,39114615f11b0ea05e12bb04558b8ba1e417db6e7114b88d5c288e73f234c8a8,93,Additional financial liabilities,"10,595"
unilever,cash_flow,45,Additional financial liabilities,1,EUR,currency,1000000,2019-12-31,5911,5911,1,matched,2021,25a4c72b6ae964841619dd59f9f857cfb798ad126da7286ce0e5d6e0ecf34694,120,Additional financial liabilities,"5,911"
unilever,cash_flow,45,Additional financial liabilities,1,EUR,currency,1000000,2020-12-31,3117,3117,1,matched,2021,25a4c72b6ae964841619dd59f9f857cfb798ad126da7286ce0e5d6e0ecf34694,120,Additional financial liabilities,"3,117"
unilever,cash_flow,45,Additional financial liabilities,1,EUR,currency,1000000,2021-12-31,4748,4748,1,matched,2023,d572ce64ca74378a6b60208d27288263fb17c26c0d06d954c1ef3b8439eb1cc1,179,Additional financial liabilities,"4,748"
unilever,cash_flow,45,Additional financial liabilities,1,EUR,currency,1000000,2022-12-31,7776,7776,1,matched,2023,d572ce64ca74378a6b60208d27288263fb17c26c0d06d954c1ef3b8439eb1cc1,179,Additional financial liabilities,"7,776"
unilever,cash_flow,45,Additional financial liabilities,1,EUR,currency,1000000,2023-12-31,4418,4418,1,matched,2025,dcdc67ff84977e2beeb6b7a8113b6862fae1880838c613eceac42ba4b605d9d7,135, Additional financial liabilities,"4,418"
unilever,cash_flow,45,Additional financial liabilities,1,EUR,currency,1000000,2024-12-31,4234,4234,1,matched,2025,dcdc67ff84977e2beeb6b7a8113b6862fae1880838c613eceac42ba4b605d9d7,135, Additional financial liabilities,"4,234"
unilever,cash_flow,45,Additional financial liabilities,1,EUR,currency,1000000,2025-12-31,4278,4278,1,matched,2025,dcdc67ff84977e2beeb6b7a8113b6862fae1880838c613eceac42ba4b605d9d7,135, Additional financial liabilities,"4,278"
unilever,cash_flow,46,Repayment of financial liabilities,1,EUR,currency,1000000,2016-12-31,-5213,-5213,1,matched,2017,798661ad641ab15daa68854b13b9ae1e264e62a878090aae79ff3d07deb235d0,92,Repayment of financial liabilities,"(5,213)"
unilever,cash_flow,46,Repayment of financial liabilities,1,EUR,currency,1000000,2017-12-31,-2604,-2604,1,matched,2019,39114615f11b0ea05e12bb04558b8ba1e417db6e7114b88d5c288e73f234c8a8,93,Repayment of financial liabilities,"(2,604)"
unilever,cash_flow,46,Repayment of financial liabilities,1,EUR,currency,1000000,2018-12-31,-6594,-6594,1,matched,2019,39114615f11b0ea05e12bb04558b8ba1e417db6e7114b88d5c288e73f234c8a8,93,Repayment of financial liabilities,"(6,594)"
unilever,cash_flow,46,Repayment of financial liabilities,1,EUR,currency,1000000,2019-12-31,-4912,-4912,1,matched,2021,25a4c72b6ae964841619dd59f9f857cfb798ad126da7286ce0e5d6e0ecf34694,120,Repayment of financial liabilities,"(4,912)"
unilever,cash_flow,46,Repayment of financial liabilities,1,EUR,currency,1000000,2020-12-31,-3577,-3577,1,matched,2021,25a4c72b6ae964841619dd59f9f857cfb798ad126da7286ce0e5d6e0ecf34694,120,Repayment of financial liabilities,"(3,577)"
unilever,cash_flow,46,Repayment of financial liabilities,1,EUR,currency,1000000,2021-12-31,-3550,-3550,1,matched,2023,d572ce64ca74378a6b60208d27288263fb17c26c0d06d954c1ef3b8439eb1cc1,179,Repayment of financial liabilities,"(3,550)"
unilever,cash_flow,46,Repayment of financial liabilities,1,EUR,currency,1000000,2022-12-31,-8440,-8440,1,matched,2023,d572ce64ca74378a6b60208d27288263fb17c26c0d06d954c1ef3b8439eb1cc1,179,Repayment of financial liabilities,"(8,440)"
unilever,cash_flow,46,Repayment of financial liabilities,1,EUR,currency,1000000,2023-12-31,-3470,-3470,1,matched,2025,dcdc67ff84977e2beeb6b7a8113b6862fae1880838c613eceac42ba4b605d9d7,135, Repayment of financial liabilities,"(3,470)"
unilever,cash_flow,46,Repayment of financial liabilities,1,EUR,currency,1000000,2024-12-31,-3846,-3846,1,matched,2025,dcdc67ff84977e2beeb6b7a8113b6862fae1880838c613eceac42ba4b605d9d7,135, Repayment of financial liabilities,"(3,846)"
unilever,cash_flow,46,Repayment of financial liabilities,1,EUR,currency,1000000,2025-12-31,-3547,-3547,1,matched,2025,dcdc67ff84977e2beeb6b7a8113b6862fae1880838c613eceac42ba4b605d9d7,135, Repayment of financial liabilities,"(3,547)"
unilever,cash_flow,47,Capital element of lease rental payments,1,EUR,currency,1000000,2016-12-31,-35,-35,1,matched,2017,798661ad641ab15daa68854b13b9ae1e264e62a878090aae79ff3d07deb235d0,92,Capital element of finance lease rental payments,(35)
unilever,cash_flow,47,Capital element of lease rental payments,1,EUR,currency,1000000,2017-12-31,-497,-497,1,matched,2019,39114615f11b0ea05e12bb04558b8ba1e417db6e7114b88d5c288e73f234c8a8,93,Capital element of lease payments,(497)
unilever,cash_flow,47,Capital element of lease rental payments,1,EUR,currency,1000000,2018-12-31,-481,-481,1,matched,2019,39114615f11b0ea05e12bb04558b8ba1e417db6e7114b88d5c288e73f234c8a8,93,Capital element of lease payments,(481)
unilever,cash_flow,47,Capital element of lease rental payments,1,EUR,currency,1000000,2019-12-31,-435,-435,1,matched,2021,25a4c72b6ae964841619dd59f9f857cfb798ad126da7286ce0e5d6e0ecf34694,120,Capital element of lease rental payments,(435)
unilever,cash_flow,47,Capital element of lease rental payments,1,EUR,currency,1000000,2020-12-31,-443,-443,1,matched,2021,25a4c72b6ae964841619dd59f9f857cfb798ad126da7286ce0e5d6e0ecf34694,120,Capital element of lease rental payments,(443)
unilever,cash_flow,47,Capital element of lease rental payments,1,EUR,currency,1000000,2021-12-31,-464,-464,1,matched,2023,d572ce64ca74378a6b60208d27288263fb17c26c0d06d954c1ef3b8439eb1cc1,179,Capital element of lease rental payments,(464)
unilever,cash_flow,47,Capital element of lease rental payments,1,EUR,currency,1000000,2022-12-31,-518,-518,1,matched,2023,d572ce64ca74378a6b60208d27288263fb17c26c0d06d954c1ef3b8439eb1cc1,179,Capital element of lease rental payments,(518)
unilever,cash_flow,47,Capital element of lease rental payments,1,EUR,currency,1000000,2023-12-31,-349,-349,1,matched,2025,dcdc67ff84977e2beeb6b7a8113b6862fae1880838c613eceac42ba4b605d9d7,135, Capital element of lease rental payments,(349)
unilever,cash_flow,47,Capital element of lease rental payments,1,EUR,currency,1000000,2024-12-31,-342,-342,1,matched,2025,dcdc67ff84977e2beeb6b7a8113b6862fae1880838c613eceac42ba4b605d9d7,135, Capital element of lease rental payments,(342)
unilever,cash_flow,47,Capital element of lease rental payments,1,EUR,currency,1000000,2025-12-31,-301,-301,1,matched,2025,dcdc67ff84977e2beeb6b7a8113b6862fae1880838c613eceac42ba4b605d9d7,135, Capital element of lease rental payments,(301)
unilever,cash_flow,48,Repurchase of shares,1,EUR,currency,1000000,2016-12-31,—,—,1,matched,2017,798661ad641ab15daa68854b13b9ae1e264e62a878090aae79ff3d07deb235d0,92,Repurchase of shares,-
unilever,cash_flow,48,Repurchase of shares,1,EUR,currency,1000000,2017-12-31,-5014,-5014,1,matched,2019,39114615f11b0ea05e12bb04558b8ba1e417db6e7114b88d5c288e73f234c8a8,93,Repurchase of shares,"(5,014)"
unilever,cash_flow,48,Repurchase of shares,1,EUR,currency,1000000,2018-12-31,-6020,-6020,1,matched,2019,39114615f11b0ea05e12bb04558b8ba1e417db6e7114b88d5c288e73f234c8a8,93,Repurchase of shares,"(6,020)"
unilever,cash_flow,48,Repurchase of shares,1,EUR,currency,1000000,2019-12-31,—,—,1,matched,2021,25a4c72b6ae964841619dd59f9f857cfb798ad126da7286ce0e5d6e0ecf34694,120,Repurchase of shares,—
unilever,cash_flow,48,Repurchase of shares,1,EUR,currency,1000000,2020-12-31,—,—,1,matched,2021,25a4c72b6ae964841619dd59f9f857cfb798ad126da7286ce0e5d6e0ecf34694,120,Repurchase of shares,—
unilever,cash_flow,48,Repurchase of shares,1,EUR,currency,1000000,2021-12-31,-3018,-3018,1,matched,2023,d572ce64ca74378a6b60208d27288263fb17c26c0d06d954c1ef3b8439eb1cc1,179,Repurchase of shares,"(3,018)"
unilever,cash_flow,48,Repurchase of shares,1,EUR,currency,1000000,2022-12-31,-1509,-1509,1,matched,2023,d572ce64ca74378a6b60208d27288263fb17c26c0d06d954c1ef3b8439eb1cc1,179,Repurchase of shares,"(1,509)"
unilever,cash_flow,48,Repurchase of shares,1,EUR,currency,1000000,2023-12-31,-1507,-1507,1,matched,2025,dcdc67ff84977e2beeb6b7a8113b6862fae1880838c613eceac42ba4b605d9d7,135, Repurchase of shares,"(1,507)"
unilever,cash_flow,48,Repurchase of shares,1,EUR,currency,1000000,2024-12-31,-1508,-1508,1,matched,2025,dcdc67ff84977e2beeb6b7a8113b6862fae1880838c613eceac42ba4b605d9d7,135, Repurchase of shares,"(1,508)"
unilever,cash_flow,48,Repurchase of shares,1,EUR,currency,1000000,2025-12-31,-1510,-1510,1,matched,2025,dcdc67ff84977e2beeb6b7a8113b6862fae1880838c613eceac42ba4b605d9d7,135, Repurchase of shares,"(1,510)"
unilever,cash_flow,49,Other financing activities(c),1,EUR,currency,1000000,2016-12-31,-506,-506,1,matched,2017,798661ad641ab15daa68854b13b9ae1e264e62a878090aae79ff3d07deb235d0,92,Other financing activities,(506)
unilever,cash_flow,49,Other financing activities(c),1,EUR,currency,1000000,2017-12-31,-309,-309,1,matched,2019,39114615f11b0ea05e12bb04558b8ba1e417db6e7114b88d5c288e73f234c8a8,93,Other financing activities,(309)
unilever,cash_flow,49,Other financing activities(c),1,EUR,currency,1000000,2018-12-31,-693,-693,1,matched,2019,39114615f11b0ea05e12bb04558b8ba1e417db6e7114b88d5c288e73f234c8a8,93,Other financing activities,(693)
unilever,cash_flow,49,Other financing activities(c),1,EUR,currency,1000000,2019-12-31,-464,-464,1,matched,2021,25a4c72b6ae964841619dd59f9f857cfb798ad126da7286ce0e5d6e0ecf34694,120,Other financing activities (a),(464)
unilever,cash_flow,49,Other financing activities(c),1,EUR,currency,1000000,2020-12-31,-720,-720,1,matched,2021,25a4c72b6ae964841619dd59f9f857cfb798ad126da7286ce0e5d6e0ecf34694,120,Other financing activities (a),(720)
unilever,cash_flow,49,Other financing activities(c),1,EUR,currency,1000000,2021-12-31,-500,-500,1,matched,2023,d572ce64ca74378a6b60208d27288263fb17c26c0d06d954c1ef3b8439eb1cc1,179,Other financing activities(a),(500)
unilever,cash_flow,49,Other financing activities(c),1,EUR,currency,1000000,2022-12-31,-581,-581,1,matched,2023,d572ce64ca74378a6b60208d27288263fb17c26c0d06d954c1ef3b8439eb1cc1,179,Other financing activities(a),(581)
unilever,cash_flow,49,Other financing activities(c),1,EUR,currency,1000000,2023-12-31,-556,-556,1,matched,2025,dcdc67ff84977e2beeb6b7a8113b6862fae1880838c613eceac42ba4b605d9d7,135, Other financing activities(c),(556)
unilever,cash_flow,49,Other financing activities(c),1,EUR,currency,1000000,2024-12-31,-694,-694,1,matched,2025,dcdc67ff84977e2beeb6b7a8113b6862fae1880838c613eceac42ba4b605d9d7,135, Other financing activities(c),(694)
unilever,cash_flow,49,Other financing activities(c),1,EUR,currency,1000000,2025-12-31,-1105,-1105,1,matched,2025,dcdc67ff84977e2beeb6b7a8113b6862fae1880838c613eceac42ba4b605d9d7,135, Other financing activities(c),"(1,105)"
unilever,cash_flow,50,Net cash flow used in continuing financing activities,1,EUR,currency,1000000,2016-12-31,,,0,blank_no_source,,,,,
unilever,cash_flow,50,Net cash flow used in continuing financing activities,1,EUR,currency,1000000,2017-12-31,,,0,blank_no_source,,,,,
unilever,cash_flow,50,Net cash flow used in continuing financing activities,1,EUR,currency,1000000,2018-12-31,,,0,blank_no_source,,,,,
unilever,cash_flow,50,Net cash flow used in continuing financing activities,1,EUR,currency,1000000,2019-12-31,,,0,blank_no_source,,,,,
unilever,cash_flow,50,Net cash flow used in continuing financing activities,1,EUR,currency,1000000,2020-12-31,,,0,blank_no_source,,,,,
unilever,cash_flow,50,Net cash flow used in continuing financing activities,1,EUR,currency,1000000,2021-12-31,,,0,blank_no_source,,,,,
unilever,cash_flow,50,Net cash flow used in continuing financing activities,1,EUR,currency,1000000,2022-12-31,,,0,blank_no_source,,,,,
unilever,cash_flow,50,Net cash flow used in continuing financing activities,1,EUR,currency,1000000,2023-12-31,-7084,-7084,1,matched,2025,dcdc67ff84977e2beeb6b7a8113b6862fae1880838c613eceac42ba4b605d9d7,135, Net cash flow used in continuing financing activities,"(7,084)"
unilever,cash_flow,50,Net cash flow used in continuing financing activities,1,EUR,currency,1000000,2024-12-31,-6829,-6829,1,matched,2025,dcdc67ff84977e2beeb6b7a8113b6862fae1880838c613eceac42ba4b605d9d7,135, Net cash flow used in continuing financing activities,"(6,829)"
unilever,cash_flow,50,Net cash flow used in continuing financing activities,1,EUR,currency,1000000,2025-12-31,-9884,-9884,1,matched,2025,dcdc67ff84977e2beeb6b7a8113b6862fae1880838c613eceac42ba4b605d9d7,135, Net cash flow used in continuing financing activities,"(9,884)"
unilever,cash_flow,51,Net financing cash flows attributable to discontinued operations,1,EUR,currency,1000000,2016-12-31,,,0,blank_no_source,,,,,
unilever,cash_flow,51,Net financing cash flows attributable to discontinued operations,1,EUR,currency,1000000,2017-12-31,,,0,blank_no_source,,,,,
unilever,cash_flow,51,Net financing cash flows attributable to discontinued operations,1,EUR,currency,1000000,2018-12-31,,,0,blank_no_source,,,,,
unilever,cash_flow,51,Net financing cash flows attributable to discontinued operations,1,EUR,currency,1000000,2019-12-31,,,0,blank_no_source,,,,,
unilever,cash_flow,51,Net financing cash flows attributable to discontinued operations,1,EUR,currency,1000000,2020-12-31,,,0,blank_no_source,,,,,
unilever,cash_flow,51,Net financing cash flows attributable to discontinued operations,1,EUR,currency,1000000,2021-12-31,,,0,blank_no_source,,,,,
unilever,cash_flow,51,Net financing cash flows attributable to discontinued operations,1,EUR,currency,1000000,2022-12-31,,,0,blank_no_source,,,,,
unilever,cash_flow,51,Net financing cash flows attributable to discontinued operations,1,EUR,currency,1000000,2023-12-31,-109,-109,1,matched,2025,dcdc67ff84977e2beeb6b7a8113b6862fae1880838c613eceac42ba4b605d9d7,135, Net financing cash flows attributable to discontinued operations,(109)
unilever,cash_flow,51,Net financing cash flows attributable to discontinued operations,1,EUR,currency,1000000,2024-12-31,-112,-112,1,matched,2025,dcdc67ff84977e2beeb6b7a8113b6862fae1880838c613eceac42ba4b605d9d7,135, Net financing cash flows attributable to discontinued operations,(112)
unilever,cash_flow,51,Net financing cash flows attributable to discontinued operations,1,EUR,currency,1000000,2025-12-31,3070,3070,1,matched,2025,dcdc67ff84977e2beeb6b7a8113b6862fae1880838c613eceac42ba4b605d9d7,135, Net financing cash flows attributable to discontinued operations,"3,070"
unilever,cash_flow,52,Other movements on treasury shares,1,EUR,currency,1000000,2016-12-31,-257,-257,1,matched,2017,798661ad641ab15daa68854b13b9ae1e264e62a878090aae79ff3d07deb235d0,92,Other movements on treasury shares,(257)
unilever,cash_flow,52,Other movements on treasury shares,1,EUR,currency,1000000,2017-12-31,-204,-204,1,matched,2019,39114615f11b0ea05e12bb04558b8ba1e417db6e7114b88d5c288e73f234c8a8,93,Other movements on treasury shares,(204)
unilever,cash_flow,52,Other movements on treasury shares,1,EUR,currency,1000000,2018-12-31,-257,-257,1,matched,2019,39114615f11b0ea05e12bb04558b8ba1e417db6e7114b88d5c288e73f234c8a8,93,Other movements on treasury shares,(257)
unilever,cash_flow,52,Other movements on treasury shares,1,EUR,currency,1000000,2019-12-31,-201,-201,1,matched,2021,25a4c72b6ae964841619dd59f9f857cfb798ad126da7286ce0e5d6e0ecf34694,120,Other movements on treasury shares,(201)
unilever,cash_flow,52,Other movements on treasury shares,1,EUR,currency,1000000,2020-12-31,—,—,1,matched,2021,25a4c72b6ae964841619dd59f9f857cfb798ad126da7286ce0e5d6e0ecf34694,120,Other movements on treasury shares,—
unilever,cash_flow,52,Other movements on treasury shares,1,EUR,currency,1000000,2021-12-31,—,—,1,matched,2021,25a4c72b6ae964841619dd59f9f857cfb798ad126da7286ce0e5d6e0ecf34694,120,Other movements on treasury shares,—
unilever,cash_flow,52,Other movements on treasury shares,1,EUR,currency,1000000,2022-12-31,,,0,blank_no_source,,,,,
unilever,cash_flow,52,Other movements on treasury shares,1,EUR,currency,1000000,2023-12-31,,,0,blank_no_source,,,,,
unilever,cash_flow,52,Other movements on treasury shares,1,EUR,currency,1000000,2024-12-31,,,0,blank_no_source,,,,,
unilever,cash_flow,52,Other movements on treasury shares,1,EUR,currency,1000000,2025-12-31,,,0,blank_no_source,,,,,
unilever,cash_flow,53,Buyback of preference shares,1,EUR,currency,1000000,2016-12-31,—,—,1,matched,2017,798661ad641ab15daa68854b13b9ae1e264e62a878090aae79ff3d07deb235d0,92,Buy back of preference shares,-
unilever,cash_flow,53,Buyback of preference shares,1,EUR,currency,1000000,2017-12-31,-448,-448,1,matched,2019,39114615f11b0ea05e12bb04558b8ba1e417db6e7114b88d5c288e73f234c8a8,93,Buyback of preference shares,(448)
unilever,cash_flow,53,Buyback of preference shares,1,EUR,currency,1000000,2018-12-31,—,—,1,matched,2019,39114615f11b0ea05e12bb04558b8ba1e417db6e7114b88d5c288e73f234c8a8,93,Buyback of preference shares,–
unilever,cash_flow,53,Buyback of preference shares,1,EUR,currency,1000000,2019-12-31,—,—,1,matched,2019,39114615f11b0ea05e12bb04558b8ba1e417db6e7114b88d5c288e73f234c8a8,93,Buyback of preference shares,–
unilever,cash_flow,53,Buyback of preference shares,1,EUR,currency,1000000,2020-12-31,,,0,blank_no_source,,,,,
unilever,cash_flow,53,Buyback of preference shares,1,EUR,currency,1000000,2021-12-31,,,0,blank_no_source,,,,,
unilever,cash_flow,53,Buyback of preference shares,1,EUR,currency,1000000,2022-12-31,,,0,blank_no_source,,,,,
unilever,cash_flow,53,Buyback of preference shares,1,EUR,currency,1000000,2023-12-31,,,0,blank_no_source,,,,,
unilever,cash_flow,53,Buyback of preference shares,1,EUR,currency,1000000,2024-12-31,,,0,blank_no_source,,,,,
unilever,cash_flow,53,Buyback of preference shares,1,EUR,currency,1000000,2025-12-31,,,0,blank_no_source,,,,,
unilever,cash_flow,54,Interest and preference dividends paid,1,EUR,currency,1000000,2016-12-31,-472,-472,1,matched,2017,798661ad641ab15daa68854b13b9ae1e264e62a878090aae79ff3d07deb235d0,92,Interest and preference dividends paid,(472)
unilever,cash_flow,54,Interest and preference dividends paid,1,EUR,currency,1000000,2017-12-31,-470,-470,1,matched,2017,798661ad641ab15daa68854b13b9ae1e264e62a878090aae79ff3d07deb235d0,92,Interest and preference dividends paid,(470)
unilever,cash_flow,54,Interest and preference dividends paid,1,EUR,currency,1000000,2018-12-31,,,0,blank_no_source,,,,,
unilever,cash_flow,54,Interest and preference dividends paid,1,EUR,currency,1000000,2019-12-31,,,0,blank_no_source,,,,,
unilever,cash_flow,54,Interest and preference dividends paid,1,EUR,currency,1000000,2020-12-31,,,0,blank_no_source,,,,,
unilever,cash_flow,54,Interest and preference dividends paid,1,EUR,currency,1000000,2021-12-31,,,0,blank_no_source,,,,,
unilever,cash_flow,54,Interest and preference dividends paid,1,EUR,currency,1000000,2022-12-31,,,0,blank_no_source,,,,,
unilever,cash_flow,54,Interest and preference dividends paid,1,EUR,currency,1000000,2023-12-31,,,0,blank_no_source,,,,,
unilever,cash_flow,54,Interest and preference dividends paid,1,EUR,currency,1000000,2024-12-31,,,0,blank_no_source,,,,,
unilever,cash_flow,54,Interest and preference dividends paid,1,EUR,currency,1000000,2025-12-31,,,0,blank_no_source,,,,,
unilever,cash_flow,55,Total cash flow used in financing activities,1,EUR,currency,1000000,2016-12-31,-3073,-3073,1,matched,2017,798661ad641ab15daa68854b13b9ae1e264e62a878090aae79ff3d07deb235d0,92,Net cash flow (used in)/from financing activities,"(3,073)"
unilever,cash_flow,55,Total cash flow used in financing activities,1,EUR,currency,1000000,2017-12-31,-2020,-2020,1,matched,2019,39114615f11b0ea05e12bb04558b8ba1e417db6e7114b88d5c288e73f234c8a8,93,Net cash flow (used in)/from financing activities,"(2,020)"
unilever,cash_flow,55,Total cash flow used in financing activities,1,EUR,currency,1000000,2018-12-31,-12113,-12113,1,matched,2019,39114615f11b0ea05e12bb04558b8ba1e417db6e7114b88d5c288e73f234c8a8,93,Net cash flow (used in)/from financing activities,"(12,113)"
unilever,cash_flow,55,Total cash flow used in financing activities,1,EUR,currency,1000000,2019-12-31,-4667,-4667,1,matched,2021,25a4c72b6ae964841619dd59f9f857cfb798ad126da7286ce0e5d6e0ecf34694,120,Net cash flow (used in)/from financing activities,"(4,667)"
unilever,cash_flow,55,Total cash flow used in financing activities,1,EUR,currency,1000000,2020-12-31,-5804,-5804,1,matched,2021,25a4c72b6ae964841619dd59f9f857cfb798ad126da7286ce0e5d6e0ecf34694,120,Net cash flow (used in)/from financing activities,"(5,804)"
unilever,cash_flow,55,Total cash flow used in financing activities,1,EUR,currency,1000000,2021-12-31,-7099,-7099,1,matched,2023,d572ce64ca74378a6b60208d27288263fb17c26c0d06d954c1ef3b8439eb1cc1,179,Net cash flow (used in)/from financing activities,"(7,099)"
unilever,cash_flow,55,Total cash flow used in financing activities,1,EUR,currency,1000000,2022-12-31,-8890,-8890,1,matched,2023,d572ce64ca74378a6b60208d27288263fb17c26c0d06d954c1ef3b8439eb1cc1,179,Net cash flow (used in)/from financing activities,"(8,890)"
unilever,cash_flow,55,Total cash flow used in financing activities,1,EUR,currency,1000000,2023-12-31,-7193,-7193,1,matched,2025,dcdc67ff84977e2beeb6b7a8113b6862fae1880838c613eceac42ba4b605d9d7,135, Total cash flow used in financing activities,"(7,193)"
unilever,cash_flow,55,Total cash flow used in financing activities,1,EUR,currency,1000000,2024-12-31,-6941,-6941,1,matched,2025,dcdc67ff84977e2beeb6b7a8113b6862fae1880838c613eceac42ba4b605d9d7,135, Total cash flow used in financing activities,"(6,941)"
unilever,cash_flow,55,Total cash flow used in financing activities,1,EUR,currency,1000000,2025-12-31,-6814,-6814,1,matched,2025,dcdc67ff84977e2beeb6b7a8113b6862fae1880838c613eceac42ba4b605d9d7,135, Total cash flow used in financing activities,"(6,814)"
unilever,cash_flow,56,Cash and cash equivalents at the beginning of the year,1,EUR,currency,1000000,2016-12-31,2128,2128,1,matched,2017,798661ad641ab15daa68854b13b9ae1e264e62a878090aae79ff3d07deb235d0,92,Cash and cash equivalents at the beginning of the year,"2,128"
unilever,cash_flow,56,Cash and cash equivalents at the beginning of the year,1,EUR,currency,1000000,2017-12-31,3198,3198,1,matched,2019,39114615f11b0ea05e12bb04558b8ba1e417db6e7114b88d5c288e73f234c8a8,93,Cash and cash equivalents at the beginning of the year,"3,198"
unilever,cash_flow,56,Cash and cash equivalents at the beginning of the year,1,EUR,currency,1000000,2018-12-31,3169,3169,1,matched,2019,39114615f11b0ea05e12bb04558b8ba1e417db6e7114b88d5c288e73f234c8a8,93,Cash and cash equivalents at the beginning of the year,"3,169"
unilever,cash_flow,56,Cash and cash equivalents at the beginning of the year,1,EUR,currency,1000000,2019-12-31,3090,3090,1,matched,2021,25a4c72b6ae964841619dd59f9f857cfb798ad126da7286ce0e5d6e0ecf34694,120,Cash and cash equivalents at the beginning of the year,"3,090"
unilever,cash_flow,56,Cash and cash equivalents at the beginning of the year,1,EUR,currency,1000000,2020-12-31,4116,4116,1,matched,2021,25a4c72b6ae964841619dd59f9f857cfb798ad126da7286ce0e5d6e0ecf34694,120,Cash and cash equivalents at the beginning of the year,"4,116"
unilever,cash_flow,56,Cash and cash equivalents at the beginning of the year,1,EUR,currency,1000000,2021-12-31,5475,5475,1,matched,2023,d572ce64ca74378a6b60208d27288263fb17c26c0d06d954c1ef3b8439eb1cc1,179,Cash and cash equivalents at the beginning of the year,"5,475"
unilever,cash_flow,56,Cash and cash equivalents at the beginning of the year,1,EUR,currency,1000000,2022-12-31,3387,3387,1,matched,2023,d572ce64ca74378a6b60208d27288263fb17c26c0d06d954c1ef3b8439eb1cc1,179,Cash and cash equivalents at the beginning of the year,"3,387"
unilever,cash_flow,56,Cash and cash equivalents at the beginning of the year,1,EUR,currency,1000000,2023-12-31,4225,4225,1,matched,2025,dcdc67ff84977e2beeb6b7a8113b6862fae1880838c613eceac42ba4b605d9d7,135, Cash and cash equivalents at the beginning of the year,"4,225"
unilever,cash_flow,56,Cash and cash equivalents at the beginning of the year,1,EUR,currency,1000000,2024-12-31,4045,4045,1,matched,2025,dcdc67ff84977e2beeb6b7a8113b6862fae1880838c613eceac42ba4b605d9d7,135, Cash and cash equivalents at the beginning of the year,"4,045"
unilever,cash_flow,56,Cash and cash equivalents at the beginning of the year,1,EUR,currency,1000000,2025-12-31,5950,5950,1,matched,2025,dcdc67ff84977e2beeb6b7a8113b6862fae1880838c613eceac42ba4b605d9d7,135, Cash and cash equivalents at the beginning of the year,"5,950"
unilever,cash_flow,57,Net increase/(decrease) in cash and cash equivalents,1,EUR,currency,1000000,2016-12-31,786,786,1,matched,2017,798661ad641ab15daa68854b13b9ae1e264e62a878090aae79ff3d07deb235d0,92,Net increase/(decrease) in cash and cash equivalents,786
unilever,cash_flow,57,Net increase/(decrease) in cash and cash equivalents,1,EUR,currency,1000000,2017-12-31,-20,-20,1,matched,2019,39114615f11b0ea05e12bb04558b8ba1e417db6e7114b88d5c288e73f234c8a8,93,Net increase/(decrease) in cash and cash equivalents,(20)
unilever,cash_flow,57,Net increase/(decrease) in cash and cash equivalents,1,EUR,currency,1000000,2018-12-31,-151,-151,1,matched,2019,39114615f11b0ea05e12bb04558b8ba1e417db6e7114b88d5c288e73f234c8a8,93,Net increase/(decrease) in cash and cash equivalents,(151)
unilever,cash_flow,57,Net increase/(decrease) in cash and cash equivalents,1,EUR,currency,1000000,2019-12-31,1205,1205,1,matched,2021,25a4c72b6ae964841619dd59f9f857cfb798ad126da7286ce0e5d6e0ecf34694,120,Net increase/(decrease) in cash and cash equivalents,"1,205"
unilever,cash_flow,57,Net increase/(decrease) in cash and cash equivalents,1,EUR,currency,1000000,2020-12-31,1773,1773,1,matched,2021,25a4c72b6ae964841619dd59f9f857cfb798ad126da7286ce0e5d6e0ecf34694,120,Net increase/(decrease) in cash and cash equivalents,"1,773"
unilever,cash_flow,57,Net increase/(decrease) in cash and cash equivalents,1,EUR,currency,1000000,2021-12-31,-2373,-2373,1,matched,2023,d572ce64ca74378a6b60208d27288263fb17c26c0d06d954c1ef3b8439eb1cc1,179,Net increase/(decrease) in cash and cash equivalents,"(2,373)"
unilever,cash_flow,57,Net increase/(decrease) in cash and cash equivalents,1,EUR,currency,1000000,2022-12-31,845,845,1,matched,2023,d572ce64ca74378a6b60208d27288263fb17c26c0d06d954c1ef3b8439eb1cc1,179,Net increase/(decrease) in cash and cash equivalents,845
unilever,cash_flow,57,Net increase/(decrease) in cash and cash equivalents,1,EUR,currency,1000000,2023-12-31,-61,-61,1,matched,2025,dcdc67ff84977e2beeb6b7a8113b6862fae1880838c613eceac42ba4b605d9d7,135, Net increase/(decrease) in cash and cash equivalents,(61)
unilever,cash_flow,57,Net increase/(decrease) in cash and cash equivalents,1,EUR,currency,1000000,2024-12-31,1953,1953,1,matched,2025,dcdc67ff84977e2beeb6b7a8113b6862fae1880838c613eceac42ba4b605d9d7,135, Net increase/(decrease) in cash and cash equivalents,"1,953"
unilever,cash_flow,57,Net increase/(decrease) in cash and cash equivalents,1,EUR,currency,1000000,2025-12-31,-1582,-1582,1,matched,2025,dcdc67ff84977e2beeb6b7a8113b6862fae1880838c613eceac42ba4b605d9d7,135, Net increase/(decrease) in cash and cash equivalents,"(1,582)"
unilever,cash_flow,58,Effect of foreign exchange rate changes,1,EUR,currency,1000000,2016-12-31,284,284,1,matched,2017,798661ad641ab15daa68854b13b9ae1e264e62a878090aae79ff3d07deb235d0,92,Effect of foreign exchange rate changes,284
unilever,cash_flow,58,Effect of foreign exchange rate changes,1,EUR,currency,1000000,2017-12-31,-9,-9,1,matched,2019,39114615f11b0ea05e12bb04558b8ba1e417db6e7114b88d5c288e73f234c8a8,93,Effect of foreign exchange rate changes,(9)
unilever,cash_flow,58,Effect of foreign exchange rate changes,1,EUR,currency,1000000,2018-12-31,72,72,1,matched,2019,39114615f11b0ea05e12bb04558b8ba1e417db6e7114b88d5c288e73f234c8a8,93,Effect of foreign exchange rate changes,72
unilever,cash_flow,58,Effect of foreign exchange rate changes,1,EUR,currency,1000000,2019-12-31,-179,-179,1,matched,2021,25a4c72b6ae964841619dd59f9f857cfb798ad126da7286ce0e5d6e0ecf34694,120,Effect of foreign exchange rate changes,(179)
unilever,cash_flow,58,Effect of foreign exchange rate changes,1,EUR,currency,1000000,2020-12-31,-414,-414,1,matched,2021,25a4c72b6ae964841619dd59f9f857cfb798ad126da7286ce0e5d6e0ecf34694,120,Effect of foreign exchange rate changes,(414)
unilever,cash_flow,58,Effect of foreign exchange rate changes,1,EUR,currency,1000000,2021-12-31,285,285,1,matched,2023,d572ce64ca74378a6b60208d27288263fb17c26c0d06d954c1ef3b8439eb1cc1,179,Effect of foreign exchange rate changes,285
unilever,cash_flow,58,Effect of foreign exchange rate changes,1,EUR,currency,1000000,2022-12-31,-7,-7,1,matched,2023,d572ce64ca74378a6b60208d27288263fb17c26c0d06d954c1ef3b8439eb1cc1,179,Effect of foreign exchange rate changes,(7)
unilever,cash_flow,58,Effect of foreign exchange rate changes,1,EUR,currency,1000000,2023-12-31,-119,-119,1,matched,2025,dcdc67ff84977e2beeb6b7a8113b6862fae1880838c613eceac42ba4b605d9d7,135, Effect of foreign exchange rate changes,(119)
unilever,cash_flow,58,Effect of foreign exchange rate changes,1,EUR,currency,1000000,2024-12-31,-48,-48,1,matched,2025,dcdc67ff84977e2beeb6b7a8113b6862fae1880838c613eceac42ba4b605d9d7,135, Effect of foreign exchange rate changes,(48)
unilever,cash_flow,58,Effect of foreign exchange rate changes,1,EUR,currency,1000000,2025-12-31,-498,-498,1,matched,2025,dcdc67ff84977e2beeb6b7a8113b6862fae1880838c613eceac42ba4b605d9d7,135, Effect of foreign exchange rate changes,(498)
unilever,cash_flow,59,Cash and cash equivalents at the end of the year,1,EUR,currency,1000000,2016-12-31,3198,3198,1,matched,2017,798661ad641ab15daa68854b13b9ae1e264e62a878090aae79ff3d07deb235d0,92,Cash and cash equivalents at the end of the year,"3,198"
unilever,cash_flow,59,Cash and cash equivalents at the end of the year,1,EUR,currency,1000000,2017-12-31,3169,3169,1,matched,2019,39114615f11b0ea05e12bb04558b8ba1e417db6e7114b88d5c288e73f234c8a8,93,Cash and cash equivalents at the end of the year,"3,169"
unilever,cash_flow,59,Cash and cash equivalents at the end of the year,1,EUR,currency,1000000,2018-12-31,3090,3090,1,matched,2019,39114615f11b0ea05e12bb04558b8ba1e417db6e7114b88d5c288e73f234c8a8,93,Cash and cash equivalents at the end of the year,"3,090"
unilever,cash_flow,59,Cash and cash equivalents at the end of the year,1,EUR,currency,1000000,2019-12-31,4116,4116,1,matched,2021,25a4c72b6ae964841619dd59f9f857cfb798ad126da7286ce0e5d6e0ecf34694,120,Cash and cash equivalents at the end of the year,"4,116"
unilever,cash_flow,59,Cash and cash equivalents at the end of the year,1,EUR,currency,1000000,2020-12-31,5475,5475,1,matched,2021,25a4c72b6ae964841619dd59f9f857cfb798ad126da7286ce0e5d6e0ecf34694,120,Cash and cash equivalents at the end of the year,"5,475"
unilever,cash_flow,59,Cash and cash equivalents at the end of the year,1,EUR,currency,1000000,2021-12-31,3387,3387,1,matched,2023,d572ce64ca74378a6b60208d27288263fb17c26c0d06d954c1ef3b8439eb1cc1,179,Cash and cash equivalents at the end of the year,"3,387"
unilever,cash_flow,59,Cash and cash equivalents at the end of the year,1,EUR,currency,1000000,2022-12-31,4225,4225,1,matched,2023,d572ce64ca74378a6b60208d27288263fb17c26c0d06d954c1ef3b8439eb1cc1,179,Cash and cash equivalents at the end of the year,"4,225"
unilever,cash_flow,59,Cash and cash equivalents at the end of the year,1,EUR,currency,1000000,2023-12-31,4045,4045,1,matched,2025,dcdc67ff84977e2beeb6b7a8113b6862fae1880838c613eceac42ba4b605d9d7,135, Cash and cash equivalents at the end of the year,"4,045"
unilever,cash_flow,59,Cash and cash equivalents at the end of the year,1,EUR,currency,1000000,2024-12-31,5950,5950,1,matched,2025,dcdc67ff84977e2beeb6b7a8113b6862fae1880838c613eceac42ba4b605d9d7,135, Cash and cash equivalents at the end of the year,"5,950"
unilever,cash_flow,59,Cash and cash equivalents at the end of the year,1,EUR,currency,1000000,2025-12-31,3870,3870,1,matched,2025,dcdc67ff84977e2beeb6b7a8113b6862fae1880838c613eceac42ba4b605d9d7,135, Cash and cash equivalents at the end of the year,"3,870"
