company,report_year,statement,document_id,source_page,row_order,row_kind,reported_label,period_end,raw_value,label_block_matches,value_span_matches,spatial_row_matches,correct_column_matches,wrong_column_matches,same_block,page_label_found,subtotal_reconciled,source_status
nestle,2017,income_statement,8f47cb3d59aadd3895be903f5ae082ad2371dd3bf9f419c5a854f7af3be3e35a,8,1,line_item,Sales,2017-12-31,89 791,2,1,1,1,0,True,True,False,spatial_row_and_column_match
nestle,2017,income_statement,8f47cb3d59aadd3895be903f5ae082ad2371dd3bf9f419c5a854f7af3be3e35a,8,1,line_item,Sales,2016-12-31,89 469,2,1,1,1,0,True,True,False,spatial_row_and_column_match
nestle,2017,income_statement,8f47cb3d59aadd3895be903f5ae082ad2371dd3bf9f419c5a854f7af3be3e35a,8,2,line_item,Other revenue,2017-12-31,330,1,1,1,1,0,True,True,False,spatial_row_and_column_match
nestle,2017,income_statement,8f47cb3d59aadd3895be903f5ae082ad2371dd3bf9f419c5a854f7af3be3e35a,8,2,line_item,Other revenue,2016-12-31,317,1,1,1,1,0,True,True,False,spatial_row_and_column_match
nestle,2017,income_statement,8f47cb3d59aadd3895be903f5ae082ad2371dd3bf9f419c5a854f7af3be3e35a,8,3,line_item,Cost of goods sold,2017-12-31,(44 923),1,1,1,1,0,True,True,False,spatial_row_and_column_match
nestle,2017,income_statement,8f47cb3d59aadd3895be903f5ae082ad2371dd3bf9f419c5a854f7af3be3e35a,8,3,line_item,Cost of goods sold,2016-12-31,(44 199),1,1,1,1,0,True,True,False,spatial_row_and_column_match
nestle,2017,income_statement,8f47cb3d59aadd3895be903f5ae082ad2371dd3bf9f419c5a854f7af3be3e35a,8,4,line_item,Distribution expenses,2017-12-31,(8 205),1,1,1,1,0,True,True,False,spatial_row_and_column_match
nestle,2017,income_statement,8f47cb3d59aadd3895be903f5ae082ad2371dd3bf9f419c5a854f7af3be3e35a,8,4,line_item,Distribution expenses,2016-12-31,(8 059),1,1,1,1,0,True,True,False,spatial_row_and_column_match
nestle,2017,income_statement,8f47cb3d59aadd3895be903f5ae082ad2371dd3bf9f419c5a854f7af3be3e35a,8,5,line_item,Marketing and administration expenses,2017-12-31,(20 540),1,1,1,1,0,True,True,False,spatial_row_and_column_match
nestle,2017,income_statement,8f47cb3d59aadd3895be903f5ae082ad2371dd3bf9f419c5a854f7af3be3e35a,8,5,line_item,Marketing and administration expenses,2016-12-31,(21 485),1,1,1,1,0,True,True,False,spatial_row_and_column_match
nestle,2017,income_statement,8f47cb3d59aadd3895be903f5ae082ad2371dd3bf9f419c5a854f7af3be3e35a,8,6,line_item,Research and development costs,2017-12-31,(1 724),1,1,1,1,0,True,True,False,spatial_row_and_column_match
nestle,2017,income_statement,8f47cb3d59aadd3895be903f5ae082ad2371dd3bf9f419c5a854f7af3be3e35a,8,6,line_item,Research and development costs,2016-12-31,(1 736),1,1,1,1,0,True,True,False,spatial_row_and_column_match
nestle,2017,income_statement,8f47cb3d59aadd3895be903f5ae082ad2371dd3bf9f419c5a854f7af3be3e35a,8,7,line_item,Other trading income,2017-12-31,111,1,1,1,1,0,True,True,False,spatial_row_and_column_match
nestle,2017,income_statement,8f47cb3d59aadd3895be903f5ae082ad2371dd3bf9f419c5a854f7af3be3e35a,8,7,line_item,Other trading income,2016-12-31,99,1,1,1,1,0,True,True,False,spatial_row_and_column_match
nestle,2017,income_statement,8f47cb3d59aadd3895be903f5ae082ad2371dd3bf9f419c5a854f7af3be3e35a,8,8,line_item,Other trading expenses,2017-12-31,(1 607),1,1,1,1,0,True,True,False,spatial_row_and_column_match
nestle,2017,income_statement,8f47cb3d59aadd3895be903f5ae082ad2371dd3bf9f419c5a854f7af3be3e35a,8,8,line_item,Other trading expenses,2016-12-31,(713),1,1,1,1,0,True,True,False,spatial_row_and_column_match
nestle,2017,income_statement,8f47cb3d59aadd3895be903f5ae082ad2371dd3bf9f419c5a854f7af3be3e35a,8,9,subtotal,Trading operating proﬁt,2017-12-31,13 233,2,1,1,1,0,True,True,False,spatial_row_and_column_match
nestle,2017,income_statement,8f47cb3d59aadd3895be903f5ae082ad2371dd3bf9f419c5a854f7af3be3e35a,8,9,subtotal,Trading operating proﬁt,2016-12-31,13 693,2,1,1,1,0,True,True,False,spatial_row_and_column_match
nestle,2017,income_statement,8f47cb3d59aadd3895be903f5ae082ad2371dd3bf9f419c5a854f7af3be3e35a,8,10,line_item,Other operating income,2017-12-31,379,1,1,1,1,0,True,True,False,spatial_row_and_column_match
nestle,2017,income_statement,8f47cb3d59aadd3895be903f5ae082ad2371dd3bf9f419c5a854f7af3be3e35a,8,10,line_item,Other operating income,2016-12-31,354,1,1,1,1,0,True,True,False,spatial_row_and_column_match
nestle,2017,income_statement,8f47cb3d59aadd3895be903f5ae082ad2371dd3bf9f419c5a854f7af3be3e35a,8,11,line_item,Other operating expenses,2017-12-31,(3 500),1,1,1,1,0,True,True,False,spatial_row_and_column_match
nestle,2017,income_statement,8f47cb3d59aadd3895be903f5ae082ad2371dd3bf9f419c5a854f7af3be3e35a,8,11,line_item,Other operating expenses,2016-12-31,(884),1,1,1,1,0,True,True,False,spatial_row_and_column_match
nestle,2017,income_statement,8f47cb3d59aadd3895be903f5ae082ad2371dd3bf9f419c5a854f7af3be3e35a,8,12,subtotal,Operating proﬁt,2017-12-31,10 112,3,1,1,1,0,True,True,False,spatial_row_and_column_match
nestle,2017,income_statement,8f47cb3d59aadd3895be903f5ae082ad2371dd3bf9f419c5a854f7af3be3e35a,8,12,subtotal,Operating proﬁt,2016-12-31,13 163,3,1,1,1,0,True,True,False,spatial_row_and_column_match
nestle,2017,income_statement,8f47cb3d59aadd3895be903f5ae082ad2371dd3bf9f419c5a854f7af3be3e35a,8,13,line_item,Financial income,2017-12-31,152,1,1,1,1,0,True,True,False,spatial_row_and_column_match
nestle,2017,income_statement,8f47cb3d59aadd3895be903f5ae082ad2371dd3bf9f419c5a854f7af3be3e35a,8,13,line_item,Financial income,2016-12-31,121,1,1,1,1,0,True,True,False,spatial_row_and_column_match
nestle,2017,income_statement,8f47cb3d59aadd3895be903f5ae082ad2371dd3bf9f419c5a854f7af3be3e35a,8,14,line_item,Financial expense,2017-12-31,(771),1,1,1,1,0,True,True,False,spatial_row_and_column_match
nestle,2017,income_statement,8f47cb3d59aadd3895be903f5ae082ad2371dd3bf9f419c5a854f7af3be3e35a,8,14,line_item,Financial expense,2016-12-31,(758),1,1,1,1,0,True,True,False,spatial_row_and_column_match
nestle,2017,income_statement,8f47cb3d59aadd3895be903f5ae082ad2371dd3bf9f419c5a854f7af3be3e35a,8,15,subtotal,"Proﬁt before taxes, associates and joint ventures",2017-12-31,9 493,1,1,1,1,0,True,True,False,spatial_row_and_column_match
nestle,2017,income_statement,8f47cb3d59aadd3895be903f5ae082ad2371dd3bf9f419c5a854f7af3be3e35a,8,15,subtotal,"Proﬁt before taxes, associates and joint ventures",2016-12-31,12 526,1,1,1,1,0,True,True,False,spatial_row_and_column_match
nestle,2017,income_statement,8f47cb3d59aadd3895be903f5ae082ad2371dd3bf9f419c5a854f7af3be3e35a,8,16,line_item,Taxes,2017-12-31,(2 779),2,1,1,1,0,True,True,False,spatial_row_and_column_match
nestle,2017,income_statement,8f47cb3d59aadd3895be903f5ae082ad2371dd3bf9f419c5a854f7af3be3e35a,8,16,line_item,Taxes,2016-12-31,(4 413),2,1,1,1,0,True,True,False,spatial_row_and_column_match
nestle,2017,income_statement,8f47cb3d59aadd3895be903f5ae082ad2371dd3bf9f419c5a854f7af3be3e35a,8,17,line_item,Income from associates and joint ventures,2017-12-31,824,1,1,1,1,0,True,True,False,spatial_row_and_column_match
nestle,2017,income_statement,8f47cb3d59aadd3895be903f5ae082ad2371dd3bf9f419c5a854f7af3be3e35a,8,17,line_item,Income from associates and joint ventures,2016-12-31,770,1,1,1,1,0,True,True,False,spatial_row_and_column_match
nestle,2017,income_statement,8f47cb3d59aadd3895be903f5ae082ad2371dd3bf9f419c5a854f7af3be3e35a,8,18,total,Proﬁt for the year,2017-12-31,7 538,2,1,1,1,0,True,True,False,spatial_row_and_column_match
nestle,2017,income_statement,8f47cb3d59aadd3895be903f5ae082ad2371dd3bf9f419c5a854f7af3be3e35a,8,18,total,Proﬁt for the year,2016-12-31,8 883,2,1,1,1,0,True,True,False,spatial_row_and_column_match
nestle,2017,income_statement,8f47cb3d59aadd3895be903f5ae082ad2371dd3bf9f419c5a854f7af3be3e35a,8,19,line_item,   of which attributable to non-controlling interests,2017-12-31,355,1,1,1,1,0,True,True,False,spatial_row_and_column_match
nestle,2017,income_statement,8f47cb3d59aadd3895be903f5ae082ad2371dd3bf9f419c5a854f7af3be3e35a,8,19,line_item,   of which attributable to non-controlling interests,2016-12-31,352,1,1,1,1,0,True,True,False,spatial_row_and_column_match
nestle,2017,income_statement,8f47cb3d59aadd3895be903f5ae082ad2371dd3bf9f419c5a854f7af3be3e35a,8,20,line_item,   of which attributable to shareholders of the parent (Net proﬁt),2017-12-31,7 183,1,1,1,1,0,True,True,False,spatial_row_and_column_match
nestle,2017,income_statement,8f47cb3d59aadd3895be903f5ae082ad2371dd3bf9f419c5a854f7af3be3e35a,8,20,line_item,   of which attributable to shareholders of the parent (Net proﬁt),2016-12-31,8 531,1,1,1,1,0,True,True,False,spatial_row_and_column_match
nestle,2017,income_statement,8f47cb3d59aadd3895be903f5ae082ad2371dd3bf9f419c5a854f7af3be3e35a,8,22,line_item,Trading operating proﬁt,2017-12-31,14.7%,2,1,1,1,0,True,True,False,spatial_row_and_column_match
nestle,2017,income_statement,8f47cb3d59aadd3895be903f5ae082ad2371dd3bf9f419c5a854f7af3be3e35a,8,22,line_item,Trading operating proﬁt,2016-12-31,15.3%,2,1,1,1,0,True,True,False,spatial_row_and_column_match
nestle,2017,income_statement,8f47cb3d59aadd3895be903f5ae082ad2371dd3bf9f419c5a854f7af3be3e35a,8,23,line_item,Proﬁt for the year attributable to shareholders of the parent (Net proﬁ t),2017-12-31,8.0%,1,1,1,1,0,True,True,False,spatial_row_and_column_match
nestle,2017,income_statement,8f47cb3d59aadd3895be903f5ae082ad2371dd3bf9f419c5a854f7af3be3e35a,8,23,line_item,Proﬁt for the year attributable to shareholders of the parent (Net proﬁ t),2016-12-31,9.5%,1,1,1,1,0,True,True,False,spatial_row_and_column_match
nestle,2017,income_statement,8f47cb3d59aadd3895be903f5ae082ad2371dd3bf9f419c5a854f7af3be3e35a,8,25,line_item,Basic earnings per share,2017-12-31,2.32,1,2,1,1,0,True,True,False,spatial_row_and_column_match
nestle,2017,income_statement,8f47cb3d59aadd3895be903f5ae082ad2371dd3bf9f419c5a854f7af3be3e35a,8,25,line_item,Basic earnings per share,2016-12-31,2.76,1,1,1,1,0,True,True,False,spatial_row_and_column_match
nestle,2017,income_statement,8f47cb3d59aadd3895be903f5ae082ad2371dd3bf9f419c5a854f7af3be3e35a,8,26,line_item,Diluted earnings per share,2017-12-31,2.32,1,2,1,1,0,True,True,False,spatial_row_and_column_match
nestle,2017,income_statement,8f47cb3d59aadd3895be903f5ae082ad2371dd3bf9f419c5a854f7af3be3e35a,8,26,line_item,Diluted earnings per share,2016-12-31,2.75,1,1,1,1,0,True,True,False,spatial_row_and_column_match
nestle,2017,balance_sheet,8f47cb3d59aadd3895be903f5ae082ad2371dd3bf9f419c5a854f7af3be3e35a,10-11,3,line_item,Cash and cash equivalents,2017-12-31,7 938,1,1,1,1,0,True,True,False,spatial_row_and_column_match
nestle,2017,balance_sheet,8f47cb3d59aadd3895be903f5ae082ad2371dd3bf9f419c5a854f7af3be3e35a,10-11,3,line_item,Cash and cash equivalents,2016-12-31,7 990,1,1,1,1,0,True,True,False,spatial_row_and_column_match
nestle,2017,balance_sheet,8f47cb3d59aadd3895be903f5ae082ad2371dd3bf9f419c5a854f7af3be3e35a,10-11,4,line_item,Short-term investments,2017-12-31,655,1,1,1,1,0,True,True,False,spatial_row_and_column_match
nestle,2017,balance_sheet,8f47cb3d59aadd3895be903f5ae082ad2371dd3bf9f419c5a854f7af3be3e35a,10-11,4,line_item,Short-term investments,2016-12-31,1 306,1,1,1,1,0,True,True,False,spatial_row_and_column_match
nestle,2017,balance_sheet,8f47cb3d59aadd3895be903f5ae082ad2371dd3bf9f419c5a854f7af3be3e35a,10-11,5,line_item,Inventories,2017-12-31,9 061,1,1,1,1,0,True,True,False,spatial_row_and_column_match
nestle,2017,balance_sheet,8f47cb3d59aadd3895be903f5ae082ad2371dd3bf9f419c5a854f7af3be3e35a,10-11,5,line_item,Inventories,2016-12-31,8 401,1,1,1,1,0,True,True,False,spatial_row_and_column_match
nestle,2017,balance_sheet,8f47cb3d59aadd3895be903f5ae082ad2371dd3bf9f419c5a854f7af3be3e35a,10-11,6,line_item,Trade and other receivables,2017-12-31,12 422,1,1,1,1,0,True,True,False,spatial_row_and_column_match
nestle,2017,balance_sheet,8f47cb3d59aadd3895be903f5ae082ad2371dd3bf9f419c5a854f7af3be3e35a,10-11,6,line_item,Trade and other receivables,2016-12-31,12 411,1,1,1,1,0,True,True,False,spatial_row_and_column_match
nestle,2017,balance_sheet,8f47cb3d59aadd3895be903f5ae082ad2371dd3bf9f419c5a854f7af3be3e35a,10-11,7,line_item,Prepayments and accrued income,2017-12-31,607,1,1,1,1,0,True,True,False,spatial_row_and_column_match
nestle,2017,balance_sheet,8f47cb3d59aadd3895be903f5ae082ad2371dd3bf9f419c5a854f7af3be3e35a,10-11,7,line_item,Prepayments and accrued income,2016-12-31,573,1,1,1,1,0,True,True,False,spatial_row_and_column_match
nestle,2017,balance_sheet,8f47cb3d59aadd3895be903f5ae082ad2371dd3bf9f419c5a854f7af3be3e35a,10-11,8,line_item,Derivative assets,2017-12-31,231,1,1,1,1,0,True,True,False,spatial_row_and_column_match
nestle,2017,balance_sheet,8f47cb3d59aadd3895be903f5ae082ad2371dd3bf9f419c5a854f7af3be3e35a,10-11,8,line_item,Derivative assets,2016-12-31,550,1,1,1,1,0,True,True,False,spatial_row_and_column_match
nestle,2017,balance_sheet,8f47cb3d59aadd3895be903f5ae082ad2371dd3bf9f419c5a854f7af3be3e35a,10-11,9,line_item,Current income tax assets,2017-12-31,919,2,1,1,1,0,True,True,False,spatial_row_and_column_match
nestle,2017,balance_sheet,8f47cb3d59aadd3895be903f5ae082ad2371dd3bf9f419c5a854f7af3be3e35a,10-11,9,line_item,Current income tax assets,2016-12-31,786,2,1,1,1,0,True,True,False,spatial_row_and_column_match
nestle,2017,balance_sheet,8f47cb3d59aadd3895be903f5ae082ad2371dd3bf9f419c5a854f7af3be3e35a,10-11,10,line_item,Assets held for sale,2017-12-31,357,2,1,1,1,0,True,True,False,spatial_row_and_column_match
nestle,2017,balance_sheet,8f47cb3d59aadd3895be903f5ae082ad2371dd3bf9f419c5a854f7af3be3e35a,10-11,10,line_item,Assets held for sale,2016-12-31,25,2,1,1,1,0,True,True,False,spatial_row_and_column_match
nestle,2017,balance_sheet,8f47cb3d59aadd3895be903f5ae082ad2371dd3bf9f419c5a854f7af3be3e35a,10-11,11,subtotal,Total current assets,2017-12-31,32 190,1,1,1,1,0,True,True,False,spatial_row_and_column_match
nestle,2017,balance_sheet,8f47cb3d59aadd3895be903f5ae082ad2371dd3bf9f419c5a854f7af3be3e35a,10-11,11,subtotal,Total current assets,2016-12-31,32 042,1,1,1,1,0,True,True,False,spatial_row_and_column_match
nestle,2017,balance_sheet,8f47cb3d59aadd3895be903f5ae082ad2371dd3bf9f419c5a854f7af3be3e35a,10-11,13,line_item,"Property, plant and equipment",2017-12-31,27 775,1,1,1,1,0,True,True,False,spatial_row_and_column_match
nestle,2017,balance_sheet,8f47cb3d59aadd3895be903f5ae082ad2371dd3bf9f419c5a854f7af3be3e35a,10-11,13,line_item,"Property, plant and equipment",2016-12-31,27 554,1,1,1,1,0,True,True,False,spatial_row_and_column_match
nestle,2017,balance_sheet,8f47cb3d59aadd3895be903f5ae082ad2371dd3bf9f419c5a854f7af3be3e35a,10-11,14,line_item,Goodwill,2017-12-31,29 748,1,1,1,1,0,True,True,False,spatial_row_and_column_match
nestle,2017,balance_sheet,8f47cb3d59aadd3895be903f5ae082ad2371dd3bf9f419c5a854f7af3be3e35a,10-11,14,line_item,Goodwill,2016-12-31,33 007,1,1,1,1,0,True,True,False,spatial_row_and_column_match
nestle,2017,balance_sheet,8f47cb3d59aadd3895be903f5ae082ad2371dd3bf9f419c5a854f7af3be3e35a,10-11,15,line_item,Intangible assets,2017-12-31,20 615,1,1,1,1,0,True,True,False,spatial_row_and_column_match
nestle,2017,balance_sheet,8f47cb3d59aadd3895be903f5ae082ad2371dd3bf9f419c5a854f7af3be3e35a,10-11,15,line_item,Intangible assets,2016-12-31,20 397,1,1,1,1,0,True,True,False,spatial_row_and_column_match
nestle,2017,balance_sheet,8f47cb3d59aadd3895be903f5ae082ad2371dd3bf9f419c5a854f7af3be3e35a,10-11,16,line_item,Investments in associates and joint ventures,2017-12-31,11 628,1,1,1,1,0,True,True,False,spatial_row_and_column_match
nestle,2017,balance_sheet,8f47cb3d59aadd3895be903f5ae082ad2371dd3bf9f419c5a854f7af3be3e35a,10-11,16,line_item,Investments in associates and joint ventures,2016-12-31,10 709,1,1,1,1,0,True,True,False,spatial_row_and_column_match
nestle,2017,balance_sheet,8f47cb3d59aadd3895be903f5ae082ad2371dd3bf9f419c5a854f7af3be3e35a,10-11,17,line_item,Financial assets,2017-12-31,6 003,1,1,1,1,0,True,True,False,spatial_row_and_column_match
nestle,2017,balance_sheet,8f47cb3d59aadd3895be903f5ae082ad2371dd3bf9f419c5a854f7af3be3e35a,10-11,17,line_item,Financial assets,2016-12-31,5 719,1,1,1,1,0,True,True,False,spatial_row_and_column_match
nestle,2017,balance_sheet,8f47cb3d59aadd3895be903f5ae082ad2371dd3bf9f419c5a854f7af3be3e35a,10-11,18,line_item,Employee beneﬁts assets,2017-12-31,392,1,1,1,1,0,True,True,False,spatial_row_and_column_match
nestle,2017,balance_sheet,8f47cb3d59aadd3895be903f5ae082ad2371dd3bf9f419c5a854f7af3be3e35a,10-11,18,line_item,Employee beneﬁts assets,2016-12-31,310,1,1,1,1,0,True,True,False,spatial_row_and_column_match
nestle,2017,balance_sheet,8f47cb3d59aadd3895be903f5ae082ad2371dd3bf9f419c5a854f7af3be3e35a,10-11,19,line_item,Current income tax assets,2017-12-31,62,2,2,1,1,0,True,True,False,spatial_row_and_column_match
nestle,2017,balance_sheet,8f47cb3d59aadd3895be903f5ae082ad2371dd3bf9f419c5a854f7af3be3e35a,10-11,19,line_item,Current income tax assets,2016-12-31,114,2,1,1,1,0,True,True,False,spatial_row_and_column_match
nestle,2017,balance_sheet,8f47cb3d59aadd3895be903f5ae082ad2371dd3bf9f419c5a854f7af3be3e35a,10-11,20,line_item,Deferred tax assets,2017-12-31,1 967,1,1,1,1,0,True,True,False,spatial_row_and_column_match
nestle,2017,balance_sheet,8f47cb3d59aadd3895be903f5ae082ad2371dd3bf9f419c5a854f7af3be3e35a,10-11,20,line_item,Deferred tax assets,2016-12-31,2 049,1,1,1,1,0,True,True,False,spatial_row_and_column_match
nestle,2017,balance_sheet,8f47cb3d59aadd3895be903f5ae082ad2371dd3bf9f419c5a854f7af3be3e35a,10-11,21,subtotal,Total non-current assets,2017-12-31,98 190,1,1,1,1,0,True,True,False,spatial_row_and_column_match
nestle,2017,balance_sheet,8f47cb3d59aadd3895be903f5ae082ad2371dd3bf9f419c5a854f7af3be3e35a,10-11,21,subtotal,Total non-current assets,2016-12-31,99 859,1,1,1,1,0,True,True,False,spatial_row_and_column_match
nestle,2017,balance_sheet,8f47cb3d59aadd3895be903f5ae082ad2371dd3bf9f419c5a854f7af3be3e35a,10-11,22,total,Total assets,2017-12-31,130 380,1,2,1,1,0,True,True,False,spatial_row_and_column_match
nestle,2017,balance_sheet,8f47cb3d59aadd3895be903f5ae082ad2371dd3bf9f419c5a854f7af3be3e35a,10-11,22,total,Total assets,2016-12-31,131 901,1,2,1,1,0,True,True,False,spatial_row_and_column_match
nestle,2017,balance_sheet,8f47cb3d59aadd3895be903f5ae082ad2371dd3bf9f419c5a854f7af3be3e35a,10-11,25,line_item,Financial debt,2017-12-31,10 536,2,1,1,1,0,True,True,False,spatial_row_and_column_match
nestle,2017,balance_sheet,8f47cb3d59aadd3895be903f5ae082ad2371dd3bf9f419c5a854f7af3be3e35a,10-11,25,line_item,Financial debt,2016-12-31,12 118,2,1,1,1,0,True,True,False,spatial_row_and_column_match
nestle,2017,balance_sheet,8f47cb3d59aadd3895be903f5ae082ad2371dd3bf9f419c5a854f7af3be3e35a,10-11,26,line_item,Trade and other payables,2017-12-31,18 872,1,1,1,1,0,True,True,False,spatial_row_and_column_match
nestle,2017,balance_sheet,8f47cb3d59aadd3895be903f5ae082ad2371dd3bf9f419c5a854f7af3be3e35a,10-11,26,line_item,Trade and other payables,2016-12-31,18 629,1,1,1,1,0,True,True,False,spatial_row_and_column_match
nestle,2017,balance_sheet,8f47cb3d59aadd3895be903f5ae082ad2371dd3bf9f419c5a854f7af3be3e35a,10-11,27,line_item,Accruals and deferred income,2017-12-31,4 094,1,1,1,1,0,True,True,False,spatial_row_and_column_match
nestle,2017,balance_sheet,8f47cb3d59aadd3895be903f5ae082ad2371dd3bf9f419c5a854f7af3be3e35a,10-11,27,line_item,Accruals and deferred income,2016-12-31,3 855,1,1,1,1,0,True,True,False,spatial_row_and_column_match
nestle,2017,balance_sheet,8f47cb3d59aadd3895be903f5ae082ad2371dd3bf9f419c5a854f7af3be3e35a,10-11,28,line_item,Provisions,2017-12-31,863,2,1,1,1,0,True,True,False,spatial_row_and_column_match
nestle,2017,balance_sheet,8f47cb3d59aadd3895be903f5ae082ad2371dd3bf9f419c5a854f7af3be3e35a,10-11,28,line_item,Provisions,2016-12-31,620,2,1,1,1,0,True,True,False,spatial_row_and_column_match
nestle,2017,balance_sheet,8f47cb3d59aadd3895be903f5ae082ad2371dd3bf9f419c5a854f7af3be3e35a,10-11,29,line_item,Derivative liabilities,2017-12-31,507,1,1,1,1,0,True,True,False,spatial_row_and_column_match
nestle,2017,balance_sheet,8f47cb3d59aadd3895be903f5ae082ad2371dd3bf9f419c5a854f7af3be3e35a,10-11,29,line_item,Derivative liabilities,2016-12-31,1 068,1,1,1,1,0,True,True,False,spatial_row_and_column_match
nestle,2017,balance_sheet,8f47cb3d59aadd3895be903f5ae082ad2371dd3bf9f419c5a854f7af3be3e35a,10-11,30,line_item,Current income tax liabilities,2017-12-31,1 170,1,1,1,1,0,True,True,False,spatial_row_and_column_match
nestle,2017,balance_sheet,8f47cb3d59aadd3895be903f5ae082ad2371dd3bf9f419c5a854f7af3be3e35a,10-11,30,line_item,Current income tax liabilities,2016-12-31,1 221,1,1,1,1,0,True,True,False,spatial_row_and_column_match
nestle,2017,balance_sheet,8f47cb3d59aadd3895be903f5ae082ad2371dd3bf9f419c5a854f7af3be3e35a,10-11,31,line_item,Liabilities directly associated with assets held for sale,2017-12-31,12,1,11,1,1,0,True,True,False,spatial_row_and_column_match
nestle,2017,balance_sheet,8f47cb3d59aadd3895be903f5ae082ad2371dd3bf9f419c5a854f7af3be3e35a,10-11,31,line_item,Liabilities directly associated with assets held for sale,2016-12-31,6,1,3,1,1,0,True,True,False,spatial_row_and_column_match
nestle,2017,balance_sheet,8f47cb3d59aadd3895be903f5ae082ad2371dd3bf9f419c5a854f7af3be3e35a,10-11,32,subtotal,Total current liabilities,2017-12-31,36 054,1,1,1,1,0,True,True,False,spatial_row_and_column_match
nestle,2017,balance_sheet,8f47cb3d59aadd3895be903f5ae082ad2371dd3bf9f419c5a854f7af3be3e35a,10-11,32,subtotal,Total current liabilities,2016-12-31,37 517,1,1,1,1,0,True,True,False,spatial_row_and_column_match
nestle,2017,balance_sheet,8f47cb3d59aadd3895be903f5ae082ad2371dd3bf9f419c5a854f7af3be3e35a,10-11,34,line_item,Financial debt,2017-12-31,15 932,2,1,1,1,0,True,True,False,spatial_row_and_column_match
nestle,2017,balance_sheet,8f47cb3d59aadd3895be903f5ae082ad2371dd3bf9f419c5a854f7af3be3e35a,10-11,34,line_item,Financial debt,2016-12-31,11 091,2,1,1,1,0,True,True,False,spatial_row_and_column_match
nestle,2017,balance_sheet,8f47cb3d59aadd3895be903f5ae082ad2371dd3bf9f419c5a854f7af3be3e35a,10-11,35,line_item,Employee beneﬁts liabilities,2017-12-31,7 111,1,1,1,1,0,True,True,False,spatial_row_and_column_match
nestle,2017,balance_sheet,8f47cb3d59aadd3895be903f5ae082ad2371dd3bf9f419c5a854f7af3be3e35a,10-11,35,line_item,Employee beneﬁts liabilities,2016-12-31,8 420,1,1,1,1,0,True,True,False,spatial_row_and_column_match
nestle,2017,balance_sheet,8f47cb3d59aadd3895be903f5ae082ad2371dd3bf9f419c5a854f7af3be3e35a,10-11,36,line_item,Provisions,2017-12-31,2 445,2,1,1,1,0,True,True,False,spatial_row_and_column_match
nestle,2017,balance_sheet,8f47cb3d59aadd3895be903f5ae082ad2371dd3bf9f419c5a854f7af3be3e35a,10-11,36,line_item,Provisions,2016-12-31,2 640,2,1,1,1,0,True,True,False,spatial_row_and_column_match
nestle,2017,balance_sheet,8f47cb3d59aadd3895be903f5ae082ad2371dd3bf9f419c5a854f7af3be3e35a,10-11,37,line_item,Deferred tax liabilities,2017-12-31,3 559,1,1,1,1,0,True,True,False,spatial_row_and_column_match
nestle,2017,balance_sheet,8f47cb3d59aadd3895be903f5ae082ad2371dd3bf9f419c5a854f7af3be3e35a,10-11,37,line_item,Deferred tax liabilities,2016-12-31,3 865,1,1,1,1,0,True,True,False,spatial_row_and_column_match
nestle,2017,balance_sheet,8f47cb3d59aadd3895be903f5ae082ad2371dd3bf9f419c5a854f7af3be3e35a,10-11,38,line_item,Other payables,2017-12-31,2 502,2,1,1,1,0,True,True,False,spatial_row_and_column_match
nestle,2017,balance_sheet,8f47cb3d59aadd3895be903f5ae082ad2371dd3bf9f419c5a854f7af3be3e35a,10-11,38,line_item,Other payables,2016-12-31,2 387,2,1,1,1,0,True,True,False,spatial_row_and_column_match
nestle,2017,balance_sheet,8f47cb3d59aadd3895be903f5ae082ad2371dd3bf9f419c5a854f7af3be3e35a,10-11,39,subtotal,Total non-current liabilities,2017-12-31,31 549,1,1,1,1,0,True,True,False,spatial_row_and_column_match
nestle,2017,balance_sheet,8f47cb3d59aadd3895be903f5ae082ad2371dd3bf9f419c5a854f7af3be3e35a,10-11,39,subtotal,Total non-current liabilities,2016-12-31,28 403,1,1,1,1,0,True,True,False,spatial_row_and_column_match
nestle,2017,balance_sheet,8f47cb3d59aadd3895be903f5ae082ad2371dd3bf9f419c5a854f7af3be3e35a,10-11,40,total,Total liabilities,2017-12-31,67 603,2,1,1,1,0,True,True,False,spatial_row_and_column_match
nestle,2017,balance_sheet,8f47cb3d59aadd3895be903f5ae082ad2371dd3bf9f419c5a854f7af3be3e35a,10-11,40,total,Total liabilities,2016-12-31,65 920,2,1,1,1,0,True,True,False,spatial_row_and_column_match
nestle,2017,balance_sheet,8f47cb3d59aadd3895be903f5ae082ad2371dd3bf9f419c5a854f7af3be3e35a,10-11,42,line_item,Share capital,2017-12-31,311,1,2,2,1,1,True,True,False,spatial_row_and_column_match
nestle,2017,balance_sheet,8f47cb3d59aadd3895be903f5ae082ad2371dd3bf9f419c5a854f7af3be3e35a,10-11,42,line_item,Share capital,2016-12-31,311,1,2,2,1,1,True,True,False,spatial_row_and_column_match
nestle,2017,balance_sheet,8f47cb3d59aadd3895be903f5ae082ad2371dd3bf9f419c5a854f7af3be3e35a,10-11,43,line_item,Treasury shares,2017-12-31,(4 537),1,1,1,1,0,True,True,False,spatial_row_and_column_match
nestle,2017,balance_sheet,8f47cb3d59aadd3895be903f5ae082ad2371dd3bf9f419c5a854f7af3be3e35a,10-11,43,line_item,Treasury shares,2016-12-31,(990),1,2,1,1,0,True,True,False,spatial_row_and_column_match
nestle,2017,balance_sheet,8f47cb3d59aadd3895be903f5ae082ad2371dd3bf9f419c5a854f7af3be3e35a,10-11,44,line_item,Translation reserve,2017-12-31,(19 433),1,1,1,1,0,True,True,False,spatial_row_and_column_match
nestle,2017,balance_sheet,8f47cb3d59aadd3895be903f5ae082ad2371dd3bf9f419c5a854f7af3be3e35a,10-11,44,line_item,Translation reserve,2016-12-31,(18 799),1,1,1,1,0,True,True,False,spatial_row_and_column_match
nestle,2017,balance_sheet,8f47cb3d59aadd3895be903f5ae082ad2371dd3bf9f419c5a854f7af3be3e35a,10-11,45,line_item,Other reserves,2017-12-31,989,1,1,1,1,0,True,True,False,spatial_row_and_column_match
nestle,2017,balance_sheet,8f47cb3d59aadd3895be903f5ae082ad2371dd3bf9f419c5a854f7af3be3e35a,10-11,45,line_item,Other reserves,2016-12-31,1 198,1,1,1,1,0,True,True,False,spatial_row_and_column_match
nestle,2017,balance_sheet,8f47cb3d59aadd3895be903f5ae082ad2371dd3bf9f419c5a854f7af3be3e35a,10-11,46,line_item,Retained earnings,2017-12-31,84 174,1,1,1,1,0,True,True,False,spatial_row_and_column_match
nestle,2017,balance_sheet,8f47cb3d59aadd3895be903f5ae082ad2371dd3bf9f419c5a854f7af3be3e35a,10-11,46,line_item,Retained earnings,2016-12-31,82 870,1,1,1,1,0,True,True,False,spatial_row_and_column_match
nestle,2017,balance_sheet,8f47cb3d59aadd3895be903f5ae082ad2371dd3bf9f419c5a854f7af3be3e35a,10-11,47,subtotal,Total equity attributable to shareholders of the parent,2017-12-31,61 504,1,1,1,1,0,True,True,False,spatial_row_and_column_match
nestle,2017,balance_sheet,8f47cb3d59aadd3895be903f5ae082ad2371dd3bf9f419c5a854f7af3be3e35a,10-11,47,subtotal,Total equity attributable to shareholders of the parent,2016-12-31,64 590,1,1,1,1,0,True,True,False,spatial_row_and_column_match
nestle,2017,balance_sheet,8f47cb3d59aadd3895be903f5ae082ad2371dd3bf9f419c5a854f7af3be3e35a,10-11,48,line_item,Non-controlling interests,2017-12-31,1 273,1,1,1,1,0,True,True,False,spatial_row_and_column_match
nestle,2017,balance_sheet,8f47cb3d59aadd3895be903f5ae082ad2371dd3bf9f419c5a854f7af3be3e35a,10-11,48,line_item,Non-controlling interests,2016-12-31,1 391,1,1,1,1,0,True,True,False,spatial_row_and_column_match
nestle,2017,balance_sheet,8f47cb3d59aadd3895be903f5ae082ad2371dd3bf9f419c5a854f7af3be3e35a,10-11,49,total,Total equity,2017-12-31,62 777,2,1,1,1,0,True,True,False,spatial_row_and_column_match
nestle,2017,balance_sheet,8f47cb3d59aadd3895be903f5ae082ad2371dd3bf9f419c5a854f7af3be3e35a,10-11,49,total,Total equity,2016-12-31,65 981,2,1,1,1,0,True,True,False,spatial_row_and_column_match
nestle,2017,balance_sheet,8f47cb3d59aadd3895be903f5ae082ad2371dd3bf9f419c5a854f7af3be3e35a,10-11,50,total,Total liabilities and equity,2017-12-31,130 380,1,2,1,1,0,True,True,False,spatial_row_and_column_match
nestle,2017,balance_sheet,8f47cb3d59aadd3895be903f5ae082ad2371dd3bf9f419c5a854f7af3be3e35a,10-11,50,total,Total liabilities and equity,2016-12-31,131 901,1,2,1,1,0,True,True,False,spatial_row_and_column_match
nestle,2017,cash_flow,8f47cb3d59aadd3895be903f5ae082ad2371dd3bf9f419c5a854f7af3be3e35a,12,2,line_item,Operating proﬁt,2017-12-31,10 112,1,1,1,1,0,True,True,False,spatial_row_and_column_match
nestle,2017,cash_flow,8f47cb3d59aadd3895be903f5ae082ad2371dd3bf9f419c5a854f7af3be3e35a,12,2,line_item,Operating proﬁt,2016-12-31,13 163,1,1,1,1,0,True,True,False,spatial_row_and_column_match
nestle,2017,cash_flow,8f47cb3d59aadd3895be903f5ae082ad2371dd3bf9f419c5a854f7af3be3e35a,12,3,line_item,Depreciation and amortisation,2017-12-31,3 227,1,1,1,1,0,True,True,False,spatial_row_and_column_match
nestle,2017,cash_flow,8f47cb3d59aadd3895be903f5ae082ad2371dd3bf9f419c5a854f7af3be3e35a,12,3,line_item,Depreciation and amortisation,2016-12-31,3 132,1,1,1,1,0,True,True,False,spatial_row_and_column_match
nestle,2017,cash_flow,8f47cb3d59aadd3895be903f5ae082ad2371dd3bf9f419c5a854f7af3be3e35a,12,4,line_item,Impairment,2017-12-31,3 557,1,1,1,1,0,True,True,False,spatial_row_and_column_match
nestle,2017,cash_flow,8f47cb3d59aadd3895be903f5ae082ad2371dd3bf9f419c5a854f7af3be3e35a,12,4,line_item,Impairment,2016-12-31,640,1,1,1,1,0,True,True,False,spatial_row_and_column_match
nestle,2017,cash_flow,8f47cb3d59aadd3895be903f5ae082ad2371dd3bf9f419c5a854f7af3be3e35a,12,5,line_item,Net result on disposal of businesses,2017-12-31,132,1,2,1,1,0,True,True,False,spatial_row_and_column_match
nestle,2017,cash_flow,8f47cb3d59aadd3895be903f5ae082ad2371dd3bf9f419c5a854f7af3be3e35a,12,5,line_item,Net result on disposal of businesses,2016-12-31,—,1,27,1,1,0,True,True,False,spatial_row_and_column_match
nestle,2017,cash_flow,8f47cb3d59aadd3895be903f5ae082ad2371dd3bf9f419c5a854f7af3be3e35a,12,6,line_item,Other non-cash items of income and expense,2017-12-31,(185),1,1,1,1,0,True,True,False,spatial_row_and_column_match
nestle,2017,cash_flow,8f47cb3d59aadd3895be903f5ae082ad2371dd3bf9f419c5a854f7af3be3e35a,12,6,line_item,Other non-cash items of income and expense,2016-12-31,35,1,1,1,1,0,True,True,False,spatial_row_and_column_match
nestle,2017,cash_flow,8f47cb3d59aadd3895be903f5ae082ad2371dd3bf9f419c5a854f7af3be3e35a,12,7,subtotal,Cash ﬂ ow before changes in operating assets and liabilities,2017-12-31,16 843,1,1,1,1,0,True,True,False,spatial_row_and_column_match
nestle,2017,cash_flow,8f47cb3d59aadd3895be903f5ae082ad2371dd3bf9f419c5a854f7af3be3e35a,12,7,subtotal,Cash ﬂ ow before changes in operating assets and liabilities,2016-12-31,16 970,1,1,1,1,0,True,True,False,spatial_row_and_column_match
nestle,2017,cash_flow,8f47cb3d59aadd3895be903f5ae082ad2371dd3bf9f419c5a854f7af3be3e35a,12,8,line_item,Decrease/(increase) in working capital,2017-12-31,(243),1,1,1,1,0,True,True,False,spatial_row_and_column_match
nestle,2017,cash_flow,8f47cb3d59aadd3895be903f5ae082ad2371dd3bf9f419c5a854f7af3be3e35a,12,8,line_item,Decrease/(increase) in working capital,2016-12-31,1 801,1,1,1,1,0,True,True,False,spatial_row_and_column_match
nestle,2017,cash_flow,8f47cb3d59aadd3895be903f5ae082ad2371dd3bf9f419c5a854f7af3be3e35a,12,9,line_item,Variation of other operating assets and liabilities,2017-12-31,393,1,1,1,1,0,True,True,False,spatial_row_and_column_match
nestle,2017,cash_flow,8f47cb3d59aadd3895be903f5ae082ad2371dd3bf9f419c5a854f7af3be3e35a,12,9,line_item,Variation of other operating assets and liabilities,2016-12-31,54,1,1,1,1,0,True,True,False,spatial_row_and_column_match
nestle,2017,cash_flow,8f47cb3d59aadd3895be903f5ae082ad2371dd3bf9f419c5a854f7af3be3e35a,12,10,subtotal,Cash generated from operations,2017-12-31,16 993,1,1,1,1,0,True,True,False,spatial_row_and_column_match
nestle,2017,cash_flow,8f47cb3d59aadd3895be903f5ae082ad2371dd3bf9f419c5a854f7af3be3e35a,12,10,subtotal,Cash generated from operations,2016-12-31,18 825,1,1,1,1,0,True,True,False,spatial_row_and_column_match
nestle,2017,cash_flow,8f47cb3d59aadd3895be903f5ae082ad2371dd3bf9f419c5a854f7af3be3e35a,12,11,line_item,Net cash ﬂows from treasury activities,2017-12-31,(423),1,1,1,1,0,True,True,False,spatial_row_and_column_match
nestle,2017,cash_flow,8f47cb3d59aadd3895be903f5ae082ad2371dd3bf9f419c5a854f7af3be3e35a,12,11,line_item,Net cash ﬂows from treasury activities,2016-12-31,(327),1,1,1,1,0,True,True,False,spatial_row_and_column_match
nestle,2017,cash_flow,8f47cb3d59aadd3895be903f5ae082ad2371dd3bf9f419c5a854f7af3be3e35a,12,12,line_item,Taxes paid,2017-12-31,(3 666),1,1,1,1,0,True,True,False,spatial_row_and_column_match
nestle,2017,cash_flow,8f47cb3d59aadd3895be903f5ae082ad2371dd3bf9f419c5a854f7af3be3e35a,12,12,line_item,Taxes paid,2016-12-31,(3 435),1,1,1,1,0,True,True,False,spatial_row_and_column_match
nestle,2017,cash_flow,8f47cb3d59aadd3895be903f5ae082ad2371dd3bf9f419c5a854f7af3be3e35a,12,13,line_item,Dividends and interest from associates and joint ventures,2017-12-31,582,1,2,1,1,0,True,True,False,spatial_row_and_column_match
nestle,2017,cash_flow,8f47cb3d59aadd3895be903f5ae082ad2371dd3bf9f419c5a854f7af3be3e35a,12,13,line_item,Dividends and interest from associates and joint ventures,2016-12-31,519,1,1,1,1,0,True,True,False,spatial_row_and_column_match
nestle,2017,cash_flow,8f47cb3d59aadd3895be903f5ae082ad2371dd3bf9f419c5a854f7af3be3e35a,12,14,subtotal,Operating cash ﬂow,2017-12-31,13 486,1,1,1,1,0,True,True,False,spatial_row_and_column_match
nestle,2017,cash_flow,8f47cb3d59aadd3895be903f5ae082ad2371dd3bf9f419c5a854f7af3be3e35a,12,14,subtotal,Operating cash ﬂow,2016-12-31,15 582,1,1,1,1,0,True,True,False,spatial_row_and_column_match
nestle,2017,cash_flow,8f47cb3d59aadd3895be903f5ae082ad2371dd3bf9f419c5a854f7af3be3e35a,12,16,line_item,Capital expenditure,2017-12-31,(3 934),1,1,1,1,0,True,True,False,spatial_row_and_column_match
nestle,2017,cash_flow,8f47cb3d59aadd3895be903f5ae082ad2371dd3bf9f419c5a854f7af3be3e35a,12,16,line_item,Capital expenditure,2016-12-31,(4 010),1,1,1,1,0,True,True,False,spatial_row_and_column_match
nestle,2017,cash_flow,8f47cb3d59aadd3895be903f5ae082ad2371dd3bf9f419c5a854f7af3be3e35a,12,17,line_item,Expenditure on intangible assets,2017-12-31,(769),1,1,1,1,0,True,True,False,spatial_row_and_column_match
nestle,2017,cash_flow,8f47cb3d59aadd3895be903f5ae082ad2371dd3bf9f419c5a854f7af3be3e35a,12,17,line_item,Expenditure on intangible assets,2016-12-31,(682),1,1,1,1,0,True,True,False,spatial_row_and_column_match
nestle,2017,cash_flow,8f47cb3d59aadd3895be903f5ae082ad2371dd3bf9f419c5a854f7af3be3e35a,12,18,line_item,Acquisition of businesses,2017-12-31,(696),1,1,1,1,0,True,True,False,spatial_row_and_column_match
nestle,2017,cash_flow,8f47cb3d59aadd3895be903f5ae082ad2371dd3bf9f419c5a854f7af3be3e35a,12,18,line_item,Acquisition of businesses,2016-12-31,(585),1,1,1,1,0,True,True,False,spatial_row_and_column_match
nestle,2017,cash_flow,8f47cb3d59aadd3895be903f5ae082ad2371dd3bf9f419c5a854f7af3be3e35a,12,19,line_item,Disposal of businesses,2017-12-31,140,2,2,1,1,0,True,True,False,spatial_row_and_column_match
nestle,2017,cash_flow,8f47cb3d59aadd3895be903f5ae082ad2371dd3bf9f419c5a854f7af3be3e35a,12,19,line_item,Disposal of businesses,2016-12-31,271,2,1,1,1,0,True,True,False,spatial_row_and_column_match
nestle,2017,cash_flow,8f47cb3d59aadd3895be903f5ae082ad2371dd3bf9f419c5a854f7af3be3e35a,12,20,line_item,Investments (net of divestments) in associates and joint ventures,2017-12-31,(140),1,2,1,1,0,True,True,False,spatial_row_and_column_match
nestle,2017,cash_flow,8f47cb3d59aadd3895be903f5ae082ad2371dd3bf9f419c5a854f7af3be3e35a,12,20,line_item,Investments (net of divestments) in associates and joint ventures,2016-12-31,(748),1,1,1,1,0,True,True,False,spatial_row_and_column_match
nestle,2017,cash_flow,8f47cb3d59aadd3895be903f5ae082ad2371dd3bf9f419c5a854f7af3be3e35a,12,21,line_item,Inﬂows/(outﬂows) from treasury investments,2017-12-31,593,1,1,1,1,0,True,True,False,spatial_row_and_column_match
nestle,2017,cash_flow,8f47cb3d59aadd3895be903f5ae082ad2371dd3bf9f419c5a854f7af3be3e35a,12,21,line_item,Inﬂows/(outﬂows) from treasury investments,2016-12-31,(335),1,1,1,1,0,True,True,False,spatial_row_and_column_match
nestle,2017,cash_flow,8f47cb3d59aadd3895be903f5ae082ad2371dd3bf9f419c5a854f7af3be3e35a,12,22,line_item,Other investing activities,2017-12-31,(134),1,1,1,1,0,True,True,False,spatial_row_and_column_match
nestle,2017,cash_flow,8f47cb3d59aadd3895be903f5ae082ad2371dd3bf9f419c5a854f7af3be3e35a,12,22,line_item,Other investing activities,2016-12-31,(34),1,1,1,1,0,True,True,False,spatial_row_and_column_match
nestle,2017,cash_flow,8f47cb3d59aadd3895be903f5ae082ad2371dd3bf9f419c5a854f7af3be3e35a,12,23,subtotal,Investing cash ﬂow,2017-12-31,(4 940),1,1,1,1,0,True,True,False,spatial_row_and_column_match
nestle,2017,cash_flow,8f47cb3d59aadd3895be903f5ae082ad2371dd3bf9f419c5a854f7af3be3e35a,12,23,subtotal,Investing cash ﬂow,2016-12-31,(6 123),1,1,1,1,0,True,True,False,spatial_row_and_column_match
nestle,2017,cash_flow,8f47cb3d59aadd3895be903f5ae082ad2371dd3bf9f419c5a854f7af3be3e35a,12,25,line_item,Dividend paid to shareholders of the parent,2017-12-31,(7 126),1,1,1,1,0,True,True,False,spatial_row_and_column_match
nestle,2017,cash_flow,8f47cb3d59aadd3895be903f5ae082ad2371dd3bf9f419c5a854f7af3be3e35a,12,25,line_item,Dividend paid to shareholders of the parent,2016-12-31,(6 937),1,1,1,1,0,True,True,False,spatial_row_and_column_match
nestle,2017,cash_flow,8f47cb3d59aadd3895be903f5ae082ad2371dd3bf9f419c5a854f7af3be3e35a,12,26,line_item,Dividends paid to non-controlling interests,2017-12-31,(342),1,1,1,1,0,True,True,False,spatial_row_and_column_match
nestle,2017,cash_flow,8f47cb3d59aadd3895be903f5ae082ad2371dd3bf9f419c5a854f7af3be3e35a,12,26,line_item,Dividends paid to non-controlling interests,2016-12-31,(432),1,1,1,1,0,True,True,False,spatial_row_and_column_match
nestle,2017,cash_flow,8f47cb3d59aadd3895be903f5ae082ad2371dd3bf9f419c5a854f7af3be3e35a,12,27,line_item,Acquisition (net of disposal) of non-controlling interests,2017-12-31,(526),1,1,1,1,0,True,True,False,spatial_row_and_column_match
nestle,2017,cash_flow,8f47cb3d59aadd3895be903f5ae082ad2371dd3bf9f419c5a854f7af3be3e35a,12,27,line_item,Acquisition (net of disposal) of non-controlling interests,2016-12-31,(1 208),1,1,1,1,0,True,True,False,spatial_row_and_column_match
nestle,2017,cash_flow,8f47cb3d59aadd3895be903f5ae082ad2371dd3bf9f419c5a854f7af3be3e35a,12,28,line_item,Purchase (net of sale) of treasury shares (a),2017-12-31,(3 295),1,1,1,1,0,True,True,False,spatial_row_and_column_match
nestle,2017,cash_flow,8f47cb3d59aadd3895be903f5ae082ad2371dd3bf9f419c5a854f7af3be3e35a,12,28,line_item,Purchase (net of sale) of treasury shares (a),2016-12-31,760,1,1,1,1,0,True,True,False,spatial_row_and_column_match
nestle,2017,cash_flow,8f47cb3d59aadd3895be903f5ae082ad2371dd3bf9f419c5a854f7af3be3e35a,12,29,line_item,Inﬂows from bonds and other non-current ﬁnancial debt,2017-12-31,6 406,1,1,1,1,0,True,True,False,spatial_row_and_column_match
nestle,2017,cash_flow,8f47cb3d59aadd3895be903f5ae082ad2371dd3bf9f419c5a854f7af3be3e35a,12,29,line_item,Inﬂows from bonds and other non-current ﬁnancial debt,2016-12-31,1 695,1,1,1,1,0,True,True,False,spatial_row_and_column_match
nestle,2017,cash_flow,8f47cb3d59aadd3895be903f5ae082ad2371dd3bf9f419c5a854f7af3be3e35a,12,30,line_item,Outﬂows from bonds and other non-current ﬁnancial debt,2017-12-31,(2 489),1,1,1,1,0,True,True,False,spatial_row_and_column_match
nestle,2017,cash_flow,8f47cb3d59aadd3895be903f5ae082ad2371dd3bf9f419c5a854f7af3be3e35a,12,30,line_item,Outﬂows from bonds and other non-current ﬁnancial debt,2016-12-31,(1 430),1,1,1,1,0,True,True,False,spatial_row_and_column_match
nestle,2017,cash_flow,8f47cb3d59aadd3895be903f5ae082ad2371dd3bf9f419c5a854f7af3be3e35a,12,31,line_item,Inﬂows/(outﬂows) from current ﬁnancial debt,2017-12-31,(1 009),1,1,1,1,0,True,True,False,spatial_row_and_column_match
nestle,2017,cash_flow,8f47cb3d59aadd3895be903f5ae082ad2371dd3bf9f419c5a854f7af3be3e35a,12,31,line_item,Inﬂows/(outﬂows) from current ﬁnancial debt,2016-12-31,1 368,1,1,1,1,0,True,True,False,spatial_row_and_column_match
nestle,2017,cash_flow,8f47cb3d59aadd3895be903f5ae082ad2371dd3bf9f419c5a854f7af3be3e35a,12,32,subtotal,Financing cash ﬂow,2017-12-31,(8 381),1,1,1,1,0,True,True,False,spatial_row_and_column_match
nestle,2017,cash_flow,8f47cb3d59aadd3895be903f5ae082ad2371dd3bf9f419c5a854f7af3be3e35a,12,32,subtotal,Financing cash ﬂow,2016-12-31,(6 184),1,1,1,1,0,True,True,False,spatial_row_and_column_match
nestle,2017,cash_flow,8f47cb3d59aadd3895be903f5ae082ad2371dd3bf9f419c5a854f7af3be3e35a,12,33,line_item,Currency retranslations,2017-12-31,(217),1,1,1,1,0,True,True,False,spatial_row_and_column_match
nestle,2017,cash_flow,8f47cb3d59aadd3895be903f5ae082ad2371dd3bf9f419c5a854f7af3be3e35a,12,33,line_item,Currency retranslations,2016-12-31,(169),1,1,1,1,0,True,True,False,spatial_row_and_column_match
nestle,2017,cash_flow,8f47cb3d59aadd3895be903f5ae082ad2371dd3bf9f419c5a854f7af3be3e35a,12,34,total,Increase/(decrease) in cash and cash equivalents,2017-12-31,(52),1,1,1,1,0,True,True,False,spatial_row_and_column_match
nestle,2017,cash_flow,8f47cb3d59aadd3895be903f5ae082ad2371dd3bf9f419c5a854f7af3be3e35a,12,34,total,Increase/(decrease) in cash and cash equivalents,2016-12-31,3 106,1,1,1,1,0,True,True,False,spatial_row_and_column_match
nestle,2017,cash_flow,8f47cb3d59aadd3895be903f5ae082ad2371dd3bf9f419c5a854f7af3be3e35a,12,35,total,Cash and cash equivalents at beginning of year,2017-12-31,7 990,1,2,1,1,0,True,True,False,spatial_row_and_column_match
nestle,2017,cash_flow,8f47cb3d59aadd3895be903f5ae082ad2371dd3bf9f419c5a854f7af3be3e35a,12,35,total,Cash and cash equivalents at beginning of year,2016-12-31,4 884,1,1,1,1,0,True,True,False,spatial_row_and_column_match
nestle,2017,cash_flow,8f47cb3d59aadd3895be903f5ae082ad2371dd3bf9f419c5a854f7af3be3e35a,12,36,total,Cash and cash equivalents at end of year,2017-12-31,7 938,1,1,1,1,0,True,True,False,spatial_row_and_column_match
nestle,2017,cash_flow,8f47cb3d59aadd3895be903f5ae082ad2371dd3bf9f419c5a854f7af3be3e35a,12,36,total,Cash and cash equivalents at end of year,2016-12-31,7 990,1,2,1,1,0,True,True,False,spatial_row_and_column_match
nestle,2019,income_statement,9df923d9549e016108620003feebc27fff33b03444fd75872c1609b191236410,6,1,line_item,Sales,2019-12-31,92 568,2,1,1,1,0,True,True,False,spatial_row_and_column_match
nestle,2019,income_statement,9df923d9549e016108620003feebc27fff33b03444fd75872c1609b191236410,6,1,line_item,Sales,2018-12-31,91 439,2,1,1,1,0,True,True,False,spatial_row_and_column_match
nestle,2019,income_statement,9df923d9549e016108620003feebc27fff33b03444fd75872c1609b191236410,6,2,line_item,Other revenue,2019-12-31,297,1,1,1,1,0,True,True,False,spatial_row_and_column_match
nestle,2019,income_statement,9df923d9549e016108620003feebc27fff33b03444fd75872c1609b191236410,6,2,line_item,Other revenue,2018-12-31,311,1,1,1,1,0,True,True,False,spatial_row_and_column_match
nestle,2019,income_statement,9df923d9549e016108620003feebc27fff33b03444fd75872c1609b191236410,6,3,line_item,Cost of goods sold,2019-12-31,(46 647),1,1,1,1,0,True,True,False,spatial_row_and_column_match
nestle,2019,income_statement,9df923d9549e016108620003feebc27fff33b03444fd75872c1609b191236410,6,3,line_item,Cost of goods sold,2018-12-31,(46 070),1,1,1,1,0,True,True,False,spatial_row_and_column_match
nestle,2019,income_statement,9df923d9549e016108620003feebc27fff33b03444fd75872c1609b191236410,6,4,line_item,Distribution expenses,2019-12-31,(8 496),1,1,1,1,0,True,True,False,spatial_row_and_column_match
nestle,2019,income_statement,9df923d9549e016108620003feebc27fff33b03444fd75872c1609b191236410,6,4,line_item,Distribution expenses,2018-12-31,(8 469),1,1,1,1,0,True,True,False,spatial_row_and_column_match
nestle,2019,income_statement,9df923d9549e016108620003feebc27fff33b03444fd75872c1609b191236410,6,5,line_item,Marketing and administration expenses,2019-12-31,(19 790),1,1,1,1,0,True,True,False,spatial_row_and_column_match
nestle,2019,income_statement,9df923d9549e016108620003feebc27fff33b03444fd75872c1609b191236410,6,5,line_item,Marketing and administration expenses,2018-12-31,(20 003),1,1,1,1,0,True,True,False,spatial_row_and_column_match
nestle,2019,income_statement,9df923d9549e016108620003feebc27fff33b03444fd75872c1609b191236410,6,6,line_item,Research and development costs,2019-12-31,(1 672),1,1,1,1,0,True,True,False,spatial_row_and_column_match
nestle,2019,income_statement,9df923d9549e016108620003feebc27fff33b03444fd75872c1609b191236410,6,6,line_item,Research and development costs,2018-12-31,(1 687),1,1,1,1,0,True,True,False,spatial_row_and_column_match
nestle,2019,income_statement,9df923d9549e016108620003feebc27fff33b03444fd75872c1609b191236410,6,7,line_item,Other trading income,2019-12-31,163,1,1,1,1,0,True,True,False,spatial_row_and_column_match
nestle,2019,income_statement,9df923d9549e016108620003feebc27fff33b03444fd75872c1609b191236410,6,7,line_item,Other trading income,2018-12-31,37,1,1,1,1,0,True,True,False,spatial_row_and_column_match
nestle,2019,income_statement,9df923d9549e016108620003feebc27fff33b03444fd75872c1609b191236410,6,8,line_item,Other trading expenses,2019-12-31,(2 749),1,1,1,1,0,True,True,False,spatial_row_and_column_match
nestle,2019,income_statement,9df923d9549e016108620003feebc27fff33b03444fd75872c1609b191236410,6,8,line_item,Other trading expenses,2018-12-31,(1 769),1,1,1,1,0,True,True,False,spatial_row_and_column_match
nestle,2019,income_statement,9df923d9549e016108620003feebc27fff33b03444fd75872c1609b191236410,6,9,line_item,Trading operating profit,2019-12-31,13 674,2,1,1,1,0,True,True,False,spatial_row_and_column_match
nestle,2019,income_statement,9df923d9549e016108620003feebc27fff33b03444fd75872c1609b191236410,6,9,line_item,Trading operating profit,2018-12-31,13 789,2,1,1,1,0,True,True,False,spatial_row_and_column_match
nestle,2019,income_statement,9df923d9549e016108620003feebc27fff33b03444fd75872c1609b191236410,6,10,line_item,Other operating income,2019-12-31,3 717,1,1,1,1,0,True,True,False,spatial_row_and_column_match
nestle,2019,income_statement,9df923d9549e016108620003feebc27fff33b03444fd75872c1609b191236410,6,10,line_item,Other operating income,2018-12-31,2 535,1,1,1,1,0,True,True,False,spatial_row_and_column_match
nestle,2019,income_statement,9df923d9549e016108620003feebc27fff33b03444fd75872c1609b191236410,6,11,line_item,Other operating expenses,2019-12-31,(1 313),1,1,1,1,0,True,True,False,spatial_row_and_column_match
nestle,2019,income_statement,9df923d9549e016108620003feebc27fff33b03444fd75872c1609b191236410,6,11,line_item,Other operating expenses,2018-12-31,(2 572),1,1,1,1,0,True,True,False,spatial_row_and_column_match
nestle,2019,income_statement,9df923d9549e016108620003feebc27fff33b03444fd75872c1609b191236410,6,12,line_item,Operating profit,2019-12-31,16 078,3,1,1,1,0,True,True,False,spatial_row_and_column_match
nestle,2019,income_statement,9df923d9549e016108620003feebc27fff33b03444fd75872c1609b191236410,6,12,line_item,Operating profit,2018-12-31,13 752,3,1,1,1,0,True,True,False,spatial_row_and_column_match
nestle,2019,income_statement,9df923d9549e016108620003feebc27fff33b03444fd75872c1609b191236410,6,13,line_item,Financial income,2019-12-31,200,1,1,1,1,0,True,True,False,spatial_row_and_column_match
nestle,2019,income_statement,9df923d9549e016108620003feebc27fff33b03444fd75872c1609b191236410,6,13,line_item,Financial income,2018-12-31,247,1,1,1,1,0,True,True,False,spatial_row_and_column_match
nestle,2019,income_statement,9df923d9549e016108620003feebc27fff33b03444fd75872c1609b191236410,6,14,line_item,Financial expense,2019-12-31,(1 216),1,1,1,1,0,True,True,False,spatial_row_and_column_match
nestle,2019,income_statement,9df923d9549e016108620003feebc27fff33b03444fd75872c1609b191236410,6,14,line_item,Financial expense,2018-12-31,(1 008),1,1,1,1,0,True,True,False,spatial_row_and_column_match
nestle,2019,income_statement,9df923d9549e016108620003feebc27fff33b03444fd75872c1609b191236410,6,15,line_item,"Profit before taxes, associates and joint ventures",2019-12-31,15 062,1,1,1,1,0,True,True,False,spatial_row_and_column_match
nestle,2019,income_statement,9df923d9549e016108620003feebc27fff33b03444fd75872c1609b191236410,6,15,line_item,"Profit before taxes, associates and joint ventures",2018-12-31,12 991,1,1,1,1,0,True,True,False,spatial_row_and_column_match
nestle,2019,income_statement,9df923d9549e016108620003feebc27fff33b03444fd75872c1609b191236410,6,16,line_item,Taxes,2019-12-31,(3 159),2,1,1,1,0,True,True,False,spatial_row_and_column_match
nestle,2019,income_statement,9df923d9549e016108620003feebc27fff33b03444fd75872c1609b191236410,6,16,line_item,Taxes,2018-12-31,(3 439),2,1,1,1,0,True,True,False,spatial_row_and_column_match
nestle,2019,income_statement,9df923d9549e016108620003feebc27fff33b03444fd75872c1609b191236410,6,17,line_item,Income from associates and joint ventures,2019-12-31,1 001,1,1,1,1,0,True,True,False,spatial_row_and_column_match
nestle,2019,income_statement,9df923d9549e016108620003feebc27fff33b03444fd75872c1609b191236410,6,17,line_item,Income from associates and joint ventures,2018-12-31,916,1,1,1,1,0,True,True,False,spatial_row_and_column_match
nestle,2019,income_statement,9df923d9549e016108620003feebc27fff33b03444fd75872c1609b191236410,6,18,line_item,Profit for the year,2019-12-31,12 904,2,1,1,1,0,True,True,False,spatial_row_and_column_match
nestle,2019,income_statement,9df923d9549e016108620003feebc27fff33b03444fd75872c1609b191236410,6,18,line_item,Profit for the year,2018-12-31,10 468,2,1,1,1,0,True,True,False,spatial_row_and_column_match
nestle,2019,income_statement,9df923d9549e016108620003feebc27fff33b03444fd75872c1609b191236410,6,19,line_item,   of which attributable to non-controlling interests,2019-12-31,295,1,1,1,1,0,True,True,False,spatial_row_and_column_match
nestle,2019,income_statement,9df923d9549e016108620003feebc27fff33b03444fd75872c1609b191236410,6,19,line_item,   of which attributable to non-controlling interests,2018-12-31,333,1,1,1,1,0,True,True,False,spatial_row_and_column_match
nestle,2019,income_statement,9df923d9549e016108620003feebc27fff33b03444fd75872c1609b191236410,6,20,line_item,   of which attributable to shareholders of the parent (Net profit),2019-12-31,12 609,1,1,1,1,0,True,True,False,spatial_row_and_column_match
nestle,2019,income_statement,9df923d9549e016108620003feebc27fff33b03444fd75872c1609b191236410,6,20,line_item,   of which attributable to shareholders of the parent (Net profit),2018-12-31,10 135,1,1,1,1,0,True,True,False,spatial_row_and_column_match
nestle,2019,income_statement,9df923d9549e016108620003feebc27fff33b03444fd75872c1609b191236410,6,22,line_item,Trading operating profit,2019-12-31,14.8%,2,1,1,1,0,True,True,False,spatial_row_and_column_match
nestle,2019,income_statement,9df923d9549e016108620003feebc27fff33b03444fd75872c1609b191236410,6,22,line_item,Trading operating profit,2018-12-31,15.1%,2,1,1,1,0,True,True,False,spatial_row_and_column_match
nestle,2019,income_statement,9df923d9549e016108620003feebc27fff33b03444fd75872c1609b191236410,6,23,line_item,Profit for the year attributable to shareholders of the parent (Net profit),2019-12-31,13.6%,1,1,1,1,0,True,True,False,spatial_row_and_column_match
nestle,2019,income_statement,9df923d9549e016108620003feebc27fff33b03444fd75872c1609b191236410,6,23,line_item,Profit for the year attributable to shareholders of the parent (Net profit),2018-12-31,11.1%,1,1,1,1,0,True,True,False,spatial_row_and_column_match
nestle,2019,income_statement,9df923d9549e016108620003feebc27fff33b03444fd75872c1609b191236410,6,25,line_item,Basic earnings per share,2019-12-31,4.30,1,2,1,1,0,True,True,False,spatial_row_and_column_match
nestle,2019,income_statement,9df923d9549e016108620003feebc27fff33b03444fd75872c1609b191236410,6,25,line_item,Basic earnings per share,2018-12-31,3.36,1,2,1,1,0,True,True,False,spatial_row_and_column_match
nestle,2019,income_statement,9df923d9549e016108620003feebc27fff33b03444fd75872c1609b191236410,6,26,line_item,Diluted earnings per share,2019-12-31,4.30,1,2,1,1,0,True,True,False,spatial_row_and_column_match
nestle,2019,income_statement,9df923d9549e016108620003feebc27fff33b03444fd75872c1609b191236410,6,26,line_item,Diluted earnings per share,2018-12-31,3.36,1,2,1,1,0,True,True,False,spatial_row_and_column_match
nestle,2019,balance_sheet,9df923d9549e016108620003feebc27fff33b03444fd75872c1609b191236410,8-9,3,line_item,Cash and cash equivalents,2019-12-31,7 469,1,1,1,1,0,True,True,False,spatial_row_and_column_match
nestle,2019,balance_sheet,9df923d9549e016108620003feebc27fff33b03444fd75872c1609b191236410,8-9,3,line_item,Cash and cash equivalents,2018-12-31,4 500,1,1,1,1,0,True,True,False,spatial_row_and_column_match
nestle,2019,balance_sheet,9df923d9549e016108620003feebc27fff33b03444fd75872c1609b191236410,8-9,4,line_item,Short-term investments,2019-12-31,2 794,1,1,1,1,0,True,True,False,spatial_row_and_column_match
nestle,2019,balance_sheet,9df923d9549e016108620003feebc27fff33b03444fd75872c1609b191236410,8-9,4,line_item,Short-term investments,2018-12-31,5 801,1,1,1,1,0,True,True,False,spatial_row_and_column_match
nestle,2019,balance_sheet,9df923d9549e016108620003feebc27fff33b03444fd75872c1609b191236410,8-9,5,line_item,Inventories,2019-12-31,9 343,1,1,1,1,0,True,True,False,spatial_row_and_column_match
nestle,2019,balance_sheet,9df923d9549e016108620003feebc27fff33b03444fd75872c1609b191236410,8-9,5,line_item,Inventories,2018-12-31,9 125,1,1,1,1,0,True,True,False,spatial_row_and_column_match
nestle,2019,balance_sheet,9df923d9549e016108620003feebc27fff33b03444fd75872c1609b191236410,8-9,6,line_item,Trade and other receivables,2019-12-31,11 766,1,1,1,1,0,True,True,False,spatial_row_and_column_match
nestle,2019,balance_sheet,9df923d9549e016108620003feebc27fff33b03444fd75872c1609b191236410,8-9,6,line_item,Trade and other receivables,2018-12-31,11 167,1,1,1,1,0,True,True,False,spatial_row_and_column_match
nestle,2019,balance_sheet,9df923d9549e016108620003feebc27fff33b03444fd75872c1609b191236410,8-9,7,line_item,Prepayments and accrued income,2019-12-31,498,1,1,1,1,0,True,True,False,spatial_row_and_column_match
nestle,2019,balance_sheet,9df923d9549e016108620003feebc27fff33b03444fd75872c1609b191236410,8-9,7,line_item,Prepayments and accrued income,2018-12-31,530,1,1,1,1,0,True,True,False,spatial_row_and_column_match
nestle,2019,balance_sheet,9df923d9549e016108620003feebc27fff33b03444fd75872c1609b191236410,8-9,8,line_item,Derivative assets,2019-12-31,254,1,1,1,1,0,True,True,False,spatial_row_and_column_match
nestle,2019,balance_sheet,9df923d9549e016108620003feebc27fff33b03444fd75872c1609b191236410,8-9,8,line_item,Derivative assets,2018-12-31,183,1,2,1,1,0,True,True,False,spatial_row_and_column_match
nestle,2019,balance_sheet,9df923d9549e016108620003feebc27fff33b03444fd75872c1609b191236410,8-9,9,line_item,Current income tax assets,2019-12-31,768,2,1,1,1,0,True,True,False,spatial_row_and_column_match
nestle,2019,balance_sheet,9df923d9549e016108620003feebc27fff33b03444fd75872c1609b191236410,8-9,9,line_item,Current income tax assets,2018-12-31,869,2,1,1,1,0,True,True,False,spatial_row_and_column_match
nestle,2019,balance_sheet,9df923d9549e016108620003feebc27fff33b03444fd75872c1609b191236410,8-9,10,line_item,Assets held for sale,2019-12-31,2 771,2,1,1,1,0,True,True,False,spatial_row_and_column_match
nestle,2019,balance_sheet,9df923d9549e016108620003feebc27fff33b03444fd75872c1609b191236410,8-9,10,line_item,Assets held for sale,2018-12-31,8 828,2,1,1,1,0,True,True,False,spatial_row_and_column_match
nestle,2019,balance_sheet,9df923d9549e016108620003feebc27fff33b03444fd75872c1609b191236410,8-9,11,subtotal,Total current assets,2019-12-31,35 663,1,1,1,1,0,True,True,False,spatial_row_and_column_match
nestle,2019,balance_sheet,9df923d9549e016108620003feebc27fff33b03444fd75872c1609b191236410,8-9,11,subtotal,Total current assets,2018-12-31,41 003,1,1,1,1,0,True,True,False,spatial_row_and_column_match
nestle,2019,balance_sheet,9df923d9549e016108620003feebc27fff33b03444fd75872c1609b191236410,8-9,13,line_item,"Property, plant and equipment",2019-12-31,28 762,1,1,1,1,0,True,True,False,spatial_row_and_column_match
nestle,2019,balance_sheet,9df923d9549e016108620003feebc27fff33b03444fd75872c1609b191236410,8-9,13,line_item,"Property, plant and equipment",2018-12-31,29 956,1,1,1,1,0,True,True,False,spatial_row_and_column_match
nestle,2019,balance_sheet,9df923d9549e016108620003feebc27fff33b03444fd75872c1609b191236410,8-9,14,line_item,Goodwill,2019-12-31,28 896,1,1,1,1,0,True,True,False,spatial_row_and_column_match
nestle,2019,balance_sheet,9df923d9549e016108620003feebc27fff33b03444fd75872c1609b191236410,8-9,14,line_item,Goodwill,2018-12-31,31 702,1,1,1,1,0,True,True,False,spatial_row_and_column_match
nestle,2019,balance_sheet,9df923d9549e016108620003feebc27fff33b03444fd75872c1609b191236410,8-9,15,line_item,Intangible assets,2019-12-31,17 824,1,1,1,1,0,True,True,False,spatial_row_and_column_match
nestle,2019,balance_sheet,9df923d9549e016108620003feebc27fff33b03444fd75872c1609b191236410,8-9,15,line_item,Intangible assets,2018-12-31,18 634,1,1,1,1,0,True,True,False,spatial_row_and_column_match
nestle,2019,balance_sheet,9df923d9549e016108620003feebc27fff33b03444fd75872c1609b191236410,8-9,16,line_item,Investments in associates and joint ventures,2019-12-31,11 505,1,1,1,1,0,True,True,False,spatial_row_and_column_match
nestle,2019,balance_sheet,9df923d9549e016108620003feebc27fff33b03444fd75872c1609b191236410,8-9,16,line_item,Investments in associates and joint ventures,2018-12-31,10 792,1,1,1,1,0,True,True,False,spatial_row_and_column_match
nestle,2019,balance_sheet,9df923d9549e016108620003feebc27fff33b03444fd75872c1609b191236410,8-9,17,line_item,Financial assets,2019-12-31,2 611,1,1,1,1,0,True,True,False,spatial_row_and_column_match
nestle,2019,balance_sheet,9df923d9549e016108620003feebc27fff33b03444fd75872c1609b191236410,8-9,17,line_item,Financial assets,2018-12-31,2 567,1,1,1,1,0,True,True,False,spatial_row_and_column_match
nestle,2019,balance_sheet,9df923d9549e016108620003feebc27fff33b03444fd75872c1609b191236410,8-9,18,line_item,Employee benefits assets,2019-12-31,510,1,1,1,1,0,True,True,False,spatial_row_and_column_match
nestle,2019,balance_sheet,9df923d9549e016108620003feebc27fff33b03444fd75872c1609b191236410,8-9,18,line_item,Employee benefits assets,2018-12-31,487,1,1,1,1,0,True,True,False,spatial_row_and_column_match
nestle,2019,balance_sheet,9df923d9549e016108620003feebc27fff33b03444fd75872c1609b191236410,8-9,19,line_item,Current income tax assets,2019-12-31,55,2,1,1,1,0,True,True,False,spatial_row_and_column_match
nestle,2019,balance_sheet,9df923d9549e016108620003feebc27fff33b03444fd75872c1609b191236410,8-9,19,line_item,Current income tax assets,2018-12-31,58,2,2,1,1,0,True,True,False,spatial_row_and_column_match
nestle,2019,balance_sheet,9df923d9549e016108620003feebc27fff33b03444fd75872c1609b191236410,8-9,20,line_item,Deferred tax assets,2019-12-31,2 114,1,1,1,1,0,True,True,False,spatial_row_and_column_match
nestle,2019,balance_sheet,9df923d9549e016108620003feebc27fff33b03444fd75872c1609b191236410,8-9,20,line_item,Deferred tax assets,2018-12-31,1 816,1,1,1,1,0,True,True,False,spatial_row_and_column_match
nestle,2019,balance_sheet,9df923d9549e016108620003feebc27fff33b03444fd75872c1609b191236410,8-9,21,subtotal,Total non-current assets,2019-12-31,92 277,1,1,1,1,0,True,True,False,spatial_row_and_column_match
nestle,2019,balance_sheet,9df923d9549e016108620003feebc27fff33b03444fd75872c1609b191236410,8-9,21,subtotal,Total non-current assets,2018-12-31,96 012,1,1,1,1,0,True,True,False,spatial_row_and_column_match
nestle,2019,balance_sheet,9df923d9549e016108620003feebc27fff33b03444fd75872c1609b191236410,8-9,22,total,Total assets,2019-12-31,127 940,1,2,1,1,0,True,True,False,spatial_row_and_column_match
nestle,2019,balance_sheet,9df923d9549e016108620003feebc27fff33b03444fd75872c1609b191236410,8-9,22,total,Total assets,2018-12-31,137 015,1,2,1,1,0,True,True,False,spatial_row_and_column_match
nestle,2019,balance_sheet,9df923d9549e016108620003feebc27fff33b03444fd75872c1609b191236410,8-9,25,line_item,Financial debt,2019-12-31,14 032,2,1,1,1,0,True,True,False,spatial_row_and_column_match
nestle,2019,balance_sheet,9df923d9549e016108620003feebc27fff33b03444fd75872c1609b191236410,8-9,25,line_item,Financial debt,2018-12-31,14 694,2,1,1,1,0,True,True,False,spatial_row_and_column_match
nestle,2019,balance_sheet,9df923d9549e016108620003feebc27fff33b03444fd75872c1609b191236410,8-9,26,line_item,Trade and other payables,2019-12-31,18 803,1,1,1,1,0,True,True,False,spatial_row_and_column_match
nestle,2019,balance_sheet,9df923d9549e016108620003feebc27fff33b03444fd75872c1609b191236410,8-9,26,line_item,Trade and other payables,2018-12-31,17 800,1,1,1,1,0,True,True,False,spatial_row_and_column_match
nestle,2019,balance_sheet,9df923d9549e016108620003feebc27fff33b03444fd75872c1609b191236410,8-9,27,line_item,Accruals and deferred income,2019-12-31,4 492,1,1,1,1,0,True,True,False,spatial_row_and_column_match
nestle,2019,balance_sheet,9df923d9549e016108620003feebc27fff33b03444fd75872c1609b191236410,8-9,27,line_item,Accruals and deferred income,2018-12-31,4 075,1,1,1,1,0,True,True,False,spatial_row_and_column_match
nestle,2019,balance_sheet,9df923d9549e016108620003feebc27fff33b03444fd75872c1609b191236410,8-9,28,line_item,Provisions,2019-12-31,802,2,1,1,1,0,True,True,False,spatial_row_and_column_match
nestle,2019,balance_sheet,9df923d9549e016108620003feebc27fff33b03444fd75872c1609b191236410,8-9,28,line_item,Provisions,2018-12-31,780,2,1,1,1,0,True,True,False,spatial_row_and_column_match
nestle,2019,balance_sheet,9df923d9549e016108620003feebc27fff33b03444fd75872c1609b191236410,8-9,29,line_item,Derivative liabilities,2019-12-31,420,1,1,1,1,0,True,True,False,spatial_row_and_column_match
nestle,2019,balance_sheet,9df923d9549e016108620003feebc27fff33b03444fd75872c1609b191236410,8-9,29,line_item,Derivative liabilities,2018-12-31,448,1,1,1,1,0,True,True,False,spatial_row_and_column_match
nestle,2019,balance_sheet,9df923d9549e016108620003feebc27fff33b03444fd75872c1609b191236410,8-9,30,line_item,Current income tax liabilities,2019-12-31,2 673,1,1,1,1,0,True,True,False,spatial_row_and_column_match
nestle,2019,balance_sheet,9df923d9549e016108620003feebc27fff33b03444fd75872c1609b191236410,8-9,30,line_item,Current income tax liabilities,2018-12-31,2 731,1,1,1,1,0,True,True,False,spatial_row_and_column_match
nestle,2019,balance_sheet,9df923d9549e016108620003feebc27fff33b03444fd75872c1609b191236410,8-9,31,line_item,Liabilities directly associated with assets held for sale,2019-12-31,393,1,1,1,1,0,True,True,False,spatial_row_and_column_match
nestle,2019,balance_sheet,9df923d9549e016108620003feebc27fff33b03444fd75872c1609b191236410,8-9,31,line_item,Liabilities directly associated with assets held for sale,2018-12-31,2 502,1,1,1,1,0,True,True,False,spatial_row_and_column_match
nestle,2019,balance_sheet,9df923d9549e016108620003feebc27fff33b03444fd75872c1609b191236410,8-9,32,subtotal,Total current liabilities,2019-12-31,41 615,1,1,1,1,0,True,True,False,spatial_row_and_column_match
nestle,2019,balance_sheet,9df923d9549e016108620003feebc27fff33b03444fd75872c1609b191236410,8-9,32,subtotal,Total current liabilities,2018-12-31,43 030,1,1,1,1,0,True,True,False,spatial_row_and_column_match
nestle,2019,balance_sheet,9df923d9549e016108620003feebc27fff33b03444fd75872c1609b191236410,8-9,34,line_item,Financial debt,2019-12-31,23 132,2,1,1,1,0,True,True,False,spatial_row_and_column_match
nestle,2019,balance_sheet,9df923d9549e016108620003feebc27fff33b03444fd75872c1609b191236410,8-9,34,line_item,Financial debt,2018-12-31,25 700,2,1,1,1,0,True,True,False,spatial_row_and_column_match
nestle,2019,balance_sheet,9df923d9549e016108620003feebc27fff33b03444fd75872c1609b191236410,8-9,35,line_item,Employee benefits liabilities,2019-12-31,6 151,1,1,1,1,0,True,True,False,spatial_row_and_column_match
nestle,2019,balance_sheet,9df923d9549e016108620003feebc27fff33b03444fd75872c1609b191236410,8-9,35,line_item,Employee benefits liabilities,2018-12-31,5 919,1,1,1,1,0,True,True,False,spatial_row_and_column_match
nestle,2019,balance_sheet,9df923d9549e016108620003feebc27fff33b03444fd75872c1609b191236410,8-9,36,line_item,Provisions,2019-12-31,1 162,2,1,1,1,0,True,True,False,spatial_row_and_column_match
nestle,2019,balance_sheet,9df923d9549e016108620003feebc27fff33b03444fd75872c1609b191236410,8-9,36,line_item,Provisions,2018-12-31,1 033,2,1,1,1,0,True,True,False,spatial_row_and_column_match
nestle,2019,balance_sheet,9df923d9549e016108620003feebc27fff33b03444fd75872c1609b191236410,8-9,37,line_item,Deferred tax liabilities,2019-12-31,2 589,1,1,1,1,0,True,True,False,spatial_row_and_column_match
nestle,2019,balance_sheet,9df923d9549e016108620003feebc27fff33b03444fd75872c1609b191236410,8-9,37,line_item,Deferred tax liabilities,2018-12-31,2 540,1,1,1,1,0,True,True,False,spatial_row_and_column_match
nestle,2019,balance_sheet,9df923d9549e016108620003feebc27fff33b03444fd75872c1609b191236410,8-9,38,line_item,Other payables,2019-12-31,429,2,1,1,1,0,True,True,False,spatial_row_and_column_match
nestle,2019,balance_sheet,9df923d9549e016108620003feebc27fff33b03444fd75872c1609b191236410,8-9,38,line_item,Other payables,2018-12-31,390,2,1,1,1,0,True,True,False,spatial_row_and_column_match
nestle,2019,balance_sheet,9df923d9549e016108620003feebc27fff33b03444fd75872c1609b191236410,8-9,39,subtotal,Total non-current liabilities,2019-12-31,33 463,1,1,1,1,0,True,True,False,spatial_row_and_column_match
nestle,2019,balance_sheet,9df923d9549e016108620003feebc27fff33b03444fd75872c1609b191236410,8-9,39,subtotal,Total non-current liabilities,2018-12-31,35 582,1,1,1,1,0,True,True,False,spatial_row_and_column_match
nestle,2019,balance_sheet,9df923d9549e016108620003feebc27fff33b03444fd75872c1609b191236410,8-9,40,total,Total liabilities,2019-12-31,75 078,2,1,1,1,0,True,True,False,spatial_row_and_column_match
nestle,2019,balance_sheet,9df923d9549e016108620003feebc27fff33b03444fd75872c1609b191236410,8-9,40,total,Total liabilities,2018-12-31,78 612,2,1,1,1,0,True,True,False,spatial_row_and_column_match
nestle,2019,balance_sheet,9df923d9549e016108620003feebc27fff33b03444fd75872c1609b191236410,8-9,42,line_item,Share capital,2019-12-31,298,1,1,1,1,0,True,True,False,spatial_row_and_column_match
nestle,2019,balance_sheet,9df923d9549e016108620003feebc27fff33b03444fd75872c1609b191236410,8-9,42,line_item,Share capital,2018-12-31,306,1,1,1,1,0,True,True,False,spatial_row_and_column_match
nestle,2019,balance_sheet,9df923d9549e016108620003feebc27fff33b03444fd75872c1609b191236410,8-9,43,line_item,Treasury shares,2019-12-31,(9 752),1,1,1,1,0,True,True,False,spatial_row_and_column_match
nestle,2019,balance_sheet,9df923d9549e016108620003feebc27fff33b03444fd75872c1609b191236410,8-9,43,line_item,Treasury shares,2018-12-31,(6 948),1,1,1,1,0,True,True,False,spatial_row_and_column_match
nestle,2019,balance_sheet,9df923d9549e016108620003feebc27fff33b03444fd75872c1609b191236410,8-9,44,line_item,Translation reserve,2019-12-31,(21 526),1,1,1,1,0,True,True,False,spatial_row_and_column_match
nestle,2019,balance_sheet,9df923d9549e016108620003feebc27fff33b03444fd75872c1609b191236410,8-9,44,line_item,Translation reserve,2018-12-31,(20 432),1,1,1,1,0,True,True,False,spatial_row_and_column_match
nestle,2019,balance_sheet,9df923d9549e016108620003feebc27fff33b03444fd75872c1609b191236410,8-9,45,line_item,Other reserves,2019-12-31,(45),1,1,1,1,0,True,True,False,spatial_row_and_column_match
nestle,2019,balance_sheet,9df923d9549e016108620003feebc27fff33b03444fd75872c1609b191236410,8-9,45,line_item,Other reserves,2018-12-31,(183),1,2,1,1,0,True,True,False,spatial_row_and_column_match
nestle,2019,balance_sheet,9df923d9549e016108620003feebc27fff33b03444fd75872c1609b191236410,8-9,46,line_item,Retained earnings,2019-12-31,83 060,1,1,1,1,0,True,True,False,spatial_row_and_column_match
nestle,2019,balance_sheet,9df923d9549e016108620003feebc27fff33b03444fd75872c1609b191236410,8-9,46,line_item,Retained earnings,2018-12-31,84 620,1,1,1,1,0,True,True,False,spatial_row_and_column_match
nestle,2019,balance_sheet,9df923d9549e016108620003feebc27fff33b03444fd75872c1609b191236410,8-9,47,subtotal,Total equity attributable to shareholders of the parent,2019-12-31,52 035,1,1,1,1,0,True,True,False,spatial_row_and_column_match
nestle,2019,balance_sheet,9df923d9549e016108620003feebc27fff33b03444fd75872c1609b191236410,8-9,47,subtotal,Total equity attributable to shareholders of the parent,2018-12-31,57 363,1,1,1,1,0,True,True,False,spatial_row_and_column_match
nestle,2019,balance_sheet,9df923d9549e016108620003feebc27fff33b03444fd75872c1609b191236410,8-9,48,line_item,Non-controlling interests,2019-12-31,827,1,1,1,1,0,True,True,False,spatial_row_and_column_match
nestle,2019,balance_sheet,9df923d9549e016108620003feebc27fff33b03444fd75872c1609b191236410,8-9,48,line_item,Non-controlling interests,2018-12-31,1 040,1,1,1,1,0,True,True,False,spatial_row_and_column_match
nestle,2019,balance_sheet,9df923d9549e016108620003feebc27fff33b03444fd75872c1609b191236410,8-9,49,total,Total equity,2019-12-31,52 862,2,1,1,1,0,True,True,False,spatial_row_and_column_match
nestle,2019,balance_sheet,9df923d9549e016108620003feebc27fff33b03444fd75872c1609b191236410,8-9,49,total,Total equity,2018-12-31,58 403,2,1,1,1,0,True,True,False,spatial_row_and_column_match
nestle,2019,balance_sheet,9df923d9549e016108620003feebc27fff33b03444fd75872c1609b191236410,8-9,50,total,Total liabilities and equity,2019-12-31,127 940,1,2,1,1,0,True,True,False,spatial_row_and_column_match
nestle,2019,balance_sheet,9df923d9549e016108620003feebc27fff33b03444fd75872c1609b191236410,8-9,50,total,Total liabilities and equity,2018-12-31,137 015,1,2,1,1,0,True,True,False,spatial_row_and_column_match
nestle,2019,cash_flow,9df923d9549e016108620003feebc27fff33b03444fd75872c1609b191236410,10,2,line_item,Operating profit,2019-12-31,16 078,1,1,1,1,0,True,True,False,spatial_row_and_column_match
nestle,2019,cash_flow,9df923d9549e016108620003feebc27fff33b03444fd75872c1609b191236410,10,2,line_item,Operating profit,2018-12-31,13 752,1,1,1,1,0,True,True,False,spatial_row_and_column_match
nestle,2019,cash_flow,9df923d9549e016108620003feebc27fff33b03444fd75872c1609b191236410,10,3,line_item,Depreciation and amortization,2019-12-31,3 713,1,1,1,1,0,True,True,False,spatial_row_and_column_match
nestle,2019,cash_flow,9df923d9549e016108620003feebc27fff33b03444fd75872c1609b191236410,10,3,line_item,Depreciation and amortization,2018-12-31,3 924,1,1,1,1,0,True,True,False,spatial_row_and_column_match
nestle,2019,cash_flow,9df923d9549e016108620003feebc27fff33b03444fd75872c1609b191236410,10,4,line_item,Impairment,2019-12-31,2 336,1,1,1,1,0,True,True,False,spatial_row_and_column_match
nestle,2019,cash_flow,9df923d9549e016108620003feebc27fff33b03444fd75872c1609b191236410,10,4,line_item,Impairment,2018-12-31,1 248,1,1,1,1,0,True,True,False,spatial_row_and_column_match
nestle,2019,cash_flow,9df923d9549e016108620003feebc27fff33b03444fd75872c1609b191236410,10,5,line_item,Net result on disposal of businesses,2019-12-31,(3 416),1,1,1,1,0,True,True,False,spatial_row_and_column_match
nestle,2019,cash_flow,9df923d9549e016108620003feebc27fff33b03444fd75872c1609b191236410,10,5,line_item,Net result on disposal of businesses,2018-12-31,(686),1,1,1,1,0,True,True,False,spatial_row_and_column_match
nestle,2019,cash_flow,9df923d9549e016108620003feebc27fff33b03444fd75872c1609b191236410,10,6,line_item,Other non-cash items of income and expense,2019-12-31,(28),1,1,1,1,0,True,True,False,spatial_row_and_column_match
nestle,2019,cash_flow,9df923d9549e016108620003feebc27fff33b03444fd75872c1609b191236410,10,6,line_item,Other non-cash items of income and expense,2018-12-31,137,1,1,1,1,0,True,True,False,spatial_row_and_column_match
nestle,2019,cash_flow,9df923d9549e016108620003feebc27fff33b03444fd75872c1609b191236410,10,7,subtotal,Cash flow before changes in operating assets and liabilities,2019-12-31,18 683,1,1,1,1,0,True,True,False,spatial_row_and_column_match
nestle,2019,cash_flow,9df923d9549e016108620003feebc27fff33b03444fd75872c1609b191236410,10,7,subtotal,Cash flow before changes in operating assets and liabilities,2018-12-31,18 375,1,1,1,1,0,True,True,False,spatial_row_and_column_match
nestle,2019,cash_flow,9df923d9549e016108620003feebc27fff33b03444fd75872c1609b191236410,10,8,line_item,Decrease/(increase) in working capital,2019-12-31,349,1,1,1,1,0,True,True,False,spatial_row_and_column_match
nestle,2019,cash_flow,9df923d9549e016108620003feebc27fff33b03444fd75872c1609b191236410,10,8,line_item,Decrease/(increase) in working capital,2018-12-31,472,1,1,1,1,0,True,True,False,spatial_row_and_column_match
nestle,2019,cash_flow,9df923d9549e016108620003feebc27fff33b03444fd75872c1609b191236410,10,9,line_item,Variation of other operating assets and liabilities,2019-12-31,(94),1,1,1,1,0,True,True,False,spatial_row_and_column_match
nestle,2019,cash_flow,9df923d9549e016108620003feebc27fff33b03444fd75872c1609b191236410,10,9,line_item,Variation of other operating assets and liabilities,2018-12-31,(37),1,1,1,1,0,True,True,False,spatial_row_and_column_match
nestle,2019,cash_flow,9df923d9549e016108620003feebc27fff33b03444fd75872c1609b191236410,10,10,line_item,Cash generated from operations,2019-12-31,18 938,1,1,1,1,0,True,True,False,spatial_row_and_column_match
nestle,2019,cash_flow,9df923d9549e016108620003feebc27fff33b03444fd75872c1609b191236410,10,10,line_item,Cash generated from operations,2018-12-31,18 810,1,1,1,1,0,True,True,False,spatial_row_and_column_match
nestle,2019,cash_flow,9df923d9549e016108620003feebc27fff33b03444fd75872c1609b191236410,10,11,line_item,Interest paid,2019-12-31,(1 028),1,1,1,1,0,True,True,False,spatial_row_and_column_match
nestle,2019,cash_flow,9df923d9549e016108620003feebc27fff33b03444fd75872c1609b191236410,10,11,line_item,Interest paid,2018-12-31,(684),1,1,1,1,0,True,True,False,spatial_row_and_column_match
nestle,2019,cash_flow,9df923d9549e016108620003feebc27fff33b03444fd75872c1609b191236410,10,12,line_item,Interest and dividend received,2019-12-31,162,1,1,1,1,0,True,True,False,spatial_row_and_column_match
nestle,2019,cash_flow,9df923d9549e016108620003feebc27fff33b03444fd75872c1609b191236410,10,12,line_item,Interest and dividend received,2018-12-31,192,1,1,1,1,0,True,True,False,spatial_row_and_column_match
nestle,2019,cash_flow,9df923d9549e016108620003feebc27fff33b03444fd75872c1609b191236410,10,13,line_item,Taxes paid,2019-12-31,(2 854),1,1,1,1,0,True,True,False,spatial_row_and_column_match
nestle,2019,cash_flow,9df923d9549e016108620003feebc27fff33b03444fd75872c1609b191236410,10,13,line_item,Taxes paid,2018-12-31,(3 623),1,1,1,1,0,True,True,False,spatial_row_and_column_match
nestle,2019,cash_flow,9df923d9549e016108620003feebc27fff33b03444fd75872c1609b191236410,10,14,line_item,Dividends and interest from associates and joint ventures,2019-12-31,632,1,1,1,1,0,True,True,False,spatial_row_and_column_match
nestle,2019,cash_flow,9df923d9549e016108620003feebc27fff33b03444fd75872c1609b191236410,10,14,line_item,Dividends and interest from associates and joint ventures,2018-12-31,703,1,1,1,1,0,True,True,False,spatial_row_and_column_match
nestle,2019,cash_flow,9df923d9549e016108620003feebc27fff33b03444fd75872c1609b191236410,10,15,subtotal,Operating cash flow,2019-12-31,15 850,1,1,1,1,0,True,True,False,spatial_row_and_column_match
nestle,2019,cash_flow,9df923d9549e016108620003feebc27fff33b03444fd75872c1609b191236410,10,15,subtotal,Operating cash flow,2018-12-31,15 398,1,1,1,1,0,True,True,False,spatial_row_and_column_match
nestle,2019,cash_flow,9df923d9549e016108620003feebc27fff33b03444fd75872c1609b191236410,10,17,line_item,Capital expenditure,2019-12-31,(3 695),1,1,1,1,0,True,True,False,spatial_row_and_column_match
nestle,2019,cash_flow,9df923d9549e016108620003feebc27fff33b03444fd75872c1609b191236410,10,17,line_item,Capital expenditure,2018-12-31,(3 869),1,1,1,1,0,True,True,False,spatial_row_and_column_match
nestle,2019,cash_flow,9df923d9549e016108620003feebc27fff33b03444fd75872c1609b191236410,10,18,line_item,Expenditure on intangible assets,2019-12-31,(516),1,1,1,1,0,True,True,False,spatial_row_and_column_match
nestle,2019,cash_flow,9df923d9549e016108620003feebc27fff33b03444fd75872c1609b191236410,10,18,line_item,Expenditure on intangible assets,2018-12-31,(601),1,1,1,1,0,True,True,False,spatial_row_and_column_match
nestle,2019,cash_flow,9df923d9549e016108620003feebc27fff33b03444fd75872c1609b191236410,10,19,line_item,Acquisition of businesses,2019-12-31,(125),1,1,1,1,0,True,True,False,spatial_row_and_column_match
nestle,2019,cash_flow,9df923d9549e016108620003feebc27fff33b03444fd75872c1609b191236410,10,19,line_item,Acquisition of businesses,2018-12-31,(9 512),1,1,1,1,0,True,True,False,spatial_row_and_column_match
nestle,2019,cash_flow,9df923d9549e016108620003feebc27fff33b03444fd75872c1609b191236410,10,20,line_item,Disposal of businesses,2019-12-31,9 959,2,1,1,1,0,True,True,False,spatial_row_and_column_match
nestle,2019,cash_flow,9df923d9549e016108620003feebc27fff33b03444fd75872c1609b191236410,10,20,line_item,Disposal of businesses,2018-12-31,4 310,2,1,1,1,0,True,True,False,spatial_row_and_column_match
nestle,2019,cash_flow,9df923d9549e016108620003feebc27fff33b03444fd75872c1609b191236410,10,21,line_item,Investments (net of divestments) in associates and joint ventures,2019-12-31,(540),1,1,1,1,0,True,True,False,spatial_row_and_column_match
nestle,2019,cash_flow,9df923d9549e016108620003feebc27fff33b03444fd75872c1609b191236410,10,21,line_item,Investments (net of divestments) in associates and joint ventures,2018-12-31,728,1,1,1,1,0,True,True,False,spatial_row_and_column_match
nestle,2019,cash_flow,9df923d9549e016108620003feebc27fff33b03444fd75872c1609b191236410,10,22,line_item,Inflows/(outflows) from treasury investments,2019-12-31,2 978,1,1,1,1,0,True,True,False,spatial_row_and_column_match
nestle,2019,cash_flow,9df923d9549e016108620003feebc27fff33b03444fd75872c1609b191236410,10,22,line_item,Inflows/(outflows) from treasury investments,2018-12-31,(5 159),1,1,1,1,0,True,True,False,spatial_row_and_column_match
nestle,2019,cash_flow,9df923d9549e016108620003feebc27fff33b03444fd75872c1609b191236410,10,23,line_item,Other investing activities,2019-12-31,295,1,1,1,1,0,True,True,False,spatial_row_and_column_match
nestle,2019,cash_flow,9df923d9549e016108620003feebc27fff33b03444fd75872c1609b191236410,10,23,line_item,Other investing activities,2018-12-31,(163),1,1,1,1,0,True,True,False,spatial_row_and_column_match
nestle,2019,cash_flow,9df923d9549e016108620003feebc27fff33b03444fd75872c1609b191236410,10,24,subtotal,Investing cash flow,2019-12-31,8 356,1,1,1,1,0,True,True,False,spatial_row_and_column_match
nestle,2019,cash_flow,9df923d9549e016108620003feebc27fff33b03444fd75872c1609b191236410,10,24,subtotal,Investing cash flow,2018-12-31,(14 266),1,1,1,1,0,True,True,False,spatial_row_and_column_match
nestle,2019,cash_flow,9df923d9549e016108620003feebc27fff33b03444fd75872c1609b191236410,10,26,line_item,Dividend paid to shareholders of the parent,2019-12-31,(7 230),1,1,1,1,0,True,True,False,spatial_row_and_column_match
nestle,2019,cash_flow,9df923d9549e016108620003feebc27fff33b03444fd75872c1609b191236410,10,26,line_item,Dividend paid to shareholders of the parent,2018-12-31,(7 124),1,1,1,1,0,True,True,False,spatial_row_and_column_match
nestle,2019,cash_flow,9df923d9549e016108620003feebc27fff33b03444fd75872c1609b191236410,10,27,line_item,Dividends paid to non-controlling interests,2019-12-31,(463),1,1,1,1,0,True,True,False,spatial_row_and_column_match
nestle,2019,cash_flow,9df923d9549e016108620003feebc27fff33b03444fd75872c1609b191236410,10,27,line_item,Dividends paid to non-controlling interests,2018-12-31,(319),1,1,1,1,0,True,True,False,spatial_row_and_column_match
nestle,2019,cash_flow,9df923d9549e016108620003feebc27fff33b03444fd75872c1609b191236410,10,28,line_item,Acquisition (net of disposal) of non-controlling interests,2019-12-31,(16),1,8,1,1,0,True,True,False,spatial_row_and_column_match
nestle,2019,cash_flow,9df923d9549e016108620003feebc27fff33b03444fd75872c1609b191236410,10,28,line_item,Acquisition (net of disposal) of non-controlling interests,2018-12-31,(528),1,1,1,1,0,True,True,False,spatial_row_and_column_match
nestle,2019,cash_flow,9df923d9549e016108620003feebc27fff33b03444fd75872c1609b191236410,10,29,line_item,Purchase (net of sale) of treasury shares (a),2019-12-31,(9 773),1,1,1,1,0,True,True,False,spatial_row_and_column_match
nestle,2019,cash_flow,9df923d9549e016108620003feebc27fff33b03444fd75872c1609b191236410,10,29,line_item,Purchase (net of sale) of treasury shares (a),2018-12-31,(6 854),1,1,1,1,0,True,True,False,spatial_row_and_column_match
nestle,2019,cash_flow,9df923d9549e016108620003feebc27fff33b03444fd75872c1609b191236410,10,30,line_item,Inflows from bonds and other non-current financial debt,2019-12-31,57,1,1,1,1,0,True,True,False,spatial_row_and_column_match
nestle,2019,cash_flow,9df923d9549e016108620003feebc27fff33b03444fd75872c1609b191236410,10,30,line_item,Inflows from bonds and other non-current financial debt,2018-12-31,9 900,1,1,1,1,0,True,True,False,spatial_row_and_column_match
nestle,2019,cash_flow,9df923d9549e016108620003feebc27fff33b03444fd75872c1609b191236410,10,31,line_item,Outflows from bonds and other non-current financial debt,2019-12-31,(3 287),1,1,1,1,0,True,True,False,spatial_row_and_column_match
nestle,2019,cash_flow,9df923d9549e016108620003feebc27fff33b03444fd75872c1609b191236410,10,31,line_item,Outflows from bonds and other non-current financial debt,2018-12-31,(2 712),1,1,1,1,0,True,True,False,spatial_row_and_column_match
nestle,2019,cash_flow,9df923d9549e016108620003feebc27fff33b03444fd75872c1609b191236410,10,32,line_item,Inflows/(outflows) from current financial debt,2019-12-31,(444),1,1,1,1,0,True,True,False,spatial_row_and_column_match
nestle,2019,cash_flow,9df923d9549e016108620003feebc27fff33b03444fd75872c1609b191236410,10,32,line_item,Inflows/(outflows) from current financial debt,2018-12-31,3 520,1,1,1,1,0,True,True,False,spatial_row_and_column_match
nestle,2019,cash_flow,9df923d9549e016108620003feebc27fff33b03444fd75872c1609b191236410,10,33,subtotal,Financing cash flow,2019-12-31,(21 156),1,1,1,1,0,True,True,False,spatial_row_and_column_match
nestle,2019,cash_flow,9df923d9549e016108620003feebc27fff33b03444fd75872c1609b191236410,10,33,subtotal,Financing cash flow,2018-12-31,(4 117),1,1,1,1,0,True,True,False,spatial_row_and_column_match
nestle,2019,cash_flow,9df923d9549e016108620003feebc27fff33b03444fd75872c1609b191236410,10,34,line_item,Currency retranslations,2019-12-31,(221),1,1,1,1,0,True,True,False,spatial_row_and_column_match
nestle,2019,cash_flow,9df923d9549e016108620003feebc27fff33b03444fd75872c1609b191236410,10,34,line_item,Currency retranslations,2018-12-31,(313),1,1,1,1,0,True,True,False,spatial_row_and_column_match
nestle,2019,cash_flow,9df923d9549e016108620003feebc27fff33b03444fd75872c1609b191236410,10,35,subtotal,Increase/(decrease) in cash and cash equivalents,2019-12-31,2 829,1,1,1,1,0,True,True,False,spatial_row_and_column_match
nestle,2019,cash_flow,9df923d9549e016108620003feebc27fff33b03444fd75872c1609b191236410,10,35,subtotal,Increase/(decrease) in cash and cash equivalents,2018-12-31,(3 298),1,1,1,1,0,True,True,False,spatial_row_and_column_match
nestle,2019,cash_flow,9df923d9549e016108620003feebc27fff33b03444fd75872c1609b191236410,10,36,line_item,Cash and cash equivalents at beginning of year,2019-12-31,4 640,1,2,1,1,0,True,True,False,spatial_row_and_column_match
nestle,2019,cash_flow,9df923d9549e016108620003feebc27fff33b03444fd75872c1609b191236410,10,36,line_item,Cash and cash equivalents at beginning of year,2018-12-31,7 938,1,1,1,1,0,True,True,False,spatial_row_and_column_match
nestle,2019,cash_flow,9df923d9549e016108620003feebc27fff33b03444fd75872c1609b191236410,10,37,total,Cash and cash equivalents at end of year,2019-12-31,7 469,1,1,1,1,0,True,True,False,spatial_row_and_column_match
nestle,2019,cash_flow,9df923d9549e016108620003feebc27fff33b03444fd75872c1609b191236410,10,37,total,Cash and cash equivalents at end of year,2018-12-31,4 640,1,2,1,1,0,True,True,False,spatial_row_and_column_match
nestle,2021,income_statement,612204283a79b31191a40cf4d71d2b78b08cd33b7776e55a492b711e2f028faf,6,1,line_item,Sales,2021-12-31,87 088,2,1,1,1,0,True,True,False,spatial_row_and_column_match
nestle,2021,income_statement,612204283a79b31191a40cf4d71d2b78b08cd33b7776e55a492b711e2f028faf,6,1,line_item,Sales,2020-12-31,84 343,2,1,1,1,0,True,True,False,spatial_row_and_column_match
nestle,2021,income_statement,612204283a79b31191a40cf4d71d2b78b08cd33b7776e55a492b711e2f028faf,6,2,line_item,Other revenue,2021-12-31,382,1,1,1,1,0,True,True,False,spatial_row_and_column_match
nestle,2021,income_statement,612204283a79b31191a40cf4d71d2b78b08cd33b7776e55a492b711e2f028faf,6,2,line_item,Other revenue,2020-12-31,338,1,1,1,1,0,True,True,False,spatial_row_and_column_match
nestle,2021,income_statement,612204283a79b31191a40cf4d71d2b78b08cd33b7776e55a492b711e2f028faf,6,3,line_item,Cost of goods sold,2021-12-31,(45 468),1,1,1,1,0,True,True,False,spatial_row_and_column_match
nestle,2021,income_statement,612204283a79b31191a40cf4d71d2b78b08cd33b7776e55a492b711e2f028faf,6,3,line_item,Cost of goods sold,2020-12-31,(42 971),1,1,1,1,0,True,True,False,spatial_row_and_column_match
nestle,2021,income_statement,612204283a79b31191a40cf4d71d2b78b08cd33b7776e55a492b711e2f028faf,6,4,line_item,Distribution expenses,2021-12-31,(7 919),1,1,1,1,0,True,True,False,spatial_row_and_column_match
nestle,2021,income_statement,612204283a79b31191a40cf4d71d2b78b08cd33b7776e55a492b711e2f028faf,6,4,line_item,Distribution expenses,2020-12-31,(7 861),1,1,1,1,0,True,True,False,spatial_row_and_column_match
nestle,2021,income_statement,612204283a79b31191a40cf4d71d2b78b08cd33b7776e55a492b711e2f028faf,6,5,line_item,Marketing and administration expenses,2021-12-31,(17 294),1,1,1,1,0,True,True,False,spatial_row_and_column_match
nestle,2021,income_statement,612204283a79b31191a40cf4d71d2b78b08cd33b7776e55a492b711e2f028faf,6,5,line_item,Marketing and administration expenses,2020-12-31,(17 370),1,1,1,1,0,True,True,False,spatial_row_and_column_match
nestle,2021,income_statement,612204283a79b31191a40cf4d71d2b78b08cd33b7776e55a492b711e2f028faf,6,6,line_item,Research and development costs,2021-12-31,(1 670),1,1,1,1,0,True,True,False,spatial_row_and_column_match
nestle,2021,income_statement,612204283a79b31191a40cf4d71d2b78b08cd33b7776e55a492b711e2f028faf,6,6,line_item,Research and development costs,2020-12-31,(1 576),1,1,1,1,0,True,True,False,spatial_row_and_column_match
nestle,2021,income_statement,612204283a79b31191a40cf4d71d2b78b08cd33b7776e55a492b711e2f028faf,6,7,line_item,Other trading income,2021-12-31,171,1,1,1,1,0,True,True,False,spatial_row_and_column_match
nestle,2021,income_statement,612204283a79b31191a40cf4d71d2b78b08cd33b7776e55a492b711e2f028faf,6,7,line_item,Other trading income,2020-12-31,238,1,1,1,1,0,True,True,False,spatial_row_and_column_match
nestle,2021,income_statement,612204283a79b31191a40cf4d71d2b78b08cd33b7776e55a492b711e2f028faf,6,8,line_item,Other trading expenses,2021-12-31,(3 131),1,1,1,1,0,True,True,False,spatial_row_and_column_match
nestle,2021,income_statement,612204283a79b31191a40cf4d71d2b78b08cd33b7776e55a492b711e2f028faf,6,8,line_item,Other trading expenses,2020-12-31,(908),1,1,1,1,0,True,True,False,spatial_row_and_column_match
nestle,2021,income_statement,612204283a79b31191a40cf4d71d2b78b08cd33b7776e55a492b711e2f028faf,6,9,line_item,Trading operating profit,2021-12-31,12 159,2,1,1,1,0,True,True,False,spatial_row_and_column_match
nestle,2021,income_statement,612204283a79b31191a40cf4d71d2b78b08cd33b7776e55a492b711e2f028faf,6,9,line_item,Trading operating profit,2020-12-31,14 233,2,1,1,1,0,True,True,False,spatial_row_and_column_match
nestle,2021,income_statement,612204283a79b31191a40cf4d71d2b78b08cd33b7776e55a492b711e2f028faf,6,10,line_item,Other operating income,2021-12-31,698,1,1,1,1,0,True,True,False,spatial_row_and_column_match
nestle,2021,income_statement,612204283a79b31191a40cf4d71d2b78b08cd33b7776e55a492b711e2f028faf,6,10,line_item,Other operating income,2020-12-31,1 919,1,1,1,1,0,True,True,False,spatial_row_and_column_match
nestle,2021,income_statement,612204283a79b31191a40cf4d71d2b78b08cd33b7776e55a492b711e2f028faf,6,11,line_item,Other operating expenses,2021-12-31,(1 178),1,1,1,1,0,True,True,False,spatial_row_and_column_match
nestle,2021,income_statement,612204283a79b31191a40cf4d71d2b78b08cd33b7776e55a492b711e2f028faf,6,11,line_item,Other operating expenses,2020-12-31,(1 356),1,1,1,1,0,True,True,False,spatial_row_and_column_match
nestle,2021,income_statement,612204283a79b31191a40cf4d71d2b78b08cd33b7776e55a492b711e2f028faf,6,12,line_item,Operating profit,2021-12-31,11 679,3,1,1,1,0,True,True,False,spatial_row_and_column_match
nestle,2021,income_statement,612204283a79b31191a40cf4d71d2b78b08cd33b7776e55a492b711e2f028faf,6,12,line_item,Operating profit,2020-12-31,14 796,3,1,1,1,0,True,True,False,spatial_row_and_column_match
nestle,2021,income_statement,612204283a79b31191a40cf4d71d2b78b08cd33b7776e55a492b711e2f028faf,6,13,line_item,Financial income,2021-12-31,80,1,1,1,1,0,True,True,False,spatial_row_and_column_match
nestle,2021,income_statement,612204283a79b31191a40cf4d71d2b78b08cd33b7776e55a492b711e2f028faf,6,13,line_item,Financial income,2020-12-31,109,1,1,1,1,0,True,True,False,spatial_row_and_column_match
nestle,2021,income_statement,612204283a79b31191a40cf4d71d2b78b08cd33b7776e55a492b711e2f028faf,6,14,line_item,Financial expense,2021-12-31,(953),1,1,1,1,0,True,True,False,spatial_row_and_column_match
nestle,2021,income_statement,612204283a79b31191a40cf4d71d2b78b08cd33b7776e55a492b711e2f028faf,6,14,line_item,Financial expense,2020-12-31,(983),1,1,1,1,0,True,True,False,spatial_row_and_column_match
nestle,2021,income_statement,612204283a79b31191a40cf4d71d2b78b08cd33b7776e55a492b711e2f028faf,6,15,line_item,"Profit before taxes, associates and joint ventures",2021-12-31,10 806,1,1,1,1,0,True,True,False,spatial_row_and_column_match
nestle,2021,income_statement,612204283a79b31191a40cf4d71d2b78b08cd33b7776e55a492b711e2f028faf,6,15,line_item,"Profit before taxes, associates and joint ventures",2020-12-31,13 922,1,1,1,1,0,True,True,False,spatial_row_and_column_match
nestle,2021,income_statement,612204283a79b31191a40cf4d71d2b78b08cd33b7776e55a492b711e2f028faf,6,16,line_item,Taxes,2021-12-31,(2 261),2,1,1,1,0,True,True,False,spatial_row_and_column_match
nestle,2021,income_statement,612204283a79b31191a40cf4d71d2b78b08cd33b7776e55a492b711e2f028faf,6,16,line_item,Taxes,2020-12-31,(3 365),2,1,1,1,0,True,True,False,spatial_row_and_column_match
nestle,2021,income_statement,612204283a79b31191a40cf4d71d2b78b08cd33b7776e55a492b711e2f028faf,6,17,line_item,Income from associates and joint ventures,2021-12-31,8 651,1,1,1,1,0,True,True,False,spatial_row_and_column_match
nestle,2021,income_statement,612204283a79b31191a40cf4d71d2b78b08cd33b7776e55a492b711e2f028faf,6,17,line_item,Income from associates and joint ventures,2020-12-31,1 815,1,1,1,1,0,True,True,False,spatial_row_and_column_match
nestle,2021,income_statement,612204283a79b31191a40cf4d71d2b78b08cd33b7776e55a492b711e2f028faf,6,18,line_item,Profit for the year,2021-12-31,17 196,2,1,1,1,0,True,True,False,spatial_row_and_column_match
nestle,2021,income_statement,612204283a79b31191a40cf4d71d2b78b08cd33b7776e55a492b711e2f028faf,6,18,line_item,Profit for the year,2020-12-31,12 372,2,1,1,1,0,True,True,False,spatial_row_and_column_match
nestle,2021,income_statement,612204283a79b31191a40cf4d71d2b78b08cd33b7776e55a492b711e2f028faf,6,19,line_item,   of which attributable to non-controlling interests,2021-12-31,291,1,1,1,1,0,True,True,False,spatial_row_and_column_match
nestle,2021,income_statement,612204283a79b31191a40cf4d71d2b78b08cd33b7776e55a492b711e2f028faf,6,19,line_item,   of which attributable to non-controlling interests,2020-12-31,140,1,2,1,1,0,True,True,False,spatial_row_and_column_match
nestle,2021,income_statement,612204283a79b31191a40cf4d71d2b78b08cd33b7776e55a492b711e2f028faf,6,20,line_item,   of which attributable to shareholders of the parent (Net profit),2021-12-31,16 905,1,1,1,1,0,True,True,False,spatial_row_and_column_match
nestle,2021,income_statement,612204283a79b31191a40cf4d71d2b78b08cd33b7776e55a492b711e2f028faf,6,20,line_item,   of which attributable to shareholders of the parent (Net profit),2020-12-31,12 232,1,1,1,1,0,True,True,False,spatial_row_and_column_match
nestle,2021,income_statement,612204283a79b31191a40cf4d71d2b78b08cd33b7776e55a492b711e2f028faf,6,22,line_item,Trading operating profit,2021-12-31,14.0%,2,2,1,1,0,True,True,False,spatial_row_and_column_match
nestle,2021,income_statement,612204283a79b31191a40cf4d71d2b78b08cd33b7776e55a492b711e2f028faf,6,22,line_item,Trading operating profit,2020-12-31,16.9%,2,1,1,1,0,True,True,False,spatial_row_and_column_match
nestle,2021,income_statement,612204283a79b31191a40cf4d71d2b78b08cd33b7776e55a492b711e2f028faf,6,23,line_item,Profit for the year attributable to shareholders of the parent (Net profit),2021-12-31,19.4%,1,1,1,1,0,True,True,False,spatial_row_and_column_match
nestle,2021,income_statement,612204283a79b31191a40cf4d71d2b78b08cd33b7776e55a492b711e2f028faf,6,23,line_item,Profit for the year attributable to shareholders of the parent (Net profit),2020-12-31,14.5%,1,1,1,1,0,True,True,False,spatial_row_and_column_match
nestle,2021,income_statement,612204283a79b31191a40cf4d71d2b78b08cd33b7776e55a492b711e2f028faf,6,25,line_item,Basic earnings per share,2021-12-31,6.06,1,2,1,1,0,True,True,False,spatial_row_and_column_match
nestle,2021,income_statement,612204283a79b31191a40cf4d71d2b78b08cd33b7776e55a492b711e2f028faf,6,25,line_item,Basic earnings per share,2020-12-31,4.30,1,1,1,1,0,True,True,False,spatial_row_and_column_match
nestle,2021,income_statement,612204283a79b31191a40cf4d71d2b78b08cd33b7776e55a492b711e2f028faf,6,26,line_item,Diluted earnings per share,2021-12-31,6.06,1,2,1,1,0,True,True,False,spatial_row_and_column_match
nestle,2021,income_statement,612204283a79b31191a40cf4d71d2b78b08cd33b7776e55a492b711e2f028faf,6,26,line_item,Diluted earnings per share,2020-12-31,4.29,1,1,1,1,0,True,True,False,spatial_row_and_column_match
nestle,2021,balance_sheet,612204283a79b31191a40cf4d71d2b78b08cd33b7776e55a492b711e2f028faf,8-9,3,line_item,Cash and cash equivalents,2021-12-31,6 988,1,1,1,1,0,True,True,False,spatial_row_and_column_match
nestle,2021,balance_sheet,612204283a79b31191a40cf4d71d2b78b08cd33b7776e55a492b711e2f028faf,8-9,3,line_item,Cash and cash equivalents,2020-12-31,5 235,1,1,1,1,0,True,True,False,spatial_row_and_column_match
nestle,2021,balance_sheet,612204283a79b31191a40cf4d71d2b78b08cd33b7776e55a492b711e2f028faf,8-9,4,line_item,Short-term investments,2021-12-31,7 007,1,1,1,1,0,True,True,False,spatial_row_and_column_match
nestle,2021,balance_sheet,612204283a79b31191a40cf4d71d2b78b08cd33b7776e55a492b711e2f028faf,8-9,4,line_item,Short-term investments,2020-12-31,3 374,1,1,1,1,0,True,True,False,spatial_row_and_column_match
nestle,2021,balance_sheet,612204283a79b31191a40cf4d71d2b78b08cd33b7776e55a492b711e2f028faf,8-9,5,line_item,Inventories,2021-12-31,11 982,1,1,1,1,0,True,True,False,spatial_row_and_column_match
nestle,2021,balance_sheet,612204283a79b31191a40cf4d71d2b78b08cd33b7776e55a492b711e2f028faf,8-9,5,line_item,Inventories,2020-12-31,10 101,1,1,1,1,0,True,True,False,spatial_row_and_column_match
nestle,2021,balance_sheet,612204283a79b31191a40cf4d71d2b78b08cd33b7776e55a492b711e2f028faf,8-9,6,line_item,Trade and other receivables,2021-12-31,11 155,1,1,1,1,0,True,True,False,spatial_row_and_column_match
nestle,2021,balance_sheet,612204283a79b31191a40cf4d71d2b78b08cd33b7776e55a492b711e2f028faf,8-9,6,line_item,Trade and other receivables,2020-12-31,10 746,1,1,1,1,0,True,True,False,spatial_row_and_column_match
nestle,2021,balance_sheet,612204283a79b31191a40cf4d71d2b78b08cd33b7776e55a492b711e2f028faf,8-9,7,line_item,Prepayments,2021-12-31,575,1,1,1,1,0,True,True,False,spatial_row_and_column_match
nestle,2021,balance_sheet,612204283a79b31191a40cf4d71d2b78b08cd33b7776e55a492b711e2f028faf,8-9,7,line_item,Prepayments,2020-12-31,477,1,1,1,1,0,True,True,False,spatial_row_and_column_match
nestle,2021,balance_sheet,612204283a79b31191a40cf4d71d2b78b08cd33b7776e55a492b711e2f028faf,8-9,8,line_item,Derivative assets,2021-12-31,278,1,1,1,1,0,True,True,False,spatial_row_and_column_match
nestle,2021,balance_sheet,612204283a79b31191a40cf4d71d2b78b08cd33b7776e55a492b711e2f028faf,8-9,8,line_item,Derivative assets,2020-12-31,310,1,1,1,1,0,True,True,False,spatial_row_and_column_match
nestle,2021,balance_sheet,612204283a79b31191a40cf4d71d2b78b08cd33b7776e55a492b711e2f028faf,8-9,9,line_item,Current income tax assets,2021-12-31,1 204,1,1,1,1,0,True,True,False,spatial_row_and_column_match
nestle,2021,balance_sheet,612204283a79b31191a40cf4d71d2b78b08cd33b7776e55a492b711e2f028faf,8-9,9,line_item,Current income tax assets,2020-12-31,708,1,1,1,1,0,True,True,False,spatial_row_and_column_match
nestle,2021,balance_sheet,612204283a79b31191a40cf4d71d2b78b08cd33b7776e55a492b711e2f028faf,8-9,10,line_item,Assets held for sale,2021-12-31,68,2,1,1,1,0,True,True,False,spatial_row_and_column_match
nestle,2021,balance_sheet,612204283a79b31191a40cf4d71d2b78b08cd33b7776e55a492b711e2f028faf,8-9,10,line_item,Assets held for sale,2020-12-31,3 117,2,1,1,1,0,True,True,False,spatial_row_and_column_match
nestle,2021,balance_sheet,612204283a79b31191a40cf4d71d2b78b08cd33b7776e55a492b711e2f028faf,8-9,11,subtotal,Total current assets,2021-12-31,39 257,1,1,1,1,0,True,True,False,spatial_row_and_column_match
nestle,2021,balance_sheet,612204283a79b31191a40cf4d71d2b78b08cd33b7776e55a492b711e2f028faf,8-9,11,subtotal,Total current assets,2020-12-31,34 068,1,1,1,1,0,True,True,False,spatial_row_and_column_match
nestle,2021,balance_sheet,612204283a79b31191a40cf4d71d2b78b08cd33b7776e55a492b711e2f028faf,8-9,13,line_item,"Property, plant and equipment",2021-12-31,28 345,1,1,1,1,0,True,True,False,spatial_row_and_column_match
nestle,2021,balance_sheet,612204283a79b31191a40cf4d71d2b78b08cd33b7776e55a492b711e2f028faf,8-9,13,line_item,"Property, plant and equipment",2020-12-31,25 840,1,1,1,1,0,True,True,False,spatial_row_and_column_match
nestle,2021,balance_sheet,612204283a79b31191a40cf4d71d2b78b08cd33b7776e55a492b711e2f028faf,8-9,14,line_item,Goodwill,2021-12-31,31 012,1,1,1,1,0,True,True,False,spatial_row_and_column_match
nestle,2021,balance_sheet,612204283a79b31191a40cf4d71d2b78b08cd33b7776e55a492b711e2f028faf,8-9,14,line_item,Goodwill,2020-12-31,27 620,1,1,1,1,0,True,True,False,spatial_row_and_column_match
nestle,2021,balance_sheet,612204283a79b31191a40cf4d71d2b78b08cd33b7776e55a492b711e2f028faf,8-9,15,line_item,Intangible assets,2021-12-31,22 223,1,1,1,1,0,True,True,False,spatial_row_and_column_match
nestle,2021,balance_sheet,612204283a79b31191a40cf4d71d2b78b08cd33b7776e55a492b711e2f028faf,8-9,15,line_item,Intangible assets,2020-12-31,20 148,1,1,1,1,0,True,True,False,spatial_row_and_column_match
nestle,2021,balance_sheet,612204283a79b31191a40cf4d71d2b78b08cd33b7776e55a492b711e2f028faf,8-9,16,line_item,Investments in associates and joint ventures,2021-12-31,11 806,1,1,1,1,0,True,True,False,spatial_row_and_column_match
nestle,2021,balance_sheet,612204283a79b31191a40cf4d71d2b78b08cd33b7776e55a492b711e2f028faf,8-9,16,line_item,Investments in associates and joint ventures,2020-12-31,12 005,1,1,1,1,0,True,True,False,spatial_row_and_column_match
nestle,2021,balance_sheet,612204283a79b31191a40cf4d71d2b78b08cd33b7776e55a492b711e2f028faf,8-9,17,line_item,Financial assets,2021-12-31,2 824,1,1,1,1,0,True,True,False,spatial_row_and_column_match
nestle,2021,balance_sheet,612204283a79b31191a40cf4d71d2b78b08cd33b7776e55a492b711e2f028faf,8-9,17,line_item,Financial assets,2020-12-31,2 594,1,1,1,1,0,True,True,False,spatial_row_and_column_match
nestle,2021,balance_sheet,612204283a79b31191a40cf4d71d2b78b08cd33b7776e55a492b711e2f028faf,8-9,18,line_item,Employee benefits assets and reimbursement rights,2021-12-31,2 417,1,1,1,1,0,True,True,False,spatial_row_and_column_match
nestle,2021,balance_sheet,612204283a79b31191a40cf4d71d2b78b08cd33b7776e55a492b711e2f028faf,8-9,18,line_item,Employee benefits assets and reimbursement rights,2020-12-31,468,1,1,1,1,0,True,True,False,spatial_row_and_column_match
nestle,2021,balance_sheet,612204283a79b31191a40cf4d71d2b78b08cd33b7776e55a492b711e2f028faf,8-9,19,line_item,Deferred tax assets,2021-12-31,1 258,1,1,1,1,0,True,True,False,spatial_row_and_column_match
nestle,2021,balance_sheet,612204283a79b31191a40cf4d71d2b78b08cd33b7776e55a492b711e2f028faf,8-9,19,line_item,Deferred tax assets,2020-12-31,1 285,1,1,1,1,0,True,True,False,spatial_row_and_column_match
nestle,2021,balance_sheet,612204283a79b31191a40cf4d71d2b78b08cd33b7776e55a492b711e2f028faf,8-9,20,subtotal,Total non-current assets,2021-12-31,99 885,1,1,1,1,0,True,True,False,spatial_row_and_column_match
nestle,2021,balance_sheet,612204283a79b31191a40cf4d71d2b78b08cd33b7776e55a492b711e2f028faf,8-9,20,subtotal,Total non-current assets,2020-12-31,89 960,1,1,1,1,0,True,True,False,spatial_row_and_column_match
nestle,2021,balance_sheet,612204283a79b31191a40cf4d71d2b78b08cd33b7776e55a492b711e2f028faf,8-9,21,total,Total assets,2021-12-31,139 142,1,2,1,1,0,True,True,False,spatial_row_and_column_match
nestle,2021,balance_sheet,612204283a79b31191a40cf4d71d2b78b08cd33b7776e55a492b711e2f028faf,8-9,21,total,Total assets,2020-12-31,124 028,1,2,1,1,0,True,True,False,spatial_row_and_column_match
nestle,2021,balance_sheet,612204283a79b31191a40cf4d71d2b78b08cd33b7776e55a492b711e2f028faf,8-9,24,line_item,Financial debt,2021-12-31,10 092,2,1,1,1,0,True,True,False,spatial_row_and_column_match
nestle,2021,balance_sheet,612204283a79b31191a40cf4d71d2b78b08cd33b7776e55a492b711e2f028faf,8-9,24,line_item,Financial debt,2020-12-31,12 019,2,1,1,1,0,True,True,False,spatial_row_and_column_match
nestle,2021,balance_sheet,612204283a79b31191a40cf4d71d2b78b08cd33b7776e55a492b711e2f028faf,8-9,25,line_item,Trade and other payables,2021-12-31,20 907,1,1,1,1,0,True,True,False,spatial_row_and_column_match
nestle,2021,balance_sheet,612204283a79b31191a40cf4d71d2b78b08cd33b7776e55a492b711e2f028faf,8-9,25,line_item,Trade and other payables,2020-12-31,18 515,1,1,1,1,0,True,True,False,spatial_row_and_column_match
nestle,2021,balance_sheet,612204283a79b31191a40cf4d71d2b78b08cd33b7776e55a492b711e2f028faf,8-9,26,line_item,Accruals,2021-12-31,5 051,1,1,1,1,0,True,True,False,spatial_row_and_column_match
nestle,2021,balance_sheet,612204283a79b31191a40cf4d71d2b78b08cd33b7776e55a492b711e2f028faf,8-9,26,line_item,Accruals,2020-12-31,4 917,1,1,1,1,0,True,True,False,spatial_row_and_column_match
nestle,2021,balance_sheet,612204283a79b31191a40cf4d71d2b78b08cd33b7776e55a492b711e2f028faf,8-9,27,line_item,Provisions,2021-12-31,532,2,1,1,1,0,True,True,False,spatial_row_and_column_match
nestle,2021,balance_sheet,612204283a79b31191a40cf4d71d2b78b08cd33b7776e55a492b711e2f028faf,8-9,27,line_item,Provisions,2020-12-31,508,2,1,1,1,0,True,True,False,spatial_row_and_column_match
nestle,2021,balance_sheet,612204283a79b31191a40cf4d71d2b78b08cd33b7776e55a492b711e2f028faf,8-9,28,line_item,Derivative liabilities,2021-12-31,464,1,1,1,1,0,True,True,False,spatial_row_and_column_match
nestle,2021,balance_sheet,612204283a79b31191a40cf4d71d2b78b08cd33b7776e55a492b711e2f028faf,8-9,28,line_item,Derivative liabilities,2020-12-31,254,1,1,1,1,0,True,True,False,spatial_row_and_column_match
nestle,2021,balance_sheet,612204283a79b31191a40cf4d71d2b78b08cd33b7776e55a492b711e2f028faf,8-9,29,line_item,Current income tax liabilities,2021-12-31,2 962,1,1,1,1,0,True,True,False,spatial_row_and_column_match
nestle,2021,balance_sheet,612204283a79b31191a40cf4d71d2b78b08cd33b7776e55a492b711e2f028faf,8-9,29,line_item,Current income tax liabilities,2020-12-31,2 661,1,1,1,1,0,True,True,False,spatial_row_and_column_match
nestle,2021,balance_sheet,612204283a79b31191a40cf4d71d2b78b08cd33b7776e55a492b711e2f028faf,8-9,30,line_item,Liabilities directly associated with assets held for sale,2021-12-31,12,1,10,1,1,0,True,True,False,spatial_row_and_column_match
nestle,2021,balance_sheet,612204283a79b31191a40cf4d71d2b78b08cd33b7776e55a492b711e2f028faf,8-9,30,line_item,Liabilities directly associated with assets held for sale,2020-12-31,848,1,1,1,1,0,True,True,False,spatial_row_and_column_match
nestle,2021,balance_sheet,612204283a79b31191a40cf4d71d2b78b08cd33b7776e55a492b711e2f028faf,8-9,31,subtotal,Total current liabilities,2021-12-31,40 020,1,1,1,1,0,True,True,False,spatial_row_and_column_match
nestle,2021,balance_sheet,612204283a79b31191a40cf4d71d2b78b08cd33b7776e55a492b711e2f028faf,8-9,31,subtotal,Total current liabilities,2020-12-31,39 722,1,1,1,1,0,True,True,False,spatial_row_and_column_match
nestle,2021,balance_sheet,612204283a79b31191a40cf4d71d2b78b08cd33b7776e55a492b711e2f028faf,8-9,33,line_item,Financial debt,2021-12-31,36 482,2,1,1,1,0,True,True,False,spatial_row_and_column_match
nestle,2021,balance_sheet,612204283a79b31191a40cf4d71d2b78b08cd33b7776e55a492b711e2f028faf,8-9,33,line_item,Financial debt,2020-12-31,27 928,2,1,1,1,0,True,True,False,spatial_row_and_column_match
nestle,2021,balance_sheet,612204283a79b31191a40cf4d71d2b78b08cd33b7776e55a492b711e2f028faf,8-9,34,line_item,Employee benefits liabilities,2021-12-31,3 779,1,1,1,1,0,True,True,False,spatial_row_and_column_match
nestle,2021,balance_sheet,612204283a79b31191a40cf4d71d2b78b08cd33b7776e55a492b711e2f028faf,8-9,34,line_item,Employee benefits liabilities,2020-12-31,5 118,1,1,1,1,0,True,True,False,spatial_row_and_column_match
nestle,2021,balance_sheet,612204283a79b31191a40cf4d71d2b78b08cd33b7776e55a492b711e2f028faf,8-9,35,line_item,Provisions,2021-12-31,1 106,2,1,1,1,0,True,True,False,spatial_row_and_column_match
nestle,2021,balance_sheet,612204283a79b31191a40cf4d71d2b78b08cd33b7776e55a492b711e2f028faf,8-9,35,line_item,Provisions,2020-12-31,1 029,2,1,1,1,0,True,True,False,spatial_row_and_column_match
nestle,2021,balance_sheet,612204283a79b31191a40cf4d71d2b78b08cd33b7776e55a492b711e2f028faf,8-9,36,line_item,Deferred tax liabilities,2021-12-31,3 794,1,1,1,1,0,True,True,False,spatial_row_and_column_match
nestle,2021,balance_sheet,612204283a79b31191a40cf4d71d2b78b08cd33b7776e55a492b711e2f028faf,8-9,36,line_item,Deferred tax liabilities,2020-12-31,2 636,1,1,1,1,0,True,True,False,spatial_row_and_column_match
nestle,2021,balance_sheet,612204283a79b31191a40cf4d71d2b78b08cd33b7776e55a492b711e2f028faf,8-9,37,line_item,Other payables,2021-12-31,234,2,1,1,1,0,True,True,False,spatial_row_and_column_match
nestle,2021,balance_sheet,612204283a79b31191a40cf4d71d2b78b08cd33b7776e55a492b711e2f028faf,8-9,37,line_item,Other payables,2020-12-31,1 081,2,1,1,1,0,True,True,False,spatial_row_and_column_match
nestle,2021,balance_sheet,612204283a79b31191a40cf4d71d2b78b08cd33b7776e55a492b711e2f028faf,8-9,38,subtotal,Total non-current liabilities,2021-12-31,45 395,1,1,1,1,0,True,True,False,spatial_row_and_column_match
nestle,2021,balance_sheet,612204283a79b31191a40cf4d71d2b78b08cd33b7776e55a492b711e2f028faf,8-9,38,subtotal,Total non-current liabilities,2020-12-31,37 792,1,1,1,1,0,True,True,False,spatial_row_and_column_match
nestle,2021,balance_sheet,612204283a79b31191a40cf4d71d2b78b08cd33b7776e55a492b711e2f028faf,8-9,39,total,Total liabilities,2021-12-31,85 415,2,1,1,1,0,True,True,False,spatial_row_and_column_match
nestle,2021,balance_sheet,612204283a79b31191a40cf4d71d2b78b08cd33b7776e55a492b711e2f028faf,8-9,39,total,Total liabilities,2020-12-31,77 514,2,1,1,1,0,True,True,False,spatial_row_and_column_match
nestle,2021,balance_sheet,612204283a79b31191a40cf4d71d2b78b08cd33b7776e55a492b711e2f028faf,8-9,41,line_item,Share capital,2021-12-31,282,1,1,1,1,0,True,True,False,spatial_row_and_column_match
nestle,2021,balance_sheet,612204283a79b31191a40cf4d71d2b78b08cd33b7776e55a492b711e2f028faf,8-9,41,line_item,Share capital,2020-12-31,288,1,1,1,1,0,True,True,False,spatial_row_and_column_match
nestle,2021,balance_sheet,612204283a79b31191a40cf4d71d2b78b08cd33b7776e55a492b711e2f028faf,8-9,42,line_item,Treasury shares,2021-12-31,(6 194),1,1,1,1,0,True,True,False,spatial_row_and_column_match
nestle,2021,balance_sheet,612204283a79b31191a40cf4d71d2b78b08cd33b7776e55a492b711e2f028faf,8-9,42,line_item,Treasury shares,2020-12-31,(6 643),1,1,1,1,0,True,True,False,spatial_row_and_column_match
nestle,2021,balance_sheet,612204283a79b31191a40cf4d71d2b78b08cd33b7776e55a492b711e2f028faf,8-9,43,line_item,Translation reserve,2021-12-31,(22 266),1,1,1,1,0,True,True,False,spatial_row_and_column_match
nestle,2021,balance_sheet,612204283a79b31191a40cf4d71d2b78b08cd33b7776e55a492b711e2f028faf,8-9,43,line_item,Translation reserve,2020-12-31,(24 397),1,1,1,1,0,True,True,False,spatial_row_and_column_match
nestle,2021,balance_sheet,612204283a79b31191a40cf4d71d2b78b08cd33b7776e55a492b711e2f028faf,8-9,44,line_item,Other reserves,2021-12-31,(45),1,3,1,1,0,True,True,False,spatial_row_and_column_match
nestle,2021,balance_sheet,612204283a79b31191a40cf4d71d2b78b08cd33b7776e55a492b711e2f028faf,8-9,44,line_item,Other reserves,2020-12-31,(365),1,1,1,1,0,True,True,False,spatial_row_and_column_match
nestle,2021,balance_sheet,612204283a79b31191a40cf4d71d2b78b08cd33b7776e55a492b711e2f028faf,8-9,45,line_item,Retained earnings,2021-12-31,81 363,1,1,1,1,0,True,True,False,spatial_row_and_column_match
nestle,2021,balance_sheet,612204283a79b31191a40cf4d71d2b78b08cd33b7776e55a492b711e2f028faf,8-9,45,line_item,Retained earnings,2020-12-31,76 812,1,1,1,1,0,True,True,False,spatial_row_and_column_match
nestle,2021,balance_sheet,612204283a79b31191a40cf4d71d2b78b08cd33b7776e55a492b711e2f028faf,8-9,46,subtotal,Total equity attributable to shareholders of the parent,2021-12-31,53 140,1,1,1,1,0,True,True,False,spatial_row_and_column_match
nestle,2021,balance_sheet,612204283a79b31191a40cf4d71d2b78b08cd33b7776e55a492b711e2f028faf,8-9,46,subtotal,Total equity attributable to shareholders of the parent,2020-12-31,45 695,1,1,1,1,0,True,True,False,spatial_row_and_column_match
nestle,2021,balance_sheet,612204283a79b31191a40cf4d71d2b78b08cd33b7776e55a492b711e2f028faf,8-9,47,line_item,Non-controlling interests,2021-12-31,587,1,1,1,1,0,True,True,False,spatial_row_and_column_match
nestle,2021,balance_sheet,612204283a79b31191a40cf4d71d2b78b08cd33b7776e55a492b711e2f028faf,8-9,47,line_item,Non-controlling interests,2020-12-31,819,1,1,1,1,0,True,True,False,spatial_row_and_column_match
nestle,2021,balance_sheet,612204283a79b31191a40cf4d71d2b78b08cd33b7776e55a492b711e2f028faf,8-9,48,total,Total equity,2021-12-31,53 727,2,1,1,1,0,True,True,False,spatial_row_and_column_match
nestle,2021,balance_sheet,612204283a79b31191a40cf4d71d2b78b08cd33b7776e55a492b711e2f028faf,8-9,48,total,Total equity,2020-12-31,46 514,2,1,1,1,0,True,True,False,spatial_row_and_column_match
nestle,2021,balance_sheet,612204283a79b31191a40cf4d71d2b78b08cd33b7776e55a492b711e2f028faf,8-9,49,total,Total liabilities and equity,2021-12-31,139 142,1,2,1,1,0,True,True,False,spatial_row_and_column_match
nestle,2021,balance_sheet,612204283a79b31191a40cf4d71d2b78b08cd33b7776e55a492b711e2f028faf,8-9,49,total,Total liabilities and equity,2020-12-31,124 028,1,2,1,1,0,True,True,False,spatial_row_and_column_match
nestle,2021,cash_flow,612204283a79b31191a40cf4d71d2b78b08cd33b7776e55a492b711e2f028faf,10,2,line_item,Operating profit,2021-12-31,11 679,1,1,1,1,0,True,True,False,spatial_row_and_column_match
nestle,2021,cash_flow,612204283a79b31191a40cf4d71d2b78b08cd33b7776e55a492b711e2f028faf,10,2,line_item,Operating profit,2020-12-31,14 796,1,1,1,1,0,True,True,False,spatial_row_and_column_match
nestle,2021,cash_flow,612204283a79b31191a40cf4d71d2b78b08cd33b7776e55a492b711e2f028faf,10,3,line_item,Depreciation and amortization,2021-12-31,3 440,1,1,1,1,0,True,True,False,spatial_row_and_column_match
nestle,2021,cash_flow,612204283a79b31191a40cf4d71d2b78b08cd33b7776e55a492b711e2f028faf,10,3,line_item,Depreciation and amortization,2020-12-31,3 465,1,1,1,1,0,True,True,False,spatial_row_and_column_match
nestle,2021,cash_flow,612204283a79b31191a40cf4d71d2b78b08cd33b7776e55a492b711e2f028faf,10,4,line_item,Impairment,2021-12-31,2 614,1,1,1,1,0,True,True,False,spatial_row_and_column_match
nestle,2021,cash_flow,612204283a79b31191a40cf4d71d2b78b08cd33b7776e55a492b711e2f028faf,10,4,line_item,Impairment,2020-12-31,711,1,1,1,1,0,True,True,False,spatial_row_and_column_match
nestle,2021,cash_flow,612204283a79b31191a40cf4d71d2b78b08cd33b7776e55a492b711e2f028faf,10,5,line_item,Net result on disposal of businesses,2021-12-31,(235),1,4,1,1,0,True,True,False,spatial_row_and_column_match
nestle,2021,cash_flow,612204283a79b31191a40cf4d71d2b78b08cd33b7776e55a492b711e2f028faf,10,5,line_item,Net result on disposal of businesses,2020-12-31,(1 678),1,1,1,1,0,True,True,False,spatial_row_and_column_match
nestle,2021,cash_flow,612204283a79b31191a40cf4d71d2b78b08cd33b7776e55a492b711e2f028faf,10,6,line_item,Other non-cash items of income and expense,2021-12-31,(253),1,1,1,1,0,True,True,False,spatial_row_and_column_match
nestle,2021,cash_flow,612204283a79b31191a40cf4d71d2b78b08cd33b7776e55a492b711e2f028faf,10,6,line_item,Other non-cash items of income and expense,2020-12-31,248,1,1,1,1,0,True,True,False,spatial_row_and_column_match
nestle,2021,cash_flow,612204283a79b31191a40cf4d71d2b78b08cd33b7776e55a492b711e2f028faf,10,7,subtotal,Cash flow before changes in operating assets and liabilities,2021-12-31,17 245,1,1,1,1,0,True,True,False,spatial_row_and_column_match
nestle,2021,cash_flow,612204283a79b31191a40cf4d71d2b78b08cd33b7776e55a492b711e2f028faf,10,7,subtotal,Cash flow before changes in operating assets and liabilities,2020-12-31,17 542,1,1,1,1,0,True,True,False,spatial_row_and_column_match
nestle,2021,cash_flow,612204283a79b31191a40cf4d71d2b78b08cd33b7776e55a492b711e2f028faf,10,8,line_item,Decrease/(increase) in working capital,2021-12-31,(173),1,1,1,1,0,True,True,False,spatial_row_and_column_match
nestle,2021,cash_flow,612204283a79b31191a40cf4d71d2b78b08cd33b7776e55a492b711e2f028faf,10,8,line_item,Decrease/(increase) in working capital,2020-12-31,314,1,1,1,1,0,True,True,False,spatial_row_and_column_match
nestle,2021,cash_flow,612204283a79b31191a40cf4d71d2b78b08cd33b7776e55a492b711e2f028faf,10,9,line_item,Variation of other operating assets and liabilities,2021-12-31,(427),1,1,1,1,0,True,True,False,spatial_row_and_column_match
nestle,2021,cash_flow,612204283a79b31191a40cf4d71d2b78b08cd33b7776e55a492b711e2f028faf,10,9,line_item,Variation of other operating assets and liabilities,2020-12-31,(699),1,1,1,1,0,True,True,False,spatial_row_and_column_match
nestle,2021,cash_flow,612204283a79b31191a40cf4d71d2b78b08cd33b7776e55a492b711e2f028faf,10,10,subtotal,Cash generated from operations,2021-12-31,16 645,1,1,1,1,0,True,True,False,spatial_row_and_column_match
nestle,2021,cash_flow,612204283a79b31191a40cf4d71d2b78b08cd33b7776e55a492b711e2f028faf,10,10,subtotal,Cash generated from operations,2020-12-31,17 157,1,1,1,1,0,True,True,False,spatial_row_and_column_match
nestle,2021,cash_flow,612204283a79b31191a40cf4d71d2b78b08cd33b7776e55a492b711e2f028faf,10,11,line_item,Interest paid,2021-12-31,(753),1,1,1,1,0,True,True,False,spatial_row_and_column_match
nestle,2021,cash_flow,612204283a79b31191a40cf4d71d2b78b08cd33b7776e55a492b711e2f028faf,10,11,line_item,Interest paid,2020-12-31,(815),1,1,1,1,0,True,True,False,spatial_row_and_column_match
nestle,2021,cash_flow,612204283a79b31191a40cf4d71d2b78b08cd33b7776e55a492b711e2f028faf,10,12,line_item,Interest and dividend received,2021-12-31,43,1,1,1,1,0,True,True,False,spatial_row_and_column_match
nestle,2021,cash_flow,612204283a79b31191a40cf4d71d2b78b08cd33b7776e55a492b711e2f028faf,10,12,line_item,Interest and dividend received,2020-12-31,76,1,1,1,1,0,True,True,False,spatial_row_and_column_match
nestle,2021,cash_flow,612204283a79b31191a40cf4d71d2b78b08cd33b7776e55a492b711e2f028faf,10,13,line_item,Taxes paid,2021-12-31,(2 722),1,1,1,1,0,True,True,False,spatial_row_and_column_match
nestle,2021,cash_flow,612204283a79b31191a40cf4d71d2b78b08cd33b7776e55a492b711e2f028faf,10,13,line_item,Taxes paid,2020-12-31,(2 645),1,1,1,1,0,True,True,False,spatial_row_and_column_match
nestle,2021,cash_flow,612204283a79b31191a40cf4d71d2b78b08cd33b7776e55a492b711e2f028faf,10,14,line_item,Dividends and interest from associates and joint ventures,2021-12-31,651,1,1,1,1,0,True,True,False,spatial_row_and_column_match
nestle,2021,cash_flow,612204283a79b31191a40cf4d71d2b78b08cd33b7776e55a492b711e2f028faf,10,14,line_item,Dividends and interest from associates and joint ventures,2020-12-31,604,1,1,1,1,0,True,True,False,spatial_row_and_column_match
nestle,2021,cash_flow,612204283a79b31191a40cf4d71d2b78b08cd33b7776e55a492b711e2f028faf,10,15,subtotal,Operating cash flow,2021-12-31,13 864,1,1,1,1,0,True,True,False,spatial_row_and_column_match
nestle,2021,cash_flow,612204283a79b31191a40cf4d71d2b78b08cd33b7776e55a492b711e2f028faf,10,15,subtotal,Operating cash flow,2020-12-31,14 377,1,1,1,1,0,True,True,False,spatial_row_and_column_match
nestle,2021,cash_flow,612204283a79b31191a40cf4d71d2b78b08cd33b7776e55a492b711e2f028faf,10,17,line_item,Capital expenditure,2021-12-31,(4 880),1,1,1,1,0,True,True,False,spatial_row_and_column_match
nestle,2021,cash_flow,612204283a79b31191a40cf4d71d2b78b08cd33b7776e55a492b711e2f028faf,10,17,line_item,Capital expenditure,2020-12-31,(4 076),1,1,1,1,0,True,True,False,spatial_row_and_column_match
nestle,2021,cash_flow,612204283a79b31191a40cf4d71d2b78b08cd33b7776e55a492b711e2f028faf,10,18,line_item,Expenditure on intangible assets,2021-12-31,(461),1,1,1,1,0,True,True,False,spatial_row_and_column_match
nestle,2021,cash_flow,612204283a79b31191a40cf4d71d2b78b08cd33b7776e55a492b711e2f028faf,10,18,line_item,Expenditure on intangible assets,2020-12-31,(288),1,1,1,1,0,True,True,False,spatial_row_and_column_match
nestle,2021,cash_flow,612204283a79b31191a40cf4d71d2b78b08cd33b7776e55a492b711e2f028faf,10,19,line_item,"Acquisition of businesses, net of cash acquired",2021-12-31,(6 394),1,1,1,1,0,True,True,False,spatial_row_and_column_match
nestle,2021,cash_flow,612204283a79b31191a40cf4d71d2b78b08cd33b7776e55a492b711e2f028faf,10,19,line_item,"Acquisition of businesses, net of cash acquired",2020-12-31,(4 520),1,1,1,1,0,True,True,False,spatial_row_and_column_match
nestle,2021,cash_flow,612204283a79b31191a40cf4d71d2b78b08cd33b7776e55a492b711e2f028faf,10,20,line_item,"Disposal of businesses, net of cash disposed of",2021-12-31,3 530,1,1,1,1,0,True,True,False,spatial_row_and_column_match
nestle,2021,cash_flow,612204283a79b31191a40cf4d71d2b78b08cd33b7776e55a492b711e2f028faf,10,20,line_item,"Disposal of businesses, net of cash disposed of",2020-12-31,3 916,1,1,1,1,0,True,True,False,spatial_row_and_column_match
nestle,2021,cash_flow,612204283a79b31191a40cf4d71d2b78b08cd33b7776e55a492b711e2f028faf,10,21,line_item,Investments in associates and joint ventures,2021-12-31,(715),1,1,1,1,0,True,True,False,spatial_row_and_column_match
nestle,2021,cash_flow,612204283a79b31191a40cf4d71d2b78b08cd33b7776e55a492b711e2f028faf,10,21,line_item,Investments in associates and joint ventures,2020-12-31,(498),1,1,1,1,0,True,True,False,spatial_row_and_column_match
nestle,2021,cash_flow,612204283a79b31191a40cf4d71d2b78b08cd33b7776e55a492b711e2f028faf,10,22,line_item,Divestments in associates and joint ventures,2021-12-31,9 294,1,1,1,1,0,True,True,False,spatial_row_and_column_match
nestle,2021,cash_flow,612204283a79b31191a40cf4d71d2b78b08cd33b7776e55a492b711e2f028faf,10,22,line_item,Divestments in associates and joint ventures,2020-12-31,316,1,1,1,1,0,True,True,False,spatial_row_and_column_match
nestle,2021,cash_flow,612204283a79b31191a40cf4d71d2b78b08cd33b7776e55a492b711e2f028faf,10,23,line_item,Inflows/(outflows) from treasury investments,2021-12-31,(3 610),1,1,1,1,0,True,True,False,spatial_row_and_column_match
nestle,2021,cash_flow,612204283a79b31191a40cf4d71d2b78b08cd33b7776e55a492b711e2f028faf,10,23,line_item,Inflows/(outflows) from treasury investments,2020-12-31,(749),1,1,1,1,0,True,True,False,spatial_row_and_column_match
nestle,2021,cash_flow,612204283a79b31191a40cf4d71d2b78b08cd33b7776e55a492b711e2f028faf,10,24,line_item,Other investing activities,2021-12-31,192,1,1,1,1,0,True,True,False,spatial_row_and_column_match
nestle,2021,cash_flow,612204283a79b31191a40cf4d71d2b78b08cd33b7776e55a492b711e2f028faf,10,24,line_item,Other investing activities,2020-12-31,232,1,1,1,1,0,True,True,False,spatial_row_and_column_match
nestle,2021,cash_flow,612204283a79b31191a40cf4d71d2b78b08cd33b7776e55a492b711e2f028faf,10,25,subtotal,Investing cash flow,2021-12-31,(3 044),1,1,1,1,0,True,True,False,spatial_row_and_column_match
nestle,2021,cash_flow,612204283a79b31191a40cf4d71d2b78b08cd33b7776e55a492b711e2f028faf,10,25,subtotal,Investing cash flow,2020-12-31,(5 667),1,1,1,1,0,True,True,False,spatial_row_and_column_match
nestle,2021,cash_flow,612204283a79b31191a40cf4d71d2b78b08cd33b7776e55a492b711e2f028faf,10,27,line_item,Dividend paid to shareholders of the parent,2021-12-31,(7 681),1,1,1,1,0,True,True,False,spatial_row_and_column_match
nestle,2021,cash_flow,612204283a79b31191a40cf4d71d2b78b08cd33b7776e55a492b711e2f028faf,10,27,line_item,Dividend paid to shareholders of the parent,2020-12-31,(7 700),1,1,1,1,0,True,True,False,spatial_row_and_column_match
nestle,2021,cash_flow,612204283a79b31191a40cf4d71d2b78b08cd33b7776e55a492b711e2f028faf,10,28,line_item,Dividends paid to non-controlling interests,2021-12-31,(302),1,1,1,1,0,True,True,False,spatial_row_and_column_match
nestle,2021,cash_flow,612204283a79b31191a40cf4d71d2b78b08cd33b7776e55a492b711e2f028faf,10,28,line_item,Dividends paid to non-controlling interests,2020-12-31,(268),1,1,1,1,0,True,True,False,spatial_row_and_column_match
nestle,2021,cash_flow,612204283a79b31191a40cf4d71d2b78b08cd33b7776e55a492b711e2f028faf,10,29,line_item,Acquisition (net of disposal) of non-controlling interests,2021-12-31,(601),1,1,1,1,0,True,True,False,spatial_row_and_column_match
nestle,2021,cash_flow,612204283a79b31191a40cf4d71d2b78b08cd33b7776e55a492b711e2f028faf,10,29,line_item,Acquisition (net of disposal) of non-controlling interests,2020-12-31,(1),1,3,1,1,0,True,True,False,spatial_row_and_column_match
nestle,2021,cash_flow,612204283a79b31191a40cf4d71d2b78b08cd33b7776e55a492b711e2f028faf,10,30,line_item,Purchase (net of sale) of treasury shares (a),2021-12-31,(6 548),1,1,1,1,0,True,True,False,spatial_row_and_column_match
nestle,2021,cash_flow,612204283a79b31191a40cf4d71d2b78b08cd33b7776e55a492b711e2f028faf,10,30,line_item,Purchase (net of sale) of treasury shares (a),2020-12-31,(6 814),1,1,1,1,0,True,True,False,spatial_row_and_column_match
nestle,2021,cash_flow,612204283a79b31191a40cf4d71d2b78b08cd33b7776e55a492b711e2f028faf,10,31,line_item,Inflows from bonds and other long term financial debt,2021-12-31,11 339,1,1,1,1,0,True,True,False,spatial_row_and_column_match
nestle,2021,cash_flow,612204283a79b31191a40cf4d71d2b78b08cd33b7776e55a492b711e2f028faf,10,31,line_item,Inflows from bonds and other long term financial debt,2020-12-31,10 330,1,1,1,1,0,True,True,False,spatial_row_and_column_match
nestle,2021,cash_flow,612204283a79b31191a40cf4d71d2b78b08cd33b7776e55a492b711e2f028faf,10,32,line_item,"Outflows from bonds, lease liabilities and other long term financial debt",2021-12-31,(4 474),1,1,1,1,0,True,True,False,spatial_row_and_column_match
nestle,2021,cash_flow,612204283a79b31191a40cf4d71d2b78b08cd33b7776e55a492b711e2f028faf,10,32,line_item,"Outflows from bonds, lease liabilities and other long term financial debt",2020-12-31,(3 182),1,1,1,1,0,True,True,False,spatial_row_and_column_match
nestle,2021,cash_flow,612204283a79b31191a40cf4d71d2b78b08cd33b7776e55a492b711e2f028faf,10,33,line_item,Inflows/(outflows) from short term financial debt,2021-12-31,(885),1,1,1,1,0,True,True,False,spatial_row_and_column_match
nestle,2021,cash_flow,612204283a79b31191a40cf4d71d2b78b08cd33b7776e55a492b711e2f028faf,10,33,line_item,Inflows/(outflows) from short term financial debt,2020-12-31,(2 747),1,1,1,1,0,True,True,False,spatial_row_and_column_match
nestle,2021,cash_flow,612204283a79b31191a40cf4d71d2b78b08cd33b7776e55a492b711e2f028faf,10,34,subtotal,Financing cash flow,2021-12-31,(9 152),1,1,1,1,0,True,True,False,spatial_row_and_column_match
nestle,2021,cash_flow,612204283a79b31191a40cf4d71d2b78b08cd33b7776e55a492b711e2f028faf,10,34,subtotal,Financing cash flow,2020-12-31,(10 382),1,1,1,1,0,True,True,False,spatial_row_and_column_match
nestle,2021,cash_flow,612204283a79b31191a40cf4d71d2b78b08cd33b7776e55a492b711e2f028faf,10,35,line_item,Currency retranslations,2021-12-31,89,1,1,1,1,0,True,True,False,spatial_row_and_column_match
nestle,2021,cash_flow,612204283a79b31191a40cf4d71d2b78b08cd33b7776e55a492b711e2f028faf,10,35,line_item,Currency retranslations,2020-12-31,(562),1,1,1,1,0,True,True,False,spatial_row_and_column_match
nestle,2021,cash_flow,612204283a79b31191a40cf4d71d2b78b08cd33b7776e55a492b711e2f028faf,10,36,subtotal,Increase/(decrease) in cash and cash equivalents,2021-12-31,1 757,1,1,1,1,0,True,True,False,spatial_row_and_column_match
nestle,2021,cash_flow,612204283a79b31191a40cf4d71d2b78b08cd33b7776e55a492b711e2f028faf,10,36,subtotal,Increase/(decrease) in cash and cash equivalents,2020-12-31,(2 234),1,1,1,1,0,True,True,False,spatial_row_and_column_match
nestle,2021,cash_flow,612204283a79b31191a40cf4d71d2b78b08cd33b7776e55a492b711e2f028faf,10,37,line_item,Cash and cash equivalents at beginning of year,2021-12-31,5 235,1,3,1,1,0,True,True,False,spatial_row_and_column_match
nestle,2021,cash_flow,612204283a79b31191a40cf4d71d2b78b08cd33b7776e55a492b711e2f028faf,10,37,line_item,Cash and cash equivalents at beginning of year,2020-12-31,7 469,1,1,1,1,0,True,True,False,spatial_row_and_column_match
nestle,2021,cash_flow,612204283a79b31191a40cf4d71d2b78b08cd33b7776e55a492b711e2f028faf,10,38,total,Cash and cash equivalents at end of year,2021-12-31,6 992,1,1,1,1,0,True,True,False,spatial_row_and_column_match
nestle,2021,cash_flow,612204283a79b31191a40cf4d71d2b78b08cd33b7776e55a492b711e2f028faf,10,38,total,Cash and cash equivalents at end of year,2020-12-31,5 235,1,3,1,1,0,True,True,False,spatial_row_and_column_match
nestle,2021,cash_flow,612204283a79b31191a40cf4d71d2b78b08cd33b7776e55a492b711e2f028faf,10,39,line_item,Cash and cash equivalents classified as held for sale,2021-12-31,(4),1,6,1,1,0,True,True,False,spatial_row_and_column_match
nestle,2021,cash_flow,612204283a79b31191a40cf4d71d2b78b08cd33b7776e55a492b711e2f028faf,10,39,line_item,Cash and cash equivalents classified as held for sale,2020-12-31,—,1,12,1,1,0,True,True,False,spatial_row_and_column_match
nestle,2021,cash_flow,612204283a79b31191a40cf4d71d2b78b08cd33b7776e55a492b711e2f028faf,10,40,total,Cash and cash equivalents as per balance sheet,2021-12-31,6 988,1,1,1,1,0,True,True,False,spatial_row_and_column_match
nestle,2021,cash_flow,612204283a79b31191a40cf4d71d2b78b08cd33b7776e55a492b711e2f028faf,10,40,total,Cash and cash equivalents as per balance sheet,2020-12-31,5 235,1,3,1,1,0,True,True,False,spatial_row_and_column_match
nestle,2023,income_statement,b4b71d8027210bcc31361bee01b94c6e6af0c4d92a91c0fa356f584af497d6af,6,5,line_item,Sales,2023-12-31,92 998,2,1,1,1,0,True,True,False,spatial_row_and_column_match
nestle,2023,income_statement,b4b71d8027210bcc31361bee01b94c6e6af0c4d92a91c0fa356f584af497d6af,6,5,line_item,Sales,2022-12-31,94 424,2,1,1,1,0,True,True,False,spatial_row_and_column_match
nestle,2023,income_statement,b4b71d8027210bcc31361bee01b94c6e6af0c4d92a91c0fa356f584af497d6af,6,6,line_item,Other revenue,2023-12-31,353,1,1,1,1,0,True,True,False,spatial_row_and_column_match
nestle,2023,income_statement,b4b71d8027210bcc31361bee01b94c6e6af0c4d92a91c0fa356f584af497d6af,6,6,line_item,Other revenue,2022-12-31,356,1,1,1,1,0,True,True,False,spatial_row_and_column_match
nestle,2023,income_statement,b4b71d8027210bcc31361bee01b94c6e6af0c4d92a91c0fa356f584af497d6af,6,7,line_item,Cost of goods sold,2023-12-31,(50 328),1,1,1,1,0,True,True,False,spatial_row_and_column_match
nestle,2023,income_statement,b4b71d8027210bcc31361bee01b94c6e6af0c4d92a91c0fa356f584af497d6af,6,7,line_item,Cost of goods sold,2022-12-31,(51 745),1,1,1,1,0,True,True,False,spatial_row_and_column_match
nestle,2023,income_statement,b4b71d8027210bcc31361bee01b94c6e6af0c4d92a91c0fa356f584af497d6af,6,8,line_item,Distribution expenses,2023-12-31,(7 765),1,1,1,1,0,True,True,False,spatial_row_and_column_match
nestle,2023,income_statement,b4b71d8027210bcc31361bee01b94c6e6af0c4d92a91c0fa356f584af497d6af,6,8,line_item,Distribution expenses,2022-12-31,(8 386),1,1,1,1,0,True,True,False,spatial_row_and_column_match
nestle,2023,income_statement,b4b71d8027210bcc31361bee01b94c6e6af0c4d92a91c0fa356f584af497d6af,6,9,line_item,Marketing and administration expenses,2023-12-31,(17 549),1,1,1,1,0,True,True,False,spatial_row_and_column_match
nestle,2023,income_statement,b4b71d8027210bcc31361bee01b94c6e6af0c4d92a91c0fa356f584af497d6af,6,9,line_item,Marketing and administration expenses,2022-12-31,(16 850),1,1,1,1,0,True,True,False,spatial_row_and_column_match
nestle,2023,income_statement,b4b71d8027210bcc31361bee01b94c6e6af0c4d92a91c0fa356f584af497d6af,6,10,line_item,Research and development costs,2023-12-31,(1 656),1,1,1,1,0,True,True,False,spatial_row_and_column_match
nestle,2023,income_statement,b4b71d8027210bcc31361bee01b94c6e6af0c4d92a91c0fa356f584af497d6af,6,10,line_item,Research and development costs,2022-12-31,(1 696),1,1,1,1,0,True,True,False,spatial_row_and_column_match
nestle,2023,income_statement,b4b71d8027210bcc31361bee01b94c6e6af0c4d92a91c0fa356f584af497d6af,6,11,line_item,Other trading income,2023-12-31,132,1,1,1,1,0,True,True,False,spatial_row_and_column_match
nestle,2023,income_statement,b4b71d8027210bcc31361bee01b94c6e6af0c4d92a91c0fa356f584af497d6af,6,11,line_item,Other trading income,2022-12-31,107,1,1,1,1,0,True,True,False,spatial_row_and_column_match
nestle,2023,income_statement,b4b71d8027210bcc31361bee01b94c6e6af0c4d92a91c0fa356f584af497d6af,6,12,line_item,Other trading expenses,2023-12-31,(1 665),1,1,1,1,0,True,True,False,spatial_row_and_column_match
nestle,2023,income_statement,b4b71d8027210bcc31361bee01b94c6e6af0c4d92a91c0fa356f584af497d6af,6,12,line_item,Other trading expenses,2022-12-31,(3 015),1,1,1,1,0,True,True,False,spatial_row_and_column_match
nestle,2023,income_statement,b4b71d8027210bcc31361bee01b94c6e6af0c4d92a91c0fa356f584af497d6af,6,13,subtotal,Trading operating profit,2023-12-31,14 520,2,1,1,1,0,True,True,False,spatial_row_and_column_match
nestle,2023,income_statement,b4b71d8027210bcc31361bee01b94c6e6af0c4d92a91c0fa356f584af497d6af,6,13,subtotal,Trading operating profit,2022-12-31,13 195,2,1,1,1,0,True,True,False,spatial_row_and_column_match
nestle,2023,income_statement,b4b71d8027210bcc31361bee01b94c6e6af0c4d92a91c0fa356f584af497d6af,6,14,line_item,Other operating income,2023-12-31,298,1,1,1,1,0,True,True,False,spatial_row_and_column_match
nestle,2023,income_statement,b4b71d8027210bcc31361bee01b94c6e6af0c4d92a91c0fa356f584af497d6af,6,14,line_item,Other operating income,2022-12-31,340,1,1,1,1,0,True,True,False,spatial_row_and_column_match
nestle,2023,income_statement,b4b71d8027210bcc31361bee01b94c6e6af0c4d92a91c0fa356f584af497d6af,6,15,line_item,Other operating expenses,2023-12-31,(755),1,1,1,1,0,True,True,False,spatial_row_and_column_match
nestle,2023,income_statement,b4b71d8027210bcc31361bee01b94c6e6af0c4d92a91c0fa356f584af497d6af,6,15,line_item,Other operating expenses,2022-12-31,(1 209),1,1,1,1,0,True,True,False,spatial_row_and_column_match
nestle,2023,income_statement,b4b71d8027210bcc31361bee01b94c6e6af0c4d92a91c0fa356f584af497d6af,6,16,subtotal,Operating profit,2023-12-31,14 063,3,1,1,1,0,True,True,False,spatial_row_and_column_match
nestle,2023,income_statement,b4b71d8027210bcc31361bee01b94c6e6af0c4d92a91c0fa356f584af497d6af,6,16,subtotal,Operating profit,2022-12-31,12 326,3,1,1,1,0,True,True,False,spatial_row_and_column_match
nestle,2023,income_statement,b4b71d8027210bcc31361bee01b94c6e6af0c4d92a91c0fa356f584af497d6af,6,17,line_item,Financial income,2023-12-31,284,1,1,1,1,0,True,True,False,spatial_row_and_column_match
nestle,2023,income_statement,b4b71d8027210bcc31361bee01b94c6e6af0c4d92a91c0fa356f584af497d6af,6,17,line_item,Financial income,2022-12-31,210,1,1,1,1,0,True,True,False,spatial_row_and_column_match
nestle,2023,income_statement,b4b71d8027210bcc31361bee01b94c6e6af0c4d92a91c0fa356f584af497d6af,6,18,line_item,Financial expense,2023-12-31,(1 644),1,1,1,1,0,True,True,False,spatial_row_and_column_match
nestle,2023,income_statement,b4b71d8027210bcc31361bee01b94c6e6af0c4d92a91c0fa356f584af497d6af,6,18,line_item,Financial expense,2022-12-31,(1 250),1,1,1,1,0,True,True,False,spatial_row_and_column_match
nestle,2023,income_statement,b4b71d8027210bcc31361bee01b94c6e6af0c4d92a91c0fa356f584af497d6af,6,19,subtotal,"Profit before taxes, associates and joint ventures",2023-12-31,12 703,1,1,1,1,0,True,True,False,spatial_row_and_column_match
nestle,2023,income_statement,b4b71d8027210bcc31361bee01b94c6e6af0c4d92a91c0fa356f584af497d6af,6,19,subtotal,"Profit before taxes, associates and joint ventures",2022-12-31,11 286,1,1,1,1,0,True,True,False,spatial_row_and_column_match
nestle,2023,income_statement,b4b71d8027210bcc31361bee01b94c6e6af0c4d92a91c0fa356f584af497d6af,6,20,line_item,Taxes,2023-12-31,(2 314),2,1,1,1,0,True,True,False,spatial_row_and_column_match
nestle,2023,income_statement,b4b71d8027210bcc31361bee01b94c6e6af0c4d92a91c0fa356f584af497d6af,6,20,line_item,Taxes,2022-12-31,(2 730),2,1,1,1,0,True,True,False,spatial_row_and_column_match
nestle,2023,income_statement,b4b71d8027210bcc31361bee01b94c6e6af0c4d92a91c0fa356f584af497d6af,6,21,line_item,Income from associates and joint ventures,2023-12-31,1 120,1,1,1,1,0,True,True,False,spatial_row_and_column_match
nestle,2023,income_statement,b4b71d8027210bcc31361bee01b94c6e6af0c4d92a91c0fa356f584af497d6af,6,21,line_item,Income from associates and joint ventures,2022-12-31,1 040,1,1,1,1,0,True,True,False,spatial_row_and_column_match
nestle,2023,income_statement,b4b71d8027210bcc31361bee01b94c6e6af0c4d92a91c0fa356f584af497d6af,6,22,total,Profit for the year,2023-12-31,11 509,2,1,1,1,0,True,True,False,spatial_row_and_column_match
nestle,2023,income_statement,b4b71d8027210bcc31361bee01b94c6e6af0c4d92a91c0fa356f584af497d6af,6,22,total,Profit for the year,2022-12-31,9 596,2,1,1,1,0,True,True,False,spatial_row_and_column_match
nestle,2023,income_statement,b4b71d8027210bcc31361bee01b94c6e6af0c4d92a91c0fa356f584af497d6af,6,23,line_item,   of which attributable to non-controlling interests,2023-12-31,300,1,1,1,1,0,True,True,False,spatial_row_and_column_match
nestle,2023,income_statement,b4b71d8027210bcc31361bee01b94c6e6af0c4d92a91c0fa356f584af497d6af,6,23,line_item,   of which attributable to non-controlling interests,2022-12-31,326,1,2,1,1,0,True,True,False,spatial_row_and_column_match
nestle,2023,income_statement,b4b71d8027210bcc31361bee01b94c6e6af0c4d92a91c0fa356f584af497d6af,6,24,line_item,   of which attributable to shareholders of the parent (Net profit),2023-12-31,11 209,1,1,1,1,0,True,True,False,spatial_row_and_column_match
nestle,2023,income_statement,b4b71d8027210bcc31361bee01b94c6e6af0c4d92a91c0fa356f584af497d6af,6,24,line_item,   of which attributable to shareholders of the parent (Net profit),2022-12-31,9 270,1,1,1,1,0,True,True,False,spatial_row_and_column_match
nestle,2023,income_statement,b4b71d8027210bcc31361bee01b94c6e6af0c4d92a91c0fa356f584af497d6af,6,26,line_item,Trading operating profit,2023-12-31,15.6%,2,1,1,1,0,True,True,False,spatial_row_and_column_match
nestle,2023,income_statement,b4b71d8027210bcc31361bee01b94c6e6af0c4d92a91c0fa356f584af497d6af,6,26,line_item,Trading operating profit,2022-12-31,14.0%,2,1,1,1,0,True,True,False,spatial_row_and_column_match
nestle,2023,income_statement,b4b71d8027210bcc31361bee01b94c6e6af0c4d92a91c0fa356f584af497d6af,6,27,line_item,Profit for the year attributable to shareholders of the parent (Net profit),2023-12-31,12.1%,1,1,1,1,0,True,True,False,spatial_row_and_column_match
nestle,2023,income_statement,b4b71d8027210bcc31361bee01b94c6e6af0c4d92a91c0fa356f584af497d6af,6,27,line_item,Profit for the year attributable to shareholders of the parent (Net profit),2022-12-31,9.8%,1,1,1,1,0,True,True,False,spatial_row_and_column_match
nestle,2023,income_statement,b4b71d8027210bcc31361bee01b94c6e6af0c4d92a91c0fa356f584af497d6af,6,29,line_item,Basic earnings per share,2023-12-31,4.24,1,2,1,1,0,True,True,False,spatial_row_and_column_match
nestle,2023,income_statement,b4b71d8027210bcc31361bee01b94c6e6af0c4d92a91c0fa356f584af497d6af,6,29,line_item,Basic earnings per share,2022-12-31,3.42,1,2,1,1,0,True,True,False,spatial_row_and_column_match
nestle,2023,income_statement,b4b71d8027210bcc31361bee01b94c6e6af0c4d92a91c0fa356f584af497d6af,6,30,line_item,Diluted earnings per share,2023-12-31,4.23,1,1,1,1,0,True,True,False,spatial_row_and_column_match
nestle,2023,income_statement,b4b71d8027210bcc31361bee01b94c6e6af0c4d92a91c0fa356f584af497d6af,6,30,line_item,Diluted earnings per share,2022-12-31,3.42,1,2,1,1,0,True,True,False,spatial_row_and_column_match
nestle,2023,balance_sheet,b4b71d8027210bcc31361bee01b94c6e6af0c4d92a91c0fa356f584af497d6af,8-9,3,line_item,Cash and cash equivalents,2023-12-31,4 816,1,1,1,1,0,True,True,False,spatial_row_and_column_match
nestle,2023,balance_sheet,b4b71d8027210bcc31361bee01b94c6e6af0c4d92a91c0fa356f584af497d6af,8-9,3,line_item,Cash and cash equivalents,2022-12-31,5 511,1,1,1,1,0,True,True,False,spatial_row_and_column_match
nestle,2023,balance_sheet,b4b71d8027210bcc31361bee01b94c6e6af0c4d92a91c0fa356f584af497d6af,8-9,4,line_item,Short-term investments,2023-12-31,1 035,1,1,1,1,0,True,True,False,spatial_row_and_column_match
nestle,2023,balance_sheet,b4b71d8027210bcc31361bee01b94c6e6af0c4d92a91c0fa356f584af497d6af,8-9,4,line_item,Short-term investments,2022-12-31,1 176,1,1,1,1,0,True,True,False,spatial_row_and_column_match
nestle,2023,balance_sheet,b4b71d8027210bcc31361bee01b94c6e6af0c4d92a91c0fa356f584af497d6af,8-9,5,line_item,Inventories,2023-12-31,11 896,1,1,1,1,0,True,True,False,spatial_row_and_column_match
nestle,2023,balance_sheet,b4b71d8027210bcc31361bee01b94c6e6af0c4d92a91c0fa356f584af497d6af,8-9,5,line_item,Inventories,2022-12-31,15 019,1,1,1,1,0,True,True,False,spatial_row_and_column_match
nestle,2023,balance_sheet,b4b71d8027210bcc31361bee01b94c6e6af0c4d92a91c0fa356f584af497d6af,8-9,6,line_item,Trade and other receivables,2023-12-31,10 995,1,1,1,1,0,True,True,False,spatial_row_and_column_match
nestle,2023,balance_sheet,b4b71d8027210bcc31361bee01b94c6e6af0c4d92a91c0fa356f584af497d6af,8-9,6,line_item,Trade and other receivables,2022-12-31,11 116,1,1,1,1,0,True,True,False,spatial_row_and_column_match
nestle,2023,balance_sheet,b4b71d8027210bcc31361bee01b94c6e6af0c4d92a91c0fa356f584af497d6af,8-9,7,line_item,Prepayments,2023-12-31,521,1,1,1,1,0,True,True,False,spatial_row_and_column_match
nestle,2023,balance_sheet,b4b71d8027210bcc31361bee01b94c6e6af0c4d92a91c0fa356f584af497d6af,8-9,7,line_item,Prepayments,2022-12-31,549,1,1,1,1,0,True,True,False,spatial_row_and_column_match
nestle,2023,balance_sheet,b4b71d8027210bcc31361bee01b94c6e6af0c4d92a91c0fa356f584af497d6af,8-9,8,line_item,Derivative assets,2023-12-31,278,2,1,1,1,0,True,True,False,spatial_row_and_column_match
nestle,2023,balance_sheet,b4b71d8027210bcc31361bee01b94c6e6af0c4d92a91c0fa356f584af497d6af,8-9,8,line_item,Derivative assets,2022-12-31,309,2,1,1,1,0,True,True,False,spatial_row_and_column_match
nestle,2023,balance_sheet,b4b71d8027210bcc31361bee01b94c6e6af0c4d92a91c0fa356f584af497d6af,8-9,9,line_item,Current income tax assets,2023-12-31,1 284,1,1,1,1,0,True,True,False,spatial_row_and_column_match
nestle,2023,balance_sheet,b4b71d8027210bcc31361bee01b94c6e6af0c4d92a91c0fa356f584af497d6af,8-9,9,line_item,Current income tax assets,2022-12-31,1 285,1,1,1,1,0,True,True,False,spatial_row_and_column_match
nestle,2023,balance_sheet,b4b71d8027210bcc31361bee01b94c6e6af0c4d92a91c0fa356f584af497d6af,8-9,10,line_item,Assets held for sale,2023-12-31,32,2,1,1,1,0,True,True,False,spatial_row_and_column_match
nestle,2023,balance_sheet,b4b71d8027210bcc31361bee01b94c6e6af0c4d92a91c0fa356f584af497d6af,8-9,10,line_item,Assets held for sale,2022-12-31,97,2,1,1,1,0,True,True,False,spatial_row_and_column_match
nestle,2023,balance_sheet,b4b71d8027210bcc31361bee01b94c6e6af0c4d92a91c0fa356f584af497d6af,8-9,11,subtotal,Total current assets,2023-12-31,30 857,1,1,1,1,0,True,True,False,spatial_row_and_column_match
nestle,2023,balance_sheet,b4b71d8027210bcc31361bee01b94c6e6af0c4d92a91c0fa356f584af497d6af,8-9,11,subtotal,Total current assets,2022-12-31,35 062,1,1,1,1,0,True,True,False,spatial_row_and_column_match
nestle,2023,balance_sheet,b4b71d8027210bcc31361bee01b94c6e6af0c4d92a91c0fa356f584af497d6af,8-9,13,line_item,"Property, plant and equipment",2023-12-31,30 467,1,1,1,1,0,True,True,False,spatial_row_and_column_match
nestle,2023,balance_sheet,b4b71d8027210bcc31361bee01b94c6e6af0c4d92a91c0fa356f584af497d6af,8-9,13,line_item,"Property, plant and equipment",2022-12-31,30 141,1,1,1,1,0,True,True,False,spatial_row_and_column_match
nestle,2023,balance_sheet,b4b71d8027210bcc31361bee01b94c6e6af0c4d92a91c0fa356f584af497d6af,8-9,14,line_item,Goodwill,2023-12-31,28 693,1,1,1,1,0,True,True,False,spatial_row_and_column_match
nestle,2023,balance_sheet,b4b71d8027210bcc31361bee01b94c6e6af0c4d92a91c0fa356f584af497d6af,8-9,14,line_item,Goodwill,2022-12-31,31 262,1,1,1,1,0,True,True,False,spatial_row_and_column_match
nestle,2023,balance_sheet,b4b71d8027210bcc31361bee01b94c6e6af0c4d92a91c0fa356f584af497d6af,8-9,15,line_item,Intangible assets,2023-12-31,18 225,1,1,1,1,0,True,True,False,spatial_row_and_column_match
nestle,2023,balance_sheet,b4b71d8027210bcc31361bee01b94c6e6af0c4d92a91c0fa356f584af497d6af,8-9,15,line_item,Intangible assets,2022-12-31,20 237,1,1,1,1,0,True,True,False,spatial_row_and_column_match
nestle,2023,balance_sheet,b4b71d8027210bcc31361bee01b94c6e6af0c4d92a91c0fa356f584af497d6af,8-9,16,line_item,Investments in associates and joint ventures,2023-12-31,13 088,1,1,1,1,0,True,True,False,spatial_row_and_column_match
nestle,2023,balance_sheet,b4b71d8027210bcc31361bee01b94c6e6af0c4d92a91c0fa356f584af497d6af,8-9,16,line_item,Investments in associates and joint ventures,2022-12-31,13 023,1,1,1,1,0,True,True,False,spatial_row_and_column_match
nestle,2023,balance_sheet,b4b71d8027210bcc31361bee01b94c6e6af0c4d92a91c0fa356f584af497d6af,8-9,17,line_item,Financial assets,2023-12-31,2 947,1,1,1,1,0,True,True,False,spatial_row_and_column_match
nestle,2023,balance_sheet,b4b71d8027210bcc31361bee01b94c6e6af0c4d92a91c0fa356f584af497d6af,8-9,17,line_item,Financial assets,2022-12-31,3 253,1,1,1,1,0,True,True,False,spatial_row_and_column_match
nestle,2023,balance_sheet,b4b71d8027210bcc31361bee01b94c6e6af0c4d92a91c0fa356f584af497d6af,8-9,18,line_item,Derivative assets,2023-12-31,130,2,1,1,1,0,True,True,False,spatial_row_and_column_match
nestle,2023,balance_sheet,b4b71d8027210bcc31361bee01b94c6e6af0c4d92a91c0fa356f584af497d6af,8-9,18,line_item,Derivative assets,2022-12-31,—,2,10,1,1,0,True,True,False,spatial_row_and_column_match
nestle,2023,balance_sheet,b4b71d8027210bcc31361bee01b94c6e6af0c4d92a91c0fa356f584af497d6af,8-9,19,line_item,Employee benefits assets and reimbursement rights,2023-12-31,962,1,1,1,1,0,True,True,False,spatial_row_and_column_match
nestle,2023,balance_sheet,b4b71d8027210bcc31361bee01b94c6e6af0c4d92a91c0fa356f584af497d6af,8-9,19,line_item,Employee benefits assets and reimbursement rights,2022-12-31,1 161,1,1,1,1,0,True,True,False,spatial_row_and_column_match
nestle,2023,balance_sheet,b4b71d8027210bcc31361bee01b94c6e6af0c4d92a91c0fa356f584af497d6af,8-9,20,line_item,Deferred tax assets,2023-12-31,1 181,1,1,1,1,0,True,True,False,spatial_row_and_column_match
nestle,2023,balance_sheet,b4b71d8027210bcc31361bee01b94c6e6af0c4d92a91c0fa356f584af497d6af,8-9,20,line_item,Deferred tax assets,2022-12-31,1 043,1,1,1,1,0,True,True,False,spatial_row_and_column_match
nestle,2023,balance_sheet,b4b71d8027210bcc31361bee01b94c6e6af0c4d92a91c0fa356f584af497d6af,8-9,21,subtotal,Total non-current assets,2023-12-31,95 693,1,1,1,1,0,True,True,False,spatial_row_and_column_match
nestle,2023,balance_sheet,b4b71d8027210bcc31361bee01b94c6e6af0c4d92a91c0fa356f584af497d6af,8-9,21,subtotal,Total non-current assets,2022-12-31,100 120,1,1,1,1,0,True,True,False,spatial_row_and_column_match
nestle,2023,balance_sheet,b4b71d8027210bcc31361bee01b94c6e6af0c4d92a91c0fa356f584af497d6af,8-9,22,total,Total assets,2023-12-31,126 550,1,2,1,1,0,True,True,False,spatial_row_and_column_match
nestle,2023,balance_sheet,b4b71d8027210bcc31361bee01b94c6e6af0c4d92a91c0fa356f584af497d6af,8-9,22,total,Total assets,2022-12-31,135 182,1,2,1,1,0,True,True,False,spatial_row_and_column_match
nestle,2023,balance_sheet,b4b71d8027210bcc31361bee01b94c6e6af0c4d92a91c0fa356f584af497d6af,8-9,25,line_item,Financial debt,2023-12-31,9 416,2,1,1,1,0,True,True,False,spatial_row_and_column_match
nestle,2023,balance_sheet,b4b71d8027210bcc31361bee01b94c6e6af0c4d92a91c0fa356f584af497d6af,8-9,25,line_item,Financial debt,2022-12-31,10 892,2,1,1,1,0,True,True,False,spatial_row_and_column_match
nestle,2023,balance_sheet,b4b71d8027210bcc31361bee01b94c6e6af0c4d92a91c0fa356f584af497d6af,8-9,26,line_item,Derivative liabilities,2023-12-31,317,2,1,1,1,0,True,True,False,spatial_row_and_column_match
nestle,2023,balance_sheet,b4b71d8027210bcc31361bee01b94c6e6af0c4d92a91c0fa356f584af497d6af,8-9,26,line_item,Derivative liabilities,2022-12-31,352,2,1,1,1,0,True,True,False,spatial_row_and_column_match
nestle,2023,balance_sheet,b4b71d8027210bcc31361bee01b94c6e6af0c4d92a91c0fa356f584af497d6af,8-9,27,line_item,Trade and other payables,2023-12-31,19 204,1,1,1,1,0,True,True,False,spatial_row_and_column_match
nestle,2023,balance_sheet,b4b71d8027210bcc31361bee01b94c6e6af0c4d92a91c0fa356f584af497d6af,8-9,27,line_item,Trade and other payables,2022-12-31,20 523,1,1,1,1,0,True,True,False,spatial_row_and_column_match
nestle,2023,balance_sheet,b4b71d8027210bcc31361bee01b94c6e6af0c4d92a91c0fa356f584af497d6af,8-9,28,line_item,Accruals,2023-12-31,5 112,1,1,1,1,0,True,True,False,spatial_row_and_column_match
nestle,2023,balance_sheet,b4b71d8027210bcc31361bee01b94c6e6af0c4d92a91c0fa356f584af497d6af,8-9,28,line_item,Accruals,2022-12-31,5 114,1,1,1,1,0,True,True,False,spatial_row_and_column_match
nestle,2023,balance_sheet,b4b71d8027210bcc31361bee01b94c6e6af0c4d92a91c0fa356f584af497d6af,8-9,29,line_item,Provisions,2023-12-31,675,2,1,1,1,0,True,True,False,spatial_row_and_column_match
nestle,2023,balance_sheet,b4b71d8027210bcc31361bee01b94c6e6af0c4d92a91c0fa356f584af497d6af,8-9,29,line_item,Provisions,2022-12-31,620,2,1,1,1,0,True,True,False,spatial_row_and_column_match
nestle,2023,balance_sheet,b4b71d8027210bcc31361bee01b94c6e6af0c4d92a91c0fa356f584af497d6af,8-9,30,line_item,Current income tax liabilities,2023-12-31,2 360,1,1,1,1,0,True,True,False,spatial_row_and_column_match
nestle,2023,balance_sheet,b4b71d8027210bcc31361bee01b94c6e6af0c4d92a91c0fa356f584af497d6af,8-9,30,line_item,Current income tax liabilities,2022-12-31,2 447,1,1,1,1,0,True,True,False,spatial_row_and_column_match
nestle,2023,balance_sheet,b4b71d8027210bcc31361bee01b94c6e6af0c4d92a91c0fa356f584af497d6af,8-9,31,line_item,Liabilities directly associated with assets held for sale,2023-12-31,—,1,10,1,1,0,True,True,False,spatial_row_and_column_match
nestle,2023,balance_sheet,b4b71d8027210bcc31361bee01b94c6e6af0c4d92a91c0fa356f584af497d6af,8-9,31,line_item,Liabilities directly associated with assets held for sale,2022-12-31,28,1,2,1,1,0,True,True,False,spatial_row_and_column_match
nestle,2023,balance_sheet,b4b71d8027210bcc31361bee01b94c6e6af0c4d92a91c0fa356f584af497d6af,8-9,32,subtotal,Total current liabilities,2023-12-31,37 084,1,1,1,1,0,True,True,False,spatial_row_and_column_match
nestle,2023,balance_sheet,b4b71d8027210bcc31361bee01b94c6e6af0c4d92a91c0fa356f584af497d6af,8-9,32,subtotal,Total current liabilities,2022-12-31,39 976,1,1,1,1,0,True,True,False,spatial_row_and_column_match
nestle,2023,balance_sheet,b4b71d8027210bcc31361bee01b94c6e6af0c4d92a91c0fa356f584af497d6af,8-9,34,line_item,Financial debt,2023-12-31,45 825,2,1,1,1,0,True,True,False,spatial_row_and_column_match
nestle,2023,balance_sheet,b4b71d8027210bcc31361bee01b94c6e6af0c4d92a91c0fa356f584af497d6af,8-9,34,line_item,Financial debt,2022-12-31,43 420,2,1,1,1,0,True,True,False,spatial_row_and_column_match
nestle,2023,balance_sheet,b4b71d8027210bcc31361bee01b94c6e6af0c4d92a91c0fa356f584af497d6af,8-9,35,line_item,Derivative liabilities,2023-12-31,239,2,1,1,1,0,True,True,False,spatial_row_and_column_match
nestle,2023,balance_sheet,b4b71d8027210bcc31361bee01b94c6e6af0c4d92a91c0fa356f584af497d6af,8-9,35,line_item,Derivative liabilities,2022-12-31,470,2,1,1,1,0,True,True,False,spatial_row_and_column_match
nestle,2023,balance_sheet,b4b71d8027210bcc31361bee01b94c6e6af0c4d92a91c0fa356f584af497d6af,8-9,36,line_item,Employee benefits liabilities,2023-12-31,2 718,1,1,1,1,0,True,True,False,spatial_row_and_column_match
nestle,2023,balance_sheet,b4b71d8027210bcc31361bee01b94c6e6af0c4d92a91c0fa356f584af497d6af,8-9,36,line_item,Employee benefits liabilities,2022-12-31,2 884,1,1,1,1,0,True,True,False,spatial_row_and_column_match
nestle,2023,balance_sheet,b4b71d8027210bcc31361bee01b94c6e6af0c4d92a91c0fa356f584af497d6af,8-9,37,line_item,Provisions,2023-12-31,1 303,2,1,1,1,0,True,True,False,spatial_row_and_column_match
nestle,2023,balance_sheet,b4b71d8027210bcc31361bee01b94c6e6af0c4d92a91c0fa356f584af497d6af,8-9,37,line_item,Provisions,2022-12-31,1 113,2,1,1,1,0,True,True,False,spatial_row_and_column_match
nestle,2023,balance_sheet,b4b71d8027210bcc31361bee01b94c6e6af0c4d92a91c0fa356f584af497d6af,8-9,38,line_item,Deferred tax liabilities,2023-12-31,2 886,1,1,1,1,0,True,True,False,spatial_row_and_column_match
nestle,2023,balance_sheet,b4b71d8027210bcc31361bee01b94c6e6af0c4d92a91c0fa356f584af497d6af,8-9,38,line_item,Deferred tax liabilities,2022-12-31,3 671,1,1,1,1,0,True,True,False,spatial_row_and_column_match
nestle,2023,balance_sheet,b4b71d8027210bcc31361bee01b94c6e6af0c4d92a91c0fa356f584af497d6af,8-9,39,line_item,Other payables,2023-12-31,108,2,1,1,1,0,True,True,False,spatial_row_and_column_match
nestle,2023,balance_sheet,b4b71d8027210bcc31361bee01b94c6e6af0c4d92a91c0fa356f584af497d6af,8-9,39,line_item,Other payables,2022-12-31,856,2,1,1,1,0,True,True,False,spatial_row_and_column_match
nestle,2023,balance_sheet,b4b71d8027210bcc31361bee01b94c6e6af0c4d92a91c0fa356f584af497d6af,8-9,40,subtotal,Total non-current liabilities,2023-12-31,53 079,1,1,1,1,0,True,True,False,spatial_row_and_column_match
nestle,2023,balance_sheet,b4b71d8027210bcc31361bee01b94c6e6af0c4d92a91c0fa356f584af497d6af,8-9,40,subtotal,Total non-current liabilities,2022-12-31,52 414,1,1,1,1,0,True,True,False,spatial_row_and_column_match
nestle,2023,balance_sheet,b4b71d8027210bcc31361bee01b94c6e6af0c4d92a91c0fa356f584af497d6af,8-9,41,total,Total liabilities,2023-12-31,90 163,2,1,1,1,0,True,True,False,spatial_row_and_column_match
nestle,2023,balance_sheet,b4b71d8027210bcc31361bee01b94c6e6af0c4d92a91c0fa356f584af497d6af,8-9,41,total,Total liabilities,2022-12-31,92 390,2,1,1,1,0,True,True,False,spatial_row_and_column_match
nestle,2023,balance_sheet,b4b71d8027210bcc31361bee01b94c6e6af0c4d92a91c0fa356f584af497d6af,8-9,43,line_item,Share capital,2023-12-31,267,1,1,1,1,0,True,True,False,spatial_row_and_column_match
nestle,2023,balance_sheet,b4b71d8027210bcc31361bee01b94c6e6af0c4d92a91c0fa356f584af497d6af,8-9,43,line_item,Share capital,2022-12-31,275,1,1,1,1,0,True,True,False,spatial_row_and_column_match
nestle,2023,balance_sheet,b4b71d8027210bcc31361bee01b94c6e6af0c4d92a91c0fa356f584af497d6af,8-9,44,line_item,Treasury shares,2023-12-31,(5 155),1,1,1,1,0,True,True,False,spatial_row_and_column_match
nestle,2023,balance_sheet,b4b71d8027210bcc31361bee01b94c6e6af0c4d92a91c0fa356f584af497d6af,8-9,44,line_item,Treasury shares,2022-12-31,(9 303),1,1,1,1,0,True,True,False,spatial_row_and_column_match
nestle,2023,balance_sheet,b4b71d8027210bcc31361bee01b94c6e6af0c4d92a91c0fa356f584af497d6af,8-9,45,line_item,Translation reserve,2023-12-31,(27 581),1,1,1,1,0,True,True,False,spatial_row_and_column_match
nestle,2023,balance_sheet,b4b71d8027210bcc31361bee01b94c6e6af0c4d92a91c0fa356f584af497d6af,8-9,45,line_item,Translation reserve,2022-12-31,(23 559),1,1,1,1,0,True,True,False,spatial_row_and_column_match
nestle,2023,balance_sheet,b4b71d8027210bcc31361bee01b94c6e6af0c4d92a91c0fa356f584af497d6af,8-9,46,line_item,Other reserves,2023-12-31,(50),1,1,1,1,0,True,True,False,spatial_row_and_column_match
nestle,2023,balance_sheet,b4b71d8027210bcc31361bee01b94c6e6af0c4d92a91c0fa356f584af497d6af,8-9,46,line_item,Other reserves,2022-12-31,(63),1,1,1,1,0,True,True,False,spatial_row_and_column_match
nestle,2023,balance_sheet,b4b71d8027210bcc31361bee01b94c6e6af0c4d92a91c0fa356f584af497d6af,8-9,47,line_item,Retained earnings,2023-12-31,68 261,1,1,1,1,0,True,True,False,spatial_row_and_column_match
nestle,2023,balance_sheet,b4b71d8027210bcc31361bee01b94c6e6af0c4d92a91c0fa356f584af497d6af,8-9,47,line_item,Retained earnings,2022-12-31,74 632,1,1,1,1,0,True,True,False,spatial_row_and_column_match
nestle,2023,balance_sheet,b4b71d8027210bcc31361bee01b94c6e6af0c4d92a91c0fa356f584af497d6af,8-9,48,subtotal,Total equity attributable to shareholders of the parent,2023-12-31,35 742,1,1,1,1,0,True,True,False,spatial_row_and_column_match
nestle,2023,balance_sheet,b4b71d8027210bcc31361bee01b94c6e6af0c4d92a91c0fa356f584af497d6af,8-9,48,subtotal,Total equity attributable to shareholders of the parent,2022-12-31,41 982,1,1,1,1,0,True,True,False,spatial_row_and_column_match
nestle,2023,balance_sheet,b4b71d8027210bcc31361bee01b94c6e6af0c4d92a91c0fa356f584af497d6af,8-9,49,line_item,Non-controlling interests,2023-12-31,645,1,1,1,1,0,True,True,False,spatial_row_and_column_match
nestle,2023,balance_sheet,b4b71d8027210bcc31361bee01b94c6e6af0c4d92a91c0fa356f584af497d6af,8-9,49,line_item,Non-controlling interests,2022-12-31,810,1,1,1,1,0,True,True,False,spatial_row_and_column_match
nestle,2023,balance_sheet,b4b71d8027210bcc31361bee01b94c6e6af0c4d92a91c0fa356f584af497d6af,8-9,50,total,Total equity,2023-12-31,36 387,2,1,1,1,0,True,True,False,spatial_row_and_column_match
nestle,2023,balance_sheet,b4b71d8027210bcc31361bee01b94c6e6af0c4d92a91c0fa356f584af497d6af,8-9,50,total,Total equity,2022-12-31,42 792,2,1,1,1,0,True,True,False,spatial_row_and_column_match
nestle,2023,balance_sheet,b4b71d8027210bcc31361bee01b94c6e6af0c4d92a91c0fa356f584af497d6af,8-9,51,total,Total liabilities and equity,2023-12-31,126 550,1,2,1,1,0,True,True,False,spatial_row_and_column_match
nestle,2023,balance_sheet,b4b71d8027210bcc31361bee01b94c6e6af0c4d92a91c0fa356f584af497d6af,8-9,51,total,Total liabilities and equity,2022-12-31,135 182,1,2,1,1,0,True,True,False,spatial_row_and_column_match
nestle,2023,cash_flow,b4b71d8027210bcc31361bee01b94c6e6af0c4d92a91c0fa356f584af497d6af,10,2,line_item,Operating profit,2023-12-31,14 063,1,1,1,1,0,True,True,False,spatial_row_and_column_match
nestle,2023,cash_flow,b4b71d8027210bcc31361bee01b94c6e6af0c4d92a91c0fa356f584af497d6af,10,2,line_item,Operating profit,2022-12-31,12 326,1,1,1,1,0,True,True,False,spatial_row_and_column_match
nestle,2023,cash_flow,b4b71d8027210bcc31361bee01b94c6e6af0c4d92a91c0fa356f584af497d6af,10,3,line_item,Depreciation and amortization,2023-12-31,3 458,1,1,1,1,0,True,True,False,spatial_row_and_column_match
nestle,2023,cash_flow,b4b71d8027210bcc31361bee01b94c6e6af0c4d92a91c0fa356f584af497d6af,10,3,line_item,Depreciation and amortization,2022-12-31,3 541,1,1,1,1,0,True,True,False,spatial_row_and_column_match
nestle,2023,cash_flow,b4b71d8027210bcc31361bee01b94c6e6af0c4d92a91c0fa356f584af497d6af,10,4,line_item,Impairment,2023-12-31,647,1,1,1,1,0,True,True,False,spatial_row_and_column_match
nestle,2023,cash_flow,b4b71d8027210bcc31361bee01b94c6e6af0c4d92a91c0fa356f584af497d6af,10,4,line_item,Impairment,2022-12-31,2 726,1,1,1,1,0,True,True,False,spatial_row_and_column_match
nestle,2023,cash_flow,b4b71d8027210bcc31361bee01b94c6e6af0c4d92a91c0fa356f584af497d6af,10,5,line_item,Net result on disposal of businesses,2023-12-31,221,1,1,1,1,0,True,True,False,spatial_row_and_column_match
nestle,2023,cash_flow,b4b71d8027210bcc31361bee01b94c6e6af0c4d92a91c0fa356f584af497d6af,10,5,line_item,Net result on disposal of businesses,2022-12-31,79,1,1,1,1,0,True,True,False,spatial_row_and_column_match
nestle,2023,cash_flow,b4b71d8027210bcc31361bee01b94c6e6af0c4d92a91c0fa356f584af497d6af,10,6,line_item,Other non-cash items of income and expense,2023-12-31,82,1,1,1,1,0,True,True,False,spatial_row_and_column_match
nestle,2023,cash_flow,b4b71d8027210bcc31361bee01b94c6e6af0c4d92a91c0fa356f584af497d6af,10,6,line_item,Other non-cash items of income and expense,2022-12-31,216,1,1,1,1,0,True,True,False,spatial_row_and_column_match
nestle,2023,cash_flow,b4b71d8027210bcc31361bee01b94c6e6af0c4d92a91c0fa356f584af497d6af,10,7,subtotal,Cash flow before changes in operating assets and liabilities,2023-12-31,18 471,1,1,1,1,0,True,True,False,spatial_row_and_column_match
nestle,2023,cash_flow,b4b71d8027210bcc31361bee01b94c6e6af0c4d92a91c0fa356f584af497d6af,10,7,subtotal,Cash flow before changes in operating assets and liabilities,2022-12-31,18 888,1,1,1,1,0,True,True,False,spatial_row_and_column_match
nestle,2023,cash_flow,b4b71d8027210bcc31361bee01b94c6e6af0c4d92a91c0fa356f584af497d6af,10,8,line_item,Decrease/(increase) in working capital,2023-12-31,1 134,1,1,1,1,0,True,True,False,spatial_row_and_column_match
nestle,2023,cash_flow,b4b71d8027210bcc31361bee01b94c6e6af0c4d92a91c0fa356f584af497d6af,10,8,line_item,Decrease/(increase) in working capital,2022-12-31,(3 133),1,1,1,1,0,True,True,False,spatial_row_and_column_match
nestle,2023,cash_flow,b4b71d8027210bcc31361bee01b94c6e6af0c4d92a91c0fa356f584af497d6af,10,9,line_item,Variation of other operating assets and liabilities,2023-12-31,(425),1,1,1,1,0,True,True,False,spatial_row_and_column_match
nestle,2023,cash_flow,b4b71d8027210bcc31361bee01b94c6e6af0c4d92a91c0fa356f584af497d6af,10,9,line_item,Variation of other operating assets and liabilities,2022-12-31,(514),1,1,1,1,0,True,True,False,spatial_row_and_column_match
nestle,2023,cash_flow,b4b71d8027210bcc31361bee01b94c6e6af0c4d92a91c0fa356f584af497d6af,10,10,subtotal,Cash generated from operations,2023-12-31,19 180,1,1,1,1,0,True,True,False,spatial_row_and_column_match
nestle,2023,cash_flow,b4b71d8027210bcc31361bee01b94c6e6af0c4d92a91c0fa356f584af497d6af,10,10,subtotal,Cash generated from operations,2022-12-31,15 241,1,1,1,1,0,True,True,False,spatial_row_and_column_match
nestle,2023,cash_flow,b4b71d8027210bcc31361bee01b94c6e6af0c4d92a91c0fa356f584af497d6af,10,11,line_item,Interest paid,2023-12-31,(1 330),1,1,1,1,0,True,True,False,spatial_row_and_column_match
nestle,2023,cash_flow,b4b71d8027210bcc31361bee01b94c6e6af0c4d92a91c0fa356f584af497d6af,10,11,line_item,Interest paid,2022-12-31,(953),1,1,1,1,0,True,True,False,spatial_row_and_column_match
nestle,2023,cash_flow,b4b71d8027210bcc31361bee01b94c6e6af0c4d92a91c0fa356f584af497d6af,10,12,line_item,Interest and dividends received,2023-12-31,193,1,1,1,1,0,True,True,False,spatial_row_and_column_match
nestle,2023,cash_flow,b4b71d8027210bcc31361bee01b94c6e6af0c4d92a91c0fa356f584af497d6af,10,12,line_item,Interest and dividends received,2022-12-31,118,1,1,1,1,0,True,True,False,spatial_row_and_column_match
nestle,2023,cash_flow,b4b71d8027210bcc31361bee01b94c6e6af0c4d92a91c0fa356f584af497d6af,10,13,line_item,Taxes paid,2023-12-31,(2 801),1,1,1,1,0,True,True,False,spatial_row_and_column_match
nestle,2023,cash_flow,b4b71d8027210bcc31361bee01b94c6e6af0c4d92a91c0fa356f584af497d6af,10,13,line_item,Taxes paid,2022-12-31,(3 107),1,1,1,1,0,True,True,False,spatial_row_and_column_match
nestle,2023,cash_flow,b4b71d8027210bcc31361bee01b94c6e6af0c4d92a91c0fa356f584af497d6af,10,14,line_item,Dividends and interest from associates and joint ventures,2023-12-31,699,1,1,1,1,0,True,True,False,spatial_row_and_column_match
nestle,2023,cash_flow,b4b71d8027210bcc31361bee01b94c6e6af0c4d92a91c0fa356f584af497d6af,10,14,line_item,Dividends and interest from associates and joint ventures,2022-12-31,608,1,1,1,1,0,True,True,False,spatial_row_and_column_match
nestle,2023,cash_flow,b4b71d8027210bcc31361bee01b94c6e6af0c4d92a91c0fa356f584af497d6af,10,15,subtotal,Operating cash flow,2023-12-31,15 941,1,1,1,1,0,True,True,False,spatial_row_and_column_match
nestle,2023,cash_flow,b4b71d8027210bcc31361bee01b94c6e6af0c4d92a91c0fa356f584af497d6af,10,15,subtotal,Operating cash flow,2022-12-31,11 907,1,1,1,1,0,True,True,False,spatial_row_and_column_match
nestle,2023,cash_flow,b4b71d8027210bcc31361bee01b94c6e6af0c4d92a91c0fa356f584af497d6af,10,17,line_item,Capital expenditure,2023-12-31,(5 714),1,1,1,1,0,True,True,False,spatial_row_and_column_match
nestle,2023,cash_flow,b4b71d8027210bcc31361bee01b94c6e6af0c4d92a91c0fa356f584af497d6af,10,17,line_item,Capital expenditure,2022-12-31,(5 095),1,1,1,1,0,True,True,False,spatial_row_and_column_match
nestle,2023,cash_flow,b4b71d8027210bcc31361bee01b94c6e6af0c4d92a91c0fa356f584af497d6af,10,18,line_item,Expenditure on intangible assets,2023-12-31,(489),1,1,1,1,0,True,True,False,spatial_row_and_column_match
nestle,2023,cash_flow,b4b71d8027210bcc31361bee01b94c6e6af0c4d92a91c0fa356f584af497d6af,10,18,line_item,Expenditure on intangible assets,2022-12-31,(266),1,1,1,1,0,True,True,False,spatial_row_and_column_match
nestle,2023,cash_flow,b4b71d8027210bcc31361bee01b94c6e6af0c4d92a91c0fa356f584af497d6af,10,19,line_item,"Acquisition of businesses, net of cash acquired",2023-12-31,(211),1,1,1,1,0,True,True,False,spatial_row_and_column_match
nestle,2023,cash_flow,b4b71d8027210bcc31361bee01b94c6e6af0c4d92a91c0fa356f584af497d6af,10,19,line_item,"Acquisition of businesses, net of cash acquired",2022-12-31,(1 710),1,1,1,1,0,True,True,False,spatial_row_and_column_match
nestle,2023,cash_flow,b4b71d8027210bcc31361bee01b94c6e6af0c4d92a91c0fa356f584af497d6af,10,20,line_item,"Disposal of businesses, net of cash disposed of",2023-12-31,215,1,1,1,1,0,True,True,False,spatial_row_and_column_match
nestle,2023,cash_flow,b4b71d8027210bcc31361bee01b94c6e6af0c4d92a91c0fa356f584af497d6af,10,20,line_item,"Disposal of businesses, net of cash disposed of",2022-12-31,160,1,1,1,1,0,True,True,False,spatial_row_and_column_match
nestle,2023,cash_flow,b4b71d8027210bcc31361bee01b94c6e6af0c4d92a91c0fa356f584af497d6af,10,21,line_item,Investments (net of divestments) in associates and joint ventures,2023-12-31,(582),1,1,1,1,0,True,True,False,spatial_row_and_column_match
nestle,2023,cash_flow,b4b71d8027210bcc31361bee01b94c6e6af0c4d92a91c0fa356f584af497d6af,10,21,line_item,Investments (net of divestments) in associates and joint ventures,2022-12-31,(918),1,1,1,1,0,True,True,False,spatial_row_and_column_match
nestle,2023,cash_flow,b4b71d8027210bcc31361bee01b94c6e6af0c4d92a91c0fa356f584af497d6af,10,22,line_item,Inflows/(outflows) from treasury investments,2023-12-31,(80),1,2,1,1,0,True,True,False,spatial_row_and_column_match
nestle,2023,cash_flow,b4b71d8027210bcc31361bee01b94c6e6af0c4d92a91c0fa356f584af497d6af,10,22,line_item,Inflows/(outflows) from treasury investments,2022-12-31,5 902,1,1,1,1,0,True,True,False,spatial_row_and_column_match
nestle,2023,cash_flow,b4b71d8027210bcc31361bee01b94c6e6af0c4d92a91c0fa356f584af497d6af,10,23,line_item,Other investing activities (a),2023-12-31,665,1,1,1,1,0,True,True,False,spatial_row_and_column_match
nestle,2023,cash_flow,b4b71d8027210bcc31361bee01b94c6e6af0c4d92a91c0fa356f584af497d6af,10,23,line_item,Other investing activities (a),2022-12-31,24,1,1,1,1,0,True,True,False,spatial_row_and_column_match
nestle,2023,cash_flow,b4b71d8027210bcc31361bee01b94c6e6af0c4d92a91c0fa356f584af497d6af,10,24,subtotal,Investing cash flow,2023-12-31,(6 196),1,1,1,1,0,True,True,False,spatial_row_and_column_match
nestle,2023,cash_flow,b4b71d8027210bcc31361bee01b94c6e6af0c4d92a91c0fa356f584af497d6af,10,24,subtotal,Investing cash flow,2022-12-31,(1 903),1,1,1,1,0,True,True,False,spatial_row_and_column_match
nestle,2023,cash_flow,b4b71d8027210bcc31361bee01b94c6e6af0c4d92a91c0fa356f584af497d6af,10,26,line_item,Dividend paid to shareholders of the parent,2023-12-31,(7 829),1,1,1,1,0,True,True,False,spatial_row_and_column_match
nestle,2023,cash_flow,b4b71d8027210bcc31361bee01b94c6e6af0c4d92a91c0fa356f584af497d6af,10,26,line_item,Dividend paid to shareholders of the parent,2022-12-31,(7 618),1,1,1,1,0,True,True,False,spatial_row_and_column_match
nestle,2023,cash_flow,b4b71d8027210bcc31361bee01b94c6e6af0c4d92a91c0fa356f584af497d6af,10,27,line_item,Dividends paid to non-controlling interests,2023-12-31,(323),1,1,1,1,0,True,True,False,spatial_row_and_column_match
nestle,2023,cash_flow,b4b71d8027210bcc31361bee01b94c6e6af0c4d92a91c0fa356f584af497d6af,10,27,line_item,Dividends paid to non-controlling interests,2022-12-31,(284),1,1,1,1,0,True,True,False,spatial_row_and_column_match
nestle,2023,cash_flow,b4b71d8027210bcc31361bee01b94c6e6af0c4d92a91c0fa356f584af497d6af,10,28,line_item,Acquisition of non-controlling interests,2023-12-31,(52),1,1,1,1,0,True,True,False,spatial_row_and_column_match
nestle,2023,cash_flow,b4b71d8027210bcc31361bee01b94c6e6af0c4d92a91c0fa356f584af497d6af,10,28,line_item,Acquisition of non-controlling interests,2022-12-31,(605),1,1,1,1,0,True,True,False,spatial_row_and_column_match
nestle,2023,cash_flow,b4b71d8027210bcc31361bee01b94c6e6af0c4d92a91c0fa356f584af497d6af,10,29,line_item,Purchase of treasury shares (b),2023-12-31,(5 234),1,1,1,1,0,True,True,False,spatial_row_and_column_match
nestle,2023,cash_flow,b4b71d8027210bcc31361bee01b94c6e6af0c4d92a91c0fa356f584af497d6af,10,29,line_item,Purchase of treasury shares (b),2022-12-31,(10 679),1,1,1,1,0,True,True,False,spatial_row_and_column_match
nestle,2023,cash_flow,b4b71d8027210bcc31361bee01b94c6e6af0c4d92a91c0fa356f584af497d6af,10,30,line_item,Inflows from bonds and other long-term financial debt,2023-12-31,9 806,1,1,1,1,0,True,True,False,spatial_row_and_column_match
nestle,2023,cash_flow,b4b71d8027210bcc31361bee01b94c6e6af0c4d92a91c0fa356f584af497d6af,10,30,line_item,Inflows from bonds and other long-term financial debt,2022-12-31,10 936,1,1,1,1,0,True,True,False,spatial_row_and_column_match
nestle,2023,cash_flow,b4b71d8027210bcc31361bee01b94c6e6af0c4d92a91c0fa356f584af497d6af,10,31,line_item,"Outflows from bonds, lease liabilities and other long-term financial debt",2023-12-31,(3 589),1,1,1,1,0,True,True,False,spatial_row_and_column_match
nestle,2023,cash_flow,b4b71d8027210bcc31361bee01b94c6e6af0c4d92a91c0fa356f584af497d6af,10,31,line_item,"Outflows from bonds, lease liabilities and other long-term financial debt",2022-12-31,(3 283),1,1,1,1,0,True,True,False,spatial_row_and_column_match
nestle,2023,cash_flow,b4b71d8027210bcc31361bee01b94c6e6af0c4d92a91c0fa356f584af497d6af,10,32,line_item,Inflows/(outflows) from short-term financial debt,2023-12-31,(2 537),1,1,1,1,0,True,True,False,spatial_row_and_column_match
nestle,2023,cash_flow,b4b71d8027210bcc31361bee01b94c6e6af0c4d92a91c0fa356f584af497d6af,10,32,line_item,Inflows/(outflows) from short-term financial debt,2022-12-31,148,1,1,1,1,0,True,True,False,spatial_row_and_column_match
nestle,2023,cash_flow,b4b71d8027210bcc31361bee01b94c6e6af0c4d92a91c0fa356f584af497d6af,10,33,subtotal,Financing cash flow,2023-12-31,(9 758),1,1,1,1,0,True,True,False,spatial_row_and_column_match
nestle,2023,cash_flow,b4b71d8027210bcc31361bee01b94c6e6af0c4d92a91c0fa356f584af497d6af,10,33,subtotal,Financing cash flow,2022-12-31,(11 385),1,1,1,1,0,True,True,False,spatial_row_and_column_match
nestle,2023,cash_flow,b4b71d8027210bcc31361bee01b94c6e6af0c4d92a91c0fa356f584af497d6af,10,34,line_item,Currency retranslations,2023-12-31,(682),1,1,1,1,0,True,True,False,spatial_row_and_column_match
nestle,2023,cash_flow,b4b71d8027210bcc31361bee01b94c6e6af0c4d92a91c0fa356f584af497d6af,10,34,line_item,Currency retranslations,2022-12-31,(100),1,1,1,1,0,True,True,False,spatial_row_and_column_match
nestle,2023,cash_flow,b4b71d8027210bcc31361bee01b94c6e6af0c4d92a91c0fa356f584af497d6af,10,35,subtotal,Increase/(decrease) in cash and cash equivalents,2023-12-31,(695),1,1,1,1,0,True,True,False,spatial_row_and_column_match
nestle,2023,cash_flow,b4b71d8027210bcc31361bee01b94c6e6af0c4d92a91c0fa356f584af497d6af,10,35,subtotal,Increase/(decrease) in cash and cash equivalents,2022-12-31,(1 481),1,1,1,1,0,True,True,False,spatial_row_and_column_match
nestle,2023,cash_flow,b4b71d8027210bcc31361bee01b94c6e6af0c4d92a91c0fa356f584af497d6af,10,36,line_item,Cash and cash equivalents at beginning of year (c),2023-12-31,5 511,1,2,1,1,0,True,True,False,spatial_row_and_column_match
nestle,2023,cash_flow,b4b71d8027210bcc31361bee01b94c6e6af0c4d92a91c0fa356f584af497d6af,10,36,line_item,Cash and cash equivalents at beginning of year (c),2022-12-31,6 992,1,1,1,1,0,True,True,False,spatial_row_and_column_match
nestle,2023,cash_flow,b4b71d8027210bcc31361bee01b94c6e6af0c4d92a91c0fa356f584af497d6af,10,37,total,Cash and cash equivalents at end of year,2023-12-31,4 816,1,1,1,1,0,True,True,False,spatial_row_and_column_match
nestle,2023,cash_flow,b4b71d8027210bcc31361bee01b94c6e6af0c4d92a91c0fa356f584af497d6af,10,37,total,Cash and cash equivalents at end of year,2022-12-31,5 511,1,2,1,1,0,True,True,False,spatial_row_and_column_match
nestle,2025,income_statement,8045fcce3038da3d3bef927fecfcf2091706f1a481016a282afcfa9de52778a4,6,5,line_item,Sales,2025-12-31,89 490,2,1,1,1,0,True,True,False,spatial_row_and_column_match
nestle,2025,income_statement,8045fcce3038da3d3bef927fecfcf2091706f1a481016a282afcfa9de52778a4,6,5,line_item,Sales,2024-12-31,91 354,2,1,1,1,0,True,True,False,spatial_row_and_column_match
nestle,2025,income_statement,8045fcce3038da3d3bef927fecfcf2091706f1a481016a282afcfa9de52778a4,6,6,line_item,Other revenue,2025-12-31,395,1,1,1,1,0,True,True,False,spatial_row_and_column_match
nestle,2025,income_statement,8045fcce3038da3d3bef927fecfcf2091706f1a481016a282afcfa9de52778a4,6,6,line_item,Other revenue,2024-12-31,366,1,1,1,1,0,True,True,False,spatial_row_and_column_match
nestle,2025,income_statement,8045fcce3038da3d3bef927fecfcf2091706f1a481016a282afcfa9de52778a4,6,7,line_item,Cost of goods sold,2025-12-31,(48 694),1,1,1,1,0,True,True,False,spatial_row_and_column_match
nestle,2025,income_statement,8045fcce3038da3d3bef927fecfcf2091706f1a481016a282afcfa9de52778a4,6,7,line_item,Cost of goods sold,2024-12-31,(48 670),1,1,1,1,0,True,True,False,spatial_row_and_column_match
nestle,2025,income_statement,8045fcce3038da3d3bef927fecfcf2091706f1a481016a282afcfa9de52778a4,6,8,line_item,Distribution expenses,2025-12-31,(7 306),1,1,1,1,0,True,True,False,spatial_row_and_column_match
nestle,2025,income_statement,8045fcce3038da3d3bef927fecfcf2091706f1a481016a282afcfa9de52778a4,6,8,line_item,Distribution expenses,2024-12-31,(7 567),1,1,1,1,0,True,True,False,spatial_row_and_column_match
nestle,2025,income_statement,8045fcce3038da3d3bef927fecfcf2091706f1a481016a282afcfa9de52778a4,6,9,line_item,Marketing and administration expenses,2025-12-31,(17 883),1,1,1,1,0,True,True,False,spatial_row_and_column_match
nestle,2025,income_statement,8045fcce3038da3d3bef927fecfcf2091706f1a481016a282afcfa9de52778a4,6,9,line_item,Marketing and administration expenses,2024-12-31,(18 112),1,1,1,1,0,True,True,False,spatial_row_and_column_match
nestle,2025,income_statement,8045fcce3038da3d3bef927fecfcf2091706f1a481016a282afcfa9de52778a4,6,10,line_item,Research and development costs,2025-12-31,(1 613),1,1,1,1,0,True,True,False,spatial_row_and_column_match
nestle,2025,income_statement,8045fcce3038da3d3bef927fecfcf2091706f1a481016a282afcfa9de52778a4,6,10,line_item,Research and development costs,2024-12-31,(1 667),1,1,1,1,0,True,True,False,spatial_row_and_column_match
nestle,2025,income_statement,8045fcce3038da3d3bef927fecfcf2091706f1a481016a282afcfa9de52778a4,6,11,line_item,Other trading income,2025-12-31,135,1,1,1,1,0,True,True,False,spatial_row_and_column_match
nestle,2025,income_statement,8045fcce3038da3d3bef927fecfcf2091706f1a481016a282afcfa9de52778a4,6,11,line_item,Other trading income,2024-12-31,124,1,1,1,1,0,True,True,False,spatial_row_and_column_match
nestle,2025,income_statement,8045fcce3038da3d3bef927fecfcf2091706f1a481016a282afcfa9de52778a4,6,12,line_item,Other trading expenses,2025-12-31,(1 849),1,1,1,1,0,True,True,False,spatial_row_and_column_match
nestle,2025,income_statement,8045fcce3038da3d3bef927fecfcf2091706f1a481016a282afcfa9de52778a4,6,12,line_item,Other trading expenses,2024-12-31,(1 195),1,1,1,1,0,True,True,False,spatial_row_and_column_match
nestle,2025,income_statement,8045fcce3038da3d3bef927fecfcf2091706f1a481016a282afcfa9de52778a4,6,13,subtotal,Trading operating profit,2025-12-31,12 675,2,1,1,1,0,True,True,False,spatial_row_and_column_match
nestle,2025,income_statement,8045fcce3038da3d3bef927fecfcf2091706f1a481016a282afcfa9de52778a4,6,13,subtotal,Trading operating profit,2024-12-31,14 633,2,1,1,1,0,True,True,False,spatial_row_and_column_match
nestle,2025,income_statement,8045fcce3038da3d3bef927fecfcf2091706f1a481016a282afcfa9de52778a4,6,14,line_item,Other operating income,2025-12-31,253,1,1,1,1,0,True,True,False,spatial_row_and_column_match
nestle,2025,income_statement,8045fcce3038da3d3bef927fecfcf2091706f1a481016a282afcfa9de52778a4,6,14,line_item,Other operating income,2024-12-31,474,1,1,1,1,0,True,True,False,spatial_row_and_column_match
nestle,2025,income_statement,8045fcce3038da3d3bef927fecfcf2091706f1a481016a282afcfa9de52778a4,6,15,line_item,Other operating expenses,2025-12-31,(651),1,1,1,1,0,True,True,False,spatial_row_and_column_match
nestle,2025,income_statement,8045fcce3038da3d3bef927fecfcf2091706f1a481016a282afcfa9de52778a4,6,15,line_item,Other operating expenses,2024-12-31,(383),1,1,1,1,0,True,True,False,spatial_row_and_column_match
nestle,2025,income_statement,8045fcce3038da3d3bef927fecfcf2091706f1a481016a282afcfa9de52778a4,6,16,subtotal,Operating profit,2025-12-31,12 277,3,1,1,1,0,True,True,False,spatial_row_and_column_match
nestle,2025,income_statement,8045fcce3038da3d3bef927fecfcf2091706f1a481016a282afcfa9de52778a4,6,16,subtotal,Operating profit,2024-12-31,14 724,3,1,1,1,0,True,True,False,spatial_row_and_column_match
nestle,2025,income_statement,8045fcce3038da3d3bef927fecfcf2091706f1a481016a282afcfa9de52778a4,6,17,line_item,Financial income,2025-12-31,300,1,1,1,1,0,True,True,False,spatial_row_and_column_match
nestle,2025,income_statement,8045fcce3038da3d3bef927fecfcf2091706f1a481016a282afcfa9de52778a4,6,17,line_item,Financial income,2024-12-31,358,1,1,1,1,0,True,True,False,spatial_row_and_column_match
nestle,2025,income_statement,8045fcce3038da3d3bef927fecfcf2091706f1a481016a282afcfa9de52778a4,6,18,line_item,Financial expense,2025-12-31,(1 826),1,1,1,1,0,True,True,False,spatial_row_and_column_match
nestle,2025,income_statement,8045fcce3038da3d3bef927fecfcf2091706f1a481016a282afcfa9de52778a4,6,18,line_item,Financial expense,2024-12-31,(1 843),1,1,1,1,0,True,True,False,spatial_row_and_column_match
nestle,2025,income_statement,8045fcce3038da3d3bef927fecfcf2091706f1a481016a282afcfa9de52778a4,6,19,subtotal,"Profit before taxes, associates and joint ventures",2025-12-31,10 751,1,1,1,1,0,True,True,False,spatial_row_and_column_match
nestle,2025,income_statement,8045fcce3038da3d3bef927fecfcf2091706f1a481016a282afcfa9de52778a4,6,19,subtotal,"Profit before taxes, associates and joint ventures",2024-12-31,13 239,1,1,1,1,0,True,True,False,spatial_row_and_column_match
nestle,2025,income_statement,8045fcce3038da3d3bef927fecfcf2091706f1a481016a282afcfa9de52778a4,6,20,line_item,Taxes,2025-12-31,(2 640),2,1,1,1,0,True,True,False,spatial_row_and_column_match
nestle,2025,income_statement,8045fcce3038da3d3bef927fecfcf2091706f1a481016a282afcfa9de52778a4,6,20,line_item,Taxes,2024-12-31,(3 314),2,1,1,1,0,True,True,False,spatial_row_and_column_match
nestle,2025,income_statement,8045fcce3038da3d3bef927fecfcf2091706f1a481016a282afcfa9de52778a4,6,21,line_item,Income from associates and joint ventures,2025-12-31,1 143,1,1,1,1,0,True,True,False,spatial_row_and_column_match
nestle,2025,income_statement,8045fcce3038da3d3bef927fecfcf2091706f1a481016a282afcfa9de52778a4,6,21,line_item,Income from associates and joint ventures,2024-12-31,1 249,1,1,1,1,0,True,True,False,spatial_row_and_column_match
nestle,2025,income_statement,8045fcce3038da3d3bef927fecfcf2091706f1a481016a282afcfa9de52778a4,6,22,total,Profit for the year,2025-12-31,9 254,2,1,1,1,0,True,True,False,spatial_row_and_column_match
nestle,2025,income_statement,8045fcce3038da3d3bef927fecfcf2091706f1a481016a282afcfa9de52778a4,6,22,total,Profit for the year,2024-12-31,11 174,2,1,1,1,0,True,True,False,spatial_row_and_column_match
nestle,2025,income_statement,8045fcce3038da3d3bef927fecfcf2091706f1a481016a282afcfa9de52778a4,6,23,line_item,   of which attributable to non-controlling interests,2025-12-31,221,1,1,1,1,0,True,True,False,spatial_row_and_column_match
nestle,2025,income_statement,8045fcce3038da3d3bef927fecfcf2091706f1a481016a282afcfa9de52778a4,6,23,line_item,   of which attributable to non-controlling interests,2024-12-31,290,1,1,1,1,0,True,True,False,spatial_row_and_column_match
nestle,2025,income_statement,8045fcce3038da3d3bef927fecfcf2091706f1a481016a282afcfa9de52778a4,6,24,line_item,   of which attributable to shareholders of the parent (Net profit),2025-12-31,9 033,1,1,1,1,0,True,True,False,spatial_row_and_column_match
nestle,2025,income_statement,8045fcce3038da3d3bef927fecfcf2091706f1a481016a282afcfa9de52778a4,6,24,line_item,   of which attributable to shareholders of the parent (Net profit),2024-12-31,10 884,1,1,1,1,0,True,True,False,spatial_row_and_column_match
nestle,2025,income_statement,8045fcce3038da3d3bef927fecfcf2091706f1a481016a282afcfa9de52778a4,6,26,line_item,Trading operating profit,2025-12-31,14.2%,2,1,1,1,0,True,True,False,spatial_row_and_column_match
nestle,2025,income_statement,8045fcce3038da3d3bef927fecfcf2091706f1a481016a282afcfa9de52778a4,6,26,line_item,Trading operating profit,2024-12-31,16.0%,2,1,1,1,0,True,True,False,spatial_row_and_column_match
nestle,2025,income_statement,8045fcce3038da3d3bef927fecfcf2091706f1a481016a282afcfa9de52778a4,6,27,line_item,Profit for the year attributable to shareholders of the parent (Net profit),2025-12-31,10.1%,1,1,1,1,0,True,True,False,spatial_row_and_column_match
nestle,2025,income_statement,8045fcce3038da3d3bef927fecfcf2091706f1a481016a282afcfa9de52778a4,6,27,line_item,Profit for the year attributable to shareholders of the parent (Net profit),2024-12-31,11.9%,1,1,1,1,0,True,True,False,spatial_row_and_column_match
nestle,2025,income_statement,8045fcce3038da3d3bef927fecfcf2091706f1a481016a282afcfa9de52778a4,6,29,line_item,Basic earnings per share,2025-12-31,3.51,1,2,1,1,0,True,True,False,spatial_row_and_column_match
nestle,2025,income_statement,8045fcce3038da3d3bef927fecfcf2091706f1a481016a282afcfa9de52778a4,6,29,line_item,Basic earnings per share,2024-12-31,4.19,1,2,1,1,0,True,True,False,spatial_row_and_column_match
nestle,2025,income_statement,8045fcce3038da3d3bef927fecfcf2091706f1a481016a282afcfa9de52778a4,6,30,line_item,Diluted earnings per share,2025-12-31,3.51,1,2,1,1,0,True,True,False,spatial_row_and_column_match
nestle,2025,income_statement,8045fcce3038da3d3bef927fecfcf2091706f1a481016a282afcfa9de52778a4,6,30,line_item,Diluted earnings per share,2024-12-31,4.19,1,2,1,1,0,True,True,False,spatial_row_and_column_match
nestle,2025,balance_sheet,8045fcce3038da3d3bef927fecfcf2091706f1a481016a282afcfa9de52778a4,8-9,3,line_item,Cash and cash equivalents,2025-12-31,4 579,1,1,1,1,0,True,True,False,spatial_row_and_column_match
nestle,2025,balance_sheet,8045fcce3038da3d3bef927fecfcf2091706f1a481016a282afcfa9de52778a4,8-9,3,line_item,Cash and cash equivalents,2024-12-31,5 556,1,1,1,1,0,True,True,False,spatial_row_and_column_match
nestle,2025,balance_sheet,8045fcce3038da3d3bef927fecfcf2091706f1a481016a282afcfa9de52778a4,8-9,4,line_item,Short-term investments,2025-12-31,1 651,1,1,1,1,0,True,True,False,spatial_row_and_column_match
nestle,2025,balance_sheet,8045fcce3038da3d3bef927fecfcf2091706f1a481016a282afcfa9de52778a4,8-9,4,line_item,Short-term investments,2024-12-31,2 315,1,1,1,1,0,True,True,False,spatial_row_and_column_match
nestle,2025,balance_sheet,8045fcce3038da3d3bef927fecfcf2091706f1a481016a282afcfa9de52778a4,8-9,5,line_item,Inventories,2025-12-31,12 813,1,1,1,1,0,True,True,False,spatial_row_and_column_match
nestle,2025,balance_sheet,8045fcce3038da3d3bef927fecfcf2091706f1a481016a282afcfa9de52778a4,8-9,5,line_item,Inventories,2024-12-31,13 260,1,1,1,1,0,True,True,False,spatial_row_and_column_match
nestle,2025,balance_sheet,8045fcce3038da3d3bef927fecfcf2091706f1a481016a282afcfa9de52778a4,8-9,6,line_item,Trade and other receivables,2025-12-31,10 561,1,1,1,1,0,True,True,False,spatial_row_and_column_match
nestle,2025,balance_sheet,8045fcce3038da3d3bef927fecfcf2091706f1a481016a282afcfa9de52778a4,8-9,6,line_item,Trade and other receivables,2024-12-31,11 251,1,1,1,1,0,True,True,False,spatial_row_and_column_match
nestle,2025,balance_sheet,8045fcce3038da3d3bef927fecfcf2091706f1a481016a282afcfa9de52778a4,8-9,7,line_item,Prepayments,2025-12-31,479,1,1,1,1,0,True,True,False,spatial_row_and_column_match
nestle,2025,balance_sheet,8045fcce3038da3d3bef927fecfcf2091706f1a481016a282afcfa9de52778a4,8-9,7,line_item,Prepayments,2024-12-31,543,1,1,1,1,0,True,True,False,spatial_row_and_column_match
nestle,2025,balance_sheet,8045fcce3038da3d3bef927fecfcf2091706f1a481016a282afcfa9de52778a4,8-9,8,line_item,Derivative assets,2025-12-31,295,2,1,1,1,0,True,True,False,spatial_row_and_column_match
nestle,2025,balance_sheet,8045fcce3038da3d3bef927fecfcf2091706f1a481016a282afcfa9de52778a4,8-9,8,line_item,Derivative assets,2024-12-31,792,2,1,1,1,0,True,True,False,spatial_row_and_column_match
nestle,2025,balance_sheet,8045fcce3038da3d3bef927fecfcf2091706f1a481016a282afcfa9de52778a4,8-9,9,line_item,Current income tax assets,2025-12-31,1 383,1,1,1,1,0,True,True,False,spatial_row_and_column_match
nestle,2025,balance_sheet,8045fcce3038da3d3bef927fecfcf2091706f1a481016a282afcfa9de52778a4,8-9,9,line_item,Current income tax assets,2024-12-31,1 334,1,1,1,1,0,True,True,False,spatial_row_and_column_match
nestle,2025,balance_sheet,8045fcce3038da3d3bef927fecfcf2091706f1a481016a282afcfa9de52778a4,8-9,10,line_item,Assets held for sale,2025-12-31,208,2,1,1,1,0,True,True,False,spatial_row_and_column_match
nestle,2025,balance_sheet,8045fcce3038da3d3bef927fecfcf2091706f1a481016a282afcfa9de52778a4,8-9,10,line_item,Assets held for sale,2024-12-31,137,2,1,1,1,0,True,True,False,spatial_row_and_column_match
nestle,2025,balance_sheet,8045fcce3038da3d3bef927fecfcf2091706f1a481016a282afcfa9de52778a4,8-9,11,subtotal,Total current assets,2025-12-31,31 969,1,1,1,1,0,True,True,False,spatial_row_and_column_match
nestle,2025,balance_sheet,8045fcce3038da3d3bef927fecfcf2091706f1a481016a282afcfa9de52778a4,8-9,11,subtotal,Total current assets,2024-12-31,35 188,1,1,1,1,0,True,True,False,spatial_row_and_column_match
nestle,2025,balance_sheet,8045fcce3038da3d3bef927fecfcf2091706f1a481016a282afcfa9de52778a4,8-9,13,line_item,"Property, plant and equipment",2025-12-31,32 549,1,1,1,1,0,True,True,False,spatial_row_and_column_match
nestle,2025,balance_sheet,8045fcce3038da3d3bef927fecfcf2091706f1a481016a282afcfa9de52778a4,8-9,13,line_item,"Property, plant and equipment",2024-12-31,33 706,1,1,1,1,0,True,True,False,spatial_row_and_column_match
nestle,2025,balance_sheet,8045fcce3038da3d3bef927fecfcf2091706f1a481016a282afcfa9de52778a4,8-9,14,line_item,Goodwill,2025-12-31,27 636,1,1,1,1,0,True,True,False,spatial_row_and_column_match
nestle,2025,balance_sheet,8045fcce3038da3d3bef927fecfcf2091706f1a481016a282afcfa9de52778a4,8-9,14,line_item,Goodwill,2024-12-31,30 595,1,1,1,1,0,True,True,False,spatial_row_and_column_match
nestle,2025,balance_sheet,8045fcce3038da3d3bef927fecfcf2091706f1a481016a282afcfa9de52778a4,8-9,15,line_item,Intangible assets,2025-12-31,16 673,1,1,1,1,0,True,True,False,spatial_row_and_column_match
nestle,2025,balance_sheet,8045fcce3038da3d3bef927fecfcf2091706f1a481016a282afcfa9de52778a4,8-9,15,line_item,Intangible assets,2024-12-31,19 245,1,1,1,1,0,True,True,False,spatial_row_and_column_match
nestle,2025,balance_sheet,8045fcce3038da3d3bef927fecfcf2091706f1a481016a282afcfa9de52778a4,8-9,16,line_item,Investments in associates and joint ventures,2025-12-31,12 096,1,1,1,1,0,True,True,False,spatial_row_and_column_match
nestle,2025,balance_sheet,8045fcce3038da3d3bef927fecfcf2091706f1a481016a282afcfa9de52778a4,8-9,16,line_item,Investments in associates and joint ventures,2024-12-31,14 326,1,1,1,1,0,True,True,False,spatial_row_and_column_match
nestle,2025,balance_sheet,8045fcce3038da3d3bef927fecfcf2091706f1a481016a282afcfa9de52778a4,8-9,17,line_item,Financial assets,2025-12-31,3 641,1,1,1,1,0,True,True,False,spatial_row_and_column_match
nestle,2025,balance_sheet,8045fcce3038da3d3bef927fecfcf2091706f1a481016a282afcfa9de52778a4,8-9,17,line_item,Financial assets,2024-12-31,3 650,1,1,1,1,0,True,True,False,spatial_row_and_column_match
nestle,2025,balance_sheet,8045fcce3038da3d3bef927fecfcf2091706f1a481016a282afcfa9de52778a4,8-9,18,line_item,Derivative assets,2025-12-31,229,2,1,1,1,0,True,True,False,spatial_row_and_column_match
nestle,2025,balance_sheet,8045fcce3038da3d3bef927fecfcf2091706f1a481016a282afcfa9de52778a4,8-9,18,line_item,Derivative assets,2024-12-31,84,2,1,1,1,0,True,True,False,spatial_row_and_column_match
nestle,2025,balance_sheet,8045fcce3038da3d3bef927fecfcf2091706f1a481016a282afcfa9de52778a4,8-9,19,line_item,Employee benefits assets and reimbursement rights,2025-12-31,1 412,1,1,1,1,0,True,True,False,spatial_row_and_column_match
nestle,2025,balance_sheet,8045fcce3038da3d3bef927fecfcf2091706f1a481016a282afcfa9de52778a4,8-9,19,line_item,Employee benefits assets and reimbursement rights,2024-12-31,1 475,1,1,1,1,0,True,True,False,spatial_row_and_column_match
nestle,2025,balance_sheet,8045fcce3038da3d3bef927fecfcf2091706f1a481016a282afcfa9de52778a4,8-9,20,line_item,Deferred tax assets,2025-12-31,946,1,1,1,1,0,True,True,False,spatial_row_and_column_match
nestle,2025,balance_sheet,8045fcce3038da3d3bef927fecfcf2091706f1a481016a282afcfa9de52778a4,8-9,20,line_item,Deferred tax assets,2024-12-31,995,1,1,1,1,0,True,True,False,spatial_row_and_column_match
nestle,2025,balance_sheet,8045fcce3038da3d3bef927fecfcf2091706f1a481016a282afcfa9de52778a4,8-9,21,subtotal,Total non-current assets,2025-12-31,95 182,1,1,1,1,0,True,True,False,spatial_row_and_column_match
nestle,2025,balance_sheet,8045fcce3038da3d3bef927fecfcf2091706f1a481016a282afcfa9de52778a4,8-9,21,subtotal,Total non-current assets,2024-12-31,104 076,1,1,1,1,0,True,True,False,spatial_row_and_column_match
nestle,2025,balance_sheet,8045fcce3038da3d3bef927fecfcf2091706f1a481016a282afcfa9de52778a4,8-9,22,total,Total assets,2025-12-31,127 151,1,2,1,1,0,True,True,False,spatial_row_and_column_match
nestle,2025,balance_sheet,8045fcce3038da3d3bef927fecfcf2091706f1a481016a282afcfa9de52778a4,8-9,22,total,Total assets,2024-12-31,139 264,1,2,1,1,0,True,True,False,spatial_row_and_column_match
nestle,2025,balance_sheet,8045fcce3038da3d3bef927fecfcf2091706f1a481016a282afcfa9de52778a4,8-9,25,line_item,Financial debt,2025-12-31,11 606,2,1,1,1,0,True,True,False,spatial_row_and_column_match
nestle,2025,balance_sheet,8045fcce3038da3d3bef927fecfcf2091706f1a481016a282afcfa9de52778a4,8-9,25,line_item,Financial debt,2024-12-31,11 863,2,1,1,1,0,True,True,False,spatial_row_and_column_match
nestle,2025,balance_sheet,8045fcce3038da3d3bef927fecfcf2091706f1a481016a282afcfa9de52778a4,8-9,26,line_item,Derivative liabilities,2025-12-31,202,2,1,1,1,0,True,True,False,spatial_row_and_column_match
nestle,2025,balance_sheet,8045fcce3038da3d3bef927fecfcf2091706f1a481016a282afcfa9de52778a4,8-9,26,line_item,Derivative liabilities,2024-12-31,408,2,1,1,1,0,True,True,False,spatial_row_and_column_match
nestle,2025,balance_sheet,8045fcce3038da3d3bef927fecfcf2091706f1a481016a282afcfa9de52778a4,8-9,27,line_item,Trade and other payables,2025-12-31,20 023,1,1,1,1,0,True,True,False,spatial_row_and_column_match
nestle,2025,balance_sheet,8045fcce3038da3d3bef927fecfcf2091706f1a481016a282afcfa9de52778a4,8-9,27,line_item,Trade and other payables,2024-12-31,21 807,1,1,1,1,0,True,True,False,spatial_row_and_column_match
nestle,2025,balance_sheet,8045fcce3038da3d3bef927fecfcf2091706f1a481016a282afcfa9de52778a4,8-9,28,line_item,Accruals,2025-12-31,5 575,1,1,1,1,0,True,True,False,spatial_row_and_column_match
nestle,2025,balance_sheet,8045fcce3038da3d3bef927fecfcf2091706f1a481016a282afcfa9de52778a4,8-9,28,line_item,Accruals,2024-12-31,5 466,1,1,1,1,0,True,True,False,spatial_row_and_column_match
nestle,2025,balance_sheet,8045fcce3038da3d3bef927fecfcf2091706f1a481016a282afcfa9de52778a4,8-9,29,line_item,Provisions,2025-12-31,850,2,1,1,1,0,True,True,False,spatial_row_and_column_match
nestle,2025,balance_sheet,8045fcce3038da3d3bef927fecfcf2091706f1a481016a282afcfa9de52778a4,8-9,29,line_item,Provisions,2024-12-31,865,2,1,1,1,0,True,True,False,spatial_row_and_column_match
nestle,2025,balance_sheet,8045fcce3038da3d3bef927fecfcf2091706f1a481016a282afcfa9de52778a4,8-9,30,line_item,Current income tax liabilities,2025-12-31,2 338,1,1,1,1,0,True,True,False,spatial_row_and_column_match
nestle,2025,balance_sheet,8045fcce3038da3d3bef927fecfcf2091706f1a481016a282afcfa9de52778a4,8-9,30,line_item,Current income tax liabilities,2024-12-31,2 435,1,1,1,1,0,True,True,False,spatial_row_and_column_match
nestle,2025,balance_sheet,8045fcce3038da3d3bef927fecfcf2091706f1a481016a282afcfa9de52778a4,8-9,31,line_item,Liabilities directly associated with assets held for sale,2025-12-31,100,1,1,1,1,0,True,True,False,spatial_row_and_column_match
nestle,2025,balance_sheet,8045fcce3038da3d3bef927fecfcf2091706f1a481016a282afcfa9de52778a4,8-9,31,line_item,Liabilities directly associated with assets held for sale,2024-12-31,19,1,2,1,1,0,True,True,False,spatial_row_and_column_match
nestle,2025,balance_sheet,8045fcce3038da3d3bef927fecfcf2091706f1a481016a282afcfa9de52778a4,8-9,32,subtotal,Total current liabilities,2025-12-31,40 694,1,1,1,1,0,True,True,False,spatial_row_and_column_match
nestle,2025,balance_sheet,8045fcce3038da3d3bef927fecfcf2091706f1a481016a282afcfa9de52778a4,8-9,32,subtotal,Total current liabilities,2024-12-31,42 863,1,1,1,1,0,True,True,False,spatial_row_and_column_match
nestle,2025,balance_sheet,8045fcce3038da3d3bef927fecfcf2091706f1a481016a282afcfa9de52778a4,8-9,34,line_item,Financial debt,2025-12-31,46 246,2,1,1,1,0,True,True,False,spatial_row_and_column_match
nestle,2025,balance_sheet,8045fcce3038da3d3bef927fecfcf2091706f1a481016a282afcfa9de52778a4,8-9,34,line_item,Financial debt,2024-12-31,51 697,2,1,1,1,0,True,True,False,spatial_row_and_column_match
nestle,2025,balance_sheet,8045fcce3038da3d3bef927fecfcf2091706f1a481016a282afcfa9de52778a4,8-9,35,line_item,Derivative liabilities,2025-12-31,144,2,1,1,1,0,True,True,False,spatial_row_and_column_match
nestle,2025,balance_sheet,8045fcce3038da3d3bef927fecfcf2091706f1a481016a282afcfa9de52778a4,8-9,35,line_item,Derivative liabilities,2024-12-31,307,2,1,1,1,0,True,True,False,spatial_row_and_column_match
nestle,2025,balance_sheet,8045fcce3038da3d3bef927fecfcf2091706f1a481016a282afcfa9de52778a4,8-9,36,line_item,Employee benefits liabilities,2025-12-31,2 299,1,1,1,1,0,True,True,False,spatial_row_and_column_match
nestle,2025,balance_sheet,8045fcce3038da3d3bef927fecfcf2091706f1a481016a282afcfa9de52778a4,8-9,36,line_item,Employee benefits liabilities,2024-12-31,2 629,1,1,1,1,0,True,True,False,spatial_row_and_column_match
nestle,2025,balance_sheet,8045fcce3038da3d3bef927fecfcf2091706f1a481016a282afcfa9de52778a4,8-9,37,line_item,Provisions,2025-12-31,980,2,1,1,1,0,True,True,False,spatial_row_and_column_match
nestle,2025,balance_sheet,8045fcce3038da3d3bef927fecfcf2091706f1a481016a282afcfa9de52778a4,8-9,37,line_item,Provisions,2024-12-31,1 086,2,1,1,1,0,True,True,False,spatial_row_and_column_match
nestle,2025,balance_sheet,8045fcce3038da3d3bef927fecfcf2091706f1a481016a282afcfa9de52778a4,8-9,38,line_item,Deferred tax liabilities,2025-12-31,3 554,1,1,1,1,0,True,True,False,spatial_row_and_column_match
nestle,2025,balance_sheet,8045fcce3038da3d3bef927fecfcf2091706f1a481016a282afcfa9de52778a4,8-9,38,line_item,Deferred tax liabilities,2024-12-31,3 767,1,1,1,1,0,True,True,False,spatial_row_and_column_match
nestle,2025,balance_sheet,8045fcce3038da3d3bef927fecfcf2091706f1a481016a282afcfa9de52778a4,8-9,39,line_item,Other payables,2025-12-31,176,2,1,1,1,0,True,True,False,spatial_row_and_column_match
nestle,2025,balance_sheet,8045fcce3038da3d3bef927fecfcf2091706f1a481016a282afcfa9de52778a4,8-9,39,line_item,Other payables,2024-12-31,222,2,1,1,1,0,True,True,False,spatial_row_and_column_match
nestle,2025,balance_sheet,8045fcce3038da3d3bef927fecfcf2091706f1a481016a282afcfa9de52778a4,8-9,40,subtotal,Total non-current liabilities,2025-12-31,53 399,1,1,1,1,0,True,True,False,spatial_row_and_column_match
nestle,2025,balance_sheet,8045fcce3038da3d3bef927fecfcf2091706f1a481016a282afcfa9de52778a4,8-9,40,subtotal,Total non-current liabilities,2024-12-31,59 708,1,1,1,1,0,True,True,False,spatial_row_and_column_match
nestle,2025,balance_sheet,8045fcce3038da3d3bef927fecfcf2091706f1a481016a282afcfa9de52778a4,8-9,41,total,Total liabilities,2025-12-31,94 093,2,1,1,1,0,True,True,False,spatial_row_and_column_match
nestle,2025,balance_sheet,8045fcce3038da3d3bef927fecfcf2091706f1a481016a282afcfa9de52778a4,8-9,41,total,Total liabilities,2024-12-31,102 571,2,1,1,1,0,True,True,False,spatial_row_and_column_match
nestle,2025,balance_sheet,8045fcce3038da3d3bef927fecfcf2091706f1a481016a282afcfa9de52778a4,8-9,43,line_item,Share capital,2025-12-31,258,1,1,1,1,0,True,True,False,spatial_row_and_column_match
nestle,2025,balance_sheet,8045fcce3038da3d3bef927fecfcf2091706f1a481016a282afcfa9de52778a4,8-9,43,line_item,Share capital,2024-12-31,262,1,1,1,1,0,True,True,False,spatial_row_and_column_match
nestle,2025,balance_sheet,8045fcce3038da3d3bef927fecfcf2091706f1a481016a282afcfa9de52778a4,8-9,44,line_item,Treasury shares,2025-12-31,(388),1,1,1,1,0,True,True,False,spatial_row_and_column_match
nestle,2025,balance_sheet,8045fcce3038da3d3bef927fecfcf2091706f1a481016a282afcfa9de52778a4,8-9,44,line_item,Treasury shares,2024-12-31,(4 283),1,1,1,1,0,True,True,False,spatial_row_and_column_match
nestle,2025,balance_sheet,8045fcce3038da3d3bef927fecfcf2091706f1a481016a282afcfa9de52778a4,8-9,45,line_item,Translation reserve,2025-12-31,(29 944),1,1,1,1,0,True,True,False,spatial_row_and_column_match
nestle,2025,balance_sheet,8045fcce3038da3d3bef927fecfcf2091706f1a481016a282afcfa9de52778a4,8-9,45,line_item,Translation reserve,2024-12-31,(26 788),1,1,1,1,0,True,True,False,spatial_row_and_column_match
nestle,2025,balance_sheet,8045fcce3038da3d3bef927fecfcf2091706f1a481016a282afcfa9de52778a4,8-9,46,line_item,Other reserves,2025-12-31,(667),1,1,1,1,0,True,True,False,spatial_row_and_column_match
nestle,2025,balance_sheet,8045fcce3038da3d3bef927fecfcf2091706f1a481016a282afcfa9de52778a4,8-9,46,line_item,Other reserves,2024-12-31,363,1,2,1,1,0,True,True,False,spatial_row_and_column_match
nestle,2025,balance_sheet,8045fcce3038da3d3bef927fecfcf2091706f1a481016a282afcfa9de52778a4,8-9,47,line_item,Retained earnings,2025-12-31,63 551,1,1,1,1,0,True,True,False,spatial_row_and_column_match
nestle,2025,balance_sheet,8045fcce3038da3d3bef927fecfcf2091706f1a481016a282afcfa9de52778a4,8-9,47,line_item,Retained earnings,2024-12-31,66 363,1,1,1,1,0,True,True,False,spatial_row_and_column_match
nestle,2025,balance_sheet,8045fcce3038da3d3bef927fecfcf2091706f1a481016a282afcfa9de52778a4,8-9,48,subtotal,Total equity attributable to shareholders of the parent,2025-12-31,32 810,1,1,1,1,0,True,True,False,spatial_row_and_column_match
nestle,2025,balance_sheet,8045fcce3038da3d3bef927fecfcf2091706f1a481016a282afcfa9de52778a4,8-9,48,subtotal,Total equity attributable to shareholders of the parent,2024-12-31,35 917,1,1,1,1,0,True,True,False,spatial_row_and_column_match
nestle,2025,balance_sheet,8045fcce3038da3d3bef927fecfcf2091706f1a481016a282afcfa9de52778a4,8-9,49,line_item,Non-controlling interests,2025-12-31,248,1,1,1,1,0,True,True,False,spatial_row_and_column_match
nestle,2025,balance_sheet,8045fcce3038da3d3bef927fecfcf2091706f1a481016a282afcfa9de52778a4,8-9,49,line_item,Non-controlling interests,2024-12-31,776,1,1,1,1,0,True,True,False,spatial_row_and_column_match
nestle,2025,balance_sheet,8045fcce3038da3d3bef927fecfcf2091706f1a481016a282afcfa9de52778a4,8-9,50,total,Total equity,2025-12-31,33 058,2,1,1,1,0,True,True,False,spatial_row_and_column_match
nestle,2025,balance_sheet,8045fcce3038da3d3bef927fecfcf2091706f1a481016a282afcfa9de52778a4,8-9,50,total,Total equity,2024-12-31,36 693,2,1,1,1,0,True,True,False,spatial_row_and_column_match
nestle,2025,balance_sheet,8045fcce3038da3d3bef927fecfcf2091706f1a481016a282afcfa9de52778a4,8-9,51,total,Total liabilities and equity,2025-12-31,127 151,1,2,1,1,0,True,True,False,spatial_row_and_column_match
nestle,2025,balance_sheet,8045fcce3038da3d3bef927fecfcf2091706f1a481016a282afcfa9de52778a4,8-9,51,total,Total liabilities and equity,2024-12-31,139 264,1,2,1,1,0,True,True,False,spatial_row_and_column_match
nestle,2025,cash_flow,8045fcce3038da3d3bef927fecfcf2091706f1a481016a282afcfa9de52778a4,10,2,line_item,Operating profit,2025-12-31,12 277,1,1,1,1,0,True,True,False,spatial_row_and_column_match
nestle,2025,cash_flow,8045fcce3038da3d3bef927fecfcf2091706f1a481016a282afcfa9de52778a4,10,2,line_item,Operating profit,2024-12-31,14 724,1,1,1,1,0,True,True,False,spatial_row_and_column_match
nestle,2025,cash_flow,8045fcce3038da3d3bef927fecfcf2091706f1a481016a282afcfa9de52778a4,10,3,line_item,Depreciation and amortization,2025-12-31,3 633,1,1,1,1,0,True,True,False,spatial_row_and_column_match
nestle,2025,cash_flow,8045fcce3038da3d3bef927fecfcf2091706f1a481016a282afcfa9de52778a4,10,3,line_item,Depreciation and amortization,2024-12-31,3 582,1,1,1,1,0,True,True,False,spatial_row_and_column_match
nestle,2025,cash_flow,8045fcce3038da3d3bef927fecfcf2091706f1a481016a282afcfa9de52778a4,10,4,line_item,Impairment,2025-12-31,923,1,1,1,1,0,True,True,False,spatial_row_and_column_match
nestle,2025,cash_flow,8045fcce3038da3d3bef927fecfcf2091706f1a481016a282afcfa9de52778a4,10,4,line_item,Impairment,2024-12-31,580,1,1,1,1,0,True,True,False,spatial_row_and_column_match
nestle,2025,cash_flow,8045fcce3038da3d3bef927fecfcf2091706f1a481016a282afcfa9de52778a4,10,5,line_item,Net result on disposal of businesses,2025-12-31,237,1,1,1,1,0,True,True,False,spatial_row_and_column_match
nestle,2025,cash_flow,8045fcce3038da3d3bef927fecfcf2091706f1a481016a282afcfa9de52778a4,10,5,line_item,Net result on disposal of businesses,2024-12-31,62,1,1,1,1,0,True,True,False,spatial_row_and_column_match
nestle,2025,cash_flow,8045fcce3038da3d3bef927fecfcf2091706f1a481016a282afcfa9de52778a4,10,6,line_item,Other non-cash items of income and expense,2025-12-31,110,1,1,1,1,0,True,True,False,spatial_row_and_column_match
nestle,2025,cash_flow,8045fcce3038da3d3bef927fecfcf2091706f1a481016a282afcfa9de52778a4,10,6,line_item,Other non-cash items of income and expense,2024-12-31,(229),1,1,1,1,0,True,True,False,spatial_row_and_column_match
nestle,2025,cash_flow,8045fcce3038da3d3bef927fecfcf2091706f1a481016a282afcfa9de52778a4,10,7,subtotal,Cash flow before changes in operating assets and liabilities,2025-12-31,17 180,1,1,1,1,0,True,True,False,spatial_row_and_column_match
nestle,2025,cash_flow,8045fcce3038da3d3bef927fecfcf2091706f1a481016a282afcfa9de52778a4,10,7,subtotal,Cash flow before changes in operating assets and liabilities,2024-12-31,18 719,1,1,1,1,0,True,True,False,spatial_row_and_column_match
nestle,2025,cash_flow,8045fcce3038da3d3bef927fecfcf2091706f1a481016a282afcfa9de52778a4,10,8,line_item,Decrease/(increase) in working capital,2025-12-31,488,1,1,1,1,0,True,True,False,spatial_row_and_column_match
nestle,2025,cash_flow,8045fcce3038da3d3bef927fecfcf2091706f1a481016a282afcfa9de52778a4,10,8,line_item,Decrease/(increase) in working capital,2024-12-31,1 208,1,1,1,1,0,True,True,False,spatial_row_and_column_match
nestle,2025,cash_flow,8045fcce3038da3d3bef927fecfcf2091706f1a481016a282afcfa9de52778a4,10,9,line_item,Variation of other operating assets and liabilities,2025-12-31,(807),1,1,1,1,0,True,True,False,spatial_row_and_column_match
nestle,2025,cash_flow,8045fcce3038da3d3bef927fecfcf2091706f1a481016a282afcfa9de52778a4,10,9,line_item,Variation of other operating assets and liabilities,2024-12-31,(334),1,1,1,1,0,True,True,False,spatial_row_and_column_match
nestle,2025,cash_flow,8045fcce3038da3d3bef927fecfcf2091706f1a481016a282afcfa9de52778a4,10,10,subtotal,Cash generated from operations,2025-12-31,16 861,1,1,1,1,0,True,True,False,spatial_row_and_column_match
nestle,2025,cash_flow,8045fcce3038da3d3bef927fecfcf2091706f1a481016a282afcfa9de52778a4,10,10,subtotal,Cash generated from operations,2024-12-31,19 593,1,1,1,1,0,True,True,False,spatial_row_and_column_match
nestle,2025,cash_flow,8045fcce3038da3d3bef927fecfcf2091706f1a481016a282afcfa9de52778a4,10,11,line_item,Interest paid,2025-12-31,(1 618),1,1,1,1,0,True,True,False,spatial_row_and_column_match
nestle,2025,cash_flow,8045fcce3038da3d3bef927fecfcf2091706f1a481016a282afcfa9de52778a4,10,11,line_item,Interest paid,2024-12-31,(1 539),1,1,1,1,0,True,True,False,spatial_row_and_column_match
nestle,2025,cash_flow,8045fcce3038da3d3bef927fecfcf2091706f1a481016a282afcfa9de52778a4,10,12,line_item,Interest and dividends received,2025-12-31,205,1,1,1,1,0,True,True,False,spatial_row_and_column_match
nestle,2025,cash_flow,8045fcce3038da3d3bef927fecfcf2091706f1a481016a282afcfa9de52778a4,10,12,line_item,Interest and dividends received,2024-12-31,273,1,1,1,1,0,True,True,False,spatial_row_and_column_match
nestle,2025,cash_flow,8045fcce3038da3d3bef927fecfcf2091706f1a481016a282afcfa9de52778a4,10,13,line_item,Taxes paid,2025-12-31,(2 298),1,1,1,1,0,True,True,False,spatial_row_and_column_match
nestle,2025,cash_flow,8045fcce3038da3d3bef927fecfcf2091706f1a481016a282afcfa9de52778a4,10,13,line_item,Taxes paid,2024-12-31,(2 411),1,1,1,1,0,True,True,False,spatial_row_and_column_match
nestle,2025,cash_flow,8045fcce3038da3d3bef927fecfcf2091706f1a481016a282afcfa9de52778a4,10,14,line_item,"Dividends, other distributions and interest from associates and joint ventures",2025-12-31,2 754,1,1,1,1,0,True,True,False,spatial_row_and_column_match
nestle,2025,cash_flow,8045fcce3038da3d3bef927fecfcf2091706f1a481016a282afcfa9de52778a4,10,14,line_item,"Dividends, other distributions and interest from associates and joint ventures",2024-12-31,759,1,1,1,1,0,True,True,False,spatial_row_and_column_match
nestle,2025,cash_flow,8045fcce3038da3d3bef927fecfcf2091706f1a481016a282afcfa9de52778a4,10,15,subtotal,Operating cash flow,2025-12-31,15 904,1,1,1,1,0,True,True,False,spatial_row_and_column_match
nestle,2025,cash_flow,8045fcce3038da3d3bef927fecfcf2091706f1a481016a282afcfa9de52778a4,10,15,subtotal,Operating cash flow,2024-12-31,16 675,1,1,1,1,0,True,True,False,spatial_row_and_column_match
nestle,2025,cash_flow,8045fcce3038da3d3bef927fecfcf2091706f1a481016a282afcfa9de52778a4,10,17,line_item,Capital expenditure,2025-12-31,(4 527),1,1,1,1,0,True,True,False,spatial_row_and_column_match
nestle,2025,cash_flow,8045fcce3038da3d3bef927fecfcf2091706f1a481016a282afcfa9de52778a4,10,17,line_item,Capital expenditure,2024-12-31,(5 638),1,1,1,1,0,True,True,False,spatial_row_and_column_match
nestle,2025,cash_flow,8045fcce3038da3d3bef927fecfcf2091706f1a481016a282afcfa9de52778a4,10,18,line_item,Expenditure on intangible assets,2025-12-31,(384),1,1,1,1,0,True,True,False,spatial_row_and_column_match
nestle,2025,cash_flow,8045fcce3038da3d3bef927fecfcf2091706f1a481016a282afcfa9de52778a4,10,18,line_item,Expenditure on intangible assets,2024-12-31,(325),1,1,1,1,0,True,True,False,spatial_row_and_column_match
nestle,2025,cash_flow,8045fcce3038da3d3bef927fecfcf2091706f1a481016a282afcfa9de52778a4,10,19,line_item,"Acquisition of businesses, net of cash acquired",2025-12-31,(75),1,1,1,1,0,True,True,False,spatial_row_and_column_match
nestle,2025,cash_flow,8045fcce3038da3d3bef927fecfcf2091706f1a481016a282afcfa9de52778a4,10,19,line_item,"Acquisition of businesses, net of cash acquired",2024-12-31,(809),1,1,1,1,0,True,True,False,spatial_row_and_column_match
nestle,2025,cash_flow,8045fcce3038da3d3bef927fecfcf2091706f1a481016a282afcfa9de52778a4,10,20,line_item,"Disposal of businesses, net of cash disposed of",2025-12-31,(81),1,1,1,1,0,True,True,False,spatial_row_and_column_match
nestle,2025,cash_flow,8045fcce3038da3d3bef927fecfcf2091706f1a481016a282afcfa9de52778a4,10,20,line_item,"Disposal of businesses, net of cash disposed of",2024-12-31,(23),1,1,1,1,0,True,True,False,spatial_row_and_column_match
nestle,2025,cash_flow,8045fcce3038da3d3bef927fecfcf2091706f1a481016a282afcfa9de52778a4,10,21,line_item,"(Investments)/divestments, net, in associates and joint ventures",2025-12-31,208,1,2,1,1,0,True,True,False,spatial_row_and_column_match
nestle,2025,cash_flow,8045fcce3038da3d3bef927fecfcf2091706f1a481016a282afcfa9de52778a4,10,21,line_item,"(Investments)/divestments, net, in associates and joint ventures",2024-12-31,(532),1,1,1,1,0,True,True,False,spatial_row_and_column_match
nestle,2025,cash_flow,8045fcce3038da3d3bef927fecfcf2091706f1a481016a282afcfa9de52778a4,10,22,line_item,Inflows/(outflows) from treasury investments,2025-12-31,424,1,1,1,1,0,True,True,False,spatial_row_and_column_match
nestle,2025,cash_flow,8045fcce3038da3d3bef927fecfcf2091706f1a481016a282afcfa9de52778a4,10,22,line_item,Inflows/(outflows) from treasury investments,2024-12-31,(1 251),1,1,1,1,0,True,True,False,spatial_row_and_column_match
nestle,2025,cash_flow,8045fcce3038da3d3bef927fecfcf2091706f1a481016a282afcfa9de52778a4,10,23,line_item,Acquisition (net of disposal) in long-term investments,2025-12-31,(70),1,1,1,1,0,True,True,False,spatial_row_and_column_match
nestle,2025,cash_flow,8045fcce3038da3d3bef927fecfcf2091706f1a481016a282afcfa9de52778a4,10,23,line_item,Acquisition (net of disposal) in long-term investments,2024-12-31,—,1,30,6,1,5,True,True,False,spatial_row_and_column_match
nestle,2025,cash_flow,8045fcce3038da3d3bef927fecfcf2091706f1a481016a282afcfa9de52778a4,10,24,line_item,Other investing activities,2025-12-31,138,1,1,1,1,0,True,True,False,spatial_row_and_column_match
nestle,2025,cash_flow,8045fcce3038da3d3bef927fecfcf2091706f1a481016a282afcfa9de52778a4,10,24,line_item,Other investing activities,2024-12-31,(46),1,1,1,1,0,True,True,False,spatial_row_and_column_match
nestle,2025,cash_flow,8045fcce3038da3d3bef927fecfcf2091706f1a481016a282afcfa9de52778a4,10,25,subtotal,Investing cash flow,2025-12-31,(4 367),1,1,1,1,0,True,True,False,spatial_row_and_column_match
nestle,2025,cash_flow,8045fcce3038da3d3bef927fecfcf2091706f1a481016a282afcfa9de52778a4,10,25,subtotal,Investing cash flow,2024-12-31,(8 624),1,1,1,1,0,True,True,False,spatial_row_and_column_match
nestle,2025,cash_flow,8045fcce3038da3d3bef927fecfcf2091706f1a481016a282afcfa9de52778a4,10,27,line_item,Dividend paid to shareholders of the parent,2025-12-31,(7 849),1,1,1,1,0,True,True,False,spatial_row_and_column_match
nestle,2025,cash_flow,8045fcce3038da3d3bef927fecfcf2091706f1a481016a282afcfa9de52778a4,10,27,line_item,Dividend paid to shareholders of the parent,2024-12-31,(7 816),1,1,1,1,0,True,True,False,spatial_row_and_column_match
nestle,2025,cash_flow,8045fcce3038da3d3bef927fecfcf2091706f1a481016a282afcfa9de52778a4,10,28,line_item,Dividends paid to non-controlling interests,2025-12-31,(172),1,1,1,1,0,True,True,False,spatial_row_and_column_match
nestle,2025,cash_flow,8045fcce3038da3d3bef927fecfcf2091706f1a481016a282afcfa9de52778a4,10,28,line_item,Dividends paid to non-controlling interests,2024-12-31,(174),1,1,1,1,0,True,True,False,spatial_row_and_column_match
nestle,2025,cash_flow,8045fcce3038da3d3bef927fecfcf2091706f1a481016a282afcfa9de52778a4,10,29,line_item,Acquisition (net of disposal) of non-controlling interests,2025-12-31,(1 190),1,1,1,1,0,True,True,False,spatial_row_and_column_match
nestle,2025,cash_flow,8045fcce3038da3d3bef927fecfcf2091706f1a481016a282afcfa9de52778a4,10,29,line_item,Acquisition (net of disposal) of non-controlling interests,2024-12-31,(27),1,1,1,1,0,True,True,False,spatial_row_and_column_match
nestle,2025,cash_flow,8045fcce3038da3d3bef927fecfcf2091706f1a481016a282afcfa9de52778a4,10,30,line_item,Purchase of treasury shares (a),2025-12-31,(213),1,1,1,1,0,True,True,False,spatial_row_and_column_match
nestle,2025,cash_flow,8045fcce3038da3d3bef927fecfcf2091706f1a481016a282afcfa9de52778a4,10,30,line_item,Purchase of treasury shares (a),2024-12-31,(4 678),1,1,1,1,0,True,True,False,spatial_row_and_column_match
nestle,2025,cash_flow,8045fcce3038da3d3bef927fecfcf2091706f1a481016a282afcfa9de52778a4,10,31,line_item,Inflows from bonds and other long-term financial debt,2025-12-31,2 803,1,1,1,1,0,True,True,False,spatial_row_and_column_match
nestle,2025,cash_flow,8045fcce3038da3d3bef927fecfcf2091706f1a481016a282afcfa9de52778a4,10,31,line_item,Inflows from bonds and other long-term financial debt,2024-12-31,7 992,1,1,1,1,0,True,True,False,spatial_row_and_column_match
nestle,2025,cash_flow,8045fcce3038da3d3bef927fecfcf2091706f1a481016a282afcfa9de52778a4,10,32,line_item,"Outflows from bonds, lease liabilities and other long-term financial debt",2025-12-31,(4 408),1,1,1,1,0,True,True,False,spatial_row_and_column_match
nestle,2025,cash_flow,8045fcce3038da3d3bef927fecfcf2091706f1a481016a282afcfa9de52778a4,10,32,line_item,"Outflows from bonds, lease liabilities and other long-term financial debt",2024-12-31,(5 055),1,1,1,1,0,True,True,False,spatial_row_and_column_match
nestle,2025,cash_flow,8045fcce3038da3d3bef927fecfcf2091706f1a481016a282afcfa9de52778a4,10,33,line_item,Inflows/(outflows) from short-term financial debt,2025-12-31,(1 036),1,1,1,1,0,True,True,False,spatial_row_and_column_match
nestle,2025,cash_flow,8045fcce3038da3d3bef927fecfcf2091706f1a481016a282afcfa9de52778a4,10,33,line_item,Inflows/(outflows) from short-term financial debt,2024-12-31,2 396,1,1,1,1,0,True,True,False,spatial_row_and_column_match
nestle,2025,cash_flow,8045fcce3038da3d3bef927fecfcf2091706f1a481016a282afcfa9de52778a4,10,34,subtotal,Financing cash flow,2025-12-31,(12 065),1,1,1,1,0,True,True,False,spatial_row_and_column_match
nestle,2025,cash_flow,8045fcce3038da3d3bef927fecfcf2091706f1a481016a282afcfa9de52778a4,10,34,subtotal,Financing cash flow,2024-12-31,(7 362),1,1,1,1,0,True,True,False,spatial_row_and_column_match
nestle,2025,cash_flow,8045fcce3038da3d3bef927fecfcf2091706f1a481016a282afcfa9de52778a4,10,35,line_item,Currency retranslations,2025-12-31,(435),1,1,1,1,0,True,True,False,spatial_row_and_column_match
nestle,2025,cash_flow,8045fcce3038da3d3bef927fecfcf2091706f1a481016a282afcfa9de52778a4,10,35,line_item,Currency retranslations,2024-12-31,53,1,1,1,1,0,True,True,False,spatial_row_and_column_match
nestle,2025,cash_flow,8045fcce3038da3d3bef927fecfcf2091706f1a481016a282afcfa9de52778a4,10,36,subtotal,Increase/(decrease) in cash and cash equivalents,2025-12-31,(963),1,1,1,1,0,True,True,False,spatial_row_and_column_match
nestle,2025,cash_flow,8045fcce3038da3d3bef927fecfcf2091706f1a481016a282afcfa9de52778a4,10,36,subtotal,Increase/(decrease) in cash and cash equivalents,2024-12-31,742,1,1,1,1,0,True,True,False,spatial_row_and_column_match
nestle,2025,cash_flow,8045fcce3038da3d3bef927fecfcf2091706f1a481016a282afcfa9de52778a4,10,37,line_item,Cash and cash equivalents at beginning of year,2025-12-31,5 558,1,2,1,1,0,True,True,False,spatial_row_and_column_match
nestle,2025,cash_flow,8045fcce3038da3d3bef927fecfcf2091706f1a481016a282afcfa9de52778a4,10,37,line_item,Cash and cash equivalents at beginning of year,2024-12-31,4 816,1,1,1,1,0,True,True,False,spatial_row_and_column_match
nestle,2025,cash_flow,8045fcce3038da3d3bef927fecfcf2091706f1a481016a282afcfa9de52778a4,10,38,line_item,Cash and cash equivalents at end of year,2025-12-31,4 595,1,1,1,1,0,True,True,False,spatial_row_and_column_match
nestle,2025,cash_flow,8045fcce3038da3d3bef927fecfcf2091706f1a481016a282afcfa9de52778a4,10,38,line_item,Cash and cash equivalents at end of year,2024-12-31,5 558,1,2,1,1,0,True,True,False,spatial_row_and_column_match
nestle,2025,cash_flow,8045fcce3038da3d3bef927fecfcf2091706f1a481016a282afcfa9de52778a4,10,39,line_item,Cash and cash equivalents classified as held for sale,2025-12-31,(16),1,11,1,1,0,True,True,False,spatial_row_and_column_match
nestle,2025,cash_flow,8045fcce3038da3d3bef927fecfcf2091706f1a481016a282afcfa9de52778a4,10,39,line_item,Cash and cash equivalents classified as held for sale,2024-12-31,(2),1,9,1,1,0,True,True,False,spatial_row_and_column_match
nestle,2025,cash_flow,8045fcce3038da3d3bef927fecfcf2091706f1a481016a282afcfa9de52778a4,10,40,total,Cash and cash equivalents as per balance sheet,2025-12-31,4 579,1,1,1,1,0,True,True,False,spatial_row_and_column_match
nestle,2025,cash_flow,8045fcce3038da3d3bef927fecfcf2091706f1a481016a282afcfa9de52778a4,10,40,total,Cash and cash equivalents as per balance sheet,2024-12-31,5 556,1,1,1,1,0,True,True,False,spatial_row_and_column_match
heineken,2017,income_statement,9bd4a750fe4b871c062b1c64d7198474a2a5c96841286f6e96a32a076398ba95,58,1,line_item,Revenue,2017-12-31,"21,888",1,1,1,1,0,True,True,False,spatial_row_and_column_match
heineken,2017,income_statement,9bd4a750fe4b871c062b1c64d7198474a2a5c96841286f6e96a32a076398ba95,58,1,line_item,Revenue,2016-12-31,"20,792",1,1,1,1,0,True,True,False,spatial_row_and_column_match
heineken,2017,income_statement,9bd4a750fe4b871c062b1c64d7198474a2a5c96841286f6e96a32a076398ba95,58,2,line_item,Other income,2017-12-31,141,1,1,1,1,0,True,True,False,spatial_row_and_column_match
heineken,2017,income_statement,9bd4a750fe4b871c062b1c64d7198474a2a5c96841286f6e96a32a076398ba95,58,2,line_item,Other income,2016-12-31,46,1,1,1,1,0,True,True,False,spatial_row_and_column_match
heineken,2017,income_statement,9bd4a750fe4b871c062b1c64d7198474a2a5c96841286f6e96a32a076398ba95,58,3,line_item,"Raw materials, consumables and services",2017-12-31,"(13,540)",1,1,1,1,0,True,True,False,spatial_row_and_column_match
heineken,2017,income_statement,9bd4a750fe4b871c062b1c64d7198474a2a5c96841286f6e96a32a076398ba95,58,3,line_item,"Raw materials, consumables and services",2016-12-31,"(13,003)",1,1,1,1,0,True,True,False,spatial_row_and_column_match
heineken,2017,income_statement,9bd4a750fe4b871c062b1c64d7198474a2a5c96841286f6e96a32a076398ba95,58,4,line_item,Personnel expenses,2017-12-31,"(3,550)",1,1,1,1,0,True,True,False,spatial_row_and_column_match
heineken,2017,income_statement,9bd4a750fe4b871c062b1c64d7198474a2a5c96841286f6e96a32a076398ba95,58,4,line_item,Personnel expenses,2016-12-31,"(3,263)",1,1,1,1,0,True,True,False,spatial_row_and_column_match
heineken,2017,income_statement,9bd4a750fe4b871c062b1c64d7198474a2a5c96841286f6e96a32a076398ba95,58,5,line_item,"Amortisation, depreciation and impairments",2017-12-31,"(1,587)",1,1,1,1,0,True,True,False,spatial_row_and_column_match
heineken,2017,income_statement,9bd4a750fe4b871c062b1c64d7198474a2a5c96841286f6e96a32a076398ba95,58,5,line_item,"Amortisation, depreciation and impairments",2016-12-31,"(1,817)",1,1,1,1,0,True,True,False,spatial_row_and_column_match
heineken,2017,income_statement,9bd4a750fe4b871c062b1c64d7198474a2a5c96841286f6e96a32a076398ba95,58,6,subtotal,Total expenses,2017-12-31,"(18,677)",1,1,1,1,0,True,True,False,spatial_row_and_column_match
heineken,2017,income_statement,9bd4a750fe4b871c062b1c64d7198474a2a5c96841286f6e96a32a076398ba95,58,6,subtotal,Total expenses,2016-12-31,"(18,083)",1,1,1,1,0,True,True,False,spatial_row_and_column_match
heineken,2017,income_statement,9bd4a750fe4b871c062b1c64d7198474a2a5c96841286f6e96a32a076398ba95,58,7,subtotal,Operating profit,2017-12-31,"3,352",1,1,1,1,0,True,True,False,spatial_row_and_column_match
heineken,2017,income_statement,9bd4a750fe4b871c062b1c64d7198474a2a5c96841286f6e96a32a076398ba95,58,7,subtotal,Operating profit,2016-12-31,"2,755",1,1,1,1,0,True,True,False,spatial_row_and_column_match
heineken,2017,income_statement,9bd4a750fe4b871c062b1c64d7198474a2a5c96841286f6e96a32a076398ba95,58,8,line_item,Interest income,2017-12-31,72,1,1,1,1,0,True,True,False,spatial_row_and_column_match
heineken,2017,income_statement,9bd4a750fe4b871c062b1c64d7198474a2a5c96841286f6e96a32a076398ba95,58,8,line_item,Interest income,2016-12-31,60,1,1,1,1,0,True,True,False,spatial_row_and_column_match
heineken,2017,income_statement,9bd4a750fe4b871c062b1c64d7198474a2a5c96841286f6e96a32a076398ba95,58,9,line_item,Interest expenses,2017-12-31,(468),1,1,1,1,0,True,True,False,spatial_row_and_column_match
heineken,2017,income_statement,9bd4a750fe4b871c062b1c64d7198474a2a5c96841286f6e96a32a076398ba95,58,9,line_item,Interest expenses,2016-12-31,(419),1,1,1,1,0,True,True,False,spatial_row_and_column_match
heineken,2017,income_statement,9bd4a750fe4b871c062b1c64d7198474a2a5c96841286f6e96a32a076398ba95,58,10,line_item,Other net finance income/(expenses),2017-12-31,(123),1,1,1,1,0,True,True,False,spatial_row_and_column_match
heineken,2017,income_statement,9bd4a750fe4b871c062b1c64d7198474a2a5c96841286f6e96a32a076398ba95,58,10,line_item,Other net finance income/(expenses),2016-12-31,(134),1,1,1,1,0,True,True,False,spatial_row_and_column_match
heineken,2017,income_statement,9bd4a750fe4b871c062b1c64d7198474a2a5c96841286f6e96a32a076398ba95,58,11,subtotal,Net finance expenses,2017-12-31,(519),1,1,1,1,0,True,True,False,spatial_row_and_column_match
heineken,2017,income_statement,9bd4a750fe4b871c062b1c64d7198474a2a5c96841286f6e96a32a076398ba95,58,11,subtotal,Net finance expenses,2016-12-31,(493),1,1,1,1,0,True,True,False,spatial_row_and_column_match
heineken,2017,income_statement,9bd4a750fe4b871c062b1c64d7198474a2a5c96841286f6e96a32a076398ba95,58,12,line_item,Share of profit of associates and joint ventures and impairments thereof (net of income tax),2017-12-31,75,1,1,1,1,0,True,True,False,spatial_row_and_column_match
heineken,2017,income_statement,9bd4a750fe4b871c062b1c64d7198474a2a5c96841286f6e96a32a076398ba95,58,12,line_item,Share of profit of associates and joint ventures and impairments thereof (net of income tax),2016-12-31,150,1,1,1,1,0,True,True,False,spatial_row_and_column_match
heineken,2017,income_statement,9bd4a750fe4b871c062b1c64d7198474a2a5c96841286f6e96a32a076398ba95,58,13,subtotal,Profit before income tax,2017-12-31,"2,908",1,1,1,1,0,True,True,False,spatial_row_and_column_match
heineken,2017,income_statement,9bd4a750fe4b871c062b1c64d7198474a2a5c96841286f6e96a32a076398ba95,58,13,subtotal,Profit before income tax,2016-12-31,"2,412",1,1,1,1,0,True,True,False,spatial_row_and_column_match
heineken,2017,income_statement,9bd4a750fe4b871c062b1c64d7198474a2a5c96841286f6e96a32a076398ba95,58,14,line_item,Income tax expense,2017-12-31,(755),1,1,1,1,0,True,True,False,spatial_row_and_column_match
heineken,2017,income_statement,9bd4a750fe4b871c062b1c64d7198474a2a5c96841286f6e96a32a076398ba95,58,14,line_item,Income tax expense,2016-12-31,(673),1,1,1,1,0,True,True,False,spatial_row_and_column_match
heineken,2017,income_statement,9bd4a750fe4b871c062b1c64d7198474a2a5c96841286f6e96a32a076398ba95,58,15,total,Profit,2017-12-31,"2,153",6,2,2,2,0,True,True,False,spatial_row_and_column_match
heineken,2017,income_statement,9bd4a750fe4b871c062b1c64d7198474a2a5c96841286f6e96a32a076398ba95,58,15,total,Profit,2016-12-31,"1,739",6,2,2,2,0,True,True,False,spatial_row_and_column_match
heineken,2017,income_statement,9bd4a750fe4b871c062b1c64d7198474a2a5c96841286f6e96a32a076398ba95,58,17,line_item,Equity holders of the Company (net profit),2017-12-31,"1,935",1,1,1,1,0,True,True,False,spatial_row_and_column_match
heineken,2017,income_statement,9bd4a750fe4b871c062b1c64d7198474a2a5c96841286f6e96a32a076398ba95,58,17,line_item,Equity holders of the Company (net profit),2016-12-31,"1,540",1,1,1,1,0,True,True,False,spatial_row_and_column_match
heineken,2017,income_statement,9bd4a750fe4b871c062b1c64d7198474a2a5c96841286f6e96a32a076398ba95,58,18,line_item,Non-controlling interests,2017-12-31,218,1,1,1,1,0,True,True,False,spatial_row_and_column_match
heineken,2017,income_statement,9bd4a750fe4b871c062b1c64d7198474a2a5c96841286f6e96a32a076398ba95,58,18,line_item,Non-controlling interests,2016-12-31,199,1,1,1,1,0,True,True,False,spatial_row_and_column_match
heineken,2017,income_statement,9bd4a750fe4b871c062b1c64d7198474a2a5c96841286f6e96a32a076398ba95,58,19,total,Profit,2017-12-31,"2,153",6,2,2,2,0,True,True,False,spatial_row_and_column_match
heineken,2017,income_statement,9bd4a750fe4b871c062b1c64d7198474a2a5c96841286f6e96a32a076398ba95,58,19,total,Profit,2016-12-31,"1,739",6,2,2,2,0,True,True,False,spatial_row_and_column_match
heineken,2017,income_statement,9bd4a750fe4b871c062b1c64d7198474a2a5c96841286f6e96a32a076398ba95,58,20,line_item,Weighted average number of shares – basic,2017-12-31,"570,074,335",1,1,1,1,0,True,True,False,spatial_row_and_column_match
heineken,2017,income_statement,9bd4a750fe4b871c062b1c64d7198474a2a5c96841286f6e96a32a076398ba95,58,20,line_item,Weighted average number of shares – basic,2016-12-31,"569,737,210",1,1,1,1,0,True,True,False,spatial_row_and_column_match
heineken,2017,income_statement,9bd4a750fe4b871c062b1c64d7198474a2a5c96841286f6e96a32a076398ba95,58,21,line_item,Weighted average number of shares – diluted,2017-12-31,"570,652,111",1,1,1,1,0,True,True,False,spatial_row_and_column_match
heineken,2017,income_statement,9bd4a750fe4b871c062b1c64d7198474a2a5c96841286f6e96a32a076398ba95,58,21,line_item,Weighted average number of shares – diluted,2016-12-31,"570,370,392",1,1,1,1,0,True,True,False,spatial_row_and_column_match
heineken,2017,income_statement,9bd4a750fe4b871c062b1c64d7198474a2a5c96841286f6e96a32a076398ba95,58,22,line_item,Basic earnings per share (€),2017-12-31,3.39,1,2,1,1,0,True,True,False,spatial_row_and_column_match
heineken,2017,income_statement,9bd4a750fe4b871c062b1c64d7198474a2a5c96841286f6e96a32a076398ba95,58,22,line_item,Basic earnings per share (€),2016-12-31,2.70,1,2,1,1,0,True,True,False,spatial_row_and_column_match
heineken,2017,income_statement,9bd4a750fe4b871c062b1c64d7198474a2a5c96841286f6e96a32a076398ba95,58,23,line_item,Diluted earnings per share (€),2017-12-31,3.39,1,2,1,1,0,True,True,False,spatial_row_and_column_match
heineken,2017,income_statement,9bd4a750fe4b871c062b1c64d7198474a2a5c96841286f6e96a32a076398ba95,58,23,line_item,Diluted earnings per share (€),2016-12-31,2.70,1,2,1,1,0,True,True,False,spatial_row_and_column_match
heineken,2017,balance_sheet,9bd4a750fe4b871c062b1c64d7198474a2a5c96841286f6e96a32a076398ba95,60,2,line_item,"Property, plant and equipment",2017-12-31,"11,117",1,1,1,1,0,True,True,False,spatial_row_and_column_match
heineken,2017,balance_sheet,9bd4a750fe4b871c062b1c64d7198474a2a5c96841286f6e96a32a076398ba95,60,2,line_item,"Property, plant and equipment",2016-12-31,"9,232",1,1,1,1,0,True,True,False,spatial_row_and_column_match
heineken,2017,balance_sheet,9bd4a750fe4b871c062b1c64d7198474a2a5c96841286f6e96a32a076398ba95,60,3,line_item,Intangible assets,2017-12-31,"17,670",1,1,1,1,0,True,True,False,spatial_row_and_column_match
heineken,2017,balance_sheet,9bd4a750fe4b871c062b1c64d7198474a2a5c96841286f6e96a32a076398ba95,60,3,line_item,Intangible assets,2016-12-31,"17,424",1,1,1,1,0,True,True,False,spatial_row_and_column_match
heineken,2017,balance_sheet,9bd4a750fe4b871c062b1c64d7198474a2a5c96841286f6e96a32a076398ba95,60,4,line_item,Investments in associates and joint ventures,2017-12-31,"1,841",1,1,1,1,0,True,True,False,spatial_row_and_column_match
heineken,2017,balance_sheet,9bd4a750fe4b871c062b1c64d7198474a2a5c96841286f6e96a32a076398ba95,60,4,line_item,Investments in associates and joint ventures,2016-12-31,"2,166",1,1,1,1,0,True,True,False,spatial_row_and_column_match
heineken,2017,balance_sheet,9bd4a750fe4b871c062b1c64d7198474a2a5c96841286f6e96a32a076398ba95,60,5,line_item,Other investments and receivables,2017-12-31,"1,113",1,1,1,1,0,True,True,False,spatial_row_and_column_match
heineken,2017,balance_sheet,9bd4a750fe4b871c062b1c64d7198474a2a5c96841286f6e96a32a076398ba95,60,5,line_item,Other investments and receivables,2016-12-31,"1,077",1,1,1,1,0,True,True,False,spatial_row_and_column_match
heineken,2017,balance_sheet,9bd4a750fe4b871c062b1c64d7198474a2a5c96841286f6e96a32a076398ba95,60,6,line_item,Advances to customers,2017-12-31,277,1,1,1,1,0,True,True,False,spatial_row_and_column_match
heineken,2017,balance_sheet,9bd4a750fe4b871c062b1c64d7198474a2a5c96841286f6e96a32a076398ba95,60,6,line_item,Advances to customers,2016-12-31,274,1,1,1,1,0,True,True,False,spatial_row_and_column_match
heineken,2017,balance_sheet,9bd4a750fe4b871c062b1c64d7198474a2a5c96841286f6e96a32a076398ba95,60,7,line_item,Deferred tax assets,2017-12-31,768,1,1,1,1,0,True,True,False,spatial_row_and_column_match
heineken,2017,balance_sheet,9bd4a750fe4b871c062b1c64d7198474a2a5c96841286f6e96a32a076398ba95,60,7,line_item,Deferred tax assets,2016-12-31,"1,011",1,1,1,1,0,True,True,False,spatial_row_and_column_match
heineken,2017,balance_sheet,9bd4a750fe4b871c062b1c64d7198474a2a5c96841286f6e96a32a076398ba95,60,8,subtotal,Total non-current assets,2017-12-31,"32,786",1,1,1,1,0,True,True,False,spatial_row_and_column_match
heineken,2017,balance_sheet,9bd4a750fe4b871c062b1c64d7198474a2a5c96841286f6e96a32a076398ba95,60,8,subtotal,Total non-current assets,2016-12-31,"31,184",1,1,1,1,0,True,True,False,spatial_row_and_column_match
heineken,2017,balance_sheet,9bd4a750fe4b871c062b1c64d7198474a2a5c96841286f6e96a32a076398ba95,60,9,line_item,Inventories,2017-12-31,"1,814",1,1,1,1,0,True,True,False,spatial_row_and_column_match
heineken,2017,balance_sheet,9bd4a750fe4b871c062b1c64d7198474a2a5c96841286f6e96a32a076398ba95,60,9,line_item,Inventories,2016-12-31,"1,618",1,1,1,1,0,True,True,False,spatial_row_and_column_match
heineken,2017,balance_sheet,9bd4a750fe4b871c062b1c64d7198474a2a5c96841286f6e96a32a076398ba95,60,10,line_item,Trade and other receivables,2017-12-31,"3,496",1,1,1,1,0,True,True,False,spatial_row_and_column_match
heineken,2017,balance_sheet,9bd4a750fe4b871c062b1c64d7198474a2a5c96841286f6e96a32a076398ba95,60,10,line_item,Trade and other receivables,2016-12-31,"3,052",1,1,1,1,0,True,True,False,spatial_row_and_column_match
heineken,2017,balance_sheet,9bd4a750fe4b871c062b1c64d7198474a2a5c96841286f6e96a32a076398ba95,60,11,line_item,Prepayments,2017-12-31,399,1,1,1,1,0,True,True,False,spatial_row_and_column_match
heineken,2017,balance_sheet,9bd4a750fe4b871c062b1c64d7198474a2a5c96841286f6e96a32a076398ba95,60,11,line_item,Prepayments,2016-12-31,328,1,1,1,1,0,True,True,False,spatial_row_and_column_match
heineken,2017,balance_sheet,9bd4a750fe4b871c062b1c64d7198474a2a5c96841286f6e96a32a076398ba95,60,12,line_item,Current tax assets,2017-12-31,64,1,1,1,1,0,True,True,False,spatial_row_and_column_match
heineken,2017,balance_sheet,9bd4a750fe4b871c062b1c64d7198474a2a5c96841286f6e96a32a076398ba95,60,12,line_item,Current tax assets,2016-12-31,47,1,1,1,1,0,True,True,False,spatial_row_and_column_match
heineken,2017,balance_sheet,9bd4a750fe4b871c062b1c64d7198474a2a5c96841286f6e96a32a076398ba95,60,13,line_item,Cash and cash equivalents,2017-12-31,"2,442",1,1,1,1,0,True,True,False,spatial_row_and_column_match
heineken,2017,balance_sheet,9bd4a750fe4b871c062b1c64d7198474a2a5c96841286f6e96a32a076398ba95,60,13,line_item,Cash and cash equivalents,2016-12-31,"3,035",1,1,1,1,0,True,True,False,spatial_row_and_column_match
heineken,2017,balance_sheet,9bd4a750fe4b871c062b1c64d7198474a2a5c96841286f6e96a32a076398ba95,60,14,line_item,Assets classified as held for sale,2017-12-31,33,2,1,1,1,0,True,True,False,spatial_row_and_column_match
heineken,2017,balance_sheet,9bd4a750fe4b871c062b1c64d7198474a2a5c96841286f6e96a32a076398ba95,60,14,line_item,Assets classified as held for sale,2016-12-31,57,2,1,1,1,0,True,True,False,spatial_row_and_column_match
heineken,2017,balance_sheet,9bd4a750fe4b871c062b1c64d7198474a2a5c96841286f6e96a32a076398ba95,60,15,subtotal,Total current assets,2017-12-31,"8,248",1,1,1,1,0,True,True,False,spatial_row_and_column_match
heineken,2017,balance_sheet,9bd4a750fe4b871c062b1c64d7198474a2a5c96841286f6e96a32a076398ba95,60,15,subtotal,Total current assets,2016-12-31,"8,137",1,1,1,1,0,True,True,False,spatial_row_and_column_match
heineken,2017,balance_sheet,9bd4a750fe4b871c062b1c64d7198474a2a5c96841286f6e96a32a076398ba95,60,16,total,Total assets,2017-12-31,"41,034",1,2,1,1,0,True,True,False,spatial_row_and_column_match
heineken,2017,balance_sheet,9bd4a750fe4b871c062b1c64d7198474a2a5c96841286f6e96a32a076398ba95,60,16,total,Total assets,2016-12-31,"39,321",1,2,1,1,0,True,True,False,spatial_row_and_column_match
heineken,2017,balance_sheet,9bd4a750fe4b871c062b1c64d7198474a2a5c96841286f6e96a32a076398ba95,60,18,line_item,Share capital,2017-12-31,922,1,2,2,1,1,True,True,False,spatial_row_and_column_match
heineken,2017,balance_sheet,9bd4a750fe4b871c062b1c64d7198474a2a5c96841286f6e96a32a076398ba95,60,18,line_item,Share capital,2016-12-31,922,1,2,2,1,1,True,True,False,spatial_row_and_column_match
heineken,2017,balance_sheet,9bd4a750fe4b871c062b1c64d7198474a2a5c96841286f6e96a32a076398ba95,60,19,line_item,Share premium,2017-12-31,"2,701",1,2,2,1,1,True,True,False,spatial_row_and_column_match
heineken,2017,balance_sheet,9bd4a750fe4b871c062b1c64d7198474a2a5c96841286f6e96a32a076398ba95,60,19,line_item,Share premium,2016-12-31,"2,701",1,2,2,1,1,True,True,False,spatial_row_and_column_match
heineken,2017,balance_sheet,9bd4a750fe4b871c062b1c64d7198474a2a5c96841286f6e96a32a076398ba95,60,20,line_item,Reserves,2017-12-31,"(2,129)",1,1,1,1,0,True,True,False,spatial_row_and_column_match
heineken,2017,balance_sheet,9bd4a750fe4b871c062b1c64d7198474a2a5c96841286f6e96a32a076398ba95,60,20,line_item,Reserves,2016-12-31,"(1,173)",1,1,1,1,0,True,True,False,spatial_row_and_column_match
heineken,2017,balance_sheet,9bd4a750fe4b871c062b1c64d7198474a2a5c96841286f6e96a32a076398ba95,60,21,line_item,Retained earnings,2017-12-31,"11,827",1,1,1,1,0,True,True,False,spatial_row_and_column_match
heineken,2017,balance_sheet,9bd4a750fe4b871c062b1c64d7198474a2a5c96841286f6e96a32a076398ba95,60,21,line_item,Retained earnings,2016-12-31,"10,788",1,1,1,1,0,True,True,False,spatial_row_and_column_match
heineken,2017,balance_sheet,9bd4a750fe4b871c062b1c64d7198474a2a5c96841286f6e96a32a076398ba95,60,22,subtotal,Equity attributable to equity holders of the Company,2017-12-31,"13,321",1,1,1,1,0,True,True,False,spatial_row_and_column_match
heineken,2017,balance_sheet,9bd4a750fe4b871c062b1c64d7198474a2a5c96841286f6e96a32a076398ba95,60,22,subtotal,Equity attributable to equity holders of the Company,2016-12-31,"13,238",1,1,1,1,0,True,True,False,spatial_row_and_column_match
heineken,2017,balance_sheet,9bd4a750fe4b871c062b1c64d7198474a2a5c96841286f6e96a32a076398ba95,60,23,line_item,Non-controlling interests,2017-12-31,"1,200",1,1,1,1,0,True,True,False,spatial_row_and_column_match
heineken,2017,balance_sheet,9bd4a750fe4b871c062b1c64d7198474a2a5c96841286f6e96a32a076398ba95,60,23,line_item,Non-controlling interests,2016-12-31,"1,335",1,1,1,1,0,True,True,False,spatial_row_and_column_match
heineken,2017,balance_sheet,9bd4a750fe4b871c062b1c64d7198474a2a5c96841286f6e96a32a076398ba95,60,24,subtotal,Total equity,2017-12-31,"14,521",2,1,1,1,0,True,True,False,spatial_row_and_column_match
heineken,2017,balance_sheet,9bd4a750fe4b871c062b1c64d7198474a2a5c96841286f6e96a32a076398ba95,60,24,subtotal,Total equity,2016-12-31,"14,573",2,1,1,1,0,True,True,False,spatial_row_and_column_match
heineken,2017,balance_sheet,9bd4a750fe4b871c062b1c64d7198474a2a5c96841286f6e96a32a076398ba95,60,26,line_item,Loans and borrowings,2017-12-31,"12,301",2,1,1,1,0,True,True,False,spatial_row_and_column_match
heineken,2017,balance_sheet,9bd4a750fe4b871c062b1c64d7198474a2a5c96841286f6e96a32a076398ba95,60,26,line_item,Loans and borrowings,2016-12-31,"10,954",2,1,1,1,0,True,True,False,spatial_row_and_column_match
heineken,2017,balance_sheet,9bd4a750fe4b871c062b1c64d7198474a2a5c96841286f6e96a32a076398ba95,60,27,line_item,Tax liabilities,2017-12-31,–,3,6,1,1,0,True,True,False,spatial_row_and_column_match
heineken,2017,balance_sheet,9bd4a750fe4b871c062b1c64d7198474a2a5c96841286f6e96a32a076398ba95,60,27,line_item,Tax liabilities,2016-12-31,3,3,1,1,1,0,True,True,False,spatial_row_and_column_match
heineken,2017,balance_sheet,9bd4a750fe4b871c062b1c64d7198474a2a5c96841286f6e96a32a076398ba95,60,28,line_item,Employee benefits,2017-12-31,"1,289",1,1,1,1,0,True,True,False,spatial_row_and_column_match
heineken,2017,balance_sheet,9bd4a750fe4b871c062b1c64d7198474a2a5c96841286f6e96a32a076398ba95,60,28,line_item,Employee benefits,2016-12-31,"1,420",1,1,1,1,0,True,True,False,spatial_row_and_column_match
heineken,2017,balance_sheet,9bd4a750fe4b871c062b1c64d7198474a2a5c96841286f6e96a32a076398ba95,60,29,line_item,Provisions,2017-12-31,970,2,1,1,1,0,True,True,False,spatial_row_and_column_match
heineken,2017,balance_sheet,9bd4a750fe4b871c062b1c64d7198474a2a5c96841286f6e96a32a076398ba95,60,29,line_item,Provisions,2016-12-31,302,2,1,1,1,0,True,True,False,spatial_row_and_column_match
heineken,2017,balance_sheet,9bd4a750fe4b871c062b1c64d7198474a2a5c96841286f6e96a32a076398ba95,60,30,line_item,Deferred tax liabilities,2017-12-31,"1,495",1,1,1,1,0,True,True,False,spatial_row_and_column_match
heineken,2017,balance_sheet,9bd4a750fe4b871c062b1c64d7198474a2a5c96841286f6e96a32a076398ba95,60,30,line_item,Deferred tax liabilities,2016-12-31,"1,672",1,1,1,1,0,True,True,False,spatial_row_and_column_match
heineken,2017,balance_sheet,9bd4a750fe4b871c062b1c64d7198474a2a5c96841286f6e96a32a076398ba95,60,31,subtotal,Total non-current liabilities,2017-12-31,"16,055",1,1,1,1,0,True,True,False,spatial_row_and_column_match
heineken,2017,balance_sheet,9bd4a750fe4b871c062b1c64d7198474a2a5c96841286f6e96a32a076398ba95,60,31,subtotal,Total non-current liabilities,2016-12-31,"14,351",1,1,1,1,0,True,True,False,spatial_row_and_column_match
heineken,2017,balance_sheet,9bd4a750fe4b871c062b1c64d7198474a2a5c96841286f6e96a32a076398ba95,60,32,line_item,Bank overdrafts and commercial papers,2017-12-31,"1,265",1,1,1,1,0,True,True,False,spatial_row_and_column_match
heineken,2017,balance_sheet,9bd4a750fe4b871c062b1c64d7198474a2a5c96841286f6e96a32a076398ba95,60,32,line_item,Bank overdrafts and commercial papers,2016-12-31,"1,669",1,1,1,1,0,True,True,False,spatial_row_and_column_match
heineken,2017,balance_sheet,9bd4a750fe4b871c062b1c64d7198474a2a5c96841286f6e96a32a076398ba95,60,33,line_item,Loans and borrowings,2017-12-31,"1,947",2,1,1,1,0,True,True,False,spatial_row_and_column_match
heineken,2017,balance_sheet,9bd4a750fe4b871c062b1c64d7198474a2a5c96841286f6e96a32a076398ba95,60,33,line_item,Loans and borrowings,2016-12-31,"1,981",2,1,1,1,0,True,True,False,spatial_row_and_column_match
heineken,2017,balance_sheet,9bd4a750fe4b871c062b1c64d7198474a2a5c96841286f6e96a32a076398ba95,60,34,line_item,Trade and other payables,2017-12-31,"6,756",1,1,1,1,0,True,True,False,spatial_row_and_column_match
heineken,2017,balance_sheet,9bd4a750fe4b871c062b1c64d7198474a2a5c96841286f6e96a32a076398ba95,60,34,line_item,Trade and other payables,2016-12-31,"6,224",1,1,1,1,0,True,True,False,spatial_row_and_column_match
heineken,2017,balance_sheet,9bd4a750fe4b871c062b1c64d7198474a2a5c96841286f6e96a32a076398ba95,60,35,line_item,Current tax liabilities,2017-12-31,310,1,1,1,1,0,True,True,False,spatial_row_and_column_match
heineken,2017,balance_sheet,9bd4a750fe4b871c062b1c64d7198474a2a5c96841286f6e96a32a076398ba95,60,35,line_item,Current tax liabilities,2016-12-31,352,1,1,1,1,0,True,True,False,spatial_row_and_column_match
heineken,2017,balance_sheet,9bd4a750fe4b871c062b1c64d7198474a2a5c96841286f6e96a32a076398ba95,60,36,line_item,Provisions,2017-12-31,178,2,1,1,1,0,True,True,False,spatial_row_and_column_match
heineken,2017,balance_sheet,9bd4a750fe4b871c062b1c64d7198474a2a5c96841286f6e96a32a076398ba95,60,36,line_item,Provisions,2016-12-31,154,2,1,1,1,0,True,True,False,spatial_row_and_column_match
heineken,2017,balance_sheet,9bd4a750fe4b871c062b1c64d7198474a2a5c96841286f6e96a32a076398ba95,60,37,line_item,Liabilities associated with assets classified as held for sale,2017-12-31,2,1,1,1,1,0,True,True,False,spatial_row_and_column_match
heineken,2017,balance_sheet,9bd4a750fe4b871c062b1c64d7198474a2a5c96841286f6e96a32a076398ba95,60,37,line_item,Liabilities associated with assets classified as held for sale,2016-12-31,17,1,2,1,1,0,True,True,False,spatial_row_and_column_match
heineken,2017,balance_sheet,9bd4a750fe4b871c062b1c64d7198474a2a5c96841286f6e96a32a076398ba95,60,38,subtotal,Total current liabilities,2017-12-31,"10,458",1,1,1,1,0,True,True,False,spatial_row_and_column_match
heineken,2017,balance_sheet,9bd4a750fe4b871c062b1c64d7198474a2a5c96841286f6e96a32a076398ba95,60,38,subtotal,Total current liabilities,2016-12-31,"10,397",1,1,1,1,0,True,True,False,spatial_row_and_column_match
heineken,2017,balance_sheet,9bd4a750fe4b871c062b1c64d7198474a2a5c96841286f6e96a32a076398ba95,60,39,subtotal,Total liabilities,2017-12-31,"26,513",1,1,1,1,0,True,True,False,spatial_row_and_column_match
heineken,2017,balance_sheet,9bd4a750fe4b871c062b1c64d7198474a2a5c96841286f6e96a32a076398ba95,60,39,subtotal,Total liabilities,2016-12-31,"24,748",1,1,1,1,0,True,True,False,spatial_row_and_column_match
heineken,2017,balance_sheet,9bd4a750fe4b871c062b1c64d7198474a2a5c96841286f6e96a32a076398ba95,60,40,total,Total equity and liabilities,2017-12-31,"41,034",1,2,1,1,0,True,True,False,spatial_row_and_column_match
heineken,2017,balance_sheet,9bd4a750fe4b871c062b1c64d7198474a2a5c96841286f6e96a32a076398ba95,60,40,total,Total equity and liabilities,2016-12-31,"39,321",1,2,1,1,0,True,True,False,spatial_row_and_column_match
heineken,2017,cash_flow,9bd4a750fe4b871c062b1c64d7198474a2a5c96841286f6e96a32a076398ba95,61-62,1,heading,Operating activities,2017-12-31,,2,0,0,0,0,True,True,False,non_numeric_heading
heineken,2017,cash_flow,9bd4a750fe4b871c062b1c64d7198474a2a5c96841286f6e96a32a076398ba95,61-62,1,heading,Operating activities,2016-12-31,,2,0,0,0,0,True,True,False,non_numeric_heading
heineken,2017,cash_flow,9bd4a750fe4b871c062b1c64d7198474a2a5c96841286f6e96a32a076398ba95,61-62,2,line_item,Profit,2017-12-31,"2,153",2,1,1,1,0,True,True,False,spatial_row_and_column_match
heineken,2017,cash_flow,9bd4a750fe4b871c062b1c64d7198474a2a5c96841286f6e96a32a076398ba95,61-62,2,line_item,Profit,2016-12-31,"1,739",2,1,1,1,0,True,True,False,spatial_row_and_column_match
heineken,2017,cash_flow,9bd4a750fe4b871c062b1c64d7198474a2a5c96841286f6e96a32a076398ba95,61-62,3,heading,Adjustments for:,2017-12-31,,1,0,0,0,0,True,True,False,non_numeric_heading
heineken,2017,cash_flow,9bd4a750fe4b871c062b1c64d7198474a2a5c96841286f6e96a32a076398ba95,61-62,3,heading,Adjustments for:,2016-12-31,,1,0,0,0,0,True,True,False,non_numeric_heading
heineken,2017,cash_flow,9bd4a750fe4b871c062b1c64d7198474a2a5c96841286f6e96a32a076398ba95,61-62,4,line_item,"Amortisation, depreciation and impairments",2017-12-31,"1,587",1,1,1,1,0,True,True,False,spatial_row_and_column_match
heineken,2017,cash_flow,9bd4a750fe4b871c062b1c64d7198474a2a5c96841286f6e96a32a076398ba95,61-62,4,line_item,"Amortisation, depreciation and impairments",2016-12-31,"1,817",1,1,1,1,0,True,True,False,spatial_row_and_column_match
heineken,2017,cash_flow,9bd4a750fe4b871c062b1c64d7198474a2a5c96841286f6e96a32a076398ba95,61-62,5,line_item,Net interest expenses,2017-12-31,396,1,1,1,1,0,True,True,False,spatial_row_and_column_match
heineken,2017,cash_flow,9bd4a750fe4b871c062b1c64d7198474a2a5c96841286f6e96a32a076398ba95,61-62,5,line_item,Net interest expenses,2016-12-31,359,1,1,1,1,0,True,True,False,spatial_row_and_column_match
heineken,2017,cash_flow,9bd4a750fe4b871c062b1c64d7198474a2a5c96841286f6e96a32a076398ba95,61-62,6,line_item,"Gain on sale of property, plant and equipment, intangible assets and subsidiaries, joint ventures and associates",2017-12-31,(141),1,1,1,1,0,True,True,False,spatial_row_and_column_match
heineken,2017,cash_flow,9bd4a750fe4b871c062b1c64d7198474a2a5c96841286f6e96a32a076398ba95,61-62,6,line_item,"Gain on sale of property, plant and equipment, intangible assets and subsidiaries, joint ventures and associates",2016-12-31,(46),1,1,1,1,0,True,True,False,spatial_row_and_column_match
heineken,2017,cash_flow,9bd4a750fe4b871c062b1c64d7198474a2a5c96841286f6e96a32a076398ba95,61-62,7,line_item,Investment income and share of profit and impairments of associates and joint ventures and dividend income on available-for-sale and held-for-trading investments,2017-12-31,(84),1,1,1,1,0,True,True,False,spatial_row_and_column_match
heineken,2017,cash_flow,9bd4a750fe4b871c062b1c64d7198474a2a5c96841286f6e96a32a076398ba95,61-62,7,line_item,Investment income and share of profit and impairments of associates and joint ventures and dividend income on available-for-sale and held-for-trading investments,2016-12-31,(161),1,1,1,1,0,True,True,False,spatial_row_and_column_match
heineken,2017,cash_flow,9bd4a750fe4b871c062b1c64d7198474a2a5c96841286f6e96a32a076398ba95,61-62,8,line_item,Income tax expenses,2017-12-31,755,1,1,1,1,0,True,True,False,spatial_row_and_column_match
heineken,2017,cash_flow,9bd4a750fe4b871c062b1c64d7198474a2a5c96841286f6e96a32a076398ba95,61-62,8,line_item,Income tax expenses,2016-12-31,673,1,1,1,1,0,True,True,False,spatial_row_and_column_match
heineken,2017,cash_flow,9bd4a750fe4b871c062b1c64d7198474a2a5c96841286f6e96a32a076398ba95,61-62,9,line_item,Other non-cash items,2017-12-31,314,1,1,1,1,0,True,True,False,spatial_row_and_column_match
heineken,2017,cash_flow,9bd4a750fe4b871c062b1c64d7198474a2a5c96841286f6e96a32a076398ba95,61-62,9,line_item,Other non-cash items,2016-12-31,332,1,1,1,1,0,True,True,False,spatial_row_and_column_match
heineken,2017,cash_flow,9bd4a750fe4b871c062b1c64d7198474a2a5c96841286f6e96a32a076398ba95,61-62,10,subtotal,Cash flow from operations before changes in working capital and provisions,2017-12-31,"4,980",1,1,1,1,0,True,True,False,spatial_row_and_column_match
heineken,2017,cash_flow,9bd4a750fe4b871c062b1c64d7198474a2a5c96841286f6e96a32a076398ba95,61-62,10,subtotal,Cash flow from operations before changes in working capital and provisions,2016-12-31,"4,713",1,1,1,1,0,True,True,False,spatial_row_and_column_match
heineken,2017,cash_flow,9bd4a750fe4b871c062b1c64d7198474a2a5c96841286f6e96a32a076398ba95,61-62,11,line_item,Change in inventories,2017-12-31,(185),1,1,1,1,0,True,True,False,spatial_row_and_column_match
heineken,2017,cash_flow,9bd4a750fe4b871c062b1c64d7198474a2a5c96841286f6e96a32a076398ba95,61-62,11,line_item,Change in inventories,2016-12-31,(20),1,1,1,1,0,True,True,False,spatial_row_and_column_match
heineken,2017,cash_flow,9bd4a750fe4b871c062b1c64d7198474a2a5c96841286f6e96a32a076398ba95,61-62,12,line_item,Change in trade and other receivables,2017-12-31,(241),1,1,1,1,0,True,True,False,spatial_row_and_column_match
heineken,2017,cash_flow,9bd4a750fe4b871c062b1c64d7198474a2a5c96841286f6e96a32a076398ba95,61-62,12,line_item,Change in trade and other receivables,2016-12-31,(228),1,1,1,1,0,True,True,False,spatial_row_and_column_match
heineken,2017,cash_flow,9bd4a750fe4b871c062b1c64d7198474a2a5c96841286f6e96a32a076398ba95,61-62,13,line_item,Change in trade and other payables,2017-12-31,495,1,1,1,1,0,True,True,False,spatial_row_and_column_match
heineken,2017,cash_flow,9bd4a750fe4b871c062b1c64d7198474a2a5c96841286f6e96a32a076398ba95,61-62,13,line_item,Change in trade and other payables,2016-12-31,328,1,1,1,1,0,True,True,False,spatial_row_and_column_match
heineken,2017,cash_flow,9bd4a750fe4b871c062b1c64d7198474a2a5c96841286f6e96a32a076398ba95,61-62,14,subtotal,Total change in working capital,2017-12-31,69,1,1,1,1,0,True,True,False,spatial_row_and_column_match
heineken,2017,cash_flow,9bd4a750fe4b871c062b1c64d7198474a2a5c96841286f6e96a32a076398ba95,61-62,14,subtotal,Total change in working capital,2016-12-31,80,1,1,1,1,0,True,True,False,spatial_row_and_column_match
heineken,2017,cash_flow,9bd4a750fe4b871c062b1c64d7198474a2a5c96841286f6e96a32a076398ba95,61-62,15,line_item,Change in provisions and employee benefits,2017-12-31,(125),1,1,1,1,0,True,True,False,spatial_row_and_column_match
heineken,2017,cash_flow,9bd4a750fe4b871c062b1c64d7198474a2a5c96841286f6e96a32a076398ba95,61-62,15,line_item,Change in provisions and employee benefits,2016-12-31,(73),1,1,1,1,0,True,True,False,spatial_row_and_column_match
heineken,2017,cash_flow,9bd4a750fe4b871c062b1c64d7198474a2a5c96841286f6e96a32a076398ba95,61-62,16,subtotal,Cash flow from operations,2017-12-31,"4,924",2,1,1,1,0,True,True,False,spatial_row_and_column_match
heineken,2017,cash_flow,9bd4a750fe4b871c062b1c64d7198474a2a5c96841286f6e96a32a076398ba95,61-62,16,subtotal,Cash flow from operations,2016-12-31,"4,720",2,1,1,1,0,True,True,False,spatial_row_and_column_match
heineken,2017,cash_flow,9bd4a750fe4b871c062b1c64d7198474a2a5c96841286f6e96a32a076398ba95,61-62,17,line_item,Interest paid,2017-12-31,(463),1,1,1,1,0,True,True,False,spatial_row_and_column_match
heineken,2017,cash_flow,9bd4a750fe4b871c062b1c64d7198474a2a5c96841286f6e96a32a076398ba95,61-62,17,line_item,Interest paid,2016-12-31,(441),1,1,1,1,0,True,True,False,spatial_row_and_column_match
heineken,2017,cash_flow,9bd4a750fe4b871c062b1c64d7198474a2a5c96841286f6e96a32a076398ba95,61-62,18,line_item,Interest received,2017-12-31,98,1,1,1,1,0,True,True,False,spatial_row_and_column_match
heineken,2017,cash_flow,9bd4a750fe4b871c062b1c64d7198474a2a5c96841286f6e96a32a076398ba95,61-62,18,line_item,Interest received,2016-12-31,70,1,1,1,1,0,True,True,False,spatial_row_and_column_match
heineken,2017,cash_flow,9bd4a750fe4b871c062b1c64d7198474a2a5c96841286f6e96a32a076398ba95,61-62,19,line_item,Dividends received,2017-12-31,109,1,2,1,1,0,True,True,False,spatial_row_and_column_match
heineken,2017,cash_flow,9bd4a750fe4b871c062b1c64d7198474a2a5c96841286f6e96a32a076398ba95,61-62,19,line_item,Dividends received,2016-12-31,118,1,1,1,1,0,True,True,False,spatial_row_and_column_match
heineken,2017,cash_flow,9bd4a750fe4b871c062b1c64d7198474a2a5c96841286f6e96a32a076398ba95,61-62,20,line_item,Income taxes paid,2017-12-31,(786),1,1,1,1,0,True,True,False,spatial_row_and_column_match
heineken,2017,cash_flow,9bd4a750fe4b871c062b1c64d7198474a2a5c96841286f6e96a32a076398ba95,61-62,20,line_item,Income taxes paid,2016-12-31,(749),1,1,1,1,0,True,True,False,spatial_row_and_column_match
heineken,2017,cash_flow,9bd4a750fe4b871c062b1c64d7198474a2a5c96841286f6e96a32a076398ba95,61-62,21,subtotal,"Cash flow related to interest, dividend and income tax",2017-12-31,"(1,042)",1,1,1,1,0,True,True,False,spatial_row_and_column_match
heineken,2017,cash_flow,9bd4a750fe4b871c062b1c64d7198474a2a5c96841286f6e96a32a076398ba95,61-62,21,subtotal,"Cash flow related to interest, dividend and income tax",2016-12-31,"(1,002)",1,1,1,1,0,True,True,False,spatial_row_and_column_match
heineken,2017,cash_flow,9bd4a750fe4b871c062b1c64d7198474a2a5c96841286f6e96a32a076398ba95,61-62,22,subtotal,Cash flow from operating activities,2017-12-31,"3,882",1,1,1,1,0,True,True,False,spatial_row_and_column_match
heineken,2017,cash_flow,9bd4a750fe4b871c062b1c64d7198474a2a5c96841286f6e96a32a076398ba95,61-62,22,subtotal,Cash flow from operating activities,2016-12-31,"3,718",1,1,1,1,0,True,True,False,spatial_row_and_column_match
heineken,2017,cash_flow,9bd4a750fe4b871c062b1c64d7198474a2a5c96841286f6e96a32a076398ba95,61-62,23,heading,Investing activities,2017-12-31,,3,0,0,0,0,True,True,False,non_numeric_heading
heineken,2017,cash_flow,9bd4a750fe4b871c062b1c64d7198474a2a5c96841286f6e96a32a076398ba95,61-62,23,heading,Investing activities,2016-12-31,,3,0,0,0,0,True,True,False,non_numeric_heading
heineken,2017,cash_flow,9bd4a750fe4b871c062b1c64d7198474a2a5c96841286f6e96a32a076398ba95,61-62,24,line_item,"Proceeds from sale of property, plant and equipment and intangible assets",2017-12-31,187,1,1,1,1,0,True,True,False,spatial_row_and_column_match
heineken,2017,cash_flow,9bd4a750fe4b871c062b1c64d7198474a2a5c96841286f6e96a32a076398ba95,61-62,24,line_item,"Proceeds from sale of property, plant and equipment and intangible assets",2016-12-31,116,1,1,1,1,0,True,True,False,spatial_row_and_column_match
heineken,2017,cash_flow,9bd4a750fe4b871c062b1c64d7198474a2a5c96841286f6e96a32a076398ba95,61-62,25,line_item,"Purchase of property, plant and equipment",2017-12-31,"(1,696)",1,1,1,1,0,True,True,False,spatial_row_and_column_match
heineken,2017,cash_flow,9bd4a750fe4b871c062b1c64d7198474a2a5c96841286f6e96a32a076398ba95,61-62,25,line_item,"Purchase of property, plant and equipment",2016-12-31,"(1,757)",1,1,1,1,0,True,True,False,spatial_row_and_column_match
heineken,2017,cash_flow,9bd4a750fe4b871c062b1c64d7198474a2a5c96841286f6e96a32a076398ba95,61-62,26,line_item,Purchase of intangible assets,2017-12-31,(137),1,1,1,1,0,True,True,False,spatial_row_and_column_match
heineken,2017,cash_flow,9bd4a750fe4b871c062b1c64d7198474a2a5c96841286f6e96a32a076398ba95,61-62,26,line_item,Purchase of intangible assets,2016-12-31,(109),1,2,1,1,0,True,True,False,spatial_row_and_column_match
heineken,2017,cash_flow,9bd4a750fe4b871c062b1c64d7198474a2a5c96841286f6e96a32a076398ba95,61-62,27,line_item,Loans issued to customers and other investments,2017-12-31,(259),1,1,1,1,0,True,True,False,spatial_row_and_column_match
heineken,2017,cash_flow,9bd4a750fe4b871c062b1c64d7198474a2a5c96841286f6e96a32a076398ba95,61-62,27,line_item,Loans issued to customers and other investments,2016-12-31,(219),1,1,1,1,0,True,True,False,spatial_row_and_column_match
heineken,2017,cash_flow,9bd4a750fe4b871c062b1c64d7198474a2a5c96841286f6e96a32a076398ba95,61-62,28,line_item,Repayment on loans to customers,2017-12-31,54,1,1,1,1,0,True,True,False,spatial_row_and_column_match
heineken,2017,cash_flow,9bd4a750fe4b871c062b1c64d7198474a2a5c96841286f6e96a32a076398ba95,61-62,28,line_item,Repayment on loans to customers,2016-12-31,24,1,1,1,1,0,True,True,False,spatial_row_and_column_match
heineken,2017,cash_flow,9bd4a750fe4b871c062b1c64d7198474a2a5c96841286f6e96a32a076398ba95,61-62,29,subtotal,Cash flow (used in)/from operational investing activities,2017-12-31,"(1,851)",1,1,1,1,0,True,True,False,spatial_row_and_column_match
heineken,2017,cash_flow,9bd4a750fe4b871c062b1c64d7198474a2a5c96841286f6e96a32a076398ba95,61-62,29,subtotal,Cash flow (used in)/from operational investing activities,2016-12-31,"(1,945)",1,1,1,1,0,True,True,False,spatial_row_and_column_match
heineken,2017,cash_flow,9bd4a750fe4b871c062b1c64d7198474a2a5c96841286f6e96a32a076398ba95,61-62,30,subtotal,Free operating cash flow,2017-12-31,"2,031",1,1,1,1,0,True,True,False,spatial_row_and_column_match
heineken,2017,cash_flow,9bd4a750fe4b871c062b1c64d7198474a2a5c96841286f6e96a32a076398ba95,61-62,30,subtotal,Free operating cash flow,2016-12-31,"1,773",1,1,1,1,0,True,True,False,spatial_row_and_column_match
heineken,2017,cash_flow,9bd4a750fe4b871c062b1c64d7198474a2a5c96841286f6e96a32a076398ba95,61-62,31,line_item,"Acquisition of subsidiaries, net of cash acquired",2017-12-31,"(1,047)",1,1,1,1,0,True,True,False,spatial_row_and_column_match
heineken,2017,cash_flow,9bd4a750fe4b871c062b1c64d7198474a2a5c96841286f6e96a32a076398ba95,61-62,31,line_item,"Acquisition of subsidiaries, net of cash acquired",2016-12-31,(9),1,1,1,1,0,True,True,False,spatial_row_and_column_match
heineken,2017,cash_flow,9bd4a750fe4b871c062b1c64d7198474a2a5c96841286f6e96a32a076398ba95,61-62,32,line_item,"Acquisition of/additions to associates, joint ventures and other investments",2017-12-31,(93),1,1,1,1,0,True,True,False,spatial_row_and_column_match
heineken,2017,cash_flow,9bd4a750fe4b871c062b1c64d7198474a2a5c96841286f6e96a32a076398ba95,61-62,32,line_item,"Acquisition of/additions to associates, joint ventures and other investments",2016-12-31,(68),1,1,1,1,0,True,True,False,spatial_row_and_column_match
heineken,2017,cash_flow,9bd4a750fe4b871c062b1c64d7198474a2a5c96841286f6e96a32a076398ba95,61-62,33,line_item,"Disposal of subsidiaries, net of cash disposed of",2017-12-31,10,1,1,1,1,0,True,True,False,spatial_row_and_column_match
heineken,2017,cash_flow,9bd4a750fe4b871c062b1c64d7198474a2a5c96841286f6e96a32a076398ba95,61-62,33,line_item,"Disposal of subsidiaries, net of cash disposed of",2016-12-31,15,1,2,1,1,0,True,True,False,spatial_row_and_column_match
heineken,2017,cash_flow,9bd4a750fe4b871c062b1c64d7198474a2a5c96841286f6e96a32a076398ba95,61-62,34,line_item,"Disposal of associates, joint ventures and other investments",2017-12-31,16,1,1,1,1,0,True,True,False,spatial_row_and_column_match
heineken,2017,cash_flow,9bd4a750fe4b871c062b1c64d7198474a2a5c96841286f6e96a32a076398ba95,61-62,34,line_item,"Disposal of associates, joint ventures and other investments",2016-12-31,–,1,14,1,1,0,True,True,False,spatial_row_and_column_match
heineken,2017,cash_flow,9bd4a750fe4b871c062b1c64d7198474a2a5c96841286f6e96a32a076398ba95,61-62,35,subtotal,Cash flow (used in)/from acquisitions and disposals,2017-12-31,"(1,114)",1,1,1,1,0,True,True,False,spatial_row_and_column_match
heineken,2017,cash_flow,9bd4a750fe4b871c062b1c64d7198474a2a5c96841286f6e96a32a076398ba95,61-62,35,subtotal,Cash flow (used in)/from acquisitions and disposals,2016-12-31,(62),1,1,1,1,0,True,True,False,spatial_row_and_column_match
heineken,2017,cash_flow,9bd4a750fe4b871c062b1c64d7198474a2a5c96841286f6e96a32a076398ba95,61-62,36,subtotal,Cash flow (used in)/from investing activities,2017-12-31,"(2,965)",1,1,1,1,0,True,True,False,spatial_row_and_column_match
heineken,2017,cash_flow,9bd4a750fe4b871c062b1c64d7198474a2a5c96841286f6e96a32a076398ba95,61-62,36,subtotal,Cash flow (used in)/from investing activities,2016-12-31,"(2,007)",1,1,1,1,0,True,True,False,spatial_row_and_column_match
heineken,2017,cash_flow,9bd4a750fe4b871c062b1c64d7198474a2a5c96841286f6e96a32a076398ba95,61-62,37,heading,Financing activities,2017-12-31,,2,0,0,0,0,True,True,False,non_numeric_heading
heineken,2017,cash_flow,9bd4a750fe4b871c062b1c64d7198474a2a5c96841286f6e96a32a076398ba95,61-62,37,heading,Financing activities,2016-12-31,,2,0,0,0,0,True,True,False,non_numeric_heading
heineken,2017,cash_flow,9bd4a750fe4b871c062b1c64d7198474a2a5c96841286f6e96a32a076398ba95,61-62,38,line_item,Proceeds from loans and borrowings,2017-12-31,"3,268",1,1,1,1,0,True,True,False,spatial_row_and_column_match
heineken,2017,cash_flow,9bd4a750fe4b871c062b1c64d7198474a2a5c96841286f6e96a32a076398ba95,61-62,38,line_item,Proceeds from loans and borrowings,2016-12-31,"1,670",1,1,1,1,0,True,True,False,spatial_row_and_column_match
heineken,2017,cash_flow,9bd4a750fe4b871c062b1c64d7198474a2a5c96841286f6e96a32a076398ba95,61-62,39,line_item,Repayment of loans and borrowings,2017-12-31,"(3,205)",1,1,1,1,0,True,True,False,spatial_row_and_column_match
heineken,2017,cash_flow,9bd4a750fe4b871c062b1c64d7198474a2a5c96841286f6e96a32a076398ba95,61-62,39,line_item,Repayment of loans and borrowings,2016-12-31,"(1,001)",1,1,1,1,0,True,True,False,spatial_row_and_column_match
heineken,2017,cash_flow,9bd4a750fe4b871c062b1c64d7198474a2a5c96841286f6e96a32a076398ba95,61-62,40,line_item,Dividends paid,2017-12-31,"(1,011)",1,1,1,1,0,True,True,False,spatial_row_and_column_match
heineken,2017,cash_flow,9bd4a750fe4b871c062b1c64d7198474a2a5c96841286f6e96a32a076398ba95,61-62,40,line_item,Dividends paid,2016-12-31,"(1,031)",1,1,1,1,0,True,True,False,spatial_row_and_column_match
heineken,2017,cash_flow,9bd4a750fe4b871c062b1c64d7198474a2a5c96841286f6e96a32a076398ba95,61-62,41,line_item,Purchase own shares and shares issued,2017-12-31,–,1,14,1,1,0,True,True,False,spatial_row_and_column_match
heineken,2017,cash_flow,9bd4a750fe4b871c062b1c64d7198474a2a5c96841286f6e96a32a076398ba95,61-62,41,line_item,Purchase own shares and shares issued,2016-12-31,(31),1,4,1,1,0,True,True,False,spatial_row_and_column_match
heineken,2017,cash_flow,9bd4a750fe4b871c062b1c64d7198474a2a5c96841286f6e96a32a076398ba95,61-62,42,line_item,Acquisition of non-controlling interests,2017-12-31,(18),1,1,1,1,0,True,True,False,spatial_row_and_column_match
heineken,2017,cash_flow,9bd4a750fe4b871c062b1c64d7198474a2a5c96841286f6e96a32a076398ba95,61-62,42,line_item,Acquisition of non-controlling interests,2016-12-31,(294),1,1,1,1,0,True,True,False,spatial_row_and_column_match
heineken,2017,cash_flow,9bd4a750fe4b871c062b1c64d7198474a2a5c96841286f6e96a32a076398ba95,61-62,43,line_item,Other,2017-12-31,–,9,14,4,3,1,True,True,False,spatial_row_and_column_match
heineken,2017,cash_flow,9bd4a750fe4b871c062b1c64d7198474a2a5c96841286f6e96a32a076398ba95,61-62,43,line_item,Other,2016-12-31,15,9,2,1,1,0,True,True,False,spatial_row_and_column_match
heineken,2017,cash_flow,9bd4a750fe4b871c062b1c64d7198474a2a5c96841286f6e96a32a076398ba95,61-62,44,subtotal,Cash flow (used in)/from financing activities,2017-12-31,(966),1,1,1,1,0,True,True,False,spatial_row_and_column_match
heineken,2017,cash_flow,9bd4a750fe4b871c062b1c64d7198474a2a5c96841286f6e96a32a076398ba95,61-62,44,subtotal,Cash flow (used in)/from financing activities,2016-12-31,(672),1,1,1,1,0,True,True,False,spatial_row_and_column_match
heineken,2017,cash_flow,9bd4a750fe4b871c062b1c64d7198474a2a5c96841286f6e96a32a076398ba95,61-62,45,total,Net cash flow,2017-12-31,(49),1,1,1,1,0,True,True,False,spatial_row_and_column_match
heineken,2017,cash_flow,9bd4a750fe4b871c062b1c64d7198474a2a5c96841286f6e96a32a076398ba95,61-62,45,total,Net cash flow,2016-12-31,"1,039",1,1,1,1,0,True,True,False,spatial_row_and_column_match
heineken,2017,cash_flow,9bd4a750fe4b871c062b1c64d7198474a2a5c96841286f6e96a32a076398ba95,61-62,46,line_item,Cash and cash equivalents as at 1 January,2017-12-31,"1,366",1,2,1,1,0,True,True,False,spatial_row_and_column_match
heineken,2017,cash_flow,9bd4a750fe4b871c062b1c64d7198474a2a5c96841286f6e96a32a076398ba95,61-62,46,line_item,Cash and cash equivalents as at 1 January,2016-12-31,282,1,1,1,1,0,True,True,False,spatial_row_and_column_match
heineken,2017,cash_flow,9bd4a750fe4b871c062b1c64d7198474a2a5c96841286f6e96a32a076398ba95,61-62,47,line_item,Effect of movements in exchange rates,2017-12-31,(140),1,1,1,1,0,True,True,False,spatial_row_and_column_match
heineken,2017,cash_flow,9bd4a750fe4b871c062b1c64d7198474a2a5c96841286f6e96a32a076398ba95,61-62,47,line_item,Effect of movements in exchange rates,2016-12-31,45,1,1,1,1,0,True,True,False,spatial_row_and_column_match
heineken,2017,cash_flow,9bd4a750fe4b871c062b1c64d7198474a2a5c96841286f6e96a32a076398ba95,61-62,48,total,Cash and cash equivalents as at 31 December,2017-12-31,"1,177",1,1,1,1,0,True,True,False,spatial_row_and_column_match
heineken,2017,cash_flow,9bd4a750fe4b871c062b1c64d7198474a2a5c96841286f6e96a32a076398ba95,61-62,48,total,Cash and cash equivalents as at 31 December,2016-12-31,"1,366",1,2,1,1,0,True,True,False,spatial_row_and_column_match
heineken,2019,income_statement,cca80d203bfccb86a381b20bb7641ad3f24ee218104fed0e07d230020484e494,64,1,line_item,Revenue,2019-12-31,"28,521",2,1,1,1,0,True,True,False,spatial_row_and_column_match
heineken,2019,income_statement,cca80d203bfccb86a381b20bb7641ad3f24ee218104fed0e07d230020484e494,64,1,line_item,Revenue,2018-12-31,"26,811",2,1,1,1,0,True,True,False,spatial_row_and_column_match
heineken,2019,income_statement,cca80d203bfccb86a381b20bb7641ad3f24ee218104fed0e07d230020484e494,64,2,line_item,Excise tax expense,2019-12-31,"(4,552)",1,1,1,1,0,True,True,False,spatial_row_and_column_match
heineken,2019,income_statement,cca80d203bfccb86a381b20bb7641ad3f24ee218104fed0e07d230020484e494,64,2,line_item,Excise tax expense,2018-12-31,"(4,322)",1,1,1,1,0,True,True,False,spatial_row_and_column_match
heineken,2019,income_statement,cca80d203bfccb86a381b20bb7641ad3f24ee218104fed0e07d230020484e494,64,3,subtotal,Net revenue,2019-12-31,"23,969",1,1,1,1,0,True,True,False,spatial_row_and_column_match
heineken,2019,income_statement,cca80d203bfccb86a381b20bb7641ad3f24ee218104fed0e07d230020484e494,64,3,subtotal,Net revenue,2018-12-31,"22,489",1,1,1,1,0,True,True,False,spatial_row_and_column_match
heineken,2019,income_statement,cca80d203bfccb86a381b20bb7641ad3f24ee218104fed0e07d230020484e494,64,4,line_item,Other income,2019-12-31,95,1,1,1,1,0,True,True,False,spatial_row_and_column_match
heineken,2019,income_statement,cca80d203bfccb86a381b20bb7641ad3f24ee218104fed0e07d230020484e494,64,4,line_item,Other income,2018-12-31,75,1,2,1,1,0,True,True,False,spatial_row_and_column_match
heineken,2019,income_statement,cca80d203bfccb86a381b20bb7641ad3f24ee218104fed0e07d230020484e494,64,5,line_item,"Raw materials, consumables and services",2019-12-31,"(14,592)",1,1,1,1,0,True,True,False,spatial_row_and_column_match
heineken,2019,income_statement,cca80d203bfccb86a381b20bb7641ad3f24ee218104fed0e07d230020484e494,64,5,line_item,"Raw materials, consumables and services",2018-12-31,"(14,001)",1,1,1,1,0,True,True,False,spatial_row_and_column_match
heineken,2019,income_statement,cca80d203bfccb86a381b20bb7641ad3f24ee218104fed0e07d230020484e494,64,6,line_item,Personnel expenses,2019-12-31,"(3,880)",1,1,1,1,0,True,True,False,spatial_row_and_column_match
heineken,2019,income_statement,cca80d203bfccb86a381b20bb7641ad3f24ee218104fed0e07d230020484e494,64,6,line_item,Personnel expenses,2018-12-31,"(3,749)",1,1,1,1,0,True,True,False,spatial_row_and_column_match
heineken,2019,income_statement,cca80d203bfccb86a381b20bb7641ad3f24ee218104fed0e07d230020484e494,64,7,line_item,"Amortisation, depreciation and impairments",2019-12-31,"(1,959)",1,1,1,1,0,True,True,False,spatial_row_and_column_match
heineken,2019,income_statement,cca80d203bfccb86a381b20bb7641ad3f24ee218104fed0e07d230020484e494,64,7,line_item,"Amortisation, depreciation and impairments",2018-12-31,"(1,693)",1,1,1,1,0,True,True,False,spatial_row_and_column_match
heineken,2019,income_statement,cca80d203bfccb86a381b20bb7641ad3f24ee218104fed0e07d230020484e494,64,8,subtotal,Total other expenses,2019-12-31,"(20,431)",1,1,1,1,0,True,True,False,spatial_row_and_column_match
heineken,2019,income_statement,cca80d203bfccb86a381b20bb7641ad3f24ee218104fed0e07d230020484e494,64,8,subtotal,Total other expenses,2018-12-31,"(19,443)",1,1,1,1,0,True,True,False,spatial_row_and_column_match
heineken,2019,income_statement,cca80d203bfccb86a381b20bb7641ad3f24ee218104fed0e07d230020484e494,64,9,subtotal,Operating profit,2019-12-31,"3,633",1,1,1,1,0,True,True,False,spatial_row_and_column_match
heineken,2019,income_statement,cca80d203bfccb86a381b20bb7641ad3f24ee218104fed0e07d230020484e494,64,9,subtotal,Operating profit,2018-12-31,"3,121",1,1,1,1,0,True,True,False,spatial_row_and_column_match
heineken,2019,income_statement,cca80d203bfccb86a381b20bb7641ad3f24ee218104fed0e07d230020484e494,64,10,line_item,Interest income,2019-12-31,75,1,2,1,1,0,True,True,False,spatial_row_and_column_match
heineken,2019,income_statement,cca80d203bfccb86a381b20bb7641ad3f24ee218104fed0e07d230020484e494,64,10,line_item,Interest income,2018-12-31,71,1,1,1,1,0,True,True,False,spatial_row_and_column_match
heineken,2019,income_statement,cca80d203bfccb86a381b20bb7641ad3f24ee218104fed0e07d230020484e494,64,11,line_item,Interest expenses,2019-12-31,(529),1,1,1,1,0,True,True,False,spatial_row_and_column_match
heineken,2019,income_statement,cca80d203bfccb86a381b20bb7641ad3f24ee218104fed0e07d230020484e494,64,11,line_item,Interest expenses,2018-12-31,(492),1,1,1,1,0,True,True,False,spatial_row_and_column_match
heineken,2019,income_statement,cca80d203bfccb86a381b20bb7641ad3f24ee218104fed0e07d230020484e494,64,12,line_item,Other net finance income/(expenses),2019-12-31,(59),1,1,1,1,0,True,True,False,spatial_row_and_column_match
heineken,2019,income_statement,cca80d203bfccb86a381b20bb7641ad3f24ee218104fed0e07d230020484e494,64,12,line_item,Other net finance income/(expenses),2018-12-31,(64),1,4,1,1,0,True,True,False,spatial_row_and_column_match
heineken,2019,income_statement,cca80d203bfccb86a381b20bb7641ad3f24ee218104fed0e07d230020484e494,64,13,subtotal,Net finance expenses,2019-12-31,(513),1,1,1,1,0,True,True,False,spatial_row_and_column_match
heineken,2019,income_statement,cca80d203bfccb86a381b20bb7641ad3f24ee218104fed0e07d230020484e494,64,13,subtotal,Net finance expenses,2018-12-31,(485),1,1,1,1,0,True,True,False,spatial_row_and_column_match
heineken,2019,income_statement,cca80d203bfccb86a381b20bb7641ad3f24ee218104fed0e07d230020484e494,64,14,line_item,Share of profit of associates and joint ventures,2019-12-31,164,1,1,1,1,0,True,True,False,spatial_row_and_column_match
heineken,2019,income_statement,cca80d203bfccb86a381b20bb7641ad3f24ee218104fed0e07d230020484e494,64,14,line_item,Share of profit of associates and joint ventures,2018-12-31,210,1,2,1,1,0,True,True,False,spatial_row_and_column_match
heineken,2019,income_statement,cca80d203bfccb86a381b20bb7641ad3f24ee218104fed0e07d230020484e494,64,15,subtotal,Profit before income tax,2019-12-31,"3,284",1,1,1,1,0,True,True,False,spatial_row_and_column_match
heineken,2019,income_statement,cca80d203bfccb86a381b20bb7641ad3f24ee218104fed0e07d230020484e494,64,15,subtotal,Profit before income tax,2018-12-31,"2,846",1,1,1,1,0,True,True,False,spatial_row_and_column_match
heineken,2019,income_statement,cca80d203bfccb86a381b20bb7641ad3f24ee218104fed0e07d230020484e494,64,16,line_item,Income tax expense,2019-12-31,(910),1,1,1,1,0,True,True,False,spatial_row_and_column_match
heineken,2019,income_statement,cca80d203bfccb86a381b20bb7641ad3f24ee218104fed0e07d230020484e494,64,16,line_item,Income tax expense,2018-12-31,(741),1,1,1,1,0,True,True,False,spatial_row_and_column_match
heineken,2019,income_statement,cca80d203bfccb86a381b20bb7641ad3f24ee218104fed0e07d230020484e494,64,17,total,Profit,2019-12-31,"2,374",10,3,3,3,0,True,True,False,spatial_row_and_column_match
heineken,2019,income_statement,cca80d203bfccb86a381b20bb7641ad3f24ee218104fed0e07d230020484e494,64,17,total,Profit,2018-12-31,"2,105",10,3,3,3,0,True,True,False,spatial_row_and_column_match
heineken,2019,income_statement,cca80d203bfccb86a381b20bb7641ad3f24ee218104fed0e07d230020484e494,64,19,line_item,Shareholders of the Company (net profit),2019-12-31,"2,166",1,1,1,1,0,True,True,False,spatial_row_and_column_match
heineken,2019,income_statement,cca80d203bfccb86a381b20bb7641ad3f24ee218104fed0e07d230020484e494,64,19,line_item,Shareholders of the Company (net profit),2018-12-31,"1,913",1,1,1,1,0,True,True,False,spatial_row_and_column_match
heineken,2019,income_statement,cca80d203bfccb86a381b20bb7641ad3f24ee218104fed0e07d230020484e494,64,20,line_item,Non-controlling interests,2019-12-31,208,2,1,1,1,0,True,True,False,spatial_row_and_column_match
heineken,2019,income_statement,cca80d203bfccb86a381b20bb7641ad3f24ee218104fed0e07d230020484e494,64,20,line_item,Non-controlling interests,2018-12-31,192,2,1,1,1,0,True,True,False,spatial_row_and_column_match
heineken,2019,income_statement,cca80d203bfccb86a381b20bb7641ad3f24ee218104fed0e07d230020484e494,64,21,total,Profit,2019-12-31,"2,374",10,3,3,3,0,True,True,False,spatial_row_and_column_match
heineken,2019,income_statement,cca80d203bfccb86a381b20bb7641ad3f24ee218104fed0e07d230020484e494,64,21,total,Profit,2018-12-31,"2,105",10,3,3,3,0,True,True,False,spatial_row_and_column_match
heineken,2019,income_statement,cca80d203bfccb86a381b20bb7641ad3f24ee218104fed0e07d230020484e494,64,22,line_item,Weighted average number of shares – basic,2019-12-31,"573,643,551",1,1,1,1,0,True,True,False,spatial_row_and_column_match
heineken,2019,income_statement,cca80d203bfccb86a381b20bb7641ad3f24ee218104fed0e07d230020484e494,64,22,line_item,Weighted average number of shares – basic,2018-12-31,"570,146,069",1,1,1,1,0,True,True,False,spatial_row_and_column_match
heineken,2019,income_statement,cca80d203bfccb86a381b20bb7641ad3f24ee218104fed0e07d230020484e494,64,23,line_item,Weighted average number of shares – diluted,2019-12-31,"574,217,111",1,1,1,1,0,True,True,False,spatial_row_and_column_match
heineken,2019,income_statement,cca80d203bfccb86a381b20bb7641ad3f24ee218104fed0e07d230020484e494,64,23,line_item,Weighted average number of shares – diluted,2018-12-31,"570,663,632",1,1,1,1,0,True,True,False,spatial_row_and_column_match
heineken,2019,income_statement,cca80d203bfccb86a381b20bb7641ad3f24ee218104fed0e07d230020484e494,64,24,line_item,Basic earnings per share (€),2019-12-31,3.78,1,1,1,1,0,True,True,False,spatial_row_and_column_match
heineken,2019,income_statement,cca80d203bfccb86a381b20bb7641ad3f24ee218104fed0e07d230020484e494,64,24,line_item,Basic earnings per share (€),2018-12-31,3.36,1,1,1,1,0,True,True,False,spatial_row_and_column_match
heineken,2019,income_statement,cca80d203bfccb86a381b20bb7641ad3f24ee218104fed0e07d230020484e494,64,25,line_item,Diluted earnings per share (€),2019-12-31,3.77,1,1,1,1,0,True,True,False,spatial_row_and_column_match
heineken,2019,income_statement,cca80d203bfccb86a381b20bb7641ad3f24ee218104fed0e07d230020484e494,64,25,line_item,Diluted earnings per share (€),2018-12-31,3.35,1,1,1,1,0,True,True,False,spatial_row_and_column_match
heineken,2019,balance_sheet,cca80d203bfccb86a381b20bb7641ad3f24ee218104fed0e07d230020484e494,65,1,line_item,Intangible assets,2019-12-31,"17,769",1,1,1,1,0,True,True,False,spatial_row_and_column_match
heineken,2019,balance_sheet,cca80d203bfccb86a381b20bb7641ad3f24ee218104fed0e07d230020484e494,65,1,line_item,Intangible assets,2018-12-31,"17,459",1,1,1,1,0,True,True,False,spatial_row_and_column_match
heineken,2019,balance_sheet,cca80d203bfccb86a381b20bb7641ad3f24ee218104fed0e07d230020484e494,65,2,line_item,Shareholders’ equity,2019-12-31,"16,147",1,1,1,1,0,True,True,False,spatial_row_and_column_match
heineken,2019,balance_sheet,cca80d203bfccb86a381b20bb7641ad3f24ee218104fed0e07d230020484e494,65,2,line_item,Shareholders’ equity,2018-12-31,"14,525",1,1,1,1,0,True,True,False,spatial_row_and_column_match
heineken,2019,balance_sheet,cca80d203bfccb86a381b20bb7641ad3f24ee218104fed0e07d230020484e494,65,3,line_item,"Property, plant and equipment",2019-12-31,"13,269",1,1,1,1,0,True,True,False,spatial_row_and_column_match
heineken,2019,balance_sheet,cca80d203bfccb86a381b20bb7641ad3f24ee218104fed0e07d230020484e494,65,3,line_item,"Property, plant and equipment",2018-12-31,"11,359",1,1,1,1,0,True,True,False,spatial_row_and_column_match
heineken,2019,balance_sheet,cca80d203bfccb86a381b20bb7641ad3f24ee218104fed0e07d230020484e494,65,4,line_item,Non-controlling interests,2019-12-31,"1,164",1,1,1,1,0,True,True,False,spatial_row_and_column_match
heineken,2019,balance_sheet,cca80d203bfccb86a381b20bb7641ad3f24ee218104fed0e07d230020484e494,65,4,line_item,Non-controlling interests,2018-12-31,"1,183",1,1,1,1,0,True,True,False,spatial_row_and_column_match
heineken,2019,balance_sheet,cca80d203bfccb86a381b20bb7641ad3f24ee218104fed0e07d230020484e494,65,5,line_item,Investments in associates and joint ventures,2019-12-31,"4,868",1,1,1,1,0,True,True,False,spatial_row_and_column_match
heineken,2019,balance_sheet,cca80d203bfccb86a381b20bb7641ad3f24ee218104fed0e07d230020484e494,65,5,line_item,Investments in associates and joint ventures,2018-12-31,"2,021",1,1,1,1,0,True,True,False,spatial_row_and_column_match
heineken,2019,balance_sheet,cca80d203bfccb86a381b20bb7641ad3f24ee218104fed0e07d230020484e494,65,6,subtotal,Total equity,2019-12-31,"17,311",2,1,1,1,0,True,True,False,spatial_row_and_column_match
heineken,2019,balance_sheet,cca80d203bfccb86a381b20bb7641ad3f24ee218104fed0e07d230020484e494,65,6,subtotal,Total equity,2018-12-31,"15,708",2,1,1,1,0,True,True,False,spatial_row_and_column_match
heineken,2019,balance_sheet,cca80d203bfccb86a381b20bb7641ad3f24ee218104fed0e07d230020484e494,65,7,line_item,Loans and advances to customers,2019-12-31,277,1,1,1,1,0,True,True,False,spatial_row_and_column_match
heineken,2019,balance_sheet,cca80d203bfccb86a381b20bb7641ad3f24ee218104fed0e07d230020484e494,65,7,line_item,Loans and advances to customers,2018-12-31,341,1,1,1,1,0,True,True,False,spatial_row_and_column_match
heineken,2019,balance_sheet,cca80d203bfccb86a381b20bb7641ad3f24ee218104fed0e07d230020484e494,65,8,line_item,Deferred tax assets,2019-12-31,647,1,1,1,1,0,True,True,False,spatial_row_and_column_match
heineken,2019,balance_sheet,cca80d203bfccb86a381b20bb7641ad3f24ee218104fed0e07d230020484e494,65,8,line_item,Deferred tax assets,2018-12-31,626,1,1,1,1,0,True,True,False,spatial_row_and_column_match
heineken,2019,balance_sheet,cca80d203bfccb86a381b20bb7641ad3f24ee218104fed0e07d230020484e494,65,9,line_item,Borrowings,2019-12-31,"13,366",2,1,1,1,0,True,True,False,spatial_row_and_column_match
heineken,2019,balance_sheet,cca80d203bfccb86a381b20bb7641ad3f24ee218104fed0e07d230020484e494,65,9,line_item,Borrowings,2018-12-31,"12,628",2,1,1,1,0,True,True,False,spatial_row_and_column_match
heineken,2019,balance_sheet,cca80d203bfccb86a381b20bb7641ad3f24ee218104fed0e07d230020484e494,65,10,line_item,Other non-current assets,2019-12-31,"1,255",1,1,1,1,0,True,True,False,spatial_row_and_column_match
heineken,2019,balance_sheet,cca80d203bfccb86a381b20bb7641ad3f24ee218104fed0e07d230020484e494,65,10,line_item,Other non-current assets,2018-12-31,"1,220",1,1,1,1,0,True,True,False,spatial_row_and_column_match
heineken,2019,balance_sheet,cca80d203bfccb86a381b20bb7641ad3f24ee218104fed0e07d230020484e494,65,11,line_item,Post-retirement obligations,2019-12-31,"1,189",1,1,1,1,0,True,True,False,spatial_row_and_column_match
heineken,2019,balance_sheet,cca80d203bfccb86a381b20bb7641ad3f24ee218104fed0e07d230020484e494,65,11,line_item,Post-retirement obligations,2018-12-31,954,1,1,1,1,0,True,True,False,spatial_row_and_column_match
heineken,2019,balance_sheet,cca80d203bfccb86a381b20bb7641ad3f24ee218104fed0e07d230020484e494,65,12,subtotal,Total non-current assets,2019-12-31,"38,085",1,1,1,1,0,True,True,False,spatial_row_and_column_match
heineken,2019,balance_sheet,cca80d203bfccb86a381b20bb7641ad3f24ee218104fed0e07d230020484e494,65,12,subtotal,Total non-current assets,2018-12-31,"33,026",1,1,1,1,0,True,True,False,spatial_row_and_column_match
heineken,2019,balance_sheet,cca80d203bfccb86a381b20bb7641ad3f24ee218104fed0e07d230020484e494,65,13,line_item,Provisions,2019-12-31,756,2,1,1,1,0,True,True,False,spatial_row_and_column_match
heineken,2019,balance_sheet,cca80d203bfccb86a381b20bb7641ad3f24ee218104fed0e07d230020484e494,65,13,line_item,Provisions,2018-12-31,833,2,1,1,1,0,True,True,False,spatial_row_and_column_match
heineken,2019,balance_sheet,cca80d203bfccb86a381b20bb7641ad3f24ee218104fed0e07d230020484e494,65,14,line_item,Deferred tax liabilities,2019-12-31,"1,422",1,1,1,1,0,True,True,False,spatial_row_and_column_match
heineken,2019,balance_sheet,cca80d203bfccb86a381b20bb7641ad3f24ee218104fed0e07d230020484e494,65,14,line_item,Deferred tax liabilities,2018-12-31,"1,431",1,1,1,1,0,True,True,False,spatial_row_and_column_match
heineken,2019,balance_sheet,cca80d203bfccb86a381b20bb7641ad3f24ee218104fed0e07d230020484e494,65,15,line_item,Other non-current liabilities,2019-12-31,153,1,1,1,1,0,True,True,False,spatial_row_and_column_match
heineken,2019,balance_sheet,cca80d203bfccb86a381b20bb7641ad3f24ee218104fed0e07d230020484e494,65,15,line_item,Other non-current liabilities,2018-12-31,168,1,1,1,1,0,True,True,False,spatial_row_and_column_match
heineken,2019,balance_sheet,cca80d203bfccb86a381b20bb7641ad3f24ee218104fed0e07d230020484e494,65,16,subtotal,Total non-current liabilities,2019-12-31,"16,886",1,1,1,1,0,True,True,False,spatial_row_and_column_match
heineken,2019,balance_sheet,cca80d203bfccb86a381b20bb7641ad3f24ee218104fed0e07d230020484e494,65,16,subtotal,Total non-current liabilities,2018-12-31,"16,014",1,1,1,1,0,True,True,False,spatial_row_and_column_match
heineken,2019,balance_sheet,cca80d203bfccb86a381b20bb7641ad3f24ee218104fed0e07d230020484e494,65,17,line_item,Inventories,2019-12-31,"2,213",1,1,1,1,0,True,True,False,spatial_row_and_column_match
heineken,2019,balance_sheet,cca80d203bfccb86a381b20bb7641ad3f24ee218104fed0e07d230020484e494,65,17,line_item,Inventories,2018-12-31,"1,920",1,1,1,1,0,True,True,False,spatial_row_and_column_match
heineken,2019,balance_sheet,cca80d203bfccb86a381b20bb7641ad3f24ee218104fed0e07d230020484e494,65,18,line_item,Trade and other receivables,2019-12-31,"4,123",1,1,1,1,0,True,True,False,spatial_row_and_column_match
heineken,2019,balance_sheet,cca80d203bfccb86a381b20bb7641ad3f24ee218104fed0e07d230020484e494,65,18,line_item,Trade and other receivables,2018-12-31,"3,795",1,1,1,1,0,True,True,False,spatial_row_and_column_match
heineken,2019,balance_sheet,cca80d203bfccb86a381b20bb7641ad3f24ee218104fed0e07d230020484e494,65,19,line_item,Current tax assets,2019-12-31,123,1,1,1,1,0,True,True,False,spatial_row_and_column_match
heineken,2019,balance_sheet,cca80d203bfccb86a381b20bb7641ad3f24ee218104fed0e07d230020484e494,65,19,line_item,Current tax assets,2018-12-31,71,1,2,1,1,0,True,True,False,spatial_row_and_column_match
heineken,2019,balance_sheet,cca80d203bfccb86a381b20bb7641ad3f24ee218104fed0e07d230020484e494,65,20,line_item,Derivative assets,2019-12-31,28,1,1,1,1,0,True,True,False,spatial_row_and_column_match
heineken,2019,balance_sheet,cca80d203bfccb86a381b20bb7641ad3f24ee218104fed0e07d230020484e494,65,20,line_item,Derivative assets,2018-12-31,35,1,1,1,1,0,True,True,False,spatial_row_and_column_match
heineken,2019,balance_sheet,cca80d203bfccb86a381b20bb7641ad3f24ee218104fed0e07d230020484e494,65,21,line_item,Cash and cash equivalents,2019-12-31,"1,821",1,1,1,1,0,True,True,False,spatial_row_and_column_match
heineken,2019,balance_sheet,cca80d203bfccb86a381b20bb7641ad3f24ee218104fed0e07d230020484e494,65,21,line_item,Cash and cash equivalents,2018-12-31,"2,903",1,1,1,1,0,True,True,False,spatial_row_and_column_match
heineken,2019,balance_sheet,cca80d203bfccb86a381b20bb7641ad3f24ee218104fed0e07d230020484e494,65,22,line_item,Assets classified as held for sale,2019-12-31,111,2,1,1,1,0,True,True,False,spatial_row_and_column_match
heineken,2019,balance_sheet,cca80d203bfccb86a381b20bb7641ad3f24ee218104fed0e07d230020484e494,65,22,line_item,Assets classified as held for sale,2018-12-31,401,2,1,1,1,0,True,True,False,spatial_row_and_column_match
heineken,2019,balance_sheet,cca80d203bfccb86a381b20bb7641ad3f24ee218104fed0e07d230020484e494,65,23,subtotal,Total current assets,2019-12-31,"8,419",1,1,1,1,0,True,True,False,spatial_row_and_column_match
heineken,2019,balance_sheet,cca80d203bfccb86a381b20bb7641ad3f24ee218104fed0e07d230020484e494,65,23,subtotal,Total current assets,2018-12-31,"9,125",1,1,1,1,0,True,True,False,spatial_row_and_column_match
heineken,2019,balance_sheet,cca80d203bfccb86a381b20bb7641ad3f24ee218104fed0e07d230020484e494,65,24,line_item,Borrowings,2019-12-31,"3,686",2,1,1,1,0,True,True,False,spatial_row_and_column_match
heineken,2019,balance_sheet,cca80d203bfccb86a381b20bb7641ad3f24ee218104fed0e07d230020484e494,65,24,line_item,Borrowings,2018-12-31,"2,358",2,1,1,1,0,True,True,False,spatial_row_and_column_match
heineken,2019,balance_sheet,cca80d203bfccb86a381b20bb7641ad3f24ee218104fed0e07d230020484e494,65,25,line_item,Trade and other payables,2019-12-31,"7,520",1,1,1,1,0,True,True,False,spatial_row_and_column_match
heineken,2019,balance_sheet,cca80d203bfccb86a381b20bb7641ad3f24ee218104fed0e07d230020484e494,65,25,line_item,Trade and other payables,2018-12-31,"6,891",1,1,1,1,0,True,True,False,spatial_row_and_column_match
heineken,2019,balance_sheet,cca80d203bfccb86a381b20bb7641ad3f24ee218104fed0e07d230020484e494,65,26,line_item,Returnable packaging deposits,2019-12-31,565,1,1,1,1,0,True,True,False,spatial_row_and_column_match
heineken,2019,balance_sheet,cca80d203bfccb86a381b20bb7641ad3f24ee218104fed0e07d230020484e494,65,26,line_item,Returnable packaging deposits,2018-12-31,569,1,1,1,1,0,True,True,False,spatial_row_and_column_match
heineken,2019,balance_sheet,cca80d203bfccb86a381b20bb7641ad3f24ee218104fed0e07d230020484e494,65,27,line_item,Provisions,2019-12-31,184,2,1,1,1,0,True,True,False,spatial_row_and_column_match
heineken,2019,balance_sheet,cca80d203bfccb86a381b20bb7641ad3f24ee218104fed0e07d230020484e494,65,27,line_item,Provisions,2018-12-31,164,2,1,1,1,0,True,True,False,spatial_row_and_column_match
heineken,2019,balance_sheet,cca80d203bfccb86a381b20bb7641ad3f24ee218104fed0e07d230020484e494,65,28,line_item,Current tax liabilities,2019-12-31,283,1,1,1,1,0,True,True,False,spatial_row_and_column_match
heineken,2019,balance_sheet,cca80d203bfccb86a381b20bb7641ad3f24ee218104fed0e07d230020484e494,65,28,line_item,Current tax liabilities,2018-12-31,245,1,1,1,1,0,True,True,False,spatial_row_and_column_match
heineken,2019,balance_sheet,cca80d203bfccb86a381b20bb7641ad3f24ee218104fed0e07d230020484e494,65,29,line_item,Derivative liabilities,2019-12-31,69,1,1,1,1,0,True,True,False,spatial_row_and_column_match
heineken,2019,balance_sheet,cca80d203bfccb86a381b20bb7641ad3f24ee218104fed0e07d230020484e494,65,29,line_item,Derivative liabilities,2018-12-31,70,1,1,1,1,0,True,True,False,spatial_row_and_column_match
heineken,2019,balance_sheet,cca80d203bfccb86a381b20bb7641ad3f24ee218104fed0e07d230020484e494,65,30,line_item,Liabilities associated with assets classified as held for sale,2019-12-31,–,1,11,1,1,0,True,True,False,spatial_row_and_column_match
heineken,2019,balance_sheet,cca80d203bfccb86a381b20bb7641ad3f24ee218104fed0e07d230020484e494,65,30,line_item,Liabilities associated with assets classified as held for sale,2018-12-31,132,1,1,1,1,0,True,True,False,spatial_row_and_column_match
heineken,2019,balance_sheet,cca80d203bfccb86a381b20bb7641ad3f24ee218104fed0e07d230020484e494,65,31,subtotal,Total current liabilities,2019-12-31,"12,307",1,1,1,1,0,True,True,False,spatial_row_and_column_match
heineken,2019,balance_sheet,cca80d203bfccb86a381b20bb7641ad3f24ee218104fed0e07d230020484e494,65,31,subtotal,Total current liabilities,2018-12-31,"10,429",1,1,1,1,0,True,True,False,spatial_row_and_column_match
heineken,2019,balance_sheet,cca80d203bfccb86a381b20bb7641ad3f24ee218104fed0e07d230020484e494,65,32,total,Total assets,2019-12-31,"46,504",1,2,2,2,0,True,True,False,spatial_row_and_column_match
heineken,2019,balance_sheet,cca80d203bfccb86a381b20bb7641ad3f24ee218104fed0e07d230020484e494,65,32,total,Total assets,2018-12-31,"42,151",1,2,2,2,0,True,True,False,spatial_row_and_column_match
heineken,2019,balance_sheet,cca80d203bfccb86a381b20bb7641ad3f24ee218104fed0e07d230020484e494,65,33,total,Total equity and liabilities,2019-12-31,"46,504",1,2,2,2,0,True,True,False,spatial_row_and_column_match
heineken,2019,balance_sheet,cca80d203bfccb86a381b20bb7641ad3f24ee218104fed0e07d230020484e494,65,33,total,Total equity and liabilities,2018-12-31,"42,151",1,2,2,2,0,True,True,False,spatial_row_and_column_match
heineken,2019,cash_flow,cca80d203bfccb86a381b20bb7641ad3f24ee218104fed0e07d230020484e494,66,3,line_item,Profit,2019-12-31,"2,374",2,1,1,1,0,True,True,False,spatial_row_and_column_match
heineken,2019,cash_flow,cca80d203bfccb86a381b20bb7641ad3f24ee218104fed0e07d230020484e494,66,3,line_item,Profit,2018-12-31,"2,105",2,1,1,1,0,True,True,False,spatial_row_and_column_match
heineken,2019,cash_flow,cca80d203bfccb86a381b20bb7641ad3f24ee218104fed0e07d230020484e494,66,4,line_item,"Proceeds from sale of property, plant and equipment and intangible assets",2019-12-31,177,1,1,1,1,0,True,False,False,spatial_row_and_column_match
heineken,2019,cash_flow,cca80d203bfccb86a381b20bb7641ad3f24ee218104fed0e07d230020484e494,66,4,line_item,"Proceeds from sale of property, plant and equipment and intangible assets",2018-12-31,111,1,2,1,1,0,True,False,False,spatial_row_and_column_match
heineken,2019,cash_flow,cca80d203bfccb86a381b20bb7641ad3f24ee218104fed0e07d230020484e494,66,6,line_item,"Amortisation, depreciation and impairments",2019-12-31,"1,959",1,1,1,1,0,True,True,False,spatial_row_and_column_match
heineken,2019,cash_flow,cca80d203bfccb86a381b20bb7641ad3f24ee218104fed0e07d230020484e494,66,6,line_item,"Amortisation, depreciation and impairments",2018-12-31,"1,693",1,1,1,1,0,True,True,False,spatial_row_and_column_match
heineken,2019,cash_flow,cca80d203bfccb86a381b20bb7641ad3f24ee218104fed0e07d230020484e494,66,7,line_item,"Purchase of property, plant and equipment",2019-12-31,"(1,915)",1,1,1,1,0,True,True,False,spatial_row_and_column_match
heineken,2019,cash_flow,cca80d203bfccb86a381b20bb7641ad3f24ee218104fed0e07d230020484e494,66,7,line_item,"Purchase of property, plant and equipment",2018-12-31,"(1,888)",1,1,1,1,0,True,True,False,spatial_row_and_column_match
heineken,2019,cash_flow,cca80d203bfccb86a381b20bb7641ad3f24ee218104fed0e07d230020484e494,66,8,line_item,Net interest expenses,2019-12-31,454,1,1,1,1,0,True,True,False,spatial_row_and_column_match
heineken,2019,cash_flow,cca80d203bfccb86a381b20bb7641ad3f24ee218104fed0e07d230020484e494,66,8,line_item,Net interest expenses,2018-12-31,421,1,1,1,1,0,True,True,False,spatial_row_and_column_match
heineken,2019,cash_flow,cca80d203bfccb86a381b20bb7641ad3f24ee218104fed0e07d230020484e494,66,9,line_item,Purchase of intangible assets,2019-12-31,(186),1,1,1,1,0,True,True,False,spatial_row_and_column_match
heineken,2019,cash_flow,cca80d203bfccb86a381b20bb7641ad3f24ee218104fed0e07d230020484e494,66,9,line_item,Purchase of intangible assets,2018-12-31,(167),1,1,1,1,0,True,True,False,spatial_row_and_column_match
heineken,2019,cash_flow,cca80d203bfccb86a381b20bb7641ad3f24ee218104fed0e07d230020484e494,66,10,line_item,Other income,2019-12-31,(95),1,1,1,1,0,True,True,False,spatial_row_and_column_match
heineken,2019,cash_flow,cca80d203bfccb86a381b20bb7641ad3f24ee218104fed0e07d230020484e494,66,10,line_item,Other income,2018-12-31,(75),1,1,1,1,0,True,True,False,spatial_row_and_column_match
heineken,2019,cash_flow,cca80d203bfccb86a381b20bb7641ad3f24ee218104fed0e07d230020484e494,66,11,line_item,Loans issued to customers and other investments,2019-12-31,(249),1,1,1,1,0,True,True,False,spatial_row_and_column_match
heineken,2019,cash_flow,cca80d203bfccb86a381b20bb7641ad3f24ee218104fed0e07d230020484e494,66,11,line_item,Loans issued to customers and other investments,2018-12-31,(239),1,1,1,1,0,True,True,False,spatial_row_and_column_match
heineken,2019,cash_flow,cca80d203bfccb86a381b20bb7641ad3f24ee218104fed0e07d230020484e494,66,12,line_item,Share of profit of associates and joint ventures and dividend income on fair value through OCI investments,2019-12-31,(173),1,1,1,1,0,True,False,False,spatial_row_and_column_match
heineken,2019,cash_flow,cca80d203bfccb86a381b20bb7641ad3f24ee218104fed0e07d230020484e494,66,12,line_item,Share of profit of associates and joint ventures and dividend income on fair value through OCI investments,2018-12-31,(228),1,1,1,1,0,True,False,False,spatial_row_and_column_match
heineken,2019,cash_flow,cca80d203bfccb86a381b20bb7641ad3f24ee218104fed0e07d230020484e494,66,13,line_item,Repayment on loans to customers and other investments,2019-12-31,64,1,1,1,1,0,True,True,False,spatial_row_and_column_match
heineken,2019,cash_flow,cca80d203bfccb86a381b20bb7641ad3f24ee218104fed0e07d230020484e494,66,13,line_item,Repayment on loans to customers and other investments,2018-12-31,41,1,1,1,1,0,True,True,False,spatial_row_and_column_match
heineken,2019,cash_flow,cca80d203bfccb86a381b20bb7641ad3f24ee218104fed0e07d230020484e494,66,14,line_item,Cash flow (used in)/from operational investing activities,2019-12-31,"(2,109)",1,1,1,1,0,True,True,False,spatial_row_and_column_match
heineken,2019,cash_flow,cca80d203bfccb86a381b20bb7641ad3f24ee218104fed0e07d230020484e494,66,14,line_item,Cash flow (used in)/from operational investing activities,2018-12-31,"(2,142)",1,1,1,1,0,True,True,False,spatial_row_and_column_match
heineken,2019,cash_flow,cca80d203bfccb86a381b20bb7641ad3f24ee218104fed0e07d230020484e494,66,15,line_item,Income tax expenses,2019-12-31,910,1,1,1,1,0,True,True,False,spatial_row_and_column_match
heineken,2019,cash_flow,cca80d203bfccb86a381b20bb7641ad3f24ee218104fed0e07d230020484e494,66,15,line_item,Income tax expenses,2018-12-31,741,1,1,1,1,0,True,True,False,spatial_row_and_column_match
heineken,2019,cash_flow,cca80d203bfccb86a381b20bb7641ad3f24ee218104fed0e07d230020484e494,66,16,line_item,Free operating cash flow,2019-12-31,"2,228",1,1,1,1,0,True,True,False,spatial_row_and_column_match
heineken,2019,cash_flow,cca80d203bfccb86a381b20bb7641ad3f24ee218104fed0e07d230020484e494,66,16,line_item,Free operating cash flow,2018-12-31,"2,246",1,1,1,1,0,True,True,False,spatial_row_and_column_match
heineken,2019,cash_flow,cca80d203bfccb86a381b20bb7641ad3f24ee218104fed0e07d230020484e494,66,17,line_item,Other non-cash items,2019-12-31,240,1,1,1,1,0,True,True,False,spatial_row_and_column_match
heineken,2019,cash_flow,cca80d203bfccb86a381b20bb7641ad3f24ee218104fed0e07d230020484e494,66,17,line_item,Other non-cash items,2018-12-31,201,1,1,1,1,0,True,True,False,spatial_row_and_column_match
heineken,2019,cash_flow,cca80d203bfccb86a381b20bb7641ad3f24ee218104fed0e07d230020484e494,66,18,line_item,"Acquisition of subsidiaries, net of cash acquired",2019-12-31,(183),1,1,1,1,0,True,True,False,spatial_row_and_column_match
heineken,2019,cash_flow,cca80d203bfccb86a381b20bb7641ad3f24ee218104fed0e07d230020484e494,66,18,line_item,"Acquisition of subsidiaries, net of cash acquired",2018-12-31,(70),1,1,1,1,0,True,True,False,spatial_row_and_column_match
heineken,2019,cash_flow,cca80d203bfccb86a381b20bb7641ad3f24ee218104fed0e07d230020484e494,66,19,line_item,Cash flow from operations before changes in working capital and provisions,2019-12-31,"5,669",1,1,1,1,0,True,False,False,spatial_row_and_column_match
heineken,2019,cash_flow,cca80d203bfccb86a381b20bb7641ad3f24ee218104fed0e07d230020484e494,66,19,line_item,Cash flow from operations before changes in working capital and provisions,2018-12-31,"4,858",1,1,1,1,0,True,False,False,spatial_row_and_column_match
heineken,2019,cash_flow,cca80d203bfccb86a381b20bb7641ad3f24ee218104fed0e07d230020484e494,66,20,line_item,"Acquisition of/additions to associates, joint ventures and other investments",2019-12-31,"(2,875)",1,1,1,1,0,True,False,False,spatial_row_and_column_match
heineken,2019,cash_flow,cca80d203bfccb86a381b20bb7641ad3f24ee218104fed0e07d230020484e494,66,20,line_item,"Acquisition of/additions to associates, joint ventures and other investments",2018-12-31,(159),1,1,1,1,0,True,False,False,spatial_row_and_column_match
heineken,2019,cash_flow,cca80d203bfccb86a381b20bb7641ad3f24ee218104fed0e07d230020484e494,66,21,line_item,Change in inventories,2019-12-31,(257),1,1,1,1,0,True,True,False,spatial_row_and_column_match
heineken,2019,cash_flow,cca80d203bfccb86a381b20bb7641ad3f24ee218104fed0e07d230020484e494,66,21,line_item,Change in inventories,2018-12-31,(129),1,1,1,1,0,True,True,False,spatial_row_and_column_match
heineken,2019,cash_flow,cca80d203bfccb86a381b20bb7641ad3f24ee218104fed0e07d230020484e494,66,22,line_item,"Disposal of subsidiaries, net of cash disposed of",2019-12-31,244,1,1,1,1,0,True,True,False,spatial_row_and_column_match
heineken,2019,cash_flow,cca80d203bfccb86a381b20bb7641ad3f24ee218104fed0e07d230020484e494,66,22,line_item,"Disposal of subsidiaries, net of cash disposed of",2018-12-31,15,1,1,1,1,0,True,True,False,spatial_row_and_column_match
heineken,2019,cash_flow,cca80d203bfccb86a381b20bb7641ad3f24ee218104fed0e07d230020484e494,66,23,line_item,Change in trade and other receivables,2019-12-31,(245),1,1,1,1,0,True,True,False,spatial_row_and_column_match
heineken,2019,cash_flow,cca80d203bfccb86a381b20bb7641ad3f24ee218104fed0e07d230020484e494,66,23,line_item,Change in trade and other receivables,2018-12-31,(66),1,3,1,1,0,True,True,False,spatial_row_and_column_match
heineken,2019,cash_flow,cca80d203bfccb86a381b20bb7641ad3f24ee218104fed0e07d230020484e494,66,24,line_item,"Disposal of associates, joint ventures and other investments",2019-12-31,50,1,1,1,1,0,True,True,False,spatial_row_and_column_match
heineken,2019,cash_flow,cca80d203bfccb86a381b20bb7641ad3f24ee218104fed0e07d230020484e494,66,24,line_item,"Disposal of associates, joint ventures and other investments",2018-12-31,1,1,2,1,1,0,True,True,False,spatial_row_and_column_match
heineken,2019,cash_flow,cca80d203bfccb86a381b20bb7641ad3f24ee218104fed0e07d230020484e494,66,25,line_item,Change in trade and other payables and returnable packaging deposits,2019-12-31,510,1,1,1,1,0,True,False,False,spatial_row_and_column_match
heineken,2019,cash_flow,cca80d203bfccb86a381b20bb7641ad3f24ee218104fed0e07d230020484e494,66,25,line_item,Change in trade and other payables and returnable packaging deposits,2018-12-31,908,1,1,1,1,0,True,False,False,spatial_row_and_column_match
heineken,2019,cash_flow,cca80d203bfccb86a381b20bb7641ad3f24ee218104fed0e07d230020484e494,66,26,line_item,Cash flow (used in)/from acquisitions and disposals,2019-12-31,"(2,764)",1,1,1,1,0,True,True,False,spatial_row_and_column_match
heineken,2019,cash_flow,cca80d203bfccb86a381b20bb7641ad3f24ee218104fed0e07d230020484e494,66,26,line_item,Cash flow (used in)/from acquisitions and disposals,2018-12-31,(213),1,1,1,1,0,True,True,False,spatial_row_and_column_match
heineken,2019,cash_flow,cca80d203bfccb86a381b20bb7641ad3f24ee218104fed0e07d230020484e494,66,27,line_item,Cash flow (used in)/from investing activities,2019-12-31,"(4,873)",1,1,1,1,0,True,True,False,spatial_row_and_column_match
heineken,2019,cash_flow,cca80d203bfccb86a381b20bb7641ad3f24ee218104fed0e07d230020484e494,66,27,line_item,Cash flow (used in)/from investing activities,2018-12-31,"(2,355)",1,1,1,1,0,True,True,False,spatial_row_and_column_match
heineken,2019,cash_flow,cca80d203bfccb86a381b20bb7641ad3f24ee218104fed0e07d230020484e494,66,30,line_item,Change in provisions and post-retirement obligations,2019-12-31,(121),1,2,1,1,0,True,True,False,spatial_row_and_column_match
heineken,2019,cash_flow,cca80d203bfccb86a381b20bb7641ad3f24ee218104fed0e07d230020484e494,66,30,line_item,Change in provisions and post-retirement obligations,2018-12-31,(31),1,3,1,1,0,True,True,False,spatial_row_and_column_match
heineken,2019,cash_flow,cca80d203bfccb86a381b20bb7641ad3f24ee218104fed0e07d230020484e494,66,31,line_item,Proceeds from borrowings,2019-12-31,"2,288",1,1,1,1,0,True,True,False,spatial_row_and_column_match
heineken,2019,cash_flow,cca80d203bfccb86a381b20bb7641ad3f24ee218104fed0e07d230020484e494,66,31,line_item,Proceeds from borrowings,2018-12-31,"1,694",1,1,1,1,0,True,True,False,spatial_row_and_column_match
heineken,2019,cash_flow,cca80d203bfccb86a381b20bb7641ad3f24ee218104fed0e07d230020484e494,66,32,line_item,Cash flow from operations,2019-12-31,"5,556",2,1,1,1,0,True,True,False,spatial_row_and_column_match
heineken,2019,cash_flow,cca80d203bfccb86a381b20bb7641ad3f24ee218104fed0e07d230020484e494,66,32,line_item,Cash flow from operations,2018-12-31,"5,540",2,1,1,1,0,True,True,False,spatial_row_and_column_match
heineken,2019,cash_flow,cca80d203bfccb86a381b20bb7641ad3f24ee218104fed0e07d230020484e494,66,33,line_item,Repayment of borrowings,2019-12-31,"(2,150)",1,1,1,1,0,True,True,False,spatial_row_and_column_match
heineken,2019,cash_flow,cca80d203bfccb86a381b20bb7641ad3f24ee218104fed0e07d230020484e494,66,33,line_item,Repayment of borrowings,2018-12-31,"(1,545)",1,1,1,1,0,True,True,False,spatial_row_and_column_match
heineken,2019,cash_flow,cca80d203bfccb86a381b20bb7641ad3f24ee218104fed0e07d230020484e494,66,34,line_item,Interest paid,2019-12-31,(528),1,1,1,1,0,True,True,False,spatial_row_and_column_match
heineken,2019,cash_flow,cca80d203bfccb86a381b20bb7641ad3f24ee218104fed0e07d230020484e494,66,34,line_item,Interest paid,2018-12-31,(555),1,1,1,1,0,True,True,False,spatial_row_and_column_match
heineken,2019,cash_flow,cca80d203bfccb86a381b20bb7641ad3f24ee218104fed0e07d230020484e494,66,35,line_item,Payment of lease commitments,2019-12-31,(259),1,1,1,1,0,True,True,False,spatial_row_and_column_match
heineken,2019,cash_flow,cca80d203bfccb86a381b20bb7641ad3f24ee218104fed0e07d230020484e494,66,35,line_item,Payment of lease commitments,2018-12-31,–,1,11,1,1,0,True,True,False,spatial_row_and_column_match
heineken,2019,cash_flow,cca80d203bfccb86a381b20bb7641ad3f24ee218104fed0e07d230020484e494,66,36,line_item,Interest received,2019-12-31,52,1,1,1,1,0,True,True,False,spatial_row_and_column_match
heineken,2019,cash_flow,cca80d203bfccb86a381b20bb7641ad3f24ee218104fed0e07d230020484e494,66,36,line_item,Interest received,2018-12-31,118,1,1,1,1,0,True,True,False,spatial_row_and_column_match
heineken,2019,cash_flow,cca80d203bfccb86a381b20bb7641ad3f24ee218104fed0e07d230020484e494,66,37,line_item,Dividends paid,2019-12-31,"(1,223)",1,1,1,1,0,True,True,False,spatial_row_and_column_match
heineken,2019,cash_flow,cca80d203bfccb86a381b20bb7641ad3f24ee218104fed0e07d230020484e494,66,37,line_item,Dividends paid,2018-12-31,"(1,090)",1,1,1,1,0,True,True,False,spatial_row_and_column_match
heineken,2019,cash_flow,cca80d203bfccb86a381b20bb7641ad3f24ee218104fed0e07d230020484e494,66,38,line_item,Dividends received,2019-12-31,181,1,1,1,1,0,True,True,False,spatial_row_and_column_match
heineken,2019,cash_flow,cca80d203bfccb86a381b20bb7641ad3f24ee218104fed0e07d230020484e494,66,38,line_item,Dividends received,2018-12-31,109,1,1,1,1,0,True,True,False,spatial_row_and_column_match
heineken,2019,cash_flow,cca80d203bfccb86a381b20bb7641ad3f24ee218104fed0e07d230020484e494,66,39,line_item,Purchase own shares and shares issued,2019-12-31,428,1,1,1,1,0,True,True,False,spatial_row_and_column_match
heineken,2019,cash_flow,cca80d203bfccb86a381b20bb7641ad3f24ee218104fed0e07d230020484e494,66,39,line_item,Purchase own shares and shares issued,2018-12-31,(20),1,1,1,1,0,True,True,False,spatial_row_and_column_match
heineken,2019,cash_flow,cca80d203bfccb86a381b20bb7641ad3f24ee218104fed0e07d230020484e494,66,40,line_item,Income taxes paid,2019-12-31,(924),1,1,1,1,0,True,True,False,spatial_row_and_column_match
heineken,2019,cash_flow,cca80d203bfccb86a381b20bb7641ad3f24ee218104fed0e07d230020484e494,66,40,line_item,Income taxes paid,2018-12-31,(824),1,1,1,1,0,True,True,False,spatial_row_and_column_match
heineken,2019,cash_flow,cca80d203bfccb86a381b20bb7641ad3f24ee218104fed0e07d230020484e494,66,41,line_item,Acquisition of non-controlling interests,2019-12-31,(103),1,1,1,1,0,True,True,False,spatial_row_and_column_match
heineken,2019,cash_flow,cca80d203bfccb86a381b20bb7641ad3f24ee218104fed0e07d230020484e494,66,41,line_item,Acquisition of non-controlling interests,2018-12-31,(2),1,1,1,1,0,True,True,False,spatial_row_and_column_match
heineken,2019,cash_flow,cca80d203bfccb86a381b20bb7641ad3f24ee218104fed0e07d230020484e494,66,42,line_item,"Cash flow related to interest, dividend and income tax",2019-12-31,"(1,219)",1,1,1,1,0,True,True,False,spatial_row_and_column_match
heineken,2019,cash_flow,cca80d203bfccb86a381b20bb7641ad3f24ee218104fed0e07d230020484e494,66,42,line_item,"Cash flow related to interest, dividend and income tax",2018-12-31,"(1,152)",1,1,1,1,0,True,True,False,spatial_row_and_column_match
heineken,2019,cash_flow,cca80d203bfccb86a381b20bb7641ad3f24ee218104fed0e07d230020484e494,66,43,line_item,Other,2019-12-31,3,10,1,1,1,0,True,True,False,spatial_row_and_column_match
heineken,2019,cash_flow,cca80d203bfccb86a381b20bb7641ad3f24ee218104fed0e07d230020484e494,66,43,line_item,Other,2018-12-31,(4),10,2,1,1,0,True,True,False,spatial_row_and_column_match
heineken,2019,cash_flow,cca80d203bfccb86a381b20bb7641ad3f24ee218104fed0e07d230020484e494,66,44,line_item,Cash flow from operating activities,2019-12-31,"4,337",1,1,1,1,0,True,True,False,spatial_row_and_column_match
heineken,2019,cash_flow,cca80d203bfccb86a381b20bb7641ad3f24ee218104fed0e07d230020484e494,66,44,line_item,Cash flow from operating activities,2018-12-31,"4,388",1,1,1,1,0,True,True,False,spatial_row_and_column_match
heineken,2019,cash_flow,cca80d203bfccb86a381b20bb7641ad3f24ee218104fed0e07d230020484e494,66,45,line_item,Cash flow (used in)/from financing activities,2019-12-31,"(1,016)",1,1,1,1,0,True,True,False,spatial_row_and_column_match
heineken,2019,cash_flow,cca80d203bfccb86a381b20bb7641ad3f24ee218104fed0e07d230020484e494,66,45,line_item,Cash flow (used in)/from financing activities,2018-12-31,(967),1,1,1,1,0,True,True,False,spatial_row_and_column_match
heineken,2019,cash_flow,cca80d203bfccb86a381b20bb7641ad3f24ee218104fed0e07d230020484e494,66,46,line_item,Net cash flow,2019-12-31,"(1,552)",1,1,1,1,0,True,True,False,spatial_row_and_column_match
heineken,2019,cash_flow,cca80d203bfccb86a381b20bb7641ad3f24ee218104fed0e07d230020484e494,66,46,line_item,Net cash flow,2018-12-31,"1,066",1,1,1,1,0,True,True,False,spatial_row_and_column_match
heineken,2019,cash_flow,cca80d203bfccb86a381b20bb7641ad3f24ee218104fed0e07d230020484e494,66,47,line_item,Cash and cash equivalents as at 1 January,2019-12-31,"2,248",1,2,1,1,0,True,True,False,spatial_row_and_column_match
heineken,2019,cash_flow,cca80d203bfccb86a381b20bb7641ad3f24ee218104fed0e07d230020484e494,66,47,line_item,Cash and cash equivalents as at 1 January,2018-12-31,"1,177",1,1,1,1,0,True,True,False,spatial_row_and_column_match
heineken,2019,cash_flow,cca80d203bfccb86a381b20bb7641ad3f24ee218104fed0e07d230020484e494,66,48,line_item,Effect of movements in exchange rates,2019-12-31,(9),1,1,1,1,0,True,True,False,spatial_row_and_column_match
heineken,2019,cash_flow,cca80d203bfccb86a381b20bb7641ad3f24ee218104fed0e07d230020484e494,66,48,line_item,Effect of movements in exchange rates,2018-12-31,5,1,1,1,1,0,True,True,False,spatial_row_and_column_match
heineken,2019,cash_flow,cca80d203bfccb86a381b20bb7641ad3f24ee218104fed0e07d230020484e494,66,49,total,Cash and cash equivalents as at 31 December,2019-12-31,687,1,1,1,1,0,True,True,False,spatial_row_and_column_match
heineken,2019,cash_flow,cca80d203bfccb86a381b20bb7641ad3f24ee218104fed0e07d230020484e494,66,49,total,Cash and cash equivalents as at 31 December,2018-12-31,"2,248",1,2,1,1,0,True,True,False,spatial_row_and_column_match
heineken,2021,income_statement,c1a9a847a67b32fc1bce671ae2590e5e0a085c964c0c507a2500fc9713850cd8,71,1,line_item,Revenue,2021-12-31,"26,583",2,1,1,1,0,True,True,False,spatial_row_and_column_match
heineken,2021,income_statement,c1a9a847a67b32fc1bce671ae2590e5e0a085c964c0c507a2500fc9713850cd8,71,1,line_item,Revenue,2020-12-31,"23,770",2,1,1,1,0,True,True,False,spatial_row_and_column_match
heineken,2021,income_statement,c1a9a847a67b32fc1bce671ae2590e5e0a085c964c0c507a2500fc9713850cd8,71,2,line_item,Excise tax expense,2021-12-31,"(4,642)",1,1,1,1,0,True,True,False,spatial_row_and_column_match
heineken,2021,income_statement,c1a9a847a67b32fc1bce671ae2590e5e0a085c964c0c507a2500fc9713850cd8,71,2,line_item,Excise tax expense,2020-12-31,"(4,055)",1,1,1,1,0,True,True,False,spatial_row_and_column_match
heineken,2021,income_statement,c1a9a847a67b32fc1bce671ae2590e5e0a085c964c0c507a2500fc9713850cd8,71,3,subtotal,Net revenue,2021-12-31,"21,941",1,1,1,1,0,True,True,False,spatial_row_and_column_match
heineken,2021,income_statement,c1a9a847a67b32fc1bce671ae2590e5e0a085c964c0c507a2500fc9713850cd8,71,3,subtotal,Net revenue,2020-12-31,"19,715",1,1,1,1,0,True,True,False,spatial_row_and_column_match
heineken,2021,income_statement,c1a9a847a67b32fc1bce671ae2590e5e0a085c964c0c507a2500fc9713850cd8,71,4,line_item,Other income,2021-12-31,"1,521",1,1,1,1,0,True,True,False,spatial_row_and_column_match
heineken,2021,income_statement,c1a9a847a67b32fc1bce671ae2590e5e0a085c964c0c507a2500fc9713850cd8,71,4,line_item,Other income,2020-12-31,56,1,1,1,1,0,True,True,False,spatial_row_and_column_match
heineken,2021,income_statement,c1a9a847a67b32fc1bce671ae2590e5e0a085c964c0c507a2500fc9713850cd8,71,5,line_item,"Raw materials, consumables and services",2021-12-31,"(13,535)",1,1,1,1,0,True,True,False,spatial_row_and_column_match
heineken,2021,income_statement,c1a9a847a67b32fc1bce671ae2590e5e0a085c964c0c507a2500fc9713850cd8,71,5,line_item,"Raw materials, consumables and services",2020-12-31,"(12,450)",1,1,1,1,0,True,True,False,spatial_row_and_column_match
heineken,2021,income_statement,c1a9a847a67b32fc1bce671ae2590e5e0a085c964c0c507a2500fc9713850cd8,71,6,line_item,Personnel expenses,2021-12-31,"(3,485)",1,1,1,1,0,True,True,False,spatial_row_and_column_match
heineken,2021,income_statement,c1a9a847a67b32fc1bce671ae2590e5e0a085c964c0c507a2500fc9713850cd8,71,6,line_item,Personnel expenses,2020-12-31,"(3,669)",1,1,1,1,0,True,True,False,spatial_row_and_column_match
heineken,2021,income_statement,c1a9a847a67b32fc1bce671ae2590e5e0a085c964c0c507a2500fc9713850cd8,71,7,line_item,"Amortisation, depreciation and impairments",2021-12-31,"(1,959)",1,1,1,1,0,True,True,False,spatial_row_and_column_match
heineken,2021,income_statement,c1a9a847a67b32fc1bce671ae2590e5e0a085c964c0c507a2500fc9713850cd8,71,7,line_item,"Amortisation, depreciation and impairments",2020-12-31,"(2,874)",1,1,1,1,0,True,True,False,spatial_row_and_column_match
heineken,2021,income_statement,c1a9a847a67b32fc1bce671ae2590e5e0a085c964c0c507a2500fc9713850cd8,71,8,subtotal,Total other expenses,2021-12-31,"(18,979)",1,1,1,1,0,True,True,False,spatial_row_and_column_match
heineken,2021,income_statement,c1a9a847a67b32fc1bce671ae2590e5e0a085c964c0c507a2500fc9713850cd8,71,8,subtotal,Total other expenses,2020-12-31,"(18,993)",1,1,1,1,0,True,True,False,spatial_row_and_column_match
heineken,2021,income_statement,c1a9a847a67b32fc1bce671ae2590e5e0a085c964c0c507a2500fc9713850cd8,71,9,subtotal,Operating profit,2021-12-31,"4,483",1,1,1,1,0,True,True,False,spatial_row_and_column_match
heineken,2021,income_statement,c1a9a847a67b32fc1bce671ae2590e5e0a085c964c0c507a2500fc9713850cd8,71,9,subtotal,Operating profit,2020-12-31,778,1,1,1,1,0,True,True,False,spatial_row_and_column_match
heineken,2021,income_statement,c1a9a847a67b32fc1bce671ae2590e5e0a085c964c0c507a2500fc9713850cd8,71,10,line_item,Interest income,2021-12-31,49,1,1,1,1,0,True,True,False,spatial_row_and_column_match
heineken,2021,income_statement,c1a9a847a67b32fc1bce671ae2590e5e0a085c964c0c507a2500fc9713850cd8,71,10,line_item,Interest income,2020-12-31,50,1,1,1,1,0,True,True,False,spatial_row_and_column_match
heineken,2021,income_statement,c1a9a847a67b32fc1bce671ae2590e5e0a085c964c0c507a2500fc9713850cd8,71,11,line_item,Interest expenses,2021-12-31,(462),1,1,1,1,0,True,True,False,spatial_row_and_column_match
heineken,2021,income_statement,c1a9a847a67b32fc1bce671ae2590e5e0a085c964c0c507a2500fc9713850cd8,71,11,line_item,Interest expenses,2020-12-31,(497),1,1,1,1,0,True,True,False,spatial_row_and_column_match
heineken,2021,income_statement,c1a9a847a67b32fc1bce671ae2590e5e0a085c964c0c507a2500fc9713850cd8,71,12,line_item,Other net finance income/(expenses),2021-12-31,14,1,1,1,1,0,True,True,False,spatial_row_and_column_match
heineken,2021,income_statement,c1a9a847a67b32fc1bce671ae2590e5e0a085c964c0c507a2500fc9713850cd8,71,12,line_item,Other net finance income/(expenses),2020-12-31,(143),1,1,1,1,0,True,True,False,spatial_row_and_column_match
heineken,2021,income_statement,c1a9a847a67b32fc1bce671ae2590e5e0a085c964c0c507a2500fc9713850cd8,71,13,subtotal,Net finance expenses,2021-12-31,(399),1,1,1,1,0,True,True,False,spatial_row_and_column_match
heineken,2021,income_statement,c1a9a847a67b32fc1bce671ae2590e5e0a085c964c0c507a2500fc9713850cd8,71,13,subtotal,Net finance expenses,2020-12-31,(590),1,1,1,1,0,True,True,False,spatial_row_and_column_match
heineken,2021,income_statement,c1a9a847a67b32fc1bce671ae2590e5e0a085c964c0c507a2500fc9713850cd8,71,14,line_item,Share of profit/(loss) of associates and joint ventures,2021-12-31,250,1,1,1,1,0,True,True,False,spatial_row_and_column_match
heineken,2021,income_statement,c1a9a847a67b32fc1bce671ae2590e5e0a085c964c0c507a2500fc9713850cd8,71,14,line_item,Share of profit/(loss) of associates and joint ventures,2020-12-31,(31),1,3,1,1,0,True,True,False,spatial_row_and_column_match
heineken,2021,income_statement,c1a9a847a67b32fc1bce671ae2590e5e0a085c964c0c507a2500fc9713850cd8,71,15,subtotal,Profit before income tax,2021-12-31,"4,334",1,1,1,1,0,True,True,False,spatial_row_and_column_match
heineken,2021,income_statement,c1a9a847a67b32fc1bce671ae2590e5e0a085c964c0c507a2500fc9713850cd8,71,15,subtotal,Profit before income tax,2020-12-31,157,1,1,1,1,0,True,True,False,spatial_row_and_column_match
heineken,2021,income_statement,c1a9a847a67b32fc1bce671ae2590e5e0a085c964c0c507a2500fc9713850cd8,71,16,line_item,Income tax expense,2021-12-31,(799),1,1,1,1,0,True,True,False,spatial_row_and_column_match
heineken,2021,income_statement,c1a9a847a67b32fc1bce671ae2590e5e0a085c964c0c507a2500fc9713850cd8,71,16,line_item,Income tax expense,2020-12-31,(245),1,1,1,1,0,True,True,False,spatial_row_and_column_match
heineken,2021,income_statement,c1a9a847a67b32fc1bce671ae2590e5e0a085c964c0c507a2500fc9713850cd8,71,17,total,Profit/(Loss),2021-12-31,"3,535",5,3,3,3,0,True,True,False,spatial_row_and_column_match
heineken,2021,income_statement,c1a9a847a67b32fc1bce671ae2590e5e0a085c964c0c507a2500fc9713850cd8,71,17,total,Profit/(Loss),2020-12-31,(88),5,3,3,3,0,True,True,False,spatial_row_and_column_match
heineken,2021,income_statement,c1a9a847a67b32fc1bce671ae2590e5e0a085c964c0c507a2500fc9713850cd8,71,19,line_item,Shareholders of the Company (net profit/(loss)),2021-12-31,"3,324",1,1,1,1,0,True,True,False,spatial_row_and_column_match
heineken,2021,income_statement,c1a9a847a67b32fc1bce671ae2590e5e0a085c964c0c507a2500fc9713850cd8,71,19,line_item,Shareholders of the Company (net profit/(loss)),2020-12-31,(204),1,1,1,1,0,True,True,False,spatial_row_and_column_match
heineken,2021,income_statement,c1a9a847a67b32fc1bce671ae2590e5e0a085c964c0c507a2500fc9713850cd8,71,20,line_item,Non-controlling interests,2021-12-31,211,2,1,1,1,0,True,True,False,spatial_row_and_column_match
heineken,2021,income_statement,c1a9a847a67b32fc1bce671ae2590e5e0a085c964c0c507a2500fc9713850cd8,71,20,line_item,Non-controlling interests,2020-12-31,116,2,1,1,1,0,True,True,False,spatial_row_and_column_match
heineken,2021,income_statement,c1a9a847a67b32fc1bce671ae2590e5e0a085c964c0c507a2500fc9713850cd8,71,21,total,Profit/(Loss),2021-12-31,"3,535",5,3,3,3,0,True,True,False,spatial_row_and_column_match
heineken,2021,income_statement,c1a9a847a67b32fc1bce671ae2590e5e0a085c964c0c507a2500fc9713850cd8,71,21,total,Profit/(Loss),2020-12-31,(88),5,3,3,3,0,True,True,False,spatial_row_and_column_match
heineken,2021,income_statement,c1a9a847a67b32fc1bce671ae2590e5e0a085c964c0c507a2500fc9713850cd8,71,22,line_item,Weighted average number of shares – basic,2021-12-31,"575,740,269",1,1,1,1,0,True,True,False,spatial_row_and_column_match
heineken,2021,income_statement,c1a9a847a67b32fc1bce671ae2590e5e0a085c964c0c507a2500fc9713850cd8,71,22,line_item,Weighted average number of shares – basic,2020-12-31,"575,625,598",1,2,1,1,0,True,True,False,spatial_row_and_column_match
heineken,2021,income_statement,c1a9a847a67b32fc1bce671ae2590e5e0a085c964c0c507a2500fc9713850cd8,71,23,line_item,Weighted average number of shares – diluted,2021-12-31,"575,969,395",1,1,1,1,0,True,True,False,spatial_row_and_column_match
heineken,2021,income_statement,c1a9a847a67b32fc1bce671ae2590e5e0a085c964c0c507a2500fc9713850cd8,71,23,line_item,Weighted average number of shares – diluted,2020-12-31,"575,625,598",1,2,1,1,0,True,True,False,spatial_row_and_column_match
heineken,2021,income_statement,c1a9a847a67b32fc1bce671ae2590e5e0a085c964c0c507a2500fc9713850cd8,71,24,line_item,Basic earnings per share (€),2021-12-31,5.77,1,2,1,1,0,True,True,False,spatial_row_and_column_match
heineken,2021,income_statement,c1a9a847a67b32fc1bce671ae2590e5e0a085c964c0c507a2500fc9713850cd8,71,24,line_item,Basic earnings per share (€),2020-12-31,(0.36),1,2,1,1,0,True,True,False,spatial_row_and_column_match
heineken,2021,income_statement,c1a9a847a67b32fc1bce671ae2590e5e0a085c964c0c507a2500fc9713850cd8,71,25,line_item,Diluted earnings per share (€),2021-12-31,5.77,1,2,1,1,0,True,True,False,spatial_row_and_column_match
heineken,2021,income_statement,c1a9a847a67b32fc1bce671ae2590e5e0a085c964c0c507a2500fc9713850cd8,71,25,line_item,Diluted earnings per share (€),2020-12-31,(0.36),1,2,1,1,0,True,True,False,spatial_row_and_column_match
heineken,2021,balance_sheet,c1a9a847a67b32fc1bce671ae2590e5e0a085c964c0c507a2500fc9713850cd8,72,2,line_item,Intangible assets,2021-12-31,"20,762",1,1,1,1,0,True,True,False,spatial_row_and_column_match
heineken,2021,balance_sheet,c1a9a847a67b32fc1bce671ae2590e5e0a085c964c0c507a2500fc9713850cd8,72,2,line_item,Intangible assets,2020-12-31,"15,767",1,1,1,1,0,True,True,False,spatial_row_and_column_match
heineken,2021,balance_sheet,c1a9a847a67b32fc1bce671ae2590e5e0a085c964c0c507a2500fc9713850cd8,72,3,line_item,Shareholders' equity,2021-12-31,"17,356",1,1,1,1,0,True,True,False,spatial_row_and_column_match
heineken,2021,balance_sheet,c1a9a847a67b32fc1bce671ae2590e5e0a085c964c0c507a2500fc9713850cd8,72,3,line_item,Shareholders' equity,2020-12-31,"13,392",1,1,1,1,0,True,True,False,spatial_row_and_column_match
heineken,2021,balance_sheet,c1a9a847a67b32fc1bce671ae2590e5e0a085c964c0c507a2500fc9713850cd8,72,4,line_item,"Property, plant and equipment",2021-12-31,"12,401",1,1,1,1,0,True,True,False,spatial_row_and_column_match
heineken,2021,balance_sheet,c1a9a847a67b32fc1bce671ae2590e5e0a085c964c0c507a2500fc9713850cd8,72,4,line_item,"Property, plant and equipment",2020-12-31,"11,551",1,1,1,1,0,True,True,False,spatial_row_and_column_match
heineken,2021,balance_sheet,c1a9a847a67b32fc1bce671ae2590e5e0a085c964c0c507a2500fc9713850cd8,72,5,line_item,Non-controlling interests,2021-12-31,"2,344",1,1,1,1,0,True,True,False,spatial_row_and_column_match
heineken,2021,balance_sheet,c1a9a847a67b32fc1bce671ae2590e5e0a085c964c0c507a2500fc9713850cd8,72,5,line_item,Non-controlling interests,2020-12-31,"1,000",1,1,1,1,0,True,True,False,spatial_row_and_column_match
heineken,2021,balance_sheet,c1a9a847a67b32fc1bce671ae2590e5e0a085c964c0c507a2500fc9713850cd8,72,6,line_item,Investments in associates and joint ventures,2021-12-31,"4,148",1,1,1,1,0,True,True,False,spatial_row_and_column_match
heineken,2021,balance_sheet,c1a9a847a67b32fc1bce671ae2590e5e0a085c964c0c507a2500fc9713850cd8,72,6,line_item,Investments in associates and joint ventures,2020-12-31,"4,437",1,1,1,1,0,True,True,False,spatial_row_and_column_match
heineken,2021,balance_sheet,c1a9a847a67b32fc1bce671ae2590e5e0a085c964c0c507a2500fc9713850cd8,72,7,subtotal,Total equity,2021-12-31,"19,700",2,1,1,1,0,True,True,False,spatial_row_and_column_match
heineken,2021,balance_sheet,c1a9a847a67b32fc1bce671ae2590e5e0a085c964c0c507a2500fc9713850cd8,72,7,subtotal,Total equity,2020-12-31,"14,392",2,1,1,1,0,True,True,False,spatial_row_and_column_match
heineken,2021,balance_sheet,c1a9a847a67b32fc1bce671ae2590e5e0a085c964c0c507a2500fc9713850cd8,72,8,line_item,Loans and advances to customers,2021-12-31,209,1,1,1,1,0,True,True,False,spatial_row_and_column_match
heineken,2021,balance_sheet,c1a9a847a67b32fc1bce671ae2590e5e0a085c964c0c507a2500fc9713850cd8,72,8,line_item,Loans and advances to customers,2020-12-31,194,1,1,1,1,0,True,True,False,spatial_row_and_column_match
heineken,2021,balance_sheet,c1a9a847a67b32fc1bce671ae2590e5e0a085c964c0c507a2500fc9713850cd8,72,9,line_item,Deferred tax assets,2021-12-31,682,1,1,1,1,0,True,True,False,spatial_row_and_column_match
heineken,2021,balance_sheet,c1a9a847a67b32fc1bce671ae2590e5e0a085c964c0c507a2500fc9713850cd8,72,9,line_item,Deferred tax assets,2020-12-31,779,1,1,1,1,0,True,True,False,spatial_row_and_column_match
heineken,2021,balance_sheet,c1a9a847a67b32fc1bce671ae2590e5e0a085c964c0c507a2500fc9713850cd8,72,10,line_item,Borrowings,2021-12-31,"13,640",2,1,1,1,0,True,True,False,spatial_row_and_column_match
heineken,2021,balance_sheet,c1a9a847a67b32fc1bce671ae2590e5e0a085c964c0c507a2500fc9713850cd8,72,10,line_item,Borrowings,2020-12-31,"14,616",2,1,1,1,0,True,True,False,spatial_row_and_column_match
heineken,2021,balance_sheet,c1a9a847a67b32fc1bce671ae2590e5e0a085c964c0c507a2500fc9713850cd8,72,11,line_item,Other non-current assets,2021-12-31,"1,070",1,1,1,1,0,True,True,False,spatial_row_and_column_match
heineken,2021,balance_sheet,c1a9a847a67b32fc1bce671ae2590e5e0a085c964c0c507a2500fc9713850cd8,72,11,line_item,Other non-current assets,2020-12-31,884,1,1,1,1,0,True,True,False,spatial_row_and_column_match
heineken,2021,balance_sheet,c1a9a847a67b32fc1bce671ae2590e5e0a085c964c0c507a2500fc9713850cd8,72,12,line_item,Post-retirement obligations,2021-12-31,668,1,1,1,1,0,True,True,False,spatial_row_and_column_match
heineken,2021,balance_sheet,c1a9a847a67b32fc1bce671ae2590e5e0a085c964c0c507a2500fc9713850cd8,72,12,line_item,Post-retirement obligations,2020-12-31,938,1,1,1,1,0,True,True,False,spatial_row_and_column_match
heineken,2021,balance_sheet,c1a9a847a67b32fc1bce671ae2590e5e0a085c964c0c507a2500fc9713850cd8,72,13,subtotal,Total non-current assets,2021-12-31,"39,272",1,1,1,1,0,True,True,False,spatial_row_and_column_match
heineken,2021,balance_sheet,c1a9a847a67b32fc1bce671ae2590e5e0a085c964c0c507a2500fc9713850cd8,72,13,subtotal,Total non-current assets,2020-12-31,"33,612",1,1,1,1,0,True,True,False,spatial_row_and_column_match
heineken,2021,balance_sheet,c1a9a847a67b32fc1bce671ae2590e5e0a085c964c0c507a2500fc9713850cd8,72,14,line_item,Provisions,2021-12-31,636,2,1,1,1,0,True,True,False,spatial_row_and_column_match
heineken,2021,balance_sheet,c1a9a847a67b32fc1bce671ae2590e5e0a085c964c0c507a2500fc9713850cd8,72,14,line_item,Provisions,2020-12-31,688,2,1,1,1,0,True,True,False,spatial_row_and_column_match
heineken,2021,balance_sheet,c1a9a847a67b32fc1bce671ae2590e5e0a085c964c0c507a2500fc9713850cd8,72,15,line_item,Inventories,2021-12-31,"2,438",1,1,1,1,0,True,True,False,spatial_row_and_column_match
heineken,2021,balance_sheet,c1a9a847a67b32fc1bce671ae2590e5e0a085c964c0c507a2500fc9713850cd8,72,15,line_item,Inventories,2020-12-31,"1,958",1,1,1,1,0,True,True,False,spatial_row_and_column_match
heineken,2021,balance_sheet,c1a9a847a67b32fc1bce671ae2590e5e0a085c964c0c507a2500fc9713850cd8,72,16,line_item,Deferred tax liabilities,2021-12-31,"1,971",1,1,1,1,0,True,True,False,spatial_row_and_column_match
heineken,2021,balance_sheet,c1a9a847a67b32fc1bce671ae2590e5e0a085c964c0c507a2500fc9713850cd8,72,16,line_item,Deferred tax liabilities,2020-12-31,999,1,1,1,1,0,True,True,False,spatial_row_and_column_match
heineken,2021,balance_sheet,c1a9a847a67b32fc1bce671ae2590e5e0a085c964c0c507a2500fc9713850cd8,72,17,line_item,Trade and other receivables,2021-12-31,"3,662",1,1,1,1,0,True,True,False,spatial_row_and_column_match
heineken,2021,balance_sheet,c1a9a847a67b32fc1bce671ae2590e5e0a085c964c0c507a2500fc9713850cd8,72,17,line_item,Trade and other receivables,2020-12-31,"2,807",1,1,1,1,0,True,True,False,spatial_row_and_column_match
heineken,2021,balance_sheet,c1a9a847a67b32fc1bce671ae2590e5e0a085c964c0c507a2500fc9713850cd8,72,18,line_item,Other non-current liabilities,2021-12-31,141,1,1,1,1,0,True,True,False,spatial_row_and_column_match
heineken,2021,balance_sheet,c1a9a847a67b32fc1bce671ae2590e5e0a085c964c0c507a2500fc9713850cd8,72,18,line_item,Other non-current liabilities,2020-12-31,131,1,1,1,1,0,True,True,False,spatial_row_and_column_match
heineken,2021,balance_sheet,c1a9a847a67b32fc1bce671ae2590e5e0a085c964c0c507a2500fc9713850cd8,72,19,line_item,Current tax assets,2021-12-31,97,1,1,1,1,0,True,True,False,spatial_row_and_column_match
heineken,2021,balance_sheet,c1a9a847a67b32fc1bce671ae2590e5e0a085c964c0c507a2500fc9713850cd8,72,19,line_item,Current tax assets,2020-12-31,154,1,1,1,1,0,True,True,False,spatial_row_and_column_match
heineken,2021,balance_sheet,c1a9a847a67b32fc1bce671ae2590e5e0a085c964c0c507a2500fc9713850cd8,72,20,subtotal,Total non-current liabilities,2021-12-31,"17,056",1,1,1,1,0,True,True,False,spatial_row_and_column_match
heineken,2021,balance_sheet,c1a9a847a67b32fc1bce671ae2590e5e0a085c964c0c507a2500fc9713850cd8,72,20,subtotal,Total non-current liabilities,2020-12-31,"17,372",1,1,1,1,0,True,True,False,spatial_row_and_column_match
heineken,2021,balance_sheet,c1a9a847a67b32fc1bce671ae2590e5e0a085c964c0c507a2500fc9713850cd8,72,21,line_item,Derivative assets,2021-12-31,96,1,1,1,1,0,True,True,False,spatial_row_and_column_match
heineken,2021,balance_sheet,c1a9a847a67b32fc1bce671ae2590e5e0a085c964c0c507a2500fc9713850cd8,72,21,line_item,Derivative assets,2020-12-31,77,1,1,1,1,0,True,True,False,spatial_row_and_column_match
heineken,2021,balance_sheet,c1a9a847a67b32fc1bce671ae2590e5e0a085c964c0c507a2500fc9713850cd8,72,22,line_item,Borrowings,2021-12-31,"3,233",2,1,1,1,0,True,True,False,spatial_row_and_column_match
heineken,2021,balance_sheet,c1a9a847a67b32fc1bce671ae2590e5e0a085c964c0c507a2500fc9713850cd8,72,22,line_item,Borrowings,2020-12-31,"3,580",2,1,1,1,0,True,True,False,spatial_row_and_column_match
heineken,2021,balance_sheet,c1a9a847a67b32fc1bce671ae2590e5e0a085c964c0c507a2500fc9713850cd8,72,23,line_item,Cash and cash equivalents,2021-12-31,"3,248",1,1,1,1,0,True,True,False,spatial_row_and_column_match
heineken,2021,balance_sheet,c1a9a847a67b32fc1bce671ae2590e5e0a085c964c0c507a2500fc9713850cd8,72,23,line_item,Cash and cash equivalents,2020-12-31,"4,000",1,1,1,1,0,True,True,False,spatial_row_and_column_match
heineken,2021,balance_sheet,c1a9a847a67b32fc1bce671ae2590e5e0a085c964c0c507a2500fc9713850cd8,72,24,line_item,Trade and other payables,2021-12-31,"7,750",1,1,1,1,0,True,True,False,spatial_row_and_column_match
heineken,2021,balance_sheet,c1a9a847a67b32fc1bce671ae2590e5e0a085c964c0c507a2500fc9713850cd8,72,24,line_item,Trade and other payables,2020-12-31,"6,107",1,1,1,1,0,True,True,False,spatial_row_and_column_match
heineken,2021,balance_sheet,c1a9a847a67b32fc1bce671ae2590e5e0a085c964c0c507a2500fc9713850cd8,72,25,line_item,Assets classified as held for sale,2021-12-31,37,2,1,1,1,0,True,True,False,spatial_row_and_column_match
heineken,2021,balance_sheet,c1a9a847a67b32fc1bce671ae2590e5e0a085c964c0c507a2500fc9713850cd8,72,25,line_item,Assets classified as held for sale,2020-12-31,24,2,1,1,1,0,True,True,False,spatial_row_and_column_match
heineken,2021,balance_sheet,c1a9a847a67b32fc1bce671ae2590e5e0a085c964c0c507a2500fc9713850cd8,72,26,line_item,Returnable packaging deposits,2021-12-31,476,1,1,1,1,0,True,True,False,spatial_row_and_column_match
heineken,2021,balance_sheet,c1a9a847a67b32fc1bce671ae2590e5e0a085c964c0c507a2500fc9713850cd8,72,26,line_item,Returnable packaging deposits,2020-12-31,454,1,1,1,1,0,True,True,False,spatial_row_and_column_match
heineken,2021,balance_sheet,c1a9a847a67b32fc1bce671ae2590e5e0a085c964c0c507a2500fc9713850cd8,72,27,subtotal,Total current assets,2021-12-31,"9,578",1,1,1,1,0,True,True,False,spatial_row_and_column_match
heineken,2021,balance_sheet,c1a9a847a67b32fc1bce671ae2590e5e0a085c964c0c507a2500fc9713850cd8,72,27,subtotal,Total current assets,2020-12-31,"9,020",1,1,1,1,0,True,True,False,spatial_row_and_column_match
heineken,2021,balance_sheet,c1a9a847a67b32fc1bce671ae2590e5e0a085c964c0c507a2500fc9713850cd8,72,28,line_item,Provisions,2021-12-31,301,2,1,1,1,0,True,True,False,spatial_row_and_column_match
heineken,2021,balance_sheet,c1a9a847a67b32fc1bce671ae2590e5e0a085c964c0c507a2500fc9713850cd8,72,28,line_item,Provisions,2020-12-31,416,2,1,1,1,0,True,True,False,spatial_row_and_column_match
heineken,2021,balance_sheet,c1a9a847a67b32fc1bce671ae2590e5e0a085c964c0c507a2500fc9713850cd8,72,29,total,Total assets,2021-12-31,"48,850",1,2,2,2,0,True,True,False,spatial_row_and_column_match
heineken,2021,balance_sheet,c1a9a847a67b32fc1bce671ae2590e5e0a085c964c0c507a2500fc9713850cd8,72,29,total,Total assets,2020-12-31,"42,632",1,2,2,2,0,True,True,False,spatial_row_and_column_match
heineken,2021,balance_sheet,c1a9a847a67b32fc1bce671ae2590e5e0a085c964c0c507a2500fc9713850cd8,72,30,line_item,Current tax liabilities,2021-12-31,268,1,1,1,1,0,True,True,False,spatial_row_and_column_match
heineken,2021,balance_sheet,c1a9a847a67b32fc1bce671ae2590e5e0a085c964c0c507a2500fc9713850cd8,72,30,line_item,Current tax liabilities,2020-12-31,259,1,1,1,1,0,True,True,False,spatial_row_and_column_match
heineken,2021,balance_sheet,c1a9a847a67b32fc1bce671ae2590e5e0a085c964c0c507a2500fc9713850cd8,72,31,line_item,Derivative liabilities,2021-12-31,46,1,1,1,1,0,True,True,False,spatial_row_and_column_match
heineken,2021,balance_sheet,c1a9a847a67b32fc1bce671ae2590e5e0a085c964c0c507a2500fc9713850cd8,72,31,line_item,Derivative liabilities,2020-12-31,52,1,1,1,1,0,True,True,False,spatial_row_and_column_match
heineken,2021,balance_sheet,c1a9a847a67b32fc1bce671ae2590e5e0a085c964c0c507a2500fc9713850cd8,72,32,line_item,Liabilities associated with assets classified as held for sale,2021-12-31,20,1,1,1,1,0,True,True,False,spatial_row_and_column_match
heineken,2021,balance_sheet,c1a9a847a67b32fc1bce671ae2590e5e0a085c964c0c507a2500fc9713850cd8,72,32,line_item,Liabilities associated with assets classified as held for sale,2020-12-31,—,1,11,1,1,0,True,True,False,spatial_row_and_column_match
heineken,2021,balance_sheet,c1a9a847a67b32fc1bce671ae2590e5e0a085c964c0c507a2500fc9713850cd8,72,33,subtotal,Total current liabilities,2021-12-31,"12,094",1,1,1,1,0,True,True,False,spatial_row_and_column_match
heineken,2021,balance_sheet,c1a9a847a67b32fc1bce671ae2590e5e0a085c964c0c507a2500fc9713850cd8,72,33,subtotal,Total current liabilities,2020-12-31,"10,868",1,1,1,1,0,True,True,False,spatial_row_and_column_match
heineken,2021,balance_sheet,c1a9a847a67b32fc1bce671ae2590e5e0a085c964c0c507a2500fc9713850cd8,72,34,total,Total equity and liabilities,2021-12-31,"48,850",1,2,2,2,0,True,True,False,spatial_row_and_column_match
heineken,2021,balance_sheet,c1a9a847a67b32fc1bce671ae2590e5e0a085c964c0c507a2500fc9713850cd8,72,34,total,Total equity and liabilities,2020-12-31,"42,632",1,2,2,2,0,True,True,False,spatial_row_and_column_match
heineken,2021,cash_flow,c1a9a847a67b32fc1bce671ae2590e5e0a085c964c0c507a2500fc9713850cd8,73,5,line_item,Profit/(Loss),2021-12-31,"3,535",2,1,1,1,0,True,True,False,spatial_row_and_column_match
heineken,2021,cash_flow,c1a9a847a67b32fc1bce671ae2590e5e0a085c964c0c507a2500fc9713850cd8,73,5,line_item,Profit/(Loss),2020-12-31,(88),2,1,1,1,0,True,True,False,spatial_row_and_column_match
heineken,2021,cash_flow,c1a9a847a67b32fc1bce671ae2590e5e0a085c964c0c507a2500fc9713850cd8,73,6,line_item,"Proceeds from sale of property, plant and equipment and intangible assets",2021-12-31,86,1,1,1,1,0,False,False,False,spatial_row_and_column_match
heineken,2021,cash_flow,c1a9a847a67b32fc1bce671ae2590e5e0a085c964c0c507a2500fc9713850cd8,73,6,line_item,"Proceeds from sale of property, plant and equipment and intangible assets",2020-12-31,150,1,1,1,1,0,False,False,False,spatial_row_and_column_match
heineken,2021,cash_flow,c1a9a847a67b32fc1bce671ae2590e5e0a085c964c0c507a2500fc9713850cd8,73,7,line_item,"Amortisation, depreciation and impairments",2021-12-31,"1,959",1,1,1,1,0,True,True,False,spatial_row_and_column_match
heineken,2021,cash_flow,c1a9a847a67b32fc1bce671ae2590e5e0a085c964c0c507a2500fc9713850cd8,73,7,line_item,"Amortisation, depreciation and impairments",2020-12-31,"2,874",1,1,1,1,0,True,True,False,spatial_row_and_column_match
heineken,2021,cash_flow,c1a9a847a67b32fc1bce671ae2590e5e0a085c964c0c507a2500fc9713850cd8,73,8,line_item,"Purchase of property, plant and equipment",2021-12-31,"(1,324)",1,1,1,1,0,True,True,False,spatial_row_and_column_match
heineken,2021,cash_flow,c1a9a847a67b32fc1bce671ae2590e5e0a085c964c0c507a2500fc9713850cd8,73,8,line_item,"Purchase of property, plant and equipment",2020-12-31,"(1,501)",1,1,1,1,0,True,True,False,spatial_row_and_column_match
heineken,2021,cash_flow,c1a9a847a67b32fc1bce671ae2590e5e0a085c964c0c507a2500fc9713850cd8,73,9,line_item,Net interest expenses,2021-12-31,413,1,1,1,1,0,True,True,False,spatial_row_and_column_match
heineken,2021,cash_flow,c1a9a847a67b32fc1bce671ae2590e5e0a085c964c0c507a2500fc9713850cd8,73,9,line_item,Net interest expenses,2020-12-31,447,1,1,1,1,0,True,True,False,spatial_row_and_column_match
heineken,2021,cash_flow,c1a9a847a67b32fc1bce671ae2590e5e0a085c964c0c507a2500fc9713850cd8,73,10,line_item,Purchase of intangible assets,2021-12-31,(273),1,1,1,1,0,True,True,False,spatial_row_and_column_match
heineken,2021,cash_flow,c1a9a847a67b32fc1bce671ae2590e5e0a085c964c0c507a2500fc9713850cd8,73,10,line_item,Purchase of intangible assets,2020-12-31,(139),1,1,1,1,0,True,True,False,spatial_row_and_column_match
heineken,2021,cash_flow,c1a9a847a67b32fc1bce671ae2590e5e0a085c964c0c507a2500fc9713850cd8,73,11,line_item,Other income,2021-12-31,"(1,326)",1,1,1,1,0,True,True,False,spatial_row_and_column_match
heineken,2021,cash_flow,c1a9a847a67b32fc1bce671ae2590e5e0a085c964c0c507a2500fc9713850cd8,73,11,line_item,Other income,2020-12-31,(56),1,1,1,1,0,True,True,False,spatial_row_and_column_match
heineken,2021,cash_flow,c1a9a847a67b32fc1bce671ae2590e5e0a085c964c0c507a2500fc9713850cd8,73,12,line_item,Loans issued to customers and other investments,2021-12-31,(196),1,1,1,1,0,True,True,False,spatial_row_and_column_match
heineken,2021,cash_flow,c1a9a847a67b32fc1bce671ae2590e5e0a085c964c0c507a2500fc9713850cd8,73,12,line_item,Loans issued to customers and other investments,2020-12-31,(177),1,1,1,1,0,True,True,False,spatial_row_and_column_match
heineken,2021,cash_flow,c1a9a847a67b32fc1bce671ae2590e5e0a085c964c0c507a2500fc9713850cd8,73,13,line_item,Share of (profit)/loss of associates and joint ventures and dividend income on fair value through OCI investments,2021-12-31,(256),1,1,1,1,0,False,False,False,spatial_row_and_column_match
heineken,2021,cash_flow,c1a9a847a67b32fc1bce671ae2590e5e0a085c964c0c507a2500fc9713850cd8,73,13,line_item,Share of (profit)/loss of associates and joint ventures and dividend income on fair value through OCI investments,2020-12-31,21,1,1,1,1,0,False,False,False,spatial_row_and_column_match
heineken,2021,cash_flow,c1a9a847a67b32fc1bce671ae2590e5e0a085c964c0c507a2500fc9713850cd8,73,14,line_item,Repayment on loans to customers and other investments,2021-12-31,40,1,1,1,1,0,True,True,False,spatial_row_and_column_match
heineken,2021,cash_flow,c1a9a847a67b32fc1bce671ae2590e5e0a085c964c0c507a2500fc9713850cd8,73,14,line_item,Repayment on loans to customers and other investments,2020-12-31,44,1,1,1,1,0,True,True,False,spatial_row_and_column_match
heineken,2021,cash_flow,c1a9a847a67b32fc1bce671ae2590e5e0a085c964c0c507a2500fc9713850cd8,73,15,line_item,Income tax expenses,2021-12-31,799,1,1,1,1,0,True,True,False,spatial_row_and_column_match
heineken,2021,cash_flow,c1a9a847a67b32fc1bce671ae2590e5e0a085c964c0c507a2500fc9713850cd8,73,15,line_item,Income tax expenses,2020-12-31,245,1,1,1,1,0,True,True,False,spatial_row_and_column_match
heineken,2021,cash_flow,c1a9a847a67b32fc1bce671ae2590e5e0a085c964c0c507a2500fc9713850cd8,73,16,line_item,Cash flow (used in)/from operational investing activities,2021-12-31,"(1,667)",1,1,1,1,0,True,True,False,spatial_row_and_column_match
heineken,2021,cash_flow,c1a9a847a67b32fc1bce671ae2590e5e0a085c964c0c507a2500fc9713850cd8,73,16,line_item,Cash flow (used in)/from operational investing activities,2020-12-31,"(1,623)",1,1,1,1,0,True,True,False,spatial_row_and_column_match
heineken,2021,cash_flow,c1a9a847a67b32fc1bce671ae2590e5e0a085c964c0c507a2500fc9713850cd8,73,18,line_item,Free operating cash flow,2021-12-31,"2,514",1,1,1,1,0,True,True,False,spatial_row_and_column_match
heineken,2021,cash_flow,c1a9a847a67b32fc1bce671ae2590e5e0a085c964c0c507a2500fc9713850cd8,73,18,line_item,Free operating cash flow,2020-12-31,"1,513",1,1,1,1,0,True,True,False,spatial_row_and_column_match
heineken,2021,cash_flow,c1a9a847a67b32fc1bce671ae2590e5e0a085c964c0c507a2500fc9713850cd8,73,19,line_item,Cash flow from operations before changes in working capital,2021-12-31,"5,154",1,1,1,1,0,False,True,False,spatial_row_and_column_match
heineken,2021,cash_flow,c1a9a847a67b32fc1bce671ae2590e5e0a085c964c0c507a2500fc9713850cd8,73,19,line_item,Cash flow from operations before changes in working capital,2020-12-31,"3,674",1,1,1,1,0,False,True,False,spatial_row_and_column_match
heineken,2021,cash_flow,c1a9a847a67b32fc1bce671ae2590e5e0a085c964c0c507a2500fc9713850cd8,73,20,line_item,"Acquisition of subsidiaries, net of cash acquired",2021-12-31,54,1,1,1,1,0,True,True,False,spatial_row_and_column_match
heineken,2021,cash_flow,c1a9a847a67b32fc1bce671ae2590e5e0a085c964c0c507a2500fc9713850cd8,73,20,line_item,"Acquisition of subsidiaries, net of cash acquired",2020-12-31,(26),1,1,1,1,0,True,True,False,spatial_row_and_column_match
heineken,2021,cash_flow,c1a9a847a67b32fc1bce671ae2590e5e0a085c964c0c507a2500fc9713850cd8,73,22,line_item,"Acquisition of/additions to associates, joint ventures and other investments",2021-12-31,(678),1,1,1,1,0,False,False,False,spatial_row_and_column_match
heineken,2021,cash_flow,c1a9a847a67b32fc1bce671ae2590e5e0a085c964c0c507a2500fc9713850cd8,73,22,line_item,"Acquisition of/additions to associates, joint ventures and other investments",2020-12-31,(9),1,1,1,1,0,False,False,False,spatial_row_and_column_match
heineken,2021,cash_flow,c1a9a847a67b32fc1bce671ae2590e5e0a085c964c0c507a2500fc9713850cd8,73,23,line_item,"Disposal of subsidiaries, net of cash disposed of",2021-12-31,3,1,1,1,1,0,True,True,False,spatial_row_and_column_match
heineken,2021,cash_flow,c1a9a847a67b32fc1bce671ae2590e5e0a085c964c0c507a2500fc9713850cd8,73,23,line_item,"Disposal of subsidiaries, net of cash disposed of",2020-12-31,(29),1,1,1,1,0,True,True,False,spatial_row_and_column_match
heineken,2021,cash_flow,c1a9a847a67b32fc1bce671ae2590e5e0a085c964c0c507a2500fc9713850cd8,73,24,line_item,Change in inventories,2021-12-31,(308),1,1,1,1,0,True,True,False,spatial_row_and_column_match
heineken,2021,cash_flow,c1a9a847a67b32fc1bce671ae2590e5e0a085c964c0c507a2500fc9713850cd8,73,24,line_item,Change in inventories,2020-12-31,(18),1,1,1,1,0,True,True,False,spatial_row_and_column_match
heineken,2021,cash_flow,c1a9a847a67b32fc1bce671ae2590e5e0a085c964c0c507a2500fc9713850cd8,73,25,line_item,"Disposal of associates, joint ventures and other investments",2021-12-31,11,1,2,1,1,0,True,True,False,spatial_row_and_column_match
heineken,2021,cash_flow,c1a9a847a67b32fc1bce671ae2590e5e0a085c964c0c507a2500fc9713850cd8,73,25,line_item,"Disposal of associates, joint ventures and other investments",2020-12-31,249,1,1,1,1,0,True,True,False,spatial_row_and_column_match
heineken,2021,cash_flow,c1a9a847a67b32fc1bce671ae2590e5e0a085c964c0c507a2500fc9713850cd8,73,26,line_item,Change in trade and other receivables,2021-12-31,(697),1,1,1,1,0,True,True,False,spatial_row_and_column_match
heineken,2021,cash_flow,c1a9a847a67b32fc1bce671ae2590e5e0a085c964c0c507a2500fc9713850cd8,73,26,line_item,Change in trade and other receivables,2020-12-31,"1,124",1,1,1,1,0,True,True,False,spatial_row_and_column_match
heineken,2021,cash_flow,c1a9a847a67b32fc1bce671ae2590e5e0a085c964c0c507a2500fc9713850cd8,73,27,line_item,Cash flow (used in)/from acquisitions and disposals,2021-12-31,(610),1,1,1,1,0,True,True,False,spatial_row_and_column_match
heineken,2021,cash_flow,c1a9a847a67b32fc1bce671ae2590e5e0a085c964c0c507a2500fc9713850cd8,73,27,line_item,Cash flow (used in)/from acquisitions and disposals,2020-12-31,185,1,1,1,1,0,True,True,False,spatial_row_and_column_match
heineken,2021,cash_flow,c1a9a847a67b32fc1bce671ae2590e5e0a085c964c0c507a2500fc9713850cd8,73,28,line_item,Change in trade and other payables and returnable packaging deposits,2021-12-31,"1,268",1,1,1,1,0,True,False,False,spatial_row_and_column_match
heineken,2021,cash_flow,c1a9a847a67b32fc1bce671ae2590e5e0a085c964c0c507a2500fc9713850cd8,73,28,line_item,Change in trade and other payables and returnable packaging deposits,2020-12-31,(759),1,1,1,1,0,True,False,False,spatial_row_and_column_match
heineken,2021,cash_flow,c1a9a847a67b32fc1bce671ae2590e5e0a085c964c0c507a2500fc9713850cd8,73,29,subtotal,Cash flow (used in)/from investing activities,2021-12-31,"(2,277)",1,1,1,1,0,True,True,False,spatial_row_and_column_match
heineken,2021,cash_flow,c1a9a847a67b32fc1bce671ae2590e5e0a085c964c0c507a2500fc9713850cd8,73,29,subtotal,Cash flow (used in)/from investing activities,2020-12-31,"(1,438)",1,1,1,1,0,True,True,False,spatial_row_and_column_match
heineken,2021,cash_flow,c1a9a847a67b32fc1bce671ae2590e5e0a085c964c0c507a2500fc9713850cd8,73,30,subtotal,Total change in working capital,2021-12-31,263,1,1,1,1,0,True,True,False,spatial_row_and_column_match
heineken,2021,cash_flow,c1a9a847a67b32fc1bce671ae2590e5e0a085c964c0c507a2500fc9713850cd8,73,30,subtotal,Total change in working capital,2020-12-31,347,1,1,1,1,0,True,True,False,spatial_row_and_column_match
heineken,2021,cash_flow,c1a9a847a67b32fc1bce671ae2590e5e0a085c964c0c507a2500fc9713850cd8,73,32,line_item,Change in provisions and post-retirement obligations,2021-12-31,(290),1,1,1,1,0,True,True,False,spatial_row_and_column_match
heineken,2021,cash_flow,c1a9a847a67b32fc1bce671ae2590e5e0a085c964c0c507a2500fc9713850cd8,73,32,line_item,Change in provisions and post-retirement obligations,2020-12-31,211,1,1,1,1,0,True,True,False,spatial_row_and_column_match
heineken,2021,cash_flow,c1a9a847a67b32fc1bce671ae2590e5e0a085c964c0c507a2500fc9713850cd8,73,33,line_item,Proceeds from borrowings,2021-12-31,"1,571",1,1,1,1,0,True,True,False,spatial_row_and_column_match
heineken,2021,cash_flow,c1a9a847a67b32fc1bce671ae2590e5e0a085c964c0c507a2500fc9713850cd8,73,33,line_item,Proceeds from borrowings,2020-12-31,"6,037",1,1,1,1,0,True,True,False,spatial_row_and_column_match
heineken,2021,cash_flow,c1a9a847a67b32fc1bce671ae2590e5e0a085c964c0c507a2500fc9713850cd8,73,34,subtotal,Cash flow from operations,2021-12-31,"5,127",2,1,1,1,0,True,True,False,spatial_row_and_column_match
heineken,2021,cash_flow,c1a9a847a67b32fc1bce671ae2590e5e0a085c964c0c507a2500fc9713850cd8,73,34,subtotal,Cash flow from operations,2020-12-31,"4,232",2,1,1,1,0,True,True,False,spatial_row_and_column_match
heineken,2021,cash_flow,c1a9a847a67b32fc1bce671ae2590e5e0a085c964c0c507a2500fc9713850cd8,73,35,line_item,Repayment of borrowings,2021-12-31,"(3,362)",1,1,1,1,0,True,True,False,spatial_row_and_column_match
heineken,2021,cash_flow,c1a9a847a67b32fc1bce671ae2590e5e0a085c964c0c507a2500fc9713850cd8,73,35,line_item,Repayment of borrowings,2020-12-31,"(3,714)",1,1,1,1,0,True,True,False,spatial_row_and_column_match
heineken,2021,cash_flow,c1a9a847a67b32fc1bce671ae2590e5e0a085c964c0c507a2500fc9713850cd8,73,36,line_item,Interest paid,2021-12-31,(456),1,1,1,1,0,True,True,False,spatial_row_and_column_match
heineken,2021,cash_flow,c1a9a847a67b32fc1bce671ae2590e5e0a085c964c0c507a2500fc9713850cd8,73,36,line_item,Interest paid,2020-12-31,(481),1,1,1,1,0,True,True,False,spatial_row_and_column_match
heineken,2021,cash_flow,c1a9a847a67b32fc1bce671ae2590e5e0a085c964c0c507a2500fc9713850cd8,73,37,line_item,Payment of lease commitments,2021-12-31,(298),1,1,1,1,0,True,True,False,spatial_row_and_column_match
heineken,2021,cash_flow,c1a9a847a67b32fc1bce671ae2590e5e0a085c964c0c507a2500fc9713850cd8,73,37,line_item,Payment of lease commitments,2020-12-31,(281),1,1,1,1,0,True,True,False,spatial_row_and_column_match
heineken,2021,cash_flow,c1a9a847a67b32fc1bce671ae2590e5e0a085c964c0c507a2500fc9713850cd8,73,38,line_item,Interest received,2021-12-31,43,1,1,1,1,0,True,True,False,spatial_row_and_column_match
heineken,2021,cash_flow,c1a9a847a67b32fc1bce671ae2590e5e0a085c964c0c507a2500fc9713850cd8,73,38,line_item,Interest received,2020-12-31,45,1,1,1,1,0,True,True,False,spatial_row_and_column_match
heineken,2021,cash_flow,c1a9a847a67b32fc1bce671ae2590e5e0a085c964c0c507a2500fc9713850cd8,73,39,line_item,Dividends paid,2021-12-31,(796),1,1,1,1,0,True,True,False,spatial_row_and_column_match
heineken,2021,cash_flow,c1a9a847a67b32fc1bce671ae2590e5e0a085c964c0c507a2500fc9713850cd8,73,39,line_item,Dividends paid,2020-12-31,(811),1,1,1,1,0,True,True,False,spatial_row_and_column_match
heineken,2021,cash_flow,c1a9a847a67b32fc1bce671ae2590e5e0a085c964c0c507a2500fc9713850cd8,73,40,line_item,Dividends received,2021-12-31,184,1,1,1,1,0,True,True,False,spatial_row_and_column_match
heineken,2021,cash_flow,c1a9a847a67b32fc1bce671ae2590e5e0a085c964c0c507a2500fc9713850cd8,73,40,line_item,Dividends received,2020-12-31,89,1,1,1,1,0,True,True,False,spatial_row_and_column_match
heineken,2021,cash_flow,c1a9a847a67b32fc1bce671ae2590e5e0a085c964c0c507a2500fc9713850cd8,73,41,line_item,Purchase own shares and shares issued,2021-12-31,12,1,1,1,1,0,True,True,False,spatial_row_and_column_match
heineken,2021,cash_flow,c1a9a847a67b32fc1bce671ae2590e5e0a085c964c0c507a2500fc9713850cd8,73,41,line_item,Purchase own shares and shares issued,2020-12-31,11,1,2,1,1,0,True,True,False,spatial_row_and_column_match
heineken,2021,cash_flow,c1a9a847a67b32fc1bce671ae2590e5e0a085c964c0c507a2500fc9713850cd8,73,42,line_item,Income taxes paid,2021-12-31,(717),1,1,1,1,0,True,True,False,spatial_row_and_column_match
heineken,2021,cash_flow,c1a9a847a67b32fc1bce671ae2590e5e0a085c964c0c507a2500fc9713850cd8,73,42,line_item,Income taxes paid,2020-12-31,(749),1,1,1,1,0,True,True,False,spatial_row_and_column_match
heineken,2021,cash_flow,c1a9a847a67b32fc1bce671ae2590e5e0a085c964c0c507a2500fc9713850cd8,73,43,line_item,Acquisition of non-controlling interests,2021-12-31,(10),1,1,1,1,0,True,True,False,spatial_row_and_column_match
heineken,2021,cash_flow,c1a9a847a67b32fc1bce671ae2590e5e0a085c964c0c507a2500fc9713850cd8,73,43,line_item,Acquisition of non-controlling interests,2020-12-31,(4),1,1,1,1,0,True,True,False,spatial_row_and_column_match
heineken,2021,cash_flow,c1a9a847a67b32fc1bce671ae2590e5e0a085c964c0c507a2500fc9713850cd8,73,44,subtotal,"Cash flow related to interest, dividend and income tax",2021-12-31,(946),1,1,1,1,0,True,True,False,spatial_row_and_column_match
heineken,2021,cash_flow,c1a9a847a67b32fc1bce671ae2590e5e0a085c964c0c507a2500fc9713850cd8,73,44,subtotal,"Cash flow related to interest, dividend and income tax",2020-12-31,"(1,096)",1,1,1,1,0,True,True,False,spatial_row_and_column_match
heineken,2021,cash_flow,c1a9a847a67b32fc1bce671ae2590e5e0a085c964c0c507a2500fc9713850cd8,73,45,subtotal,Cash flow (used in)/from financing activities,2021-12-31,"(2,883)",1,1,1,1,0,True,True,False,spatial_row_and_column_match
heineken,2021,cash_flow,c1a9a847a67b32fc1bce671ae2590e5e0a085c964c0c507a2500fc9713850cd8,73,45,subtotal,Cash flow (used in)/from financing activities,2020-12-31,"1,238",1,1,1,1,0,True,True,False,spatial_row_and_column_match
heineken,2021,cash_flow,c1a9a847a67b32fc1bce671ae2590e5e0a085c964c0c507a2500fc9713850cd8,73,46,subtotal,Cash flow from operating activities,2021-12-31,"4,181",1,1,1,1,0,True,True,False,spatial_row_and_column_match
heineken,2021,cash_flow,c1a9a847a67b32fc1bce671ae2590e5e0a085c964c0c507a2500fc9713850cd8,73,46,subtotal,Cash flow from operating activities,2020-12-31,"3,136",1,1,1,1,0,True,True,False,spatial_row_and_column_match
heineken,2021,cash_flow,c1a9a847a67b32fc1bce671ae2590e5e0a085c964c0c507a2500fc9713850cd8,73,47,total,Net cash flow,2021-12-31,(979),1,1,1,1,0,True,True,False,spatial_row_and_column_match
heineken,2021,cash_flow,c1a9a847a67b32fc1bce671ae2590e5e0a085c964c0c507a2500fc9713850cd8,73,47,total,Net cash flow,2020-12-31,"2,936",1,1,1,1,0,True,True,False,spatial_row_and_column_match
heineken,2021,cash_flow,c1a9a847a67b32fc1bce671ae2590e5e0a085c964c0c507a2500fc9713850cd8,73,48,line_item,Cash and cash equivalents as at 1 January,2021-12-31,"3,519",1,2,1,1,0,True,True,False,spatial_row_and_column_match
heineken,2021,cash_flow,c1a9a847a67b32fc1bce671ae2590e5e0a085c964c0c507a2500fc9713850cd8,73,48,line_item,Cash and cash equivalents as at 1 January,2020-12-31,687,1,1,1,1,0,True,True,False,spatial_row_and_column_match
heineken,2021,cash_flow,c1a9a847a67b32fc1bce671ae2590e5e0a085c964c0c507a2500fc9713850cd8,73,49,line_item,Effect of movements in exchange rates,2021-12-31,16,1,1,1,1,0,True,True,False,spatial_row_and_column_match
heineken,2021,cash_flow,c1a9a847a67b32fc1bce671ae2590e5e0a085c964c0c507a2500fc9713850cd8,73,49,line_item,Effect of movements in exchange rates,2020-12-31,(104),1,1,1,1,0,True,True,False,spatial_row_and_column_match
heineken,2021,cash_flow,c1a9a847a67b32fc1bce671ae2590e5e0a085c964c0c507a2500fc9713850cd8,73,50,total,Cash and cash equivalents as at 31 December,2021-12-31,"2,556",1,1,1,1,0,True,True,False,spatial_row_and_column_match
heineken,2021,cash_flow,c1a9a847a67b32fc1bce671ae2590e5e0a085c964c0c507a2500fc9713850cd8,73,50,total,Cash and cash equivalents as at 31 December,2020-12-31,"3,519",1,2,1,1,0,True,True,False,spatial_row_and_column_match
unilever,2019,income_statement,39114615f11b0ea05e12bb04558b8ba1e417db6e7114b88d5c288e73f234c8a8,90,1,line_item,Turnover,2019-12-31,"51,980",1,1,1,1,0,True,True,False,spatial_row_and_column_match
unilever,2019,income_statement,39114615f11b0ea05e12bb04558b8ba1e417db6e7114b88d5c288e73f234c8a8,90,1,line_item,Turnover,2018-12-31,"50,982",1,1,1,1,0,True,True,False,spatial_row_and_column_match
unilever,2019,income_statement,39114615f11b0ea05e12bb04558b8ba1e417db6e7114b88d5c288e73f234c8a8,90,1,line_item,Turnover,2017-12-31,"53,715",1,1,1,1,0,True,True,False,spatial_row_and_column_match
unilever,2019,income_statement,39114615f11b0ea05e12bb04558b8ba1e417db6e7114b88d5c288e73f234c8a8,90,2,line_item,Operating profit,2019-12-31,"8,708",1,1,1,1,0,True,True,False,spatial_row_and_column_match
unilever,2019,income_statement,39114615f11b0ea05e12bb04558b8ba1e417db6e7114b88d5c288e73f234c8a8,90,2,line_item,Operating profit,2018-12-31,"12,639",1,1,1,1,0,True,True,False,spatial_row_and_column_match
unilever,2019,income_statement,39114615f11b0ea05e12bb04558b8ba1e417db6e7114b88d5c288e73f234c8a8,90,2,line_item,Operating profit,2017-12-31,"8,957",1,1,1,1,0,True,True,False,spatial_row_and_column_match
unilever,2019,income_statement,39114615f11b0ea05e12bb04558b8ba1e417db6e7114b88d5c288e73f234c8a8,90,3,line_item,Which includes non-underlying item credits/(charges) of,2019-12-31,"(1,239)",2,1,1,1,0,True,True,False,spatial_row_and_column_match
unilever,2019,income_statement,39114615f11b0ea05e12bb04558b8ba1e417db6e7114b88d5c288e73f234c8a8,90,3,line_item,Which includes non-underlying item credits/(charges) of,2018-12-31,"3,176",2,1,1,1,0,True,True,False,spatial_row_and_column_match
unilever,2019,income_statement,39114615f11b0ea05e12bb04558b8ba1e417db6e7114b88d5c288e73f234c8a8,90,3,line_item,Which includes non-underlying item credits/(charges) of,2017-12-31,(543),2,1,1,1,0,True,True,False,spatial_row_and_column_match
unilever,2019,income_statement,39114615f11b0ea05e12bb04558b8ba1e417db6e7114b88d5c288e73f234c8a8,90,4,line_item,Net finance costs,2019-12-31,(627),1,1,1,1,0,True,True,False,spatial_row_and_column_match
unilever,2019,income_statement,39114615f11b0ea05e12bb04558b8ba1e417db6e7114b88d5c288e73f234c8a8,90,4,line_item,Net finance costs,2018-12-31,(608),1,1,1,1,0,True,True,False,spatial_row_and_column_match
unilever,2019,income_statement,39114615f11b0ea05e12bb04558b8ba1e417db6e7114b88d5c288e73f234c8a8,90,4,line_item,Net finance costs,2017-12-31,"(1,004)",1,1,1,1,0,True,True,False,spatial_row_and_column_match
unilever,2019,income_statement,39114615f11b0ea05e12bb04558b8ba1e417db6e7114b88d5c288e73f234c8a8,90,5,line_item,Finance income,2019-12-31,224,1,1,1,1,0,True,True,False,spatial_row_and_column_match
unilever,2019,income_statement,39114615f11b0ea05e12bb04558b8ba1e417db6e7114b88d5c288e73f234c8a8,90,5,line_item,Finance income,2018-12-31,135,1,1,1,1,0,True,True,False,spatial_row_and_column_match
unilever,2019,income_statement,39114615f11b0ea05e12bb04558b8ba1e417db6e7114b88d5c288e73f234c8a8,90,5,line_item,Finance income,2017-12-31,157,1,1,1,1,0,True,True,False,spatial_row_and_column_match
unilever,2019,income_statement,39114615f11b0ea05e12bb04558b8ba1e417db6e7114b88d5c288e73f234c8a8,90,6,line_item,Finance costs,2019-12-31,(821),2,1,1,1,0,True,True,False,spatial_row_and_column_match
unilever,2019,income_statement,39114615f11b0ea05e12bb04558b8ba1e417db6e7114b88d5c288e73f234c8a8,90,6,line_item,Finance costs,2018-12-31,(718),2,1,1,1,0,True,True,False,spatial_row_and_column_match
unilever,2019,income_statement,39114615f11b0ea05e12bb04558b8ba1e417db6e7114b88d5c288e73f234c8a8,90,6,line_item,Finance costs,2017-12-31,(683),2,1,1,1,0,True,True,False,spatial_row_and_column_match
unilever,2019,income_statement,39114615f11b0ea05e12bb04558b8ba1e417db6e7114b88d5c288e73f234c8a8,90,7,line_item,Pensions and similar obligations,2019-12-31,(30),1,1,1,1,0,True,True,False,spatial_row_and_column_match
unilever,2019,income_statement,39114615f11b0ea05e12bb04558b8ba1e417db6e7114b88d5c288e73f234c8a8,90,7,line_item,Pensions and similar obligations,2018-12-31,(25),1,1,1,1,0,True,True,False,spatial_row_and_column_match
unilever,2019,income_statement,39114615f11b0ea05e12bb04558b8ba1e417db6e7114b88d5c288e73f234c8a8,90,7,line_item,Pensions and similar obligations,2017-12-31,(96),1,1,1,1,0,True,True,False,spatial_row_and_column_match
unilever,2019,income_statement,39114615f11b0ea05e12bb04558b8ba1e417db6e7114b88d5c288e73f234c8a8,90,8,line_item,Net finance cost non-underlying items,2019-12-31,–,1,30,6,5,1,True,True,False,spatial_row_and_column_match
unilever,2019,income_statement,39114615f11b0ea05e12bb04558b8ba1e417db6e7114b88d5c288e73f234c8a8,90,8,line_item,Net finance cost non-underlying items,2018-12-31,–,1,30,6,1,5,True,True,False,spatial_row_and_column_match
unilever,2019,income_statement,39114615f11b0ea05e12bb04558b8ba1e417db6e7114b88d5c288e73f234c8a8,90,8,line_item,Net finance cost non-underlying items,2017-12-31,(382),1,1,1,1,0,True,True,False,spatial_row_and_column_match
unilever,2019,income_statement,39114615f11b0ea05e12bb04558b8ba1e417db6e7114b88d5c288e73f234c8a8,90,9,line_item,Non-underlying item net monetary gain/(loss) arising from hyperinflationary economies,2019-12-31,32,1,2,1,1,0,True,True,False,spatial_row_and_column_match
unilever,2019,income_statement,39114615f11b0ea05e12bb04558b8ba1e417db6e7114b88d5c288e73f234c8a8,90,9,line_item,Non-underlying item net monetary gain/(loss) arising from hyperinflationary economies,2018-12-31,122,1,1,1,1,0,True,True,False,spatial_row_and_column_match
unilever,2019,income_statement,39114615f11b0ea05e12bb04558b8ba1e417db6e7114b88d5c288e73f234c8a8,90,9,line_item,Non-underlying item net monetary gain/(loss) arising from hyperinflationary economies,2017-12-31,–,1,30,2,1,1,True,True,False,spatial_row_and_column_match
unilever,2019,income_statement,39114615f11b0ea05e12bb04558b8ba1e417db6e7114b88d5c288e73f234c8a8,90,10,line_item,Share of net profit/(loss) of joint ventures and associates,2019-12-31,176,1,2,1,1,0,True,True,False,spatial_row_and_column_match
unilever,2019,income_statement,39114615f11b0ea05e12bb04558b8ba1e417db6e7114b88d5c288e73f234c8a8,90,10,line_item,Share of net profit/(loss) of joint ventures and associates,2018-12-31,185,1,1,1,1,0,True,True,False,spatial_row_and_column_match
unilever,2019,income_statement,39114615f11b0ea05e12bb04558b8ba1e417db6e7114b88d5c288e73f234c8a8,90,10,line_item,Share of net profit/(loss) of joint ventures and associates,2017-12-31,155,1,1,1,1,0,True,True,False,spatial_row_and_column_match
unilever,2019,income_statement,39114615f11b0ea05e12bb04558b8ba1e417db6e7114b88d5c288e73f234c8a8,90,11,line_item,Which includes non-underlying item credits/(charges) of,2019-12-31,3,2,5,3,3,0,True,True,False,spatial_row_and_column_match
unilever,2019,income_statement,39114615f11b0ea05e12bb04558b8ba1e417db6e7114b88d5c288e73f234c8a8,90,11,line_item,Which includes non-underlying item credits/(charges) of,2018-12-31,32,2,2,1,1,0,True,True,False,spatial_row_and_column_match
unilever,2019,income_statement,39114615f11b0ea05e12bb04558b8ba1e417db6e7114b88d5c288e73f234c8a8,90,11,line_item,Which includes non-underlying item credits/(charges) of,2017-12-31,–,2,30,7,1,6,True,True,False,spatial_row_and_column_match
unilever,2019,income_statement,39114615f11b0ea05e12bb04558b8ba1e417db6e7114b88d5c288e73f234c8a8,90,12,line_item,Other income/(loss) from non-current investments and associates,2019-12-31,-,1,30,5,5,0,True,True,False,spatial_row_and_column_match
unilever,2019,income_statement,39114615f11b0ea05e12bb04558b8ba1e417db6e7114b88d5c288e73f234c8a8,90,12,line_item,Other income/(loss) from non-current investments and associates,2018-12-31,22,1,1,1,1,0,True,True,False,spatial_row_and_column_match
unilever,2019,income_statement,39114615f11b0ea05e12bb04558b8ba1e417db6e7114b88d5c288e73f234c8a8,90,12,line_item,Other income/(loss) from non-current investments and associates,2017-12-31,18,1,1,1,1,0,True,True,False,spatial_row_and_column_match
unilever,2019,income_statement,39114615f11b0ea05e12bb04558b8ba1e417db6e7114b88d5c288e73f234c8a8,90,13,line_item,Profit before taxation,2019-12-31,"8,289",1,1,1,1,0,True,True,False,spatial_row_and_column_match
unilever,2019,income_statement,39114615f11b0ea05e12bb04558b8ba1e417db6e7114b88d5c288e73f234c8a8,90,13,line_item,Profit before taxation,2018-12-31,"12,360",1,1,1,1,0,True,True,False,spatial_row_and_column_match
unilever,2019,income_statement,39114615f11b0ea05e12bb04558b8ba1e417db6e7114b88d5c288e73f234c8a8,90,13,line_item,Profit before taxation,2017-12-31,"8,126",1,1,1,1,0,True,True,False,spatial_row_and_column_match
unilever,2019,income_statement,39114615f11b0ea05e12bb04558b8ba1e417db6e7114b88d5c288e73f234c8a8,90,14,line_item,Taxation,2019-12-31,"(2,263)",2,1,1,1,0,True,True,False,spatial_row_and_column_match
unilever,2019,income_statement,39114615f11b0ea05e12bb04558b8ba1e417db6e7114b88d5c288e73f234c8a8,90,14,line_item,Taxation,2018-12-31,"(2,572)",2,1,1,1,0,True,True,False,spatial_row_and_column_match
unilever,2019,income_statement,39114615f11b0ea05e12bb04558b8ba1e417db6e7114b88d5c288e73f234c8a8,90,14,line_item,Taxation,2017-12-31,"(1,670)",2,1,1,1,0,True,True,False,spatial_row_and_column_match
unilever,2019,income_statement,39114615f11b0ea05e12bb04558b8ba1e417db6e7114b88d5c288e73f234c8a8,90,15,line_item,Which includes tax impact of non-underlying items of,2019-12-31,113,1,1,1,1,0,True,True,False,spatial_row_and_column_match
unilever,2019,income_statement,39114615f11b0ea05e12bb04558b8ba1e417db6e7114b88d5c288e73f234c8a8,90,15,line_item,Which includes tax impact of non-underlying items of,2018-12-31,(288),1,1,1,1,0,True,True,False,spatial_row_and_column_match
unilever,2019,income_statement,39114615f11b0ea05e12bb04558b8ba1e417db6e7114b88d5c288e73f234c8a8,90,15,line_item,Which includes tax impact of non-underlying items of,2017-12-31,655,1,1,1,1,0,True,True,False,spatial_row_and_column_match
unilever,2019,income_statement,39114615f11b0ea05e12bb04558b8ba1e417db6e7114b88d5c288e73f234c8a8,90,16,line_item,Net profit,2019-12-31,"6,026",3,2,2,2,0,True,True,False,spatial_row_and_column_match
unilever,2019,income_statement,39114615f11b0ea05e12bb04558b8ba1e417db6e7114b88d5c288e73f234c8a8,90,16,line_item,Net profit,2018-12-31,"9,788",3,2,2,2,0,True,True,False,spatial_row_and_column_match
unilever,2019,income_statement,39114615f11b0ea05e12bb04558b8ba1e417db6e7114b88d5c288e73f234c8a8,90,16,line_item,Net profit,2017-12-31,"6,456",3,2,2,2,0,True,True,False,spatial_row_and_column_match
unilever,2019,income_statement,39114615f11b0ea05e12bb04558b8ba1e417db6e7114b88d5c288e73f234c8a8,90,18,line_item,Non-controlling interests,2019-12-31,401,2,1,1,1,0,True,True,False,spatial_row_and_column_match
unilever,2019,income_statement,39114615f11b0ea05e12bb04558b8ba1e417db6e7114b88d5c288e73f234c8a8,90,18,line_item,Non-controlling interests,2018-12-31,419,2,1,1,1,0,True,True,False,spatial_row_and_column_match
unilever,2019,income_statement,39114615f11b0ea05e12bb04558b8ba1e417db6e7114b88d5c288e73f234c8a8,90,18,line_item,Non-controlling interests,2017-12-31,433,2,1,1,1,0,True,True,False,spatial_row_and_column_match
unilever,2019,income_statement,39114615f11b0ea05e12bb04558b8ba1e417db6e7114b88d5c288e73f234c8a8,90,19,line_item,Shareholders’ equity,2019-12-31,"5,625",2,1,1,1,0,True,True,False,spatial_row_and_column_match
unilever,2019,income_statement,39114615f11b0ea05e12bb04558b8ba1e417db6e7114b88d5c288e73f234c8a8,90,19,line_item,Shareholders’ equity,2018-12-31,"9,369",2,1,1,1,0,True,True,False,spatial_row_and_column_match
unilever,2019,income_statement,39114615f11b0ea05e12bb04558b8ba1e417db6e7114b88d5c288e73f234c8a8,90,19,line_item,Shareholders’ equity,2017-12-31,"6,023",2,1,1,1,0,True,True,False,spatial_row_and_column_match
unilever,2019,income_statement,39114615f11b0ea05e12bb04558b8ba1e417db6e7114b88d5c288e73f234c8a8,90,21,line_item,Basic earnings per share (€),2019-12-31,2.15,1,2,2,1,1,True,True,False,spatial_row_and_column_match
unilever,2019,income_statement,39114615f11b0ea05e12bb04558b8ba1e417db6e7114b88d5c288e73f234c8a8,90,21,line_item,Basic earnings per share (€),2018-12-31,3.49,1,1,1,1,0,True,True,False,spatial_row_and_column_match
unilever,2019,income_statement,39114615f11b0ea05e12bb04558b8ba1e417db6e7114b88d5c288e73f234c8a8,90,21,line_item,Basic earnings per share (€),2017-12-31,2.15,1,2,2,1,1,True,True,False,spatial_row_and_column_match
unilever,2019,income_statement,39114615f11b0ea05e12bb04558b8ba1e417db6e7114b88d5c288e73f234c8a8,90,22,line_item,Diluted earnings per share (€),2019-12-31,2.14,1,2,2,1,1,True,True,False,spatial_row_and_column_match
unilever,2019,income_statement,39114615f11b0ea05e12bb04558b8ba1e417db6e7114b88d5c288e73f234c8a8,90,22,line_item,Diluted earnings per share (€),2018-12-31,3.48,1,1,1,1,0,True,True,False,spatial_row_and_column_match
unilever,2019,income_statement,39114615f11b0ea05e12bb04558b8ba1e417db6e7114b88d5c288e73f234c8a8,90,22,line_item,Diluted earnings per share (€),2017-12-31,2.14,1,2,2,1,1,True,True,False,spatial_row_and_column_match
unilever,2019,balance_sheet,39114615f11b0ea05e12bb04558b8ba1e417db6e7114b88d5c288e73f234c8a8,92,3,line_item,Goodwill,2019-12-31,"18,067",1,1,1,1,0,True,True,False,spatial_row_and_column_match
unilever,2019,balance_sheet,39114615f11b0ea05e12bb04558b8ba1e417db6e7114b88d5c288e73f234c8a8,92,3,line_item,Goodwill,2018-12-31,"17,341",1,1,1,1,0,True,True,False,spatial_row_and_column_match
unilever,2019,balance_sheet,39114615f11b0ea05e12bb04558b8ba1e417db6e7114b88d5c288e73f234c8a8,92,3,line_item,Goodwill,2018-01-01,"16,881",1,1,1,1,0,True,True,False,spatial_row_and_column_match
unilever,2019,balance_sheet,39114615f11b0ea05e12bb04558b8ba1e417db6e7114b88d5c288e73f234c8a8,92,4,line_item,Intangible assets,2019-12-31,"12,962",1,1,1,1,0,True,True,False,spatial_row_and_column_match
unilever,2019,balance_sheet,39114615f11b0ea05e12bb04558b8ba1e417db6e7114b88d5c288e73f234c8a8,92,4,line_item,Intangible assets,2018-12-31,"12,152",1,1,1,1,0,True,True,False,spatial_row_and_column_match
unilever,2019,balance_sheet,39114615f11b0ea05e12bb04558b8ba1e417db6e7114b88d5c288e73f234c8a8,92,4,line_item,Intangible assets,2018-01-01,"11,520",1,1,1,1,0,True,True,False,spatial_row_and_column_match
unilever,2019,balance_sheet,39114615f11b0ea05e12bb04558b8ba1e417db6e7114b88d5c288e73f234c8a8,92,5,line_item,"Property, plant and equipment",2019-12-31,"12,062",1,1,1,1,0,True,True,False,spatial_row_and_column_match
unilever,2019,balance_sheet,39114615f11b0ea05e12bb04558b8ba1e417db6e7114b88d5c288e73f234c8a8,92,5,line_item,"Property, plant and equipment",2018-12-31,"12,088",1,1,1,1,0,True,True,False,spatial_row_and_column_match
unilever,2019,balance_sheet,39114615f11b0ea05e12bb04558b8ba1e417db6e7114b88d5c288e73f234c8a8,92,5,line_item,"Property, plant and equipment",2018-01-01,"12,270",1,1,1,1,0,True,True,False,spatial_row_and_column_match
unilever,2019,balance_sheet,39114615f11b0ea05e12bb04558b8ba1e417db6e7114b88d5c288e73f234c8a8,92,6,line_item,Pension asset for funded schemes in surplus,2019-12-31,"2,422",1,1,1,1,0,True,True,False,spatial_row_and_column_match
unilever,2019,balance_sheet,39114615f11b0ea05e12bb04558b8ba1e417db6e7114b88d5c288e73f234c8a8,92,6,line_item,Pension asset for funded schemes in surplus,2018-12-31,"1,728",1,1,1,1,0,True,True,False,spatial_row_and_column_match
unilever,2019,balance_sheet,39114615f11b0ea05e12bb04558b8ba1e417db6e7114b88d5c288e73f234c8a8,92,6,line_item,Pension asset for funded schemes in surplus,2018-01-01,"2,173",1,1,1,1,0,True,True,False,spatial_row_and_column_match
unilever,2019,balance_sheet,39114615f11b0ea05e12bb04558b8ba1e417db6e7114b88d5c288e73f234c8a8,92,7,line_item,Deferred tax assets,2019-12-31,"1,336",1,1,1,1,0,True,True,False,spatial_row_and_column_match
unilever,2019,balance_sheet,39114615f11b0ea05e12bb04558b8ba1e417db6e7114b88d5c288e73f234c8a8,92,7,line_item,Deferred tax assets,2018-12-31,"1,152",1,1,1,1,0,True,True,False,spatial_row_and_column_match
unilever,2019,balance_sheet,39114615f11b0ea05e12bb04558b8ba1e417db6e7114b88d5c288e73f234c8a8,92,7,line_item,Deferred tax assets,2018-01-01,"1,118",1,1,1,1,0,True,True,False,spatial_row_and_column_match
unilever,2019,balance_sheet,39114615f11b0ea05e12bb04558b8ba1e417db6e7114b88d5c288e73f234c8a8,92,8,line_item,Financial assets,2019-12-31,874,2,2,2,1,1,True,True,False,spatial_row_and_column_match
unilever,2019,balance_sheet,39114615f11b0ea05e12bb04558b8ba1e417db6e7114b88d5c288e73f234c8a8,92,8,line_item,Financial assets,2018-12-31,642,2,1,1,1,0,True,True,False,spatial_row_and_column_match
unilever,2019,balance_sheet,39114615f11b0ea05e12bb04558b8ba1e417db6e7114b88d5c288e73f234c8a8,92,8,line_item,Financial assets,2018-01-01,675,2,1,1,1,0,True,True,False,spatial_row_and_column_match
unilever,2019,balance_sheet,39114615f11b0ea05e12bb04558b8ba1e417db6e7114b88d5c288e73f234c8a8,92,9,line_item,Other non-current assets,2019-12-31,653,1,1,1,1,0,True,True,False,spatial_row_and_column_match
unilever,2019,balance_sheet,39114615f11b0ea05e12bb04558b8ba1e417db6e7114b88d5c288e73f234c8a8,92,9,line_item,Other non-current assets,2018-12-31,530,1,1,1,1,0,True,True,False,spatial_row_and_column_match
unilever,2019,balance_sheet,39114615f11b0ea05e12bb04558b8ba1e417db6e7114b88d5c288e73f234c8a8,92,9,line_item,Other non-current assets,2018-01-01,441,1,1,1,1,0,True,True,False,spatial_row_and_column_match
unilever,2019,balance_sheet,39114615f11b0ea05e12bb04558b8ba1e417db6e7114b88d5c288e73f234c8a8,92,10,subtotal,Non-current assets,2019-12-31,"48,376",2,1,0,0,0,False,True,True,section_subtotal_reconciled
unilever,2019,balance_sheet,39114615f11b0ea05e12bb04558b8ba1e417db6e7114b88d5c288e73f234c8a8,92,10,subtotal,Non-current assets,2018-12-31,"45,633",2,1,0,0,0,False,True,True,section_subtotal_reconciled
unilever,2019,balance_sheet,39114615f11b0ea05e12bb04558b8ba1e417db6e7114b88d5c288e73f234c8a8,92,10,subtotal,Non-current assets,2018-01-01,"45,078",2,1,0,0,0,False,True,True,section_subtotal_reconciled
unilever,2019,balance_sheet,39114615f11b0ea05e12bb04558b8ba1e417db6e7114b88d5c288e73f234c8a8,92,12,line_item,Inventories,2019-12-31,"4,164",1,1,1,1,0,True,True,False,spatial_row_and_column_match
unilever,2019,balance_sheet,39114615f11b0ea05e12bb04558b8ba1e417db6e7114b88d5c288e73f234c8a8,92,12,line_item,Inventories,2018-12-31,"4,301",1,1,1,1,0,True,True,False,spatial_row_and_column_match
unilever,2019,balance_sheet,39114615f11b0ea05e12bb04558b8ba1e417db6e7114b88d5c288e73f234c8a8,92,12,line_item,Inventories,2018-01-01,"3,962",1,1,1,1,0,True,True,False,spatial_row_and_column_match
unilever,2019,balance_sheet,39114615f11b0ea05e12bb04558b8ba1e417db6e7114b88d5c288e73f234c8a8,92,13,line_item,Trade and other current receivables,2019-12-31,"6,695",1,1,1,1,0,True,True,False,spatial_row_and_column_match
unilever,2019,balance_sheet,39114615f11b0ea05e12bb04558b8ba1e417db6e7114b88d5c288e73f234c8a8,92,13,line_item,Trade and other current receivables,2018-12-31,"6,482",1,1,1,1,0,True,True,False,spatial_row_and_column_match
unilever,2019,balance_sheet,39114615f11b0ea05e12bb04558b8ba1e417db6e7114b88d5c288e73f234c8a8,92,13,line_item,Trade and other current receivables,2018-01-01,"5,219",1,1,1,1,0,True,True,False,spatial_row_and_column_match
unilever,2019,balance_sheet,39114615f11b0ea05e12bb04558b8ba1e417db6e7114b88d5c288e73f234c8a8,92,14,line_item,Current tax assets,2019-12-31,397,1,1,1,1,0,True,True,False,spatial_row_and_column_match
unilever,2019,balance_sheet,39114615f11b0ea05e12bb04558b8ba1e417db6e7114b88d5c288e73f234c8a8,92,14,line_item,Current tax assets,2018-12-31,472,1,1,1,1,0,True,True,False,spatial_row_and_column_match
unilever,2019,balance_sheet,39114615f11b0ea05e12bb04558b8ba1e417db6e7114b88d5c288e73f234c8a8,92,14,line_item,Current tax assets,2018-01-01,488,1,1,1,1,0,True,True,False,spatial_row_and_column_match
unilever,2019,balance_sheet,39114615f11b0ea05e12bb04558b8ba1e417db6e7114b88d5c288e73f234c8a8,92,15,line_item,Cash and cash equivalents,2019-12-31,"4,185",1,1,1,1,0,True,True,False,spatial_row_and_column_match
unilever,2019,balance_sheet,39114615f11b0ea05e12bb04558b8ba1e417db6e7114b88d5c288e73f234c8a8,92,15,line_item,Cash and cash equivalents,2018-12-31,"3,230",1,1,1,1,0,True,True,False,spatial_row_and_column_match
unilever,2019,balance_sheet,39114615f11b0ea05e12bb04558b8ba1e417db6e7114b88d5c288e73f234c8a8,92,15,line_item,Cash and cash equivalents,2018-01-01,"3,317",1,1,1,1,0,True,True,False,spatial_row_and_column_match
unilever,2019,balance_sheet,39114615f11b0ea05e12bb04558b8ba1e417db6e7114b88d5c288e73f234c8a8,92,16,line_item,Other financial assets,2019-12-31,907,1,1,1,1,0,True,True,False,spatial_row_and_column_match
unilever,2019,balance_sheet,39114615f11b0ea05e12bb04558b8ba1e417db6e7114b88d5c288e73f234c8a8,92,16,line_item,Other financial assets,2018-12-31,874,1,2,1,1,0,True,True,False,spatial_row_and_column_match
unilever,2019,balance_sheet,39114615f11b0ea05e12bb04558b8ba1e417db6e7114b88d5c288e73f234c8a8,92,16,line_item,Other financial assets,2018-01-01,770,1,1,1,1,0,True,True,False,spatial_row_and_column_match
unilever,2019,balance_sheet,39114615f11b0ea05e12bb04558b8ba1e417db6e7114b88d5c288e73f234c8a8,92,17,line_item,Assets held for sale,2019-12-31,82,1,1,1,1,0,True,True,False,spatial_row_and_column_match
unilever,2019,balance_sheet,39114615f11b0ea05e12bb04558b8ba1e417db6e7114b88d5c288e73f234c8a8,92,17,line_item,Assets held for sale,2018-12-31,119,1,1,1,1,0,True,True,False,spatial_row_and_column_match
unilever,2019,balance_sheet,39114615f11b0ea05e12bb04558b8ba1e417db6e7114b88d5c288e73f234c8a8,92,17,line_item,Assets held for sale,2018-01-01,"3,224",1,1,1,1,0,True,True,False,spatial_row_and_column_match
unilever,2019,balance_sheet,39114615f11b0ea05e12bb04558b8ba1e417db6e7114b88d5c288e73f234c8a8,92,18,subtotal,Current assets,2019-12-31,"16,430",3,1,0,0,0,False,True,True,section_subtotal_reconciled
unilever,2019,balance_sheet,39114615f11b0ea05e12bb04558b8ba1e417db6e7114b88d5c288e73f234c8a8,92,18,subtotal,Current assets,2018-12-31,"15,478",3,1,0,0,0,False,True,True,section_subtotal_reconciled
unilever,2019,balance_sheet,39114615f11b0ea05e12bb04558b8ba1e417db6e7114b88d5c288e73f234c8a8,92,18,subtotal,Current assets,2018-01-01,"16,980",3,1,0,0,0,False,True,True,section_subtotal_reconciled
unilever,2019,balance_sheet,39114615f11b0ea05e12bb04558b8ba1e417db6e7114b88d5c288e73f234c8a8,92,19,total,Total assets,2019-12-31,"64,806",1,2,1,1,0,True,True,False,spatial_row_and_column_match
unilever,2019,balance_sheet,39114615f11b0ea05e12bb04558b8ba1e417db6e7114b88d5c288e73f234c8a8,92,19,total,Total assets,2018-12-31,"61,111",1,2,1,1,0,True,True,False,spatial_row_and_column_match
unilever,2019,balance_sheet,39114615f11b0ea05e12bb04558b8ba1e417db6e7114b88d5c288e73f234c8a8,92,19,total,Total assets,2018-01-01,"62,058",1,2,1,1,0,True,True,False,spatial_row_and_column_match
unilever,2019,balance_sheet,39114615f11b0ea05e12bb04558b8ba1e417db6e7114b88d5c288e73f234c8a8,92,22,line_item,Financial liabilities,2019-12-31,"4,691",2,1,1,1,0,True,True,False,spatial_row_and_column_match
unilever,2019,balance_sheet,39114615f11b0ea05e12bb04558b8ba1e417db6e7114b88d5c288e73f234c8a8,92,22,line_item,Financial liabilities,2018-12-31,"3,613",2,1,1,1,0,True,True,False,spatial_row_and_column_match
unilever,2019,balance_sheet,39114615f11b0ea05e12bb04558b8ba1e417db6e7114b88d5c288e73f234c8a8,92,22,line_item,Financial liabilities,2018-01-01,"8,378",2,1,1,1,0,True,True,False,spatial_row_and_column_match
unilever,2019,balance_sheet,39114615f11b0ea05e12bb04558b8ba1e417db6e7114b88d5c288e73f234c8a8,92,23,line_item,Trade payables and other current liabilities,2019-12-31,"14,768",1,1,1,1,0,True,True,False,spatial_row_and_column_match
unilever,2019,balance_sheet,39114615f11b0ea05e12bb04558b8ba1e417db6e7114b88d5c288e73f234c8a8,92,23,line_item,Trade payables and other current liabilities,2018-12-31,"14,457",1,1,1,1,0,True,True,False,spatial_row_and_column_match
unilever,2019,balance_sheet,39114615f11b0ea05e12bb04558b8ba1e417db6e7114b88d5c288e73f234c8a8,92,23,line_item,Trade payables and other current liabilities,2018-01-01,"13,426",1,1,1,1,0,True,True,False,spatial_row_and_column_match
unilever,2019,balance_sheet,39114615f11b0ea05e12bb04558b8ba1e417db6e7114b88d5c288e73f234c8a8,92,24,line_item,Current tax liabilities,2019-12-31,898,2,1,1,1,0,True,True,False,spatial_row_and_column_match
unilever,2019,balance_sheet,39114615f11b0ea05e12bb04558b8ba1e417db6e7114b88d5c288e73f234c8a8,92,24,line_item,Current tax liabilities,2018-12-31,"1,445",2,1,1,1,0,True,True,False,spatial_row_and_column_match
unilever,2019,balance_sheet,39114615f11b0ea05e12bb04558b8ba1e417db6e7114b88d5c288e73f234c8a8,92,24,line_item,Current tax liabilities,2018-01-01,"1,088",2,1,1,1,0,True,True,False,spatial_row_and_column_match
unilever,2019,balance_sheet,39114615f11b0ea05e12bb04558b8ba1e417db6e7114b88d5c288e73f234c8a8,92,25,line_item,Provisions,2019-12-31,620,2,1,1,1,0,True,True,False,spatial_row_and_column_match
unilever,2019,balance_sheet,39114615f11b0ea05e12bb04558b8ba1e417db6e7114b88d5c288e73f234c8a8,92,25,line_item,Provisions,2018-12-31,624,2,1,1,1,0,True,True,False,spatial_row_and_column_match
unilever,2019,balance_sheet,39114615f11b0ea05e12bb04558b8ba1e417db6e7114b88d5c288e73f234c8a8,92,25,line_item,Provisions,2018-01-01,525,2,1,1,1,0,True,True,False,spatial_row_and_column_match
unilever,2019,balance_sheet,39114615f11b0ea05e12bb04558b8ba1e417db6e7114b88d5c288e73f234c8a8,92,26,line_item,Liabilities held for sale,2019-12-31,1,1,3,1,1,0,True,True,False,spatial_row_and_column_match
unilever,2019,balance_sheet,39114615f11b0ea05e12bb04558b8ba1e417db6e7114b88d5c288e73f234c8a8,92,26,line_item,Liabilities held for sale,2018-12-31,11,1,2,1,1,0,True,True,False,spatial_row_and_column_match
unilever,2019,balance_sheet,39114615f11b0ea05e12bb04558b8ba1e417db6e7114b88d5c288e73f234c8a8,92,26,line_item,Liabilities held for sale,2018-01-01,170,1,1,1,1,0,True,True,False,spatial_row_and_column_match
unilever,2019,balance_sheet,39114615f11b0ea05e12bb04558b8ba1e417db6e7114b88d5c288e73f234c8a8,92,27,subtotal,Current liabilities,2019-12-31,"20,978",4,1,0,0,0,False,True,True,section_subtotal_reconciled
unilever,2019,balance_sheet,39114615f11b0ea05e12bb04558b8ba1e417db6e7114b88d5c288e73f234c8a8,92,27,subtotal,Current liabilities,2018-12-31,"20,150",4,1,0,0,0,False,True,True,section_subtotal_reconciled
unilever,2019,balance_sheet,39114615f11b0ea05e12bb04558b8ba1e417db6e7114b88d5c288e73f234c8a8,92,27,subtotal,Current liabilities,2018-01-01,"23,587",4,1,0,0,0,False,True,True,section_subtotal_reconciled
unilever,2019,balance_sheet,39114615f11b0ea05e12bb04558b8ba1e417db6e7114b88d5c288e73f234c8a8,92,29,line_item,Financial liabilities,2019-12-31,"23,566",2,1,1,1,0,True,True,False,spatial_row_and_column_match
unilever,2019,balance_sheet,39114615f11b0ea05e12bb04558b8ba1e417db6e7114b88d5c288e73f234c8a8,92,29,line_item,Financial liabilities,2018-12-31,"23,125",2,1,1,1,0,True,True,False,spatial_row_and_column_match
unilever,2019,balance_sheet,39114615f11b0ea05e12bb04558b8ba1e417db6e7114b88d5c288e73f234c8a8,92,29,line_item,Financial liabilities,2018-01-01,"18,039",2,1,1,1,0,True,True,False,spatial_row_and_column_match
unilever,2019,balance_sheet,39114615f11b0ea05e12bb04558b8ba1e417db6e7114b88d5c288e73f234c8a8,92,30,line_item,Non-current tax liabilities,2019-12-31,182,1,1,1,1,0,True,True,False,spatial_row_and_column_match
unilever,2019,balance_sheet,39114615f11b0ea05e12bb04558b8ba1e417db6e7114b88d5c288e73f234c8a8,92,30,line_item,Non-current tax liabilities,2018-12-31,174,1,1,1,1,0,True,True,False,spatial_row_and_column_match
unilever,2019,balance_sheet,39114615f11b0ea05e12bb04558b8ba1e417db6e7114b88d5c288e73f234c8a8,92,30,line_item,Non-current tax liabilities,2018-01-01,118,1,1,1,1,0,True,True,False,spatial_row_and_column_match
unilever,2019,balance_sheet,39114615f11b0ea05e12bb04558b8ba1e417db6e7114b88d5c288e73f234c8a8,92,32,line_item,Funded schemes in deficit,2019-12-31,"1,157",1,1,1,1,0,True,True,False,spatial_row_and_column_match
unilever,2019,balance_sheet,39114615f11b0ea05e12bb04558b8ba1e417db6e7114b88d5c288e73f234c8a8,92,32,line_item,Funded schemes in deficit,2018-12-31,"1,209",1,1,1,1,0,True,True,False,spatial_row_and_column_match
unilever,2019,balance_sheet,39114615f11b0ea05e12bb04558b8ba1e417db6e7114b88d5c288e73f234c8a8,92,32,line_item,Funded schemes in deficit,2018-01-01,"1,225",1,1,1,1,0,True,True,False,spatial_row_and_column_match
unilever,2019,balance_sheet,39114615f11b0ea05e12bb04558b8ba1e417db6e7114b88d5c288e73f234c8a8,92,33,line_item,Unfunded schemes,2019-12-31,"1,461",1,1,1,1,0,True,True,False,spatial_row_and_column_match
unilever,2019,balance_sheet,39114615f11b0ea05e12bb04558b8ba1e417db6e7114b88d5c288e73f234c8a8,92,33,line_item,Unfunded schemes,2018-12-31,"1,393",1,1,1,1,0,True,True,False,spatial_row_and_column_match
unilever,2019,balance_sheet,39114615f11b0ea05e12bb04558b8ba1e417db6e7114b88d5c288e73f234c8a8,92,33,line_item,Unfunded schemes,2018-01-01,"1,509",1,1,1,1,0,True,True,False,spatial_row_and_column_match
unilever,2019,balance_sheet,39114615f11b0ea05e12bb04558b8ba1e417db6e7114b88d5c288e73f234c8a8,92,34,line_item,Provisions,2019-12-31,664,2,1,1,1,0,True,True,False,spatial_row_and_column_match
unilever,2019,balance_sheet,39114615f11b0ea05e12bb04558b8ba1e417db6e7114b88d5c288e73f234c8a8,92,34,line_item,Provisions,2018-12-31,697,2,1,1,1,0,True,True,False,spatial_row_and_column_match
unilever,2019,balance_sheet,39114615f11b0ea05e12bb04558b8ba1e417db6e7114b88d5c288e73f234c8a8,92,34,line_item,Provisions,2018-01-01,794,2,1,1,1,0,True,True,False,spatial_row_and_column_match
unilever,2019,balance_sheet,39114615f11b0ea05e12bb04558b8ba1e417db6e7114b88d5c288e73f234c8a8,92,35,line_item,Deferred tax liabilities,2019-12-31,"2,573",1,1,1,1,0,True,True,False,spatial_row_and_column_match
unilever,2019,balance_sheet,39114615f11b0ea05e12bb04558b8ba1e417db6e7114b88d5c288e73f234c8a8,92,35,line_item,Deferred tax liabilities,2018-12-31,"1,900",1,1,1,1,0,True,True,False,spatial_row_and_column_match
unilever,2019,balance_sheet,39114615f11b0ea05e12bb04558b8ba1e417db6e7114b88d5c288e73f234c8a8,92,35,line_item,Deferred tax liabilities,2018-01-01,"1,888",1,1,1,1,0,True,True,False,spatial_row_and_column_match
unilever,2019,balance_sheet,39114615f11b0ea05e12bb04558b8ba1e417db6e7114b88d5c288e73f234c8a8,92,36,line_item,Other non-current liabilities,2019-12-31,339,1,1,1,1,0,True,True,False,spatial_row_and_column_match
unilever,2019,balance_sheet,39114615f11b0ea05e12bb04558b8ba1e417db6e7114b88d5c288e73f234c8a8,92,36,line_item,Other non-current liabilities,2018-12-31,346,1,1,1,1,0,True,True,False,spatial_row_and_column_match
unilever,2019,balance_sheet,39114615f11b0ea05e12bb04558b8ba1e417db6e7114b88d5c288e73f234c8a8,92,36,line_item,Other non-current liabilities,2018-01-01,700,1,1,1,1,0,True,True,False,spatial_row_and_column_match
unilever,2019,balance_sheet,39114615f11b0ea05e12bb04558b8ba1e417db6e7114b88d5c288e73f234c8a8,92,37,subtotal,Non-current liabilities,2019-12-31,"29,942",2,1,0,0,0,False,True,True,section_subtotal_reconciled
unilever,2019,balance_sheet,39114615f11b0ea05e12bb04558b8ba1e417db6e7114b88d5c288e73f234c8a8,92,37,subtotal,Non-current liabilities,2018-12-31,"28,844",2,1,0,0,0,False,True,True,section_subtotal_reconciled
unilever,2019,balance_sheet,39114615f11b0ea05e12bb04558b8ba1e417db6e7114b88d5c288e73f234c8a8,92,37,subtotal,Non-current liabilities,2018-01-01,"24,273",2,1,0,0,0,False,True,True,section_subtotal_reconciled
unilever,2019,balance_sheet,39114615f11b0ea05e12bb04558b8ba1e417db6e7114b88d5c288e73f234c8a8,92,38,total,Total liabilities,2019-12-31,"50,920",2,1,1,1,0,True,True,False,spatial_row_and_column_match
unilever,2019,balance_sheet,39114615f11b0ea05e12bb04558b8ba1e417db6e7114b88d5c288e73f234c8a8,92,38,total,Total liabilities,2018-12-31,"48,994",2,1,1,1,0,True,True,False,spatial_row_and_column_match
unilever,2019,balance_sheet,39114615f11b0ea05e12bb04558b8ba1e417db6e7114b88d5c288e73f234c8a8,92,38,total,Total liabilities,2018-01-01,"47,860",2,1,1,1,0,True,True,False,spatial_row_and_column_match
unilever,2019,balance_sheet,39114615f11b0ea05e12bb04558b8ba1e417db6e7114b88d5c288e73f234c8a8,92,41,line_item,Called up share capital,2019-12-31,420,1,1,1,1,0,True,True,False,spatial_row_and_column_match
unilever,2019,balance_sheet,39114615f11b0ea05e12bb04558b8ba1e417db6e7114b88d5c288e73f234c8a8,92,41,line_item,Called up share capital,2018-12-31,464,1,1,1,1,0,True,True,False,spatial_row_and_column_match
unilever,2019,balance_sheet,39114615f11b0ea05e12bb04558b8ba1e417db6e7114b88d5c288e73f234c8a8,92,41,line_item,Called up share capital,2018-01-01,484,1,1,1,1,0,True,True,False,spatial_row_and_column_match
unilever,2019,balance_sheet,39114615f11b0ea05e12bb04558b8ba1e417db6e7114b88d5c288e73f234c8a8,92,42,line_item,Share premium account,2019-12-31,134,1,1,1,1,0,True,True,False,spatial_row_and_column_match
unilever,2019,balance_sheet,39114615f11b0ea05e12bb04558b8ba1e417db6e7114b88d5c288e73f234c8a8,92,42,line_item,Share premium account,2018-12-31,129,1,1,1,1,0,True,True,False,spatial_row_and_column_match
unilever,2019,balance_sheet,39114615f11b0ea05e12bb04558b8ba1e417db6e7114b88d5c288e73f234c8a8,92,42,line_item,Share premium account,2018-01-01,130,1,1,1,1,0,True,True,False,spatial_row_and_column_match
unilever,2019,balance_sheet,39114615f11b0ea05e12bb04558b8ba1e417db6e7114b88d5c288e73f234c8a8,92,43,line_item,Other reserves,2019-12-31,"(5,574)",1,1,1,1,0,True,True,False,spatial_row_and_column_match
unilever,2019,balance_sheet,39114615f11b0ea05e12bb04558b8ba1e417db6e7114b88d5c288e73f234c8a8,92,43,line_item,Other reserves,2018-12-31,"(15,218)",1,1,1,1,0,True,True,False,spatial_row_and_column_match
unilever,2019,balance_sheet,39114615f11b0ea05e12bb04558b8ba1e417db6e7114b88d5c288e73f234c8a8,92,43,line_item,Other reserves,2018-01-01,"(13,587)",1,1,1,1,0,True,True,False,spatial_row_and_column_match
unilever,2019,balance_sheet,39114615f11b0ea05e12bb04558b8ba1e417db6e7114b88d5c288e73f234c8a8,92,44,line_item,Retained profit,2019-12-31,"18,212",1,1,1,1,0,True,True,False,spatial_row_and_column_match
unilever,2019,balance_sheet,39114615f11b0ea05e12bb04558b8ba1e417db6e7114b88d5c288e73f234c8a8,92,44,line_item,Retained profit,2018-12-31,"26,022",1,1,1,1,0,True,True,False,spatial_row_and_column_match
unilever,2019,balance_sheet,39114615f11b0ea05e12bb04558b8ba1e417db6e7114b88d5c288e73f234c8a8,92,44,line_item,Retained profit,2018-01-01,"26,413",1,1,1,1,0,True,True,False,spatial_row_and_column_match
unilever,2019,balance_sheet,39114615f11b0ea05e12bb04558b8ba1e417db6e7114b88d5c288e73f234c8a8,92,45,subtotal,Shareholders’ equity,2019-12-31,"13,192",1,1,0,0,0,False,True,True,section_subtotal_reconciled
unilever,2019,balance_sheet,39114615f11b0ea05e12bb04558b8ba1e417db6e7114b88d5c288e73f234c8a8,92,45,subtotal,Shareholders’ equity,2018-12-31,"11,397",1,1,0,0,0,False,True,True,section_subtotal_reconciled
unilever,2019,balance_sheet,39114615f11b0ea05e12bb04558b8ba1e417db6e7114b88d5c288e73f234c8a8,92,45,subtotal,Shareholders’ equity,2018-01-01,"13,440",1,1,0,0,0,False,True,True,section_subtotal_reconciled
unilever,2019,balance_sheet,39114615f11b0ea05e12bb04558b8ba1e417db6e7114b88d5c288e73f234c8a8,92,46,line_item,Non-controlling interests,2019-12-31,694,1,1,1,1,0,True,True,False,spatial_row_and_column_match
unilever,2019,balance_sheet,39114615f11b0ea05e12bb04558b8ba1e417db6e7114b88d5c288e73f234c8a8,92,46,line_item,Non-controlling interests,2018-12-31,720,1,1,1,1,0,True,True,False,spatial_row_and_column_match
unilever,2019,balance_sheet,39114615f11b0ea05e12bb04558b8ba1e417db6e7114b88d5c288e73f234c8a8,92,46,line_item,Non-controlling interests,2018-01-01,758,1,1,1,1,0,True,True,False,spatial_row_and_column_match
unilever,2019,balance_sheet,39114615f11b0ea05e12bb04558b8ba1e417db6e7114b88d5c288e73f234c8a8,92,47,total,Total equity,2019-12-31,"13,886",1,1,1,1,0,True,True,False,spatial_row_and_column_match
unilever,2019,balance_sheet,39114615f11b0ea05e12bb04558b8ba1e417db6e7114b88d5c288e73f234c8a8,92,47,total,Total equity,2018-12-31,"12,117",1,1,1,1,0,True,True,False,spatial_row_and_column_match
unilever,2019,balance_sheet,39114615f11b0ea05e12bb04558b8ba1e417db6e7114b88d5c288e73f234c8a8,92,47,total,Total equity,2018-01-01,"14,198",1,1,1,1,0,True,True,False,spatial_row_and_column_match
unilever,2019,balance_sheet,39114615f11b0ea05e12bb04558b8ba1e417db6e7114b88d5c288e73f234c8a8,92,48,total,Total liabilities and equity,2019-12-31,"64,806",1,2,1,1,0,True,True,False,spatial_row_and_column_match
unilever,2019,balance_sheet,39114615f11b0ea05e12bb04558b8ba1e417db6e7114b88d5c288e73f234c8a8,92,48,total,Total liabilities and equity,2018-12-31,"61,111",1,2,1,1,0,True,True,False,spatial_row_and_column_match
unilever,2019,balance_sheet,39114615f11b0ea05e12bb04558b8ba1e417db6e7114b88d5c288e73f234c8a8,92,48,total,Total liabilities and equity,2018-01-01,"62,058",1,2,1,1,0,True,True,False,spatial_row_and_column_match
unilever,2019,cash_flow,39114615f11b0ea05e12bb04558b8ba1e417db6e7114b88d5c288e73f234c8a8,93,1,line_item,Net profit,2019-12-31,"6,026",2,1,1,1,0,True,True,False,spatial_row_and_column_match
unilever,2019,cash_flow,39114615f11b0ea05e12bb04558b8ba1e417db6e7114b88d5c288e73f234c8a8,93,1,line_item,Net profit,2018-12-31,"9,788",2,1,1,1,0,True,True,False,spatial_row_and_column_match
unilever,2019,cash_flow,39114615f11b0ea05e12bb04558b8ba1e417db6e7114b88d5c288e73f234c8a8,93,1,line_item,Net profit,2017-12-31,"6,456",2,1,1,1,0,True,True,False,spatial_row_and_column_match
unilever,2019,cash_flow,39114615f11b0ea05e12bb04558b8ba1e417db6e7114b88d5c288e73f234c8a8,93,2,line_item,Taxation,2019-12-31,"2,263",1,1,1,1,0,True,True,False,spatial_row_and_column_match
unilever,2019,cash_flow,39114615f11b0ea05e12bb04558b8ba1e417db6e7114b88d5c288e73f234c8a8,93,2,line_item,Taxation,2018-12-31,"2,572",1,1,1,1,0,True,True,False,spatial_row_and_column_match
unilever,2019,cash_flow,39114615f11b0ea05e12bb04558b8ba1e417db6e7114b88d5c288e73f234c8a8,93,2,line_item,Taxation,2017-12-31,"1,670",1,1,1,1,0,True,True,False,spatial_row_and_column_match
unilever,2019,cash_flow,39114615f11b0ea05e12bb04558b8ba1e417db6e7114b88d5c288e73f234c8a8,93,3,line_item,Share of net (profit)/loss of joint ventures/associates and other (income)/loss from non-current investments and associates,2019-12-31,(176),0,1,0,0,0,False,True,False,page_label_and_column_match
unilever,2019,cash_flow,39114615f11b0ea05e12bb04558b8ba1e417db6e7114b88d5c288e73f234c8a8,93,3,line_item,Share of net (profit)/loss of joint ventures/associates and other (income)/loss from non-current investments and associates,2018-12-31,(207),0,1,0,0,0,False,True,False,page_label_and_column_match
unilever,2019,cash_flow,39114615f11b0ea05e12bb04558b8ba1e417db6e7114b88d5c288e73f234c8a8,93,3,line_item,Share of net (profit)/loss of joint ventures/associates and other (income)/loss from non-current investments and associates,2017-12-31,(173),0,1,0,0,0,False,True,False,page_label_and_column_match
unilever,2019,cash_flow,39114615f11b0ea05e12bb04558b8ba1e417db6e7114b88d5c288e73f234c8a8,93,4,line_item,Net monetary (gain)/loss arising from hyperinflationary economies,2019-12-31,(32),1,1,1,1,0,True,True,False,spatial_row_and_column_match
unilever,2019,cash_flow,39114615f11b0ea05e12bb04558b8ba1e417db6e7114b88d5c288e73f234c8a8,93,4,line_item,Net monetary (gain)/loss arising from hyperinflationary economies,2018-12-31,(122),1,1,1,1,0,True,True,False,spatial_row_and_column_match
unilever,2019,cash_flow,39114615f11b0ea05e12bb04558b8ba1e417db6e7114b88d5c288e73f234c8a8,93,4,line_item,Net monetary (gain)/loss arising from hyperinflationary economies,2017-12-31,–,1,31,1,1,0,True,True,False,spatial_row_and_column_match
unilever,2019,cash_flow,39114615f11b0ea05e12bb04558b8ba1e417db6e7114b88d5c288e73f234c8a8,93,5,line_item,Net finance costs,2019-12-31,627,1,1,1,1,0,True,True,False,spatial_row_and_column_match
unilever,2019,cash_flow,39114615f11b0ea05e12bb04558b8ba1e417db6e7114b88d5c288e73f234c8a8,93,5,line_item,Net finance costs,2018-12-31,608,1,1,1,1,0,True,True,False,spatial_row_and_column_match
unilever,2019,cash_flow,39114615f11b0ea05e12bb04558b8ba1e417db6e7114b88d5c288e73f234c8a8,93,5,line_item,Net finance costs,2017-12-31,"1,004",1,1,1,1,0,True,True,False,spatial_row_and_column_match
unilever,2019,cash_flow,39114615f11b0ea05e12bb04558b8ba1e417db6e7114b88d5c288e73f234c8a8,93,6,subtotal,Operating profit,2019-12-31,"8,708",1,1,1,1,0,True,True,False,spatial_row_and_column_match
unilever,2019,cash_flow,39114615f11b0ea05e12bb04558b8ba1e417db6e7114b88d5c288e73f234c8a8,93,6,subtotal,Operating profit,2018-12-31,"12,639",1,1,1,1,0,True,True,False,spatial_row_and_column_match
unilever,2019,cash_flow,39114615f11b0ea05e12bb04558b8ba1e417db6e7114b88d5c288e73f234c8a8,93,6,subtotal,Operating profit,2017-12-31,"8,957",1,1,1,1,0,True,True,False,spatial_row_and_column_match
unilever,2019,cash_flow,39114615f11b0ea05e12bb04558b8ba1e417db6e7114b88d5c288e73f234c8a8,93,7,line_item,"Depreciation, amortisation and impairment",2019-12-31,"1,982",1,1,1,1,0,True,True,False,spatial_row_and_column_match
unilever,2019,cash_flow,39114615f11b0ea05e12bb04558b8ba1e417db6e7114b88d5c288e73f234c8a8,93,7,line_item,"Depreciation, amortisation and impairment",2018-12-31,"2,216",1,1,1,1,0,True,True,False,spatial_row_and_column_match
unilever,2019,cash_flow,39114615f11b0ea05e12bb04558b8ba1e417db6e7114b88d5c288e73f234c8a8,93,7,line_item,"Depreciation, amortisation and impairment",2017-12-31,"2,025",1,1,1,1,0,True,True,False,spatial_row_and_column_match
unilever,2019,cash_flow,39114615f11b0ea05e12bb04558b8ba1e417db6e7114b88d5c288e73f234c8a8,93,8,line_item,Changes in working capital:,2019-12-31,(9),1,2,1,1,0,True,True,False,spatial_row_and_column_match
unilever,2019,cash_flow,39114615f11b0ea05e12bb04558b8ba1e417db6e7114b88d5c288e73f234c8a8,93,8,line_item,Changes in working capital:,2018-12-31,(793),1,1,1,1,0,True,True,False,spatial_row_and_column_match
unilever,2019,cash_flow,39114615f11b0ea05e12bb04558b8ba1e417db6e7114b88d5c288e73f234c8a8,93,8,line_item,Changes in working capital:,2017-12-31,(68),1,2,1,1,0,True,True,False,spatial_row_and_column_match
unilever,2019,cash_flow,39114615f11b0ea05e12bb04558b8ba1e417db6e7114b88d5c288e73f234c8a8,93,9,line_item,Inventories,2019-12-31,313,1,1,1,1,0,True,True,False,spatial_row_and_column_match
unilever,2019,cash_flow,39114615f11b0ea05e12bb04558b8ba1e417db6e7114b88d5c288e73f234c8a8,93,9,line_item,Inventories,2018-12-31,(471),1,1,1,1,0,True,True,False,spatial_row_and_column_match
unilever,2019,cash_flow,39114615f11b0ea05e12bb04558b8ba1e417db6e7114b88d5c288e73f234c8a8,93,9,line_item,Inventories,2017-12-31,(104),1,1,1,1,0,True,True,False,spatial_row_and_column_match
unilever,2019,cash_flow,39114615f11b0ea05e12bb04558b8ba1e417db6e7114b88d5c288e73f234c8a8,93,10,line_item,Trade and other receivables,2019-12-31,(445),1,1,1,1,0,True,True,False,spatial_row_and_column_match
unilever,2019,cash_flow,39114615f11b0ea05e12bb04558b8ba1e417db6e7114b88d5c288e73f234c8a8,93,10,line_item,Trade and other receivables,2018-12-31,"(1,298)",1,1,1,1,0,True,True,False,spatial_row_and_column_match
unilever,2019,cash_flow,39114615f11b0ea05e12bb04558b8ba1e417db6e7114b88d5c288e73f234c8a8,93,10,line_item,Trade and other receivables,2017-12-31,(506),1,1,1,1,0,True,True,False,spatial_row_and_column_match
unilever,2019,cash_flow,39114615f11b0ea05e12bb04558b8ba1e417db6e7114b88d5c288e73f234c8a8,93,11,line_item,Trade payables and other liabilities,2019-12-31,123,1,1,1,1,0,True,True,False,spatial_row_and_column_match
unilever,2019,cash_flow,39114615f11b0ea05e12bb04558b8ba1e417db6e7114b88d5c288e73f234c8a8,93,11,line_item,Trade payables and other liabilities,2018-12-31,976,1,1,1,1,0,True,True,False,spatial_row_and_column_match
unilever,2019,cash_flow,39114615f11b0ea05e12bb04558b8ba1e417db6e7114b88d5c288e73f234c8a8,93,11,line_item,Trade payables and other liabilities,2017-12-31,542,1,1,1,1,0,True,True,False,spatial_row_and_column_match
unilever,2019,cash_flow,39114615f11b0ea05e12bb04558b8ba1e417db6e7114b88d5c288e73f234c8a8,93,12,line_item,Pensions and similar obligations less payments,2019-12-31,(260),1,2,1,1,0,True,True,False,spatial_row_and_column_match
unilever,2019,cash_flow,39114615f11b0ea05e12bb04558b8ba1e417db6e7114b88d5c288e73f234c8a8,93,12,line_item,Pensions and similar obligations less payments,2018-12-31,(128),1,1,1,1,0,True,True,False,spatial_row_and_column_match
unilever,2019,cash_flow,39114615f11b0ea05e12bb04558b8ba1e417db6e7114b88d5c288e73f234c8a8,93,12,line_item,Pensions and similar obligations less payments,2017-12-31,(904),1,1,1,1,0,True,True,False,spatial_row_and_column_match
unilever,2019,cash_flow,39114615f11b0ea05e12bb04558b8ba1e417db6e7114b88d5c288e73f234c8a8,93,13,line_item,Provisions less payments,2019-12-31,7,1,1,1,1,0,True,True,False,spatial_row_and_column_match
unilever,2019,cash_flow,39114615f11b0ea05e12bb04558b8ba1e417db6e7114b88d5c288e73f234c8a8,93,13,line_item,Provisions less payments,2018-12-31,55,1,2,1,1,0,True,True,False,spatial_row_and_column_match
unilever,2019,cash_flow,39114615f11b0ea05e12bb04558b8ba1e417db6e7114b88d5c288e73f234c8a8,93,13,line_item,Provisions less payments,2017-12-31,200,1,1,1,1,0,True,True,False,spatial_row_and_column_match
unilever,2019,cash_flow,39114615f11b0ea05e12bb04558b8ba1e417db6e7114b88d5c288e73f234c8a8,93,14,line_item,Elimination of (profits)/losses on disposals,2019-12-31,60,1,1,1,1,0,True,True,False,spatial_row_and_column_match
unilever,2019,cash_flow,39114615f11b0ea05e12bb04558b8ba1e417db6e7114b88d5c288e73f234c8a8,93,14,line_item,Elimination of (profits)/losses on disposals,2018-12-31,"(4,313)",1,1,1,1,0,True,True,False,spatial_row_and_column_match
unilever,2019,cash_flow,39114615f11b0ea05e12bb04558b8ba1e417db6e7114b88d5c288e73f234c8a8,93,14,line_item,Elimination of (profits)/losses on disposals,2017-12-31,(298),1,1,1,1,0,True,True,False,spatial_row_and_column_match
unilever,2019,cash_flow,39114615f11b0ea05e12bb04558b8ba1e417db6e7114b88d5c288e73f234c8a8,93,15,line_item,Non-cash charge for share-based compensation,2019-12-31,151,1,3,1,1,0,True,True,False,spatial_row_and_column_match
unilever,2019,cash_flow,39114615f11b0ea05e12bb04558b8ba1e417db6e7114b88d5c288e73f234c8a8,93,15,line_item,Non-cash charge for share-based compensation,2018-12-31,196,1,1,1,1,0,True,True,False,spatial_row_and_column_match
unilever,2019,cash_flow,39114615f11b0ea05e12bb04558b8ba1e417db6e7114b88d5c288e73f234c8a8,93,15,line_item,Non-cash charge for share-based compensation,2017-12-31,284,1,1,1,1,0,True,True,False,spatial_row_and_column_match
unilever,2019,cash_flow,39114615f11b0ea05e12bb04558b8ba1e417db6e7114b88d5c288e73f234c8a8,93,16,line_item,Other adjustments(b),2019-12-31,2,1,1,1,1,0,True,True,False,spatial_row_and_column_match
unilever,2019,cash_flow,39114615f11b0ea05e12bb04558b8ba1e417db6e7114b88d5c288e73f234c8a8,93,16,line_item,Other adjustments(b),2018-12-31,(260),1,2,1,1,0,True,True,False,spatial_row_and_column_match
unilever,2019,cash_flow,39114615f11b0ea05e12bb04558b8ba1e417db6e7114b88d5c288e73f234c8a8,93,16,line_item,Other adjustments(b),2017-12-31,(153),1,1,1,1,0,True,True,False,spatial_row_and_column_match
unilever,2019,cash_flow,39114615f11b0ea05e12bb04558b8ba1e417db6e7114b88d5c288e73f234c8a8,93,17,subtotal,Cash flow from operating activities,2019-12-31,"10,641",2,1,1,1,0,True,True,False,spatial_row_and_column_match
unilever,2019,cash_flow,39114615f11b0ea05e12bb04558b8ba1e417db6e7114b88d5c288e73f234c8a8,93,17,subtotal,Cash flow from operating activities,2018-12-31,"9,612",2,1,1,1,0,True,True,False,spatial_row_and_column_match
unilever,2019,cash_flow,39114615f11b0ea05e12bb04558b8ba1e417db6e7114b88d5c288e73f234c8a8,93,17,subtotal,Cash flow from operating activities,2017-12-31,"10,043",2,1,1,1,0,True,True,False,spatial_row_and_column_match
unilever,2019,cash_flow,39114615f11b0ea05e12bb04558b8ba1e417db6e7114b88d5c288e73f234c8a8,93,18,line_item,Income tax paid,2019-12-31,"(2,532)",1,1,1,1,0,True,True,False,spatial_row_and_column_match
unilever,2019,cash_flow,39114615f11b0ea05e12bb04558b8ba1e417db6e7114b88d5c288e73f234c8a8,93,18,line_item,Income tax paid,2018-12-31,"(2,294)",1,1,1,1,0,True,True,False,spatial_row_and_column_match
unilever,2019,cash_flow,39114615f11b0ea05e12bb04558b8ba1e417db6e7114b88d5c288e73f234c8a8,93,18,line_item,Income tax paid,2017-12-31,"(2,164)",1,1,1,1,0,True,True,False,spatial_row_and_column_match
unilever,2019,cash_flow,39114615f11b0ea05e12bb04558b8ba1e417db6e7114b88d5c288e73f234c8a8,93,19,subtotal,Net cash flow from operating activities,2019-12-31,"8,109",1,1,1,1,0,True,True,False,spatial_row_and_column_match
unilever,2019,cash_flow,39114615f11b0ea05e12bb04558b8ba1e417db6e7114b88d5c288e73f234c8a8,93,19,subtotal,Net cash flow from operating activities,2018-12-31,"7,318",1,1,1,1,0,True,True,False,spatial_row_and_column_match
unilever,2019,cash_flow,39114615f11b0ea05e12bb04558b8ba1e417db6e7114b88d5c288e73f234c8a8,93,19,subtotal,Net cash flow from operating activities,2017-12-31,"7,879",1,1,1,1,0,True,True,False,spatial_row_and_column_match
unilever,2019,cash_flow,39114615f11b0ea05e12bb04558b8ba1e417db6e7114b88d5c288e73f234c8a8,93,20,line_item,Interest received,2019-12-31,146,1,1,1,1,0,True,True,False,spatial_row_and_column_match
unilever,2019,cash_flow,39114615f11b0ea05e12bb04558b8ba1e417db6e7114b88d5c288e73f234c8a8,93,20,line_item,Interest received,2018-12-31,110,1,1,1,1,0,True,True,False,spatial_row_and_column_match
unilever,2019,cash_flow,39114615f11b0ea05e12bb04558b8ba1e417db6e7114b88d5c288e73f234c8a8,93,20,line_item,Interest received,2017-12-31,154,1,2,1,1,0,True,True,False,spatial_row_and_column_match
unilever,2019,cash_flow,39114615f11b0ea05e12bb04558b8ba1e417db6e7114b88d5c288e73f234c8a8,93,21,line_item,Purchase of intangible assets,2019-12-31,(210),1,1,1,1,0,True,True,False,spatial_row_and_column_match
unilever,2019,cash_flow,39114615f11b0ea05e12bb04558b8ba1e417db6e7114b88d5c288e73f234c8a8,93,21,line_item,Purchase of intangible assets,2018-12-31,(203),1,1,1,1,0,True,True,False,spatial_row_and_column_match
unilever,2019,cash_flow,39114615f11b0ea05e12bb04558b8ba1e417db6e7114b88d5c288e73f234c8a8,93,21,line_item,Purchase of intangible assets,2017-12-31,(158),1,1,1,1,0,True,True,False,spatial_row_and_column_match
unilever,2019,cash_flow,39114615f11b0ea05e12bb04558b8ba1e417db6e7114b88d5c288e73f234c8a8,93,22,line_item,"Purchase of property, plant and equipment",2019-12-31,"(1,316)",1,1,1,1,0,True,True,False,spatial_row_and_column_match
unilever,2019,cash_flow,39114615f11b0ea05e12bb04558b8ba1e417db6e7114b88d5c288e73f234c8a8,93,22,line_item,"Purchase of property, plant and equipment",2018-12-31,"(1,329)",1,1,1,1,0,True,True,False,spatial_row_and_column_match
unilever,2019,cash_flow,39114615f11b0ea05e12bb04558b8ba1e417db6e7114b88d5c288e73f234c8a8,93,22,line_item,"Purchase of property, plant and equipment",2017-12-31,"(1,509)",1,1,1,1,0,True,True,False,spatial_row_and_column_match
unilever,2019,cash_flow,39114615f11b0ea05e12bb04558b8ba1e417db6e7114b88d5c288e73f234c8a8,93,23,line_item,"Disposal of property, plant and equipment",2019-12-31,97,1,1,1,1,0,True,True,False,spatial_row_and_column_match
unilever,2019,cash_flow,39114615f11b0ea05e12bb04558b8ba1e417db6e7114b88d5c288e73f234c8a8,93,23,line_item,"Disposal of property, plant and equipment",2018-12-31,108,1,1,1,1,0,True,True,False,spatial_row_and_column_match
unilever,2019,cash_flow,39114615f11b0ea05e12bb04558b8ba1e417db6e7114b88d5c288e73f234c8a8,93,23,line_item,"Disposal of property, plant and equipment",2017-12-31,46,1,1,1,1,0,True,True,False,spatial_row_and_column_match
unilever,2019,cash_flow,39114615f11b0ea05e12bb04558b8ba1e417db6e7114b88d5c288e73f234c8a8,93,24,line_item,Acquisition of businesses and investments in joint ventures and associates,2019-12-31,"(1,122)",1,1,1,1,0,True,True,False,spatial_row_and_column_match
unilever,2019,cash_flow,39114615f11b0ea05e12bb04558b8ba1e417db6e7114b88d5c288e73f234c8a8,93,24,line_item,Acquisition of businesses and investments in joint ventures and associates,2018-12-31,"(1,336)",1,1,1,1,0,True,True,False,spatial_row_and_column_match
unilever,2019,cash_flow,39114615f11b0ea05e12bb04558b8ba1e417db6e7114b88d5c288e73f234c8a8,93,24,line_item,Acquisition of businesses and investments in joint ventures and associates,2017-12-31,"(4,896)",1,1,1,1,0,True,True,False,spatial_row_and_column_match
unilever,2019,cash_flow,39114615f11b0ea05e12bb04558b8ba1e417db6e7114b88d5c288e73f234c8a8,93,25,line_item,"Disposal of businesses, joint ventures and associates",2019-12-31,177,1,1,1,1,0,True,True,False,spatial_row_and_column_match
unilever,2019,cash_flow,39114615f11b0ea05e12bb04558b8ba1e417db6e7114b88d5c288e73f234c8a8,93,25,line_item,"Disposal of businesses, joint ventures and associates",2018-12-31,"7,093",1,1,1,1,0,True,True,False,spatial_row_and_column_match
unilever,2019,cash_flow,39114615f11b0ea05e12bb04558b8ba1e417db6e7114b88d5c288e73f234c8a8,93,25,line_item,"Disposal of businesses, joint ventures and associates",2017-12-31,561,1,1,1,1,0,True,True,False,spatial_row_and_column_match
unilever,2019,cash_flow,39114615f11b0ea05e12bb04558b8ba1e417db6e7114b88d5c288e73f234c8a8,93,26,line_item,Acquisition of other non-current investments,2019-12-31,(160),1,1,1,1,0,True,True,False,spatial_row_and_column_match
unilever,2019,cash_flow,39114615f11b0ea05e12bb04558b8ba1e417db6e7114b88d5c288e73f234c8a8,93,26,line_item,Acquisition of other non-current investments,2018-12-31,(94),1,1,1,1,0,True,True,False,spatial_row_and_column_match
unilever,2019,cash_flow,39114615f11b0ea05e12bb04558b8ba1e417db6e7114b88d5c288e73f234c8a8,93,26,line_item,Acquisition of other non-current investments,2017-12-31,(317),1,1,1,1,0,True,True,False,spatial_row_and_column_match
unilever,2019,cash_flow,39114615f11b0ea05e12bb04558b8ba1e417db6e7114b88d5c288e73f234c8a8,93,27,line_item,Disposal of other non-current investments,2019-12-31,55,1,2,1,1,0,True,True,False,spatial_row_and_column_match
unilever,2019,cash_flow,39114615f11b0ea05e12bb04558b8ba1e417db6e7114b88d5c288e73f234c8a8,93,27,line_item,Disposal of other non-current investments,2018-12-31,151,1,3,1,1,0,True,True,False,spatial_row_and_column_match
unilever,2019,cash_flow,39114615f11b0ea05e12bb04558b8ba1e417db6e7114b88d5c288e73f234c8a8,93,27,line_item,Disposal of other non-current investments,2017-12-31,251,1,1,1,1,0,True,True,False,spatial_row_and_column_match
unilever,2019,cash_flow,39114615f11b0ea05e12bb04558b8ba1e417db6e7114b88d5c288e73f234c8a8,93,28,line_item,"Dividends from joint ventures, associates and other non-current investments",2019-12-31,164,1,1,1,1,0,True,True,False,spatial_row_and_column_match
unilever,2019,cash_flow,39114615f11b0ea05e12bb04558b8ba1e417db6e7114b88d5c288e73f234c8a8,93,28,line_item,"Dividends from joint ventures, associates and other non-current investments",2018-12-31,154,1,2,1,1,0,True,True,False,spatial_row_and_column_match
unilever,2019,cash_flow,39114615f11b0ea05e12bb04558b8ba1e417db6e7114b88d5c288e73f234c8a8,93,28,line_item,"Dividends from joint ventures, associates and other non-current investments",2017-12-31,138,1,1,1,1,0,True,True,False,spatial_row_and_column_match
unilever,2019,cash_flow,39114615f11b0ea05e12bb04558b8ba1e417db6e7114b88d5c288e73f234c8a8,93,29,line_item,(Purchase)/sale of financial assets,2019-12-31,(68),1,2,1,1,0,True,True,False,spatial_row_and_column_match
unilever,2019,cash_flow,39114615f11b0ea05e12bb04558b8ba1e417db6e7114b88d5c288e73f234c8a8,93,29,line_item,(Purchase)/sale of financial assets,2018-12-31,(10),1,1,1,1,0,True,True,False,spatial_row_and_column_match
unilever,2019,cash_flow,39114615f11b0ea05e12bb04558b8ba1e417db6e7114b88d5c288e73f234c8a8,93,29,line_item,(Purchase)/sale of financial assets,2017-12-31,(149),1,1,1,1,0,True,True,False,spatial_row_and_column_match
unilever,2019,cash_flow,39114615f11b0ea05e12bb04558b8ba1e417db6e7114b88d5c288e73f234c8a8,93,30,subtotal,Net cash flow (used in)/from investing activities,2019-12-31,"(2,237)",1,1,1,1,0,True,True,False,spatial_row_and_column_match
unilever,2019,cash_flow,39114615f11b0ea05e12bb04558b8ba1e417db6e7114b88d5c288e73f234c8a8,93,30,subtotal,Net cash flow (used in)/from investing activities,2018-12-31,"4,644",1,1,1,1,0,True,True,False,spatial_row_and_column_match
unilever,2019,cash_flow,39114615f11b0ea05e12bb04558b8ba1e417db6e7114b88d5c288e73f234c8a8,93,30,subtotal,Net cash flow (used in)/from investing activities,2017-12-31,"(5,879)",1,1,1,1,0,True,True,False,spatial_row_and_column_match
unilever,2019,cash_flow,39114615f11b0ea05e12bb04558b8ba1e417db6e7114b88d5c288e73f234c8a8,93,31,line_item,Dividends paid on ordinary share capital,2019-12-31,"(4,209)",1,1,1,1,0,True,True,False,spatial_row_and_column_match
unilever,2019,cash_flow,39114615f11b0ea05e12bb04558b8ba1e417db6e7114b88d5c288e73f234c8a8,93,31,line_item,Dividends paid on ordinary share capital,2018-12-31,"(4,066)",1,1,1,1,0,True,True,False,spatial_row_and_column_match
unilever,2019,cash_flow,39114615f11b0ea05e12bb04558b8ba1e417db6e7114b88d5c288e73f234c8a8,93,31,line_item,Dividends paid on ordinary share capital,2017-12-31,"(3,916)",1,1,1,1,0,True,True,False,spatial_row_and_column_match
unilever,2019,cash_flow,39114615f11b0ea05e12bb04558b8ba1e417db6e7114b88d5c288e73f234c8a8,93,32,line_item,Interest paid,2019-12-31,(694),1,1,1,1,0,True,True,False,spatial_row_and_column_match
unilever,2019,cash_flow,39114615f11b0ea05e12bb04558b8ba1e417db6e7114b88d5c288e73f234c8a8,93,32,line_item,Interest paid,2018-12-31,(571),1,1,1,1,0,True,True,False,spatial_row_and_column_match
unilever,2019,cash_flow,39114615f11b0ea05e12bb04558b8ba1e417db6e7114b88d5c288e73f234c8a8,93,32,line_item,Interest paid,2017-12-31,(574),1,1,1,1,0,True,True,False,spatial_row_and_column_match
unilever,2019,cash_flow,39114615f11b0ea05e12bb04558b8ba1e417db6e7114b88d5c288e73f234c8a8,93,33,line_item,Net change in short-term borrowings,2019-12-31,337,1,1,1,1,0,True,True,False,spatial_row_and_column_match
unilever,2019,cash_flow,39114615f11b0ea05e12bb04558b8ba1e417db6e7114b88d5c288e73f234c8a8,93,33,line_item,Net change in short-term borrowings,2018-12-31,"(4,026)",1,1,1,1,0,True,True,False,spatial_row_and_column_match
unilever,2019,cash_flow,39114615f11b0ea05e12bb04558b8ba1e417db6e7114b88d5c288e73f234c8a8,93,33,line_item,Net change in short-term borrowings,2017-12-31,"2,695",1,1,1,1,0,True,True,False,spatial_row_and_column_match
unilever,2019,cash_flow,39114615f11b0ea05e12bb04558b8ba1e417db6e7114b88d5c288e73f234c8a8,93,34,line_item,Additional financial liabilities,2019-12-31,"5,911",1,1,1,1,0,True,True,False,spatial_row_and_column_match
unilever,2019,cash_flow,39114615f11b0ea05e12bb04558b8ba1e417db6e7114b88d5c288e73f234c8a8,93,34,line_item,Additional financial liabilities,2018-12-31,"10,595",1,1,1,1,0,True,True,False,spatial_row_and_column_match
unilever,2019,cash_flow,39114615f11b0ea05e12bb04558b8ba1e417db6e7114b88d5c288e73f234c8a8,93,34,line_item,Additional financial liabilities,2017-12-31,"8,851",1,1,1,1,0,True,True,False,spatial_row_and_column_match
unilever,2019,cash_flow,39114615f11b0ea05e12bb04558b8ba1e417db6e7114b88d5c288e73f234c8a8,93,35,line_item,Repayment of financial liabilities,2019-12-31,"(4,912)",1,1,1,1,0,True,True,False,spatial_row_and_column_match
unilever,2019,cash_flow,39114615f11b0ea05e12bb04558b8ba1e417db6e7114b88d5c288e73f234c8a8,93,35,line_item,Repayment of financial liabilities,2018-12-31,"(6,594)",1,1,1,1,0,True,True,False,spatial_row_and_column_match
unilever,2019,cash_flow,39114615f11b0ea05e12bb04558b8ba1e417db6e7114b88d5c288e73f234c8a8,93,35,line_item,Repayment of financial liabilities,2017-12-31,"(2,604)",1,1,1,1,0,True,True,False,spatial_row_and_column_match
unilever,2019,cash_flow,39114615f11b0ea05e12bb04558b8ba1e417db6e7114b88d5c288e73f234c8a8,93,36,line_item,Capital element of lease payments,2019-12-31,(435),1,1,1,1,0,True,True,False,spatial_row_and_column_match
unilever,2019,cash_flow,39114615f11b0ea05e12bb04558b8ba1e417db6e7114b88d5c288e73f234c8a8,93,36,line_item,Capital element of lease payments,2018-12-31,(481),1,1,1,1,0,True,True,False,spatial_row_and_column_match
unilever,2019,cash_flow,39114615f11b0ea05e12bb04558b8ba1e417db6e7114b88d5c288e73f234c8a8,93,36,line_item,Capital element of lease payments,2017-12-31,(497),1,1,1,1,0,True,True,False,spatial_row_and_column_match
unilever,2019,cash_flow,39114615f11b0ea05e12bb04558b8ba1e417db6e7114b88d5c288e73f234c8a8,93,37,line_item,Buyback of preference shares,2019-12-31,–,1,31,2,1,1,True,True,False,spatial_row_and_column_match
unilever,2019,cash_flow,39114615f11b0ea05e12bb04558b8ba1e417db6e7114b88d5c288e73f234c8a8,93,37,line_item,Buyback of preference shares,2018-12-31,–,1,31,2,1,1,True,True,False,spatial_row_and_column_match
unilever,2019,cash_flow,39114615f11b0ea05e12bb04558b8ba1e417db6e7114b88d5c288e73f234c8a8,93,37,line_item,Buyback of preference shares,2017-12-31,(448),1,1,1,1,0,True,True,False,spatial_row_and_column_match
unilever,2019,cash_flow,39114615f11b0ea05e12bb04558b8ba1e417db6e7114b88d5c288e73f234c8a8,93,38,line_item,Repurchase of shares,2019-12-31,–,1,31,1,1,0,True,True,False,spatial_row_and_column_match
unilever,2019,cash_flow,39114615f11b0ea05e12bb04558b8ba1e417db6e7114b88d5c288e73f234c8a8,93,38,line_item,Repurchase of shares,2018-12-31,"(6,020)",1,1,1,1,0,True,True,False,spatial_row_and_column_match
unilever,2019,cash_flow,39114615f11b0ea05e12bb04558b8ba1e417db6e7114b88d5c288e73f234c8a8,93,38,line_item,Repurchase of shares,2017-12-31,"(5,014)",1,1,1,1,0,True,True,False,spatial_row_and_column_match
unilever,2019,cash_flow,39114615f11b0ea05e12bb04558b8ba1e417db6e7114b88d5c288e73f234c8a8,93,39,line_item,Other movements on treasury shares,2019-12-31,(201),1,1,1,1,0,True,True,False,spatial_row_and_column_match
unilever,2019,cash_flow,39114615f11b0ea05e12bb04558b8ba1e417db6e7114b88d5c288e73f234c8a8,93,39,line_item,Other movements on treasury shares,2018-12-31,(257),1,1,1,1,0,True,True,False,spatial_row_and_column_match
unilever,2019,cash_flow,39114615f11b0ea05e12bb04558b8ba1e417db6e7114b88d5c288e73f234c8a8,93,39,line_item,Other movements on treasury shares,2017-12-31,(204),1,1,1,1,0,True,True,False,spatial_row_and_column_match
unilever,2019,cash_flow,39114615f11b0ea05e12bb04558b8ba1e417db6e7114b88d5c288e73f234c8a8,93,40,line_item,Other financing activities,2019-12-31,(464),1,1,1,1,0,True,True,False,spatial_row_and_column_match
unilever,2019,cash_flow,39114615f11b0ea05e12bb04558b8ba1e417db6e7114b88d5c288e73f234c8a8,93,40,line_item,Other financing activities,2018-12-31,(693),1,1,1,1,0,True,True,False,spatial_row_and_column_match
unilever,2019,cash_flow,39114615f11b0ea05e12bb04558b8ba1e417db6e7114b88d5c288e73f234c8a8,93,40,line_item,Other financing activities,2017-12-31,(309),1,1,1,1,0,True,True,False,spatial_row_and_column_match
unilever,2019,cash_flow,39114615f11b0ea05e12bb04558b8ba1e417db6e7114b88d5c288e73f234c8a8,93,41,subtotal,Net cash flow (used in)/from financing activities,2019-12-31,"(4,667)",1,1,1,1,0,True,True,False,spatial_row_and_column_match
unilever,2019,cash_flow,39114615f11b0ea05e12bb04558b8ba1e417db6e7114b88d5c288e73f234c8a8,93,41,subtotal,Net cash flow (used in)/from financing activities,2018-12-31,"(12,113)",1,1,1,1,0,True,True,False,spatial_row_and_column_match
unilever,2019,cash_flow,39114615f11b0ea05e12bb04558b8ba1e417db6e7114b88d5c288e73f234c8a8,93,41,subtotal,Net cash flow (used in)/from financing activities,2017-12-31,"(2,020)",1,1,1,1,0,True,True,False,spatial_row_and_column_match
unilever,2019,cash_flow,39114615f11b0ea05e12bb04558b8ba1e417db6e7114b88d5c288e73f234c8a8,93,42,subtotal,Net increase/(decrease) in cash and cash equivalents,2019-12-31,"1,205",1,1,1,1,0,True,True,False,spatial_row_and_column_match
unilever,2019,cash_flow,39114615f11b0ea05e12bb04558b8ba1e417db6e7114b88d5c288e73f234c8a8,93,42,subtotal,Net increase/(decrease) in cash and cash equivalents,2018-12-31,(151),1,3,1,1,0,True,True,False,spatial_row_and_column_match
unilever,2019,cash_flow,39114615f11b0ea05e12bb04558b8ba1e417db6e7114b88d5c288e73f234c8a8,93,42,subtotal,Net increase/(decrease) in cash and cash equivalents,2017-12-31,(20),1,1,1,1,0,True,True,False,spatial_row_and_column_match
unilever,2019,cash_flow,39114615f11b0ea05e12bb04558b8ba1e417db6e7114b88d5c288e73f234c8a8,93,43,line_item,Cash and cash equivalents at the beginning of the year,2019-12-31,"3,090",1,2,1,1,0,True,True,False,spatial_row_and_column_match
unilever,2019,cash_flow,39114615f11b0ea05e12bb04558b8ba1e417db6e7114b88d5c288e73f234c8a8,93,43,line_item,Cash and cash equivalents at the beginning of the year,2018-12-31,"3,169",1,2,1,1,0,True,True,False,spatial_row_and_column_match
unilever,2019,cash_flow,39114615f11b0ea05e12bb04558b8ba1e417db6e7114b88d5c288e73f234c8a8,93,43,line_item,Cash and cash equivalents at the beginning of the year,2017-12-31,"3,198",1,1,1,1,0,True,True,False,spatial_row_and_column_match
unilever,2019,cash_flow,39114615f11b0ea05e12bb04558b8ba1e417db6e7114b88d5c288e73f234c8a8,93,44,line_item,Effect of foreign exchange rate changes,2019-12-31,(179),1,1,1,1,0,True,True,False,spatial_row_and_column_match
unilever,2019,cash_flow,39114615f11b0ea05e12bb04558b8ba1e417db6e7114b88d5c288e73f234c8a8,93,44,line_item,Effect of foreign exchange rate changes,2018-12-31,72,1,1,1,1,0,True,True,False,spatial_row_and_column_match
unilever,2019,cash_flow,39114615f11b0ea05e12bb04558b8ba1e417db6e7114b88d5c288e73f234c8a8,93,44,line_item,Effect of foreign exchange rate changes,2017-12-31,(9),1,2,1,1,0,True,True,False,spatial_row_and_column_match
unilever,2019,cash_flow,39114615f11b0ea05e12bb04558b8ba1e417db6e7114b88d5c288e73f234c8a8,93,45,total,Cash and cash equivalents at the end of the year,2019-12-31,"4,116",1,1,1,1,0,True,True,False,spatial_row_and_column_match
unilever,2019,cash_flow,39114615f11b0ea05e12bb04558b8ba1e417db6e7114b88d5c288e73f234c8a8,93,45,total,Cash and cash equivalents at the end of the year,2018-12-31,"3,090",1,2,1,1,0,True,True,False,spatial_row_and_column_match
unilever,2019,cash_flow,39114615f11b0ea05e12bb04558b8ba1e417db6e7114b88d5c288e73f234c8a8,93,45,total,Cash and cash equivalents at the end of the year,2017-12-31,"3,169",1,2,1,1,0,True,True,False,spatial_row_and_column_match
unilever,2021,income_statement,25a4c72b6ae964841619dd59f9f857cfb798ad126da7286ce0e5d6e0ecf34694,117,1,line_item,Turnover,2021-12-31,"52,444",1,1,1,1,0,True,True,False,spatial_row_and_column_match
unilever,2021,income_statement,25a4c72b6ae964841619dd59f9f857cfb798ad126da7286ce0e5d6e0ecf34694,117,1,line_item,Turnover,2020-12-31,"50,724",1,1,1,1,0,True,True,False,spatial_row_and_column_match
unilever,2021,income_statement,25a4c72b6ae964841619dd59f9f857cfb798ad126da7286ce0e5d6e0ecf34694,117,1,line_item,Turnover,2019-12-31,"51,980",1,1,1,1,0,True,True,False,spatial_row_and_column_match
unilever,2021,income_statement,25a4c72b6ae964841619dd59f9f857cfb798ad126da7286ce0e5d6e0ecf34694,117,2,line_item,Operating profit,2021-12-31,"8,702",1,1,1,1,0,True,True,False,spatial_row_and_column_match
unilever,2021,income_statement,25a4c72b6ae964841619dd59f9f857cfb798ad126da7286ce0e5d6e0ecf34694,117,2,line_item,Operating profit,2020-12-31,"8,303",1,1,1,1,0,True,True,False,spatial_row_and_column_match
unilever,2021,income_statement,25a4c72b6ae964841619dd59f9f857cfb798ad126da7286ce0e5d6e0ecf34694,117,2,line_item,Operating profit,2019-12-31,"8,708",1,1,1,1,0,True,True,False,spatial_row_and_column_match
unilever,2021,income_statement,25a4c72b6ae964841619dd59f9f857cfb798ad126da7286ce0e5d6e0ecf34694,117,3,line_item,Which includes non-underlying item credits/(charges) of,2021-12-31,(934),2,1,1,1,0,True,True,False,spatial_row_and_column_match
unilever,2021,income_statement,25a4c72b6ae964841619dd59f9f857cfb798ad126da7286ce0e5d6e0ecf34694,117,3,line_item,Which includes non-underlying item credits/(charges) of,2020-12-31,"(1,064)",2,1,1,1,0,True,True,False,spatial_row_and_column_match
unilever,2021,income_statement,25a4c72b6ae964841619dd59f9f857cfb798ad126da7286ce0e5d6e0ecf34694,117,3,line_item,Which includes non-underlying item credits/(charges) of,2019-12-31,"(1,239)",2,1,1,1,0,True,True,False,spatial_row_and_column_match
unilever,2021,income_statement,25a4c72b6ae964841619dd59f9f857cfb798ad126da7286ce0e5d6e0ecf34694,117,4,line_item,Net finance costs,2021-12-31,(354),1,1,1,1,0,True,True,False,spatial_row_and_column_match
unilever,2021,income_statement,25a4c72b6ae964841619dd59f9f857cfb798ad126da7286ce0e5d6e0ecf34694,117,4,line_item,Net finance costs,2020-12-31,(505),1,1,1,1,0,True,True,False,spatial_row_and_column_match
unilever,2021,income_statement,25a4c72b6ae964841619dd59f9f857cfb798ad126da7286ce0e5d6e0ecf34694,117,4,line_item,Net finance costs,2019-12-31,(627),1,1,1,1,0,True,True,False,spatial_row_and_column_match
unilever,2021,income_statement,25a4c72b6ae964841619dd59f9f857cfb798ad126da7286ce0e5d6e0ecf34694,117,5,line_item,Pensions and similar obligations,2021-12-31,(10),1,2,1,1,0,True,True,False,spatial_row_and_column_match
unilever,2021,income_statement,25a4c72b6ae964841619dd59f9f857cfb798ad126da7286ce0e5d6e0ecf34694,117,5,line_item,Pensions and similar obligations,2020-12-31,(9),1,1,1,1,0,True,True,False,spatial_row_and_column_match
unilever,2021,income_statement,25a4c72b6ae964841619dd59f9f857cfb798ad126da7286ce0e5d6e0ecf34694,117,5,line_item,Pensions and similar obligations,2019-12-31,(30),1,1,1,1,0,True,True,False,spatial_row_and_column_match
unilever,2021,income_statement,25a4c72b6ae964841619dd59f9f857cfb798ad126da7286ce0e5d6e0ecf34694,117,6,line_item,Finance income,2021-12-31,147,1,1,1,1,0,True,True,False,spatial_row_and_column_match
unilever,2021,income_statement,25a4c72b6ae964841619dd59f9f857cfb798ad126da7286ce0e5d6e0ecf34694,117,6,line_item,Finance income,2020-12-31,232,1,2,1,1,0,True,True,False,spatial_row_and_column_match
unilever,2021,income_statement,25a4c72b6ae964841619dd59f9f857cfb798ad126da7286ce0e5d6e0ecf34694,117,6,line_item,Finance income,2019-12-31,224,1,1,1,1,0,True,True,False,spatial_row_and_column_match
unilever,2021,income_statement,25a4c72b6ae964841619dd59f9f857cfb798ad126da7286ce0e5d6e0ecf34694,117,7,line_item,Finance costs,2021-12-31,(491),2,1,1,1,0,True,True,False,spatial_row_and_column_match
unilever,2021,income_statement,25a4c72b6ae964841619dd59f9f857cfb798ad126da7286ce0e5d6e0ecf34694,117,7,line_item,Finance costs,2020-12-31,(728),2,1,1,1,0,True,True,False,spatial_row_and_column_match
unilever,2021,income_statement,25a4c72b6ae964841619dd59f9f857cfb798ad126da7286ce0e5d6e0ecf34694,117,7,line_item,Finance costs,2019-12-31,(821),2,1,1,1,0,True,True,False,spatial_row_and_column_match
unilever,2021,income_statement,25a4c72b6ae964841619dd59f9f857cfb798ad126da7286ce0e5d6e0ecf34694,117,8,line_item,Which includes non-underlying costs of,2021-12-31,10,1,2,1,1,0,True,True,False,spatial_row_and_column_match
unilever,2021,income_statement,25a4c72b6ae964841619dd59f9f857cfb798ad126da7286ce0e5d6e0ecf34694,117,8,line_item,Which includes non-underlying costs of,2020-12-31,(56),1,1,1,1,0,True,True,False,spatial_row_and_column_match
unilever,2021,income_statement,25a4c72b6ae964841619dd59f9f857cfb798ad126da7286ce0e5d6e0ecf34694,117,8,line_item,Which includes non-underlying costs of,2019-12-31,—,1,25,4,1,3,True,True,False,spatial_row_and_column_match
unilever,2021,income_statement,25a4c72b6ae964841619dd59f9f857cfb798ad126da7286ce0e5d6e0ecf34694,117,9,line_item,Non-underlying item net monetary gain/(loss) arising from hyperinflationary economies,2021-12-31,(74),1,1,1,1,0,True,True,False,spatial_row_and_column_match
unilever,2021,income_statement,25a4c72b6ae964841619dd59f9f857cfb798ad126da7286ce0e5d6e0ecf34694,117,9,line_item,Non-underlying item net monetary gain/(loss) arising from hyperinflationary economies,2020-12-31,20,1,1,1,1,0,True,True,False,spatial_row_and_column_match
unilever,2021,income_statement,25a4c72b6ae964841619dd59f9f857cfb798ad126da7286ce0e5d6e0ecf34694,117,9,line_item,Non-underlying item net monetary gain/(loss) arising from hyperinflationary economies,2019-12-31,32,1,1,1,1,0,True,True,False,spatial_row_and_column_match
unilever,2021,income_statement,25a4c72b6ae964841619dd59f9f857cfb798ad126da7286ce0e5d6e0ecf34694,117,10,line_item,Share of net profit/(loss) of joint ventures and associates,2021-12-31,191,1,1,1,1,0,True,True,False,spatial_row_and_column_match
unilever,2021,income_statement,25a4c72b6ae964841619dd59f9f857cfb798ad126da7286ce0e5d6e0ecf34694,117,10,line_item,Share of net profit/(loss) of joint ventures and associates,2020-12-31,175,1,1,1,1,0,True,True,False,spatial_row_and_column_match
unilever,2021,income_statement,25a4c72b6ae964841619dd59f9f857cfb798ad126da7286ce0e5d6e0ecf34694,117,10,line_item,Share of net profit/(loss) of joint ventures and associates,2019-12-31,176,1,2,1,1,0,True,True,False,spatial_row_and_column_match
unilever,2021,income_statement,25a4c72b6ae964841619dd59f9f857cfb798ad126da7286ce0e5d6e0ecf34694,117,11,line_item,Which includes non-underlying item credits/(charges) of,2021-12-31,—,2,25,8,7,1,True,True,False,spatial_row_and_column_match
unilever,2021,income_statement,25a4c72b6ae964841619dd59f9f857cfb798ad126da7286ce0e5d6e0ecf34694,117,11,line_item,Which includes non-underlying item credits/(charges) of,2020-12-31,—,2,25,8,1,7,True,True,False,spatial_row_and_column_match
unilever,2021,income_statement,25a4c72b6ae964841619dd59f9f857cfb798ad126da7286ce0e5d6e0ecf34694,117,11,line_item,Which includes non-underlying item credits/(charges) of,2019-12-31,3,2,6,3,1,2,True,True,False,spatial_row_and_column_match
unilever,2021,income_statement,25a4c72b6ae964841619dd59f9f857cfb798ad126da7286ce0e5d6e0ecf34694,117,12,line_item,Other income/(loss) from non-current investments and associates,2021-12-31,91,1,1,1,1,0,True,True,False,spatial_row_and_column_match
unilever,2021,income_statement,25a4c72b6ae964841619dd59f9f857cfb798ad126da7286ce0e5d6e0ecf34694,117,12,line_item,Other income/(loss) from non-current investments and associates,2020-12-31,3,1,6,1,1,0,True,True,False,spatial_row_and_column_match
unilever,2021,income_statement,25a4c72b6ae964841619dd59f9f857cfb798ad126da7286ce0e5d6e0ecf34694,117,12,line_item,Other income/(loss) from non-current investments and associates,2019-12-31,—,1,25,5,1,4,True,True,False,spatial_row_and_column_match
unilever,2021,income_statement,25a4c72b6ae964841619dd59f9f857cfb798ad126da7286ce0e5d6e0ecf34694,117,13,line_item,Profit before taxation,2021-12-31,"8,556",1,1,1,1,0,True,True,False,spatial_row_and_column_match
unilever,2021,income_statement,25a4c72b6ae964841619dd59f9f857cfb798ad126da7286ce0e5d6e0ecf34694,117,13,line_item,Profit before taxation,2020-12-31,"7,996",1,1,1,1,0,True,True,False,spatial_row_and_column_match
unilever,2021,income_statement,25a4c72b6ae964841619dd59f9f857cfb798ad126da7286ce0e5d6e0ecf34694,117,13,line_item,Profit before taxation,2019-12-31,"8,289",1,1,1,1,0,True,True,False,spatial_row_and_column_match
unilever,2021,income_statement,25a4c72b6ae964841619dd59f9f857cfb798ad126da7286ce0e5d6e0ecf34694,117,14,line_item,Taxation,2021-12-31,"(1,935)",2,1,1,1,0,True,True,False,spatial_row_and_column_match
unilever,2021,income_statement,25a4c72b6ae964841619dd59f9f857cfb798ad126da7286ce0e5d6e0ecf34694,117,14,line_item,Taxation,2020-12-31,"(1,923)",2,1,1,1,0,True,True,False,spatial_row_and_column_match
unilever,2021,income_statement,25a4c72b6ae964841619dd59f9f857cfb798ad126da7286ce0e5d6e0ecf34694,117,14,line_item,Taxation,2019-12-31,"(2,263)",2,1,1,1,0,True,True,False,spatial_row_and_column_match
unilever,2021,income_statement,25a4c72b6ae964841619dd59f9f857cfb798ad126da7286ce0e5d6e0ecf34694,117,15,line_item,Which includes tax impact of non-underlying items of,2021-12-31,178,1,1,1,1,0,True,True,False,spatial_row_and_column_match
unilever,2021,income_statement,25a4c72b6ae964841619dd59f9f857cfb798ad126da7286ce0e5d6e0ecf34694,117,15,line_item,Which includes tax impact of non-underlying items of,2020-12-31,126,1,1,1,1,0,True,True,False,spatial_row_and_column_match
unilever,2021,income_statement,25a4c72b6ae964841619dd59f9f857cfb798ad126da7286ce0e5d6e0ecf34694,117,15,line_item,Which includes tax impact of non-underlying items of,2019-12-31,113,1,1,1,1,0,True,True,False,spatial_row_and_column_match
unilever,2021,income_statement,25a4c72b6ae964841619dd59f9f857cfb798ad126da7286ce0e5d6e0ecf34694,117,16,line_item,Net profit,2021-12-31,"6,621",3,2,2,2,0,True,True,False,spatial_row_and_column_match
unilever,2021,income_statement,25a4c72b6ae964841619dd59f9f857cfb798ad126da7286ce0e5d6e0ecf34694,117,16,line_item,Net profit,2020-12-31,"6,073",3,2,2,2,0,True,True,False,spatial_row_and_column_match
unilever,2021,income_statement,25a4c72b6ae964841619dd59f9f857cfb798ad126da7286ce0e5d6e0ecf34694,117,16,line_item,Net profit,2019-12-31,"6,026",3,2,2,2,0,True,True,False,spatial_row_and_column_match
unilever,2021,income_statement,25a4c72b6ae964841619dd59f9f857cfb798ad126da7286ce0e5d6e0ecf34694,117,18,line_item,Non-controlling interests,2021-12-31,572,2,1,1,1,0,True,True,False,spatial_row_and_column_match
unilever,2021,income_statement,25a4c72b6ae964841619dd59f9f857cfb798ad126da7286ce0e5d6e0ecf34694,117,18,line_item,Non-controlling interests,2020-12-31,492,2,1,1,1,0,True,True,False,spatial_row_and_column_match
unilever,2021,income_statement,25a4c72b6ae964841619dd59f9f857cfb798ad126da7286ce0e5d6e0ecf34694,117,18,line_item,Non-controlling interests,2019-12-31,401,2,1,1,1,0,True,True,False,spatial_row_and_column_match
unilever,2021,income_statement,25a4c72b6ae964841619dd59f9f857cfb798ad126da7286ce0e5d6e0ecf34694,117,19,line_item,Shareholders’ equity,2021-12-31,"6,049",2,1,1,1,0,True,True,False,spatial_row_and_column_match
unilever,2021,income_statement,25a4c72b6ae964841619dd59f9f857cfb798ad126da7286ce0e5d6e0ecf34694,117,19,line_item,Shareholders’ equity,2020-12-31,"5,581",2,1,1,1,0,True,True,False,spatial_row_and_column_match
unilever,2021,income_statement,25a4c72b6ae964841619dd59f9f857cfb798ad126da7286ce0e5d6e0ecf34694,117,19,line_item,Shareholders’ equity,2019-12-31,"5,625",2,1,1,1,0,True,True,False,spatial_row_and_column_match
unilever,2021,income_statement,25a4c72b6ae964841619dd59f9f857cfb798ad126da7286ce0e5d6e0ecf34694,117,21,line_item,Basic earnings per share (€),2021-12-31,2.33,1,1,1,1,0,True,True,False,spatial_row_and_column_match
unilever,2021,income_statement,25a4c72b6ae964841619dd59f9f857cfb798ad126da7286ce0e5d6e0ecf34694,117,21,line_item,Basic earnings per share (€),2020-12-31,2.13,1,1,1,1,0,True,True,False,spatial_row_and_column_match
unilever,2021,income_statement,25a4c72b6ae964841619dd59f9f857cfb798ad126da7286ce0e5d6e0ecf34694,117,21,line_item,Basic earnings per share (€),2019-12-31,2.15,1,2,1,1,0,True,True,False,spatial_row_and_column_match
unilever,2021,income_statement,25a4c72b6ae964841619dd59f9f857cfb798ad126da7286ce0e5d6e0ecf34694,117,22,line_item,Diluted earnings per share (€),2021-12-31,2.32,1,2,1,1,0,True,True,False,spatial_row_and_column_match
unilever,2021,income_statement,25a4c72b6ae964841619dd59f9f857cfb798ad126da7286ce0e5d6e0ecf34694,117,22,line_item,Diluted earnings per share (€),2020-12-31,2.12,1,1,1,1,0,True,True,False,spatial_row_and_column_match
unilever,2021,income_statement,25a4c72b6ae964841619dd59f9f857cfb798ad126da7286ce0e5d6e0ecf34694,117,22,line_item,Diluted earnings per share (€),2019-12-31,2.14,1,1,1,1,0,True,True,False,spatial_row_and_column_match
unilever,2021,balance_sheet,25a4c72b6ae964841619dd59f9f857cfb798ad126da7286ce0e5d6e0ecf34694,119,3,line_item,Goodwill,2021-12-31,"20,330",1,1,1,1,0,True,True,False,spatial_row_and_column_match
unilever,2021,balance_sheet,25a4c72b6ae964841619dd59f9f857cfb798ad126da7286ce0e5d6e0ecf34694,119,3,line_item,Goodwill,2020-12-31,"18,942",1,1,1,1,0,True,True,False,spatial_row_and_column_match
unilever,2021,balance_sheet,25a4c72b6ae964841619dd59f9f857cfb798ad126da7286ce0e5d6e0ecf34694,119,4,line_item,Intangible assets,2021-12-31,"18,261",1,1,1,1,0,True,True,False,spatial_row_and_column_match
unilever,2021,balance_sheet,25a4c72b6ae964841619dd59f9f857cfb798ad126da7286ce0e5d6e0ecf34694,119,4,line_item,Intangible assets,2020-12-31,"15,999",1,1,1,1,0,True,True,False,spatial_row_and_column_match
unilever,2021,balance_sheet,25a4c72b6ae964841619dd59f9f857cfb798ad126da7286ce0e5d6e0ecf34694,119,5,line_item,"Property, plant and equipment",2021-12-31,"10,347",1,1,1,1,0,True,True,False,spatial_row_and_column_match
unilever,2021,balance_sheet,25a4c72b6ae964841619dd59f9f857cfb798ad126da7286ce0e5d6e0ecf34694,119,5,line_item,"Property, plant and equipment",2020-12-31,"10,558",1,1,1,1,0,True,True,False,spatial_row_and_column_match
unilever,2021,balance_sheet,25a4c72b6ae964841619dd59f9f857cfb798ad126da7286ce0e5d6e0ecf34694,119,6,line_item,Pension asset for funded schemes in surplus,2021-12-31,"5,119",1,1,1,1,0,True,True,False,spatial_row_and_column_match
unilever,2021,balance_sheet,25a4c72b6ae964841619dd59f9f857cfb798ad126da7286ce0e5d6e0ecf34694,119,6,line_item,Pension asset for funded schemes in surplus,2020-12-31,"2,722",1,1,1,1,0,True,True,False,spatial_row_and_column_match
unilever,2021,balance_sheet,25a4c72b6ae964841619dd59f9f857cfb798ad126da7286ce0e5d6e0ecf34694,119,7,line_item,Deferred tax assets,2021-12-31,"1,465",1,1,1,1,0,True,True,False,spatial_row_and_column_match
unilever,2021,balance_sheet,25a4c72b6ae964841619dd59f9f857cfb798ad126da7286ce0e5d6e0ecf34694,119,7,line_item,Deferred tax assets,2020-12-31,"1,474",1,1,1,1,0,True,True,False,spatial_row_and_column_match
unilever,2021,balance_sheet,25a4c72b6ae964841619dd59f9f857cfb798ad126da7286ce0e5d6e0ecf34694,119,8,line_item,Financial assets,2021-12-31,"1,198",2,1,1,1,0,True,True,False,spatial_row_and_column_match
unilever,2021,balance_sheet,25a4c72b6ae964841619dd59f9f857cfb798ad126da7286ce0e5d6e0ecf34694,119,8,line_item,Financial assets,2020-12-31,876,2,1,1,1,0,True,True,False,spatial_row_and_column_match
unilever,2021,balance_sheet,25a4c72b6ae964841619dd59f9f857cfb798ad126da7286ce0e5d6e0ecf34694,119,9,line_item,Other non-current assets,2021-12-31,974,1,1,1,1,0,True,True,False,spatial_row_and_column_match
unilever,2021,balance_sheet,25a4c72b6ae964841619dd59f9f857cfb798ad126da7286ce0e5d6e0ecf34694,119,9,line_item,Other non-current assets,2020-12-31,931,1,1,1,1,0,True,True,False,spatial_row_and_column_match
unilever,2021,balance_sheet,25a4c72b6ae964841619dd59f9f857cfb798ad126da7286ce0e5d6e0ecf34694,119,10,subtotal,Non-current assets,2021-12-31,"57,694",2,1,0,0,0,False,True,True,section_subtotal_reconciled
unilever,2021,balance_sheet,25a4c72b6ae964841619dd59f9f857cfb798ad126da7286ce0e5d6e0ecf34694,119,10,subtotal,Non-current assets,2020-12-31,"51,502",2,1,0,0,0,False,True,True,section_subtotal_reconciled
unilever,2021,balance_sheet,25a4c72b6ae964841619dd59f9f857cfb798ad126da7286ce0e5d6e0ecf34694,119,12,line_item,Inventories,2021-12-31,"4,683",1,1,1,1,0,True,True,False,spatial_row_and_column_match
unilever,2021,balance_sheet,25a4c72b6ae964841619dd59f9f857cfb798ad126da7286ce0e5d6e0ecf34694,119,12,line_item,Inventories,2020-12-31,"4,462",1,1,1,1,0,True,True,False,spatial_row_and_column_match
unilever,2021,balance_sheet,25a4c72b6ae964841619dd59f9f857cfb798ad126da7286ce0e5d6e0ecf34694,119,13,line_item,Trade and other current receivables,2021-12-31,"5,422",1,1,1,1,0,True,True,False,spatial_row_and_column_match
unilever,2021,balance_sheet,25a4c72b6ae964841619dd59f9f857cfb798ad126da7286ce0e5d6e0ecf34694,119,13,line_item,Trade and other current receivables,2020-12-31,"4,939",1,1,1,1,0,True,True,False,spatial_row_and_column_match
unilever,2021,balance_sheet,25a4c72b6ae964841619dd59f9f857cfb798ad126da7286ce0e5d6e0ecf34694,119,14,line_item,Current tax assets,2021-12-31,324,1,1,1,1,0,True,True,False,spatial_row_and_column_match
unilever,2021,balance_sheet,25a4c72b6ae964841619dd59f9f857cfb798ad126da7286ce0e5d6e0ecf34694,119,14,line_item,Current tax assets,2020-12-31,372,1,1,1,1,0,True,True,False,spatial_row_and_column_match
unilever,2021,balance_sheet,25a4c72b6ae964841619dd59f9f857cfb798ad126da7286ce0e5d6e0ecf34694,119,15,line_item,Cash and cash equivalents,2021-12-31,"3,415",1,1,1,1,0,True,True,False,spatial_row_and_column_match
unilever,2021,balance_sheet,25a4c72b6ae964841619dd59f9f857cfb798ad126da7286ce0e5d6e0ecf34694,119,15,line_item,Cash and cash equivalents,2020-12-31,"5,548",1,1,1,1,0,True,True,False,spatial_row_and_column_match
unilever,2021,balance_sheet,25a4c72b6ae964841619dd59f9f857cfb798ad126da7286ce0e5d6e0ecf34694,119,16,line_item,Other financial assets,2021-12-31,"1,156",1,1,1,1,0,True,True,False,spatial_row_and_column_match
unilever,2021,balance_sheet,25a4c72b6ae964841619dd59f9f857cfb798ad126da7286ce0e5d6e0ecf34694,119,16,line_item,Other financial assets,2020-12-31,808,1,1,1,1,0,True,True,False,spatial_row_and_column_match
unilever,2021,balance_sheet,25a4c72b6ae964841619dd59f9f857cfb798ad126da7286ce0e5d6e0ecf34694,119,17,line_item,Assets held for sale,2021-12-31,"2,401",1,1,1,1,0,True,True,False,spatial_row_and_column_match
unilever,2021,balance_sheet,25a4c72b6ae964841619dd59f9f857cfb798ad126da7286ce0e5d6e0ecf34694,119,17,line_item,Assets held for sale,2020-12-31,28,1,1,1,1,0,True,True,False,spatial_row_and_column_match
unilever,2021,balance_sheet,25a4c72b6ae964841619dd59f9f857cfb798ad126da7286ce0e5d6e0ecf34694,119,18,subtotal,Current assets,2021-12-31,"17,401",3,1,0,0,0,False,True,True,section_subtotal_reconciled
unilever,2021,balance_sheet,25a4c72b6ae964841619dd59f9f857cfb798ad126da7286ce0e5d6e0ecf34694,119,18,subtotal,Current assets,2020-12-31,"16,157",3,1,0,0,0,False,True,True,section_subtotal_reconciled
unilever,2021,balance_sheet,25a4c72b6ae964841619dd59f9f857cfb798ad126da7286ce0e5d6e0ecf34694,119,19,total,Total assets,2021-12-31,"75,095",1,2,1,1,0,True,True,False,spatial_row_and_column_match
unilever,2021,balance_sheet,25a4c72b6ae964841619dd59f9f857cfb798ad126da7286ce0e5d6e0ecf34694,119,19,total,Total assets,2020-12-31,"67,659",1,2,1,1,0,True,True,False,spatial_row_and_column_match
unilever,2021,balance_sheet,25a4c72b6ae964841619dd59f9f857cfb798ad126da7286ce0e5d6e0ecf34694,119,22,line_item,Financial liabilities,2021-12-31,"7,252",2,1,1,1,0,True,True,False,spatial_row_and_column_match
unilever,2021,balance_sheet,25a4c72b6ae964841619dd59f9f857cfb798ad126da7286ce0e5d6e0ecf34694,119,22,line_item,Financial liabilities,2020-12-31,"4,461",2,1,1,1,0,True,True,False,spatial_row_and_column_match
unilever,2021,balance_sheet,25a4c72b6ae964841619dd59f9f857cfb798ad126da7286ce0e5d6e0ecf34694,119,23,line_item,Trade payables and other current liabilities,2021-12-31,"14,861",1,1,1,1,0,True,True,False,spatial_row_and_column_match
unilever,2021,balance_sheet,25a4c72b6ae964841619dd59f9f857cfb798ad126da7286ce0e5d6e0ecf34694,119,23,line_item,Trade payables and other current liabilities,2020-12-31,"14,132",1,1,1,1,0,True,True,False,spatial_row_and_column_match
unilever,2021,balance_sheet,25a4c72b6ae964841619dd59f9f857cfb798ad126da7286ce0e5d6e0ecf34694,119,24,line_item,Current tax liabilities,2021-12-31,"1,365",2,1,1,1,0,True,True,False,spatial_row_and_column_match
unilever,2021,balance_sheet,25a4c72b6ae964841619dd59f9f857cfb798ad126da7286ce0e5d6e0ecf34694,119,24,line_item,Current tax liabilities,2020-12-31,"1,451",2,1,1,1,0,True,True,False,spatial_row_and_column_match
unilever,2021,balance_sheet,25a4c72b6ae964841619dd59f9f857cfb798ad126da7286ce0e5d6e0ecf34694,119,25,line_item,Provisions,2021-12-31,480,2,1,1,1,0,True,True,False,spatial_row_and_column_match
unilever,2021,balance_sheet,25a4c72b6ae964841619dd59f9f857cfb798ad126da7286ce0e5d6e0ecf34694,119,25,line_item,Provisions,2020-12-31,547,2,1,1,1,0,True,True,False,spatial_row_and_column_match
unilever,2021,balance_sheet,25a4c72b6ae964841619dd59f9f857cfb798ad126da7286ce0e5d6e0ecf34694,119,26,line_item,Liabilities held for sale,2021-12-31,820,1,1,1,1,0,True,True,False,spatial_row_and_column_match
unilever,2021,balance_sheet,25a4c72b6ae964841619dd59f9f857cfb798ad126da7286ce0e5d6e0ecf34694,119,26,line_item,Liabilities held for sale,2020-12-31,1,1,1,1,1,0,True,True,False,spatial_row_and_column_match
unilever,2021,balance_sheet,25a4c72b6ae964841619dd59f9f857cfb798ad126da7286ce0e5d6e0ecf34694,119,27,subtotal,Current liabilities,2021-12-31,"24,778",4,1,0,0,0,False,True,True,section_subtotal_reconciled
unilever,2021,balance_sheet,25a4c72b6ae964841619dd59f9f857cfb798ad126da7286ce0e5d6e0ecf34694,119,27,subtotal,Current liabilities,2020-12-31,"20,592",4,1,0,0,0,False,True,True,section_subtotal_reconciled
unilever,2021,balance_sheet,25a4c72b6ae964841619dd59f9f857cfb798ad126da7286ce0e5d6e0ecf34694,119,29,line_item,Financial liabilities,2021-12-31,"22,881",2,1,1,1,0,True,True,False,spatial_row_and_column_match
unilever,2021,balance_sheet,25a4c72b6ae964841619dd59f9f857cfb798ad126da7286ce0e5d6e0ecf34694,119,29,line_item,Financial liabilities,2020-12-31,"22,844",2,1,1,1,0,True,True,False,spatial_row_and_column_match
unilever,2021,balance_sheet,25a4c72b6ae964841619dd59f9f857cfb798ad126da7286ce0e5d6e0ecf34694,119,30,line_item,Non-current tax liabilities,2021-12-31,148,1,1,1,1,0,True,True,False,spatial_row_and_column_match
unilever,2021,balance_sheet,25a4c72b6ae964841619dd59f9f857cfb798ad126da7286ce0e5d6e0ecf34694,119,30,line_item,Non-current tax liabilities,2020-12-31,149,1,1,1,1,0,True,True,False,spatial_row_and_column_match
unilever,2021,balance_sheet,25a4c72b6ae964841619dd59f9f857cfb798ad126da7286ce0e5d6e0ecf34694,119,32,line_item,Funded schemes in deficit,2021-12-31,831,1,1,1,1,0,True,True,False,spatial_row_and_column_match
unilever,2021,balance_sheet,25a4c72b6ae964841619dd59f9f857cfb798ad126da7286ce0e5d6e0ecf34694,119,32,line_item,Funded schemes in deficit,2020-12-31,"1,109",1,1,1,1,0,True,True,False,spatial_row_and_column_match
unilever,2021,balance_sheet,25a4c72b6ae964841619dd59f9f857cfb798ad126da7286ce0e5d6e0ecf34694,119,33,line_item,Unfunded schemes,2021-12-31,"1,295",1,1,1,1,0,True,True,False,spatial_row_and_column_match
unilever,2021,balance_sheet,25a4c72b6ae964841619dd59f9f857cfb798ad126da7286ce0e5d6e0ecf34694,119,33,line_item,Unfunded schemes,2020-12-31,"1,326",1,1,1,1,0,True,True,False,spatial_row_and_column_match
unilever,2021,balance_sheet,25a4c72b6ae964841619dd59f9f857cfb798ad126da7286ce0e5d6e0ecf34694,119,34,line_item,Provisions,2021-12-31,611,2,1,1,1,0,True,True,False,spatial_row_and_column_match
unilever,2021,balance_sheet,25a4c72b6ae964841619dd59f9f857cfb798ad126da7286ce0e5d6e0ecf34694,119,34,line_item,Provisions,2020-12-31,583,2,1,1,1,0,True,True,False,spatial_row_and_column_match
unilever,2021,balance_sheet,25a4c72b6ae964841619dd59f9f857cfb798ad126da7286ce0e5d6e0ecf34694,119,35,line_item,Deferred tax liabilities,2021-12-31,"4,530",1,1,1,1,0,True,True,False,spatial_row_and_column_match
unilever,2021,balance_sheet,25a4c72b6ae964841619dd59f9f857cfb798ad126da7286ce0e5d6e0ecf34694,119,35,line_item,Deferred tax liabilities,2020-12-31,"3,166",1,1,1,1,0,True,True,False,spatial_row_and_column_match
unilever,2021,balance_sheet,25a4c72b6ae964841619dd59f9f857cfb798ad126da7286ce0e5d6e0ecf34694,119,36,line_item,Other non-current liabilities,2021-12-31,275,1,1,1,1,0,True,True,False,spatial_row_and_column_match
unilever,2021,balance_sheet,25a4c72b6ae964841619dd59f9f857cfb798ad126da7286ce0e5d6e0ecf34694,119,36,line_item,Other non-current liabilities,2020-12-31,235,1,1,1,1,0,True,True,False,spatial_row_and_column_match
unilever,2021,balance_sheet,25a4c72b6ae964841619dd59f9f857cfb798ad126da7286ce0e5d6e0ecf34694,119,37,subtotal,Non-current liabilities,2021-12-31,"30,571",2,1,0,0,0,False,True,True,section_subtotal_reconciled
unilever,2021,balance_sheet,25a4c72b6ae964841619dd59f9f857cfb798ad126da7286ce0e5d6e0ecf34694,119,37,subtotal,Non-current liabilities,2020-12-31,"29,412",2,1,0,0,0,False,True,True,section_subtotal_reconciled
unilever,2021,balance_sheet,25a4c72b6ae964841619dd59f9f857cfb798ad126da7286ce0e5d6e0ecf34694,119,38,total,Total liabilities,2021-12-31,"55,349",2,1,1,1,0,True,True,False,spatial_row_and_column_match
unilever,2021,balance_sheet,25a4c72b6ae964841619dd59f9f857cfb798ad126da7286ce0e5d6e0ecf34694,119,38,total,Total liabilities,2020-12-31,"50,004",2,1,1,1,0,True,True,False,spatial_row_and_column_match
unilever,2021,balance_sheet,25a4c72b6ae964841619dd59f9f857cfb798ad126da7286ce0e5d6e0ecf34694,119,40,line_item,Shareholders’ equity,2021-12-31,"17,107",1,1,1,1,0,True,True,False,spatial_row_and_column_match
unilever,2021,balance_sheet,25a4c72b6ae964841619dd59f9f857cfb798ad126da7286ce0e5d6e0ecf34694,119,40,line_item,Shareholders’ equity,2020-12-31,"15,266",1,1,1,1,0,True,True,False,spatial_row_and_column_match
unilever,2021,balance_sheet,25a4c72b6ae964841619dd59f9f857cfb798ad126da7286ce0e5d6e0ecf34694,119,41,line_item,Non-controlling interests,2021-12-31,"2,639",1,1,1,1,0,True,True,False,spatial_row_and_column_match
unilever,2021,balance_sheet,25a4c72b6ae964841619dd59f9f857cfb798ad126da7286ce0e5d6e0ecf34694,119,41,line_item,Non-controlling interests,2020-12-31,"2,389",1,1,1,1,0,True,True,False,spatial_row_and_column_match
unilever,2021,balance_sheet,25a4c72b6ae964841619dd59f9f857cfb798ad126da7286ce0e5d6e0ecf34694,119,42,total,Total equity,2021-12-31,"19,746",1,1,1,1,0,True,True,False,spatial_row_and_column_match
unilever,2021,balance_sheet,25a4c72b6ae964841619dd59f9f857cfb798ad126da7286ce0e5d6e0ecf34694,119,42,total,Total equity,2020-12-31,"17,655",1,1,1,1,0,True,True,False,spatial_row_and_column_match
unilever,2021,balance_sheet,25a4c72b6ae964841619dd59f9f857cfb798ad126da7286ce0e5d6e0ecf34694,119,43,total,Total liabilities and equity,2021-12-31,"75,095",1,2,1,1,0,True,True,False,spatial_row_and_column_match
unilever,2021,balance_sheet,25a4c72b6ae964841619dd59f9f857cfb798ad126da7286ce0e5d6e0ecf34694,119,43,total,Total liabilities and equity,2020-12-31,"67,659",1,2,1,1,0,True,True,False,spatial_row_and_column_match
unilever,2021,cash_flow,25a4c72b6ae964841619dd59f9f857cfb798ad126da7286ce0e5d6e0ecf34694,120,1,line_item,Net profit,2021-12-31,"6,621",2,1,1,1,0,True,True,False,spatial_row_and_column_match
unilever,2021,cash_flow,25a4c72b6ae964841619dd59f9f857cfb798ad126da7286ce0e5d6e0ecf34694,120,1,line_item,Net profit,2020-12-31,"6,073",2,1,1,1,0,True,True,False,spatial_row_and_column_match
unilever,2021,cash_flow,25a4c72b6ae964841619dd59f9f857cfb798ad126da7286ce0e5d6e0ecf34694,120,1,line_item,Net profit,2019-12-31,"6,026",2,1,1,1,0,True,True,False,spatial_row_and_column_match
unilever,2021,cash_flow,25a4c72b6ae964841619dd59f9f857cfb798ad126da7286ce0e5d6e0ecf34694,120,2,line_item,Taxation,2021-12-31,"1,935",1,1,1,1,0,True,True,False,spatial_row_and_column_match
unilever,2021,cash_flow,25a4c72b6ae964841619dd59f9f857cfb798ad126da7286ce0e5d6e0ecf34694,120,2,line_item,Taxation,2020-12-31,"1,923",1,1,1,1,0,True,True,False,spatial_row_and_column_match
unilever,2021,cash_flow,25a4c72b6ae964841619dd59f9f857cfb798ad126da7286ce0e5d6e0ecf34694,120,2,line_item,Taxation,2019-12-31,"2,263",1,1,1,1,0,True,True,False,spatial_row_and_column_match
unilever,2021,cash_flow,25a4c72b6ae964841619dd59f9f857cfb798ad126da7286ce0e5d6e0ecf34694,120,3,line_item,"Share of net profit of joint ventures/associates and other income/(loss) from
 non-current investments",2021-12-31,(282),1,1,1,1,0,True,True,False,spatial_row_and_column_match
unilever,2021,cash_flow,25a4c72b6ae964841619dd59f9f857cfb798ad126da7286ce0e5d6e0ecf34694,120,3,line_item,"Share of net profit of joint ventures/associates and other income/(loss) from
 non-current investments",2020-12-31,(178),1,1,1,1,0,True,True,False,spatial_row_and_column_match
unilever,2021,cash_flow,25a4c72b6ae964841619dd59f9f857cfb798ad126da7286ce0e5d6e0ecf34694,120,3,line_item,"Share of net profit of joint ventures/associates and other income/(loss) from
 non-current investments",2019-12-31,(176),1,1,1,1,0,True,True,False,spatial_row_and_column_match
unilever,2021,cash_flow,25a4c72b6ae964841619dd59f9f857cfb798ad126da7286ce0e5d6e0ecf34694,120,4,line_item,Net monetary (gain)/loss arising from hyperinflationary economies,2021-12-31,74,1,1,1,1,0,True,True,False,spatial_row_and_column_match
unilever,2021,cash_flow,25a4c72b6ae964841619dd59f9f857cfb798ad126da7286ce0e5d6e0ecf34694,120,4,line_item,Net monetary (gain)/loss arising from hyperinflationary economies,2020-12-31,(20),1,1,1,1,0,True,True,False,spatial_row_and_column_match
unilever,2021,cash_flow,25a4c72b6ae964841619dd59f9f857cfb798ad126da7286ce0e5d6e0ecf34694,120,4,line_item,Net monetary (gain)/loss arising from hyperinflationary economies,2019-12-31,(32),1,1,1,1,0,True,True,False,spatial_row_and_column_match
unilever,2021,cash_flow,25a4c72b6ae964841619dd59f9f857cfb798ad126da7286ce0e5d6e0ecf34694,120,5,line_item,Net finance costs,2021-12-31,354,1,1,1,1,0,True,True,False,spatial_row_and_column_match
unilever,2021,cash_flow,25a4c72b6ae964841619dd59f9f857cfb798ad126da7286ce0e5d6e0ecf34694,120,5,line_item,Net finance costs,2020-12-31,505,1,1,1,1,0,True,True,False,spatial_row_and_column_match
unilever,2021,cash_flow,25a4c72b6ae964841619dd59f9f857cfb798ad126da7286ce0e5d6e0ecf34694,120,5,line_item,Net finance costs,2019-12-31,627,1,1,1,1,0,True,True,False,spatial_row_and_column_match
unilever,2021,cash_flow,25a4c72b6ae964841619dd59f9f857cfb798ad126da7286ce0e5d6e0ecf34694,120,6,subtotal,Operating profit,2021-12-31,"8,702",1,1,1,1,0,True,True,False,spatial_row_and_column_match
unilever,2021,cash_flow,25a4c72b6ae964841619dd59f9f857cfb798ad126da7286ce0e5d6e0ecf34694,120,6,subtotal,Operating profit,2020-12-31,"8,303",1,1,1,1,0,True,True,False,spatial_row_and_column_match
unilever,2021,cash_flow,25a4c72b6ae964841619dd59f9f857cfb798ad126da7286ce0e5d6e0ecf34694,120,6,subtotal,Operating profit,2019-12-31,"8,708",1,1,1,1,0,True,True,False,spatial_row_and_column_match
unilever,2021,cash_flow,25a4c72b6ae964841619dd59f9f857cfb798ad126da7286ce0e5d6e0ecf34694,120,7,line_item,"Depreciation, amortisation and impairment",2021-12-31,"1,763",1,1,1,1,0,True,True,False,spatial_row_and_column_match
unilever,2021,cash_flow,25a4c72b6ae964841619dd59f9f857cfb798ad126da7286ce0e5d6e0ecf34694,120,7,line_item,"Depreciation, amortisation and impairment",2020-12-31,"2,018",1,1,1,1,0,True,True,False,spatial_row_and_column_match
unilever,2021,cash_flow,25a4c72b6ae964841619dd59f9f857cfb798ad126da7286ce0e5d6e0ecf34694,120,7,line_item,"Depreciation, amortisation and impairment",2019-12-31,"1,982",1,1,1,1,0,True,True,False,spatial_row_and_column_match
unilever,2021,cash_flow,25a4c72b6ae964841619dd59f9f857cfb798ad126da7286ce0e5d6e0ecf34694,120,8,heading,Changes in working capital:,2021-12-31,(47),1,1,1,1,0,True,True,False,spatial_row_and_column_match
unilever,2021,cash_flow,25a4c72b6ae964841619dd59f9f857cfb798ad126da7286ce0e5d6e0ecf34694,120,8,heading,Changes in working capital:,2020-12-31,680,1,1,1,1,0,True,True,False,spatial_row_and_column_match
unilever,2021,cash_flow,25a4c72b6ae964841619dd59f9f857cfb798ad126da7286ce0e5d6e0ecf34694,120,8,heading,Changes in working capital:,2019-12-31,(9),1,1,1,1,0,True,True,False,spatial_row_and_column_match
unilever,2021,cash_flow,25a4c72b6ae964841619dd59f9f857cfb798ad126da7286ce0e5d6e0ecf34694,120,9,line_item,  Inventories,2021-12-31,(458),1,1,1,1,0,True,True,False,spatial_row_and_column_match
unilever,2021,cash_flow,25a4c72b6ae964841619dd59f9f857cfb798ad126da7286ce0e5d6e0ecf34694,120,9,line_item,  Inventories,2020-12-31,(587),1,1,1,1,0,True,True,False,spatial_row_and_column_match
unilever,2021,cash_flow,25a4c72b6ae964841619dd59f9f857cfb798ad126da7286ce0e5d6e0ecf34694,120,9,line_item,  Inventories,2019-12-31,313,1,1,1,1,0,True,True,False,spatial_row_and_column_match
unilever,2021,cash_flow,25a4c72b6ae964841619dd59f9f857cfb798ad126da7286ce0e5d6e0ecf34694,120,10,line_item,  Trade and other receivables,2021-12-31,(307),1,1,1,1,0,True,True,False,spatial_row_and_column_match
unilever,2021,cash_flow,25a4c72b6ae964841619dd59f9f857cfb798ad126da7286ce0e5d6e0ecf34694,120,10,line_item,  Trade and other receivables,2020-12-31,"1,125",1,1,1,1,0,True,True,False,spatial_row_and_column_match
unilever,2021,cash_flow,25a4c72b6ae964841619dd59f9f857cfb798ad126da7286ce0e5d6e0ecf34694,120,10,line_item,  Trade and other receivables,2019-12-31,(445),1,1,1,1,0,True,True,False,spatial_row_and_column_match
unilever,2021,cash_flow,25a4c72b6ae964841619dd59f9f857cfb798ad126da7286ce0e5d6e0ecf34694,120,11,line_item,  Trade payables and other liabilities,2021-12-31,718,1,1,1,1,0,True,True,False,spatial_row_and_column_match
unilever,2021,cash_flow,25a4c72b6ae964841619dd59f9f857cfb798ad126da7286ce0e5d6e0ecf34694,120,11,line_item,  Trade payables and other liabilities,2020-12-31,142,1,2,1,1,0,True,True,False,spatial_row_and_column_match
unilever,2021,cash_flow,25a4c72b6ae964841619dd59f9f857cfb798ad126da7286ce0e5d6e0ecf34694,120,11,line_item,  Trade payables and other liabilities,2019-12-31,123,1,1,1,1,0,True,True,False,spatial_row_and_column_match
unilever,2021,cash_flow,25a4c72b6ae964841619dd59f9f857cfb798ad126da7286ce0e5d6e0ecf34694,120,12,line_item,Pensions and similar obligations less payments,2021-12-31,(183),1,1,1,1,0,True,True,False,spatial_row_and_column_match
unilever,2021,cash_flow,25a4c72b6ae964841619dd59f9f857cfb798ad126da7286ce0e5d6e0ecf34694,120,12,line_item,Pensions and similar obligations less payments,2020-12-31,(182),1,1,1,1,0,True,True,False,spatial_row_and_column_match
unilever,2021,cash_flow,25a4c72b6ae964841619dd59f9f857cfb798ad126da7286ce0e5d6e0ecf34694,120,12,line_item,Pensions and similar obligations less payments,2019-12-31,(260),1,1,1,1,0,True,True,False,spatial_row_and_column_match
unilever,2021,cash_flow,25a4c72b6ae964841619dd59f9f857cfb798ad126da7286ce0e5d6e0ecf34694,120,13,line_item,Provisions less payments,2021-12-31,(61),1,1,1,1,0,True,True,False,spatial_row_and_column_match
unilever,2021,cash_flow,25a4c72b6ae964841619dd59f9f857cfb798ad126da7286ce0e5d6e0ecf34694,120,13,line_item,Provisions less payments,2020-12-31,(53),1,2,1,1,0,True,True,False,spatial_row_and_column_match
unilever,2021,cash_flow,25a4c72b6ae964841619dd59f9f857cfb798ad126da7286ce0e5d6e0ecf34694,120,13,line_item,Provisions less payments,2019-12-31,7,1,1,1,1,0,True,True,False,spatial_row_and_column_match
unilever,2021,cash_flow,25a4c72b6ae964841619dd59f9f857cfb798ad126da7286ce0e5d6e0ecf34694,120,14,line_item,Elimination of (profits)/losses on disposals,2021-12-31,23,1,1,1,1,0,True,True,False,spatial_row_and_column_match
unilever,2021,cash_flow,25a4c72b6ae964841619dd59f9f857cfb798ad126da7286ce0e5d6e0ecf34694,120,14,line_item,Elimination of (profits)/losses on disposals,2020-12-31,60,1,2,2,1,1,True,True,False,spatial_row_and_column_match
unilever,2021,cash_flow,25a4c72b6ae964841619dd59f9f857cfb798ad126da7286ce0e5d6e0ecf34694,120,14,line_item,Elimination of (profits)/losses on disposals,2019-12-31,60,1,2,2,1,1,True,True,False,spatial_row_and_column_match
unilever,2021,cash_flow,25a4c72b6ae964841619dd59f9f857cfb798ad126da7286ce0e5d6e0ecf34694,120,15,line_item,Non-cash charge for share-based compensation,2021-12-31,161,1,1,1,1,0,True,True,False,spatial_row_and_column_match
unilever,2021,cash_flow,25a4c72b6ae964841619dd59f9f857cfb798ad126da7286ce0e5d6e0ecf34694,120,15,line_item,Non-cash charge for share-based compensation,2020-12-31,108,1,1,1,1,0,True,True,False,spatial_row_and_column_match
unilever,2021,cash_flow,25a4c72b6ae964841619dd59f9f857cfb798ad126da7286ce0e5d6e0ecf34694,120,15,line_item,Non-cash charge for share-based compensation,2019-12-31,151,1,1,1,1,0,True,True,False,spatial_row_and_column_match
unilever,2021,cash_flow,25a4c72b6ae964841619dd59f9f857cfb798ad126da7286ce0e5d6e0ecf34694,120,16,line_item,Other adjustments,2021-12-31,(53),1,2,1,1,0,True,True,False,spatial_row_and_column_match
unilever,2021,cash_flow,25a4c72b6ae964841619dd59f9f857cfb798ad126da7286ce0e5d6e0ecf34694,120,16,line_item,Other adjustments,2020-12-31,(1),1,1,1,1,0,True,True,False,spatial_row_and_column_match
unilever,2021,cash_flow,25a4c72b6ae964841619dd59f9f857cfb798ad126da7286ce0e5d6e0ecf34694,120,16,line_item,Other adjustments,2019-12-31,2,1,1,1,1,0,True,True,False,spatial_row_and_column_match
unilever,2021,cash_flow,25a4c72b6ae964841619dd59f9f857cfb798ad126da7286ce0e5d6e0ecf34694,120,17,subtotal,Cash flow from operating activities,2021-12-31,"10,305",2,1,1,1,0,True,True,False,spatial_row_and_column_match
unilever,2021,cash_flow,25a4c72b6ae964841619dd59f9f857cfb798ad126da7286ce0e5d6e0ecf34694,120,17,subtotal,Cash flow from operating activities,2020-12-31,"10,933",2,1,1,1,0,True,True,False,spatial_row_and_column_match
unilever,2021,cash_flow,25a4c72b6ae964841619dd59f9f857cfb798ad126da7286ce0e5d6e0ecf34694,120,17,subtotal,Cash flow from operating activities,2019-12-31,"10,641",2,1,1,1,0,True,True,False,spatial_row_and_column_match
unilever,2021,cash_flow,25a4c72b6ae964841619dd59f9f857cfb798ad126da7286ce0e5d6e0ecf34694,120,18,line_item,Income tax paid,2021-12-31,"(2,333)",1,1,1,1,0,True,True,False,spatial_row_and_column_match
unilever,2021,cash_flow,25a4c72b6ae964841619dd59f9f857cfb798ad126da7286ce0e5d6e0ecf34694,120,18,line_item,Income tax paid,2020-12-31,"(1,875)",1,1,1,1,0,True,True,False,spatial_row_and_column_match
unilever,2021,cash_flow,25a4c72b6ae964841619dd59f9f857cfb798ad126da7286ce0e5d6e0ecf34694,120,18,line_item,Income tax paid,2019-12-31,"(2,532)",1,1,1,1,0,True,True,False,spatial_row_and_column_match
unilever,2021,cash_flow,25a4c72b6ae964841619dd59f9f857cfb798ad126da7286ce0e5d6e0ecf34694,120,19,subtotal,Net cash flow from operating activities,2021-12-31,"7,972",1,1,1,1,0,True,True,False,spatial_row_and_column_match
unilever,2021,cash_flow,25a4c72b6ae964841619dd59f9f857cfb798ad126da7286ce0e5d6e0ecf34694,120,19,subtotal,Net cash flow from operating activities,2020-12-31,"9,058",1,1,1,1,0,True,True,False,spatial_row_and_column_match
unilever,2021,cash_flow,25a4c72b6ae964841619dd59f9f857cfb798ad126da7286ce0e5d6e0ecf34694,120,19,subtotal,Net cash flow from operating activities,2019-12-31,"8,109",1,1,1,1,0,True,True,False,spatial_row_and_column_match
unilever,2021,cash_flow,25a4c72b6ae964841619dd59f9f857cfb798ad126da7286ce0e5d6e0ecf34694,120,20,line_item,Interest received,2021-12-31,148,1,1,1,1,0,True,True,False,spatial_row_and_column_match
unilever,2021,cash_flow,25a4c72b6ae964841619dd59f9f857cfb798ad126da7286ce0e5d6e0ecf34694,120,20,line_item,Interest received,2020-12-31,169,1,1,1,1,0,True,True,False,spatial_row_and_column_match
unilever,2021,cash_flow,25a4c72b6ae964841619dd59f9f857cfb798ad126da7286ce0e5d6e0ecf34694,120,20,line_item,Interest received,2019-12-31,146,1,1,1,1,0,True,True,False,spatial_row_and_column_match
unilever,2021,cash_flow,25a4c72b6ae964841619dd59f9f857cfb798ad126da7286ce0e5d6e0ecf34694,120,21,line_item,Purchase of intangible assets,2021-12-31,(232),1,1,1,1,0,True,True,False,spatial_row_and_column_match
unilever,2021,cash_flow,25a4c72b6ae964841619dd59f9f857cfb798ad126da7286ce0e5d6e0ecf34694,120,21,line_item,Purchase of intangible assets,2020-12-31,(158),1,1,1,1,0,True,True,False,spatial_row_and_column_match
unilever,2021,cash_flow,25a4c72b6ae964841619dd59f9f857cfb798ad126da7286ce0e5d6e0ecf34694,120,21,line_item,Purchase of intangible assets,2019-12-31,(210),1,1,1,1,0,True,True,False,spatial_row_and_column_match
unilever,2021,cash_flow,25a4c72b6ae964841619dd59f9f857cfb798ad126da7286ce0e5d6e0ecf34694,120,22,line_item,"Purchase of property, plant and equipment",2021-12-31,"(1,108)",1,1,1,1,0,True,True,False,spatial_row_and_column_match
unilever,2021,cash_flow,25a4c72b6ae964841619dd59f9f857cfb798ad126da7286ce0e5d6e0ecf34694,120,22,line_item,"Purchase of property, plant and equipment",2020-12-31,(863),1,1,1,1,0,True,True,False,spatial_row_and_column_match
unilever,2021,cash_flow,25a4c72b6ae964841619dd59f9f857cfb798ad126da7286ce0e5d6e0ecf34694,120,22,line_item,"Purchase of property, plant and equipment",2019-12-31,"(1,316)",1,1,1,1,0,True,True,False,spatial_row_and_column_match
unilever,2021,cash_flow,25a4c72b6ae964841619dd59f9f857cfb798ad126da7286ce0e5d6e0ecf34694,120,23,line_item,"Disposal of property, plant and equipment",2021-12-31,101,1,1,1,1,0,True,True,False,spatial_row_and_column_match
unilever,2021,cash_flow,25a4c72b6ae964841619dd59f9f857cfb798ad126da7286ce0e5d6e0ecf34694,120,23,line_item,"Disposal of property, plant and equipment",2020-12-31,89,1,1,1,1,0,True,True,False,spatial_row_and_column_match
unilever,2021,cash_flow,25a4c72b6ae964841619dd59f9f857cfb798ad126da7286ce0e5d6e0ecf34694,120,23,line_item,"Disposal of property, plant and equipment",2019-12-31,97,1,1,1,1,0,True,True,False,spatial_row_and_column_match
unilever,2021,cash_flow,25a4c72b6ae964841619dd59f9f857cfb798ad126da7286ce0e5d6e0ecf34694,120,24,line_item,Acquisition of businesses and investments in joint ventures and associates,2021-12-31,"(2,131)",1,1,1,1,0,True,True,False,spatial_row_and_column_match
unilever,2021,cash_flow,25a4c72b6ae964841619dd59f9f857cfb798ad126da7286ce0e5d6e0ecf34694,120,24,line_item,Acquisition of businesses and investments in joint ventures and associates,2020-12-31,"(1,426)",1,1,1,1,0,True,True,False,spatial_row_and_column_match
unilever,2021,cash_flow,25a4c72b6ae964841619dd59f9f857cfb798ad126da7286ce0e5d6e0ecf34694,120,24,line_item,Acquisition of businesses and investments in joint ventures and associates,2019-12-31,"(1,122)",1,1,1,1,0,True,True,False,spatial_row_and_column_match
unilever,2021,cash_flow,25a4c72b6ae964841619dd59f9f857cfb798ad126da7286ce0e5d6e0ecf34694,120,25,line_item,"Disposal of businesses, joint ventures and associates",2021-12-31,43,1,1,1,1,0,True,True,False,spatial_row_and_column_match
unilever,2021,cash_flow,25a4c72b6ae964841619dd59f9f857cfb798ad126da7286ce0e5d6e0ecf34694,120,25,line_item,"Disposal of businesses, joint ventures and associates",2020-12-31,39,1,1,1,1,0,True,True,False,spatial_row_and_column_match
unilever,2021,cash_flow,25a4c72b6ae964841619dd59f9f857cfb798ad126da7286ce0e5d6e0ecf34694,120,25,line_item,"Disposal of businesses, joint ventures and associates",2019-12-31,177,1,1,1,1,0,True,True,False,spatial_row_and_column_match
unilever,2021,cash_flow,25a4c72b6ae964841619dd59f9f857cfb798ad126da7286ce0e5d6e0ecf34694,120,26,line_item,Acquisition of other non-current investments,2021-12-31,(142),1,2,1,1,0,True,True,False,spatial_row_and_column_match
unilever,2021,cash_flow,25a4c72b6ae964841619dd59f9f857cfb798ad126da7286ce0e5d6e0ecf34694,120,26,line_item,Acquisition of other non-current investments,2020-12-31,(128),1,1,1,1,0,True,True,False,spatial_row_and_column_match
unilever,2021,cash_flow,25a4c72b6ae964841619dd59f9f857cfb798ad126da7286ce0e5d6e0ecf34694,120,26,line_item,Acquisition of other non-current investments,2019-12-31,(160),1,1,1,1,0,True,True,False,spatial_row_and_column_match
unilever,2021,cash_flow,25a4c72b6ae964841619dd59f9f857cfb798ad126da7286ce0e5d6e0ecf34694,120,27,line_item,Disposal of other non-current investments,2021-12-31,137,1,1,1,1,0,True,True,False,spatial_row_and_column_match
unilever,2021,cash_flow,25a4c72b6ae964841619dd59f9f857cfb798ad126da7286ce0e5d6e0ecf34694,120,27,line_item,Disposal of other non-current investments,2020-12-31,51,1,1,1,1,0,True,True,False,spatial_row_and_column_match
unilever,2021,cash_flow,25a4c72b6ae964841619dd59f9f857cfb798ad126da7286ce0e5d6e0ecf34694,120,27,line_item,Disposal of other non-current investments,2019-12-31,55,1,1,1,1,0,True,True,False,spatial_row_and_column_match
unilever,2021,cash_flow,25a4c72b6ae964841619dd59f9f857cfb798ad126da7286ce0e5d6e0ecf34694,120,28,line_item,"Dividends from joint ventures, associates and other non-current investments",2021-12-31,185,1,1,1,1,0,True,True,False,spatial_row_and_column_match
unilever,2021,cash_flow,25a4c72b6ae964841619dd59f9f857cfb798ad126da7286ce0e5d6e0ecf34694,120,28,line_item,"Dividends from joint ventures, associates and other non-current investments",2020-12-31,188,1,1,1,1,0,True,True,False,spatial_row_and_column_match
unilever,2021,cash_flow,25a4c72b6ae964841619dd59f9f857cfb798ad126da7286ce0e5d6e0ecf34694,120,28,line_item,"Dividends from joint ventures, associates and other non-current investments",2019-12-31,164,1,1,1,1,0,True,True,False,spatial_row_and_column_match
unilever,2021,cash_flow,25a4c72b6ae964841619dd59f9f857cfb798ad126da7286ce0e5d6e0ecf34694,120,29,line_item,(Purchase)/sale of financial assets,2021-12-31,(247),1,1,1,1,0,True,True,False,spatial_row_and_column_match
unilever,2021,cash_flow,25a4c72b6ae964841619dd59f9f857cfb798ad126da7286ce0e5d6e0ecf34694,120,29,line_item,(Purchase)/sale of financial assets,2020-12-31,558,1,1,1,1,0,True,True,False,spatial_row_and_column_match
unilever,2021,cash_flow,25a4c72b6ae964841619dd59f9f857cfb798ad126da7286ce0e5d6e0ecf34694,120,29,line_item,(Purchase)/sale of financial assets,2019-12-31,(68),1,1,1,1,0,True,True,False,spatial_row_and_column_match
unilever,2021,cash_flow,25a4c72b6ae964841619dd59f9f857cfb798ad126da7286ce0e5d6e0ecf34694,120,30,subtotal,Net cash flow (used in)/from investing activities,2021-12-31,"(3,246)",1,1,1,1,0,True,True,False,spatial_row_and_column_match
unilever,2021,cash_flow,25a4c72b6ae964841619dd59f9f857cfb798ad126da7286ce0e5d6e0ecf34694,120,30,subtotal,Net cash flow (used in)/from investing activities,2020-12-31,"(1,481)",1,1,1,1,0,True,True,False,spatial_row_and_column_match
unilever,2021,cash_flow,25a4c72b6ae964841619dd59f9f857cfb798ad126da7286ce0e5d6e0ecf34694,120,30,subtotal,Net cash flow (used in)/from investing activities,2019-12-31,"(2,237)",1,1,1,1,0,True,True,False,spatial_row_and_column_match
unilever,2021,cash_flow,25a4c72b6ae964841619dd59f9f857cfb798ad126da7286ce0e5d6e0ecf34694,120,31,line_item,Dividends paid on ordinary share capital,2021-12-31,"(4,483)",1,1,1,1,0,True,True,False,spatial_row_and_column_match
unilever,2021,cash_flow,25a4c72b6ae964841619dd59f9f857cfb798ad126da7286ce0e5d6e0ecf34694,120,31,line_item,Dividends paid on ordinary share capital,2020-12-31,"(4,279)",1,1,1,1,0,True,True,False,spatial_row_and_column_match
unilever,2021,cash_flow,25a4c72b6ae964841619dd59f9f857cfb798ad126da7286ce0e5d6e0ecf34694,120,31,line_item,Dividends paid on ordinary share capital,2019-12-31,"(4,209)",1,1,1,1,0,True,True,False,spatial_row_and_column_match
unilever,2021,cash_flow,25a4c72b6ae964841619dd59f9f857cfb798ad126da7286ce0e5d6e0ecf34694,120,32,line_item,Interest paid,2021-12-31,(488),1,1,1,1,0,True,True,False,spatial_row_and_column_match
unilever,2021,cash_flow,25a4c72b6ae964841619dd59f9f857cfb798ad126da7286ce0e5d6e0ecf34694,120,32,line_item,Interest paid,2020-12-31,(624),1,1,1,1,0,True,True,False,spatial_row_and_column_match
unilever,2021,cash_flow,25a4c72b6ae964841619dd59f9f857cfb798ad126da7286ce0e5d6e0ecf34694,120,32,line_item,Interest paid,2019-12-31,(694),1,1,1,1,0,True,True,False,spatial_row_and_column_match
unilever,2021,cash_flow,25a4c72b6ae964841619dd59f9f857cfb798ad126da7286ce0e5d6e0ecf34694,120,33,line_item,Net change in short-term borrowings,2021-12-31,656,1,1,1,1,0,True,True,False,spatial_row_and_column_match
unilever,2021,cash_flow,25a4c72b6ae964841619dd59f9f857cfb798ad126da7286ce0e5d6e0ecf34694,120,33,line_item,Net change in short-term borrowings,2020-12-31,722,1,1,1,1,0,True,True,False,spatial_row_and_column_match
unilever,2021,cash_flow,25a4c72b6ae964841619dd59f9f857cfb798ad126da7286ce0e5d6e0ecf34694,120,33,line_item,Net change in short-term borrowings,2019-12-31,337,1,1,1,1,0,True,True,False,spatial_row_and_column_match
unilever,2021,cash_flow,25a4c72b6ae964841619dd59f9f857cfb798ad126da7286ce0e5d6e0ecf34694,120,34,line_item,Additional financial liabilities,2021-12-31,"4,748",1,1,1,1,0,True,True,False,spatial_row_and_column_match
unilever,2021,cash_flow,25a4c72b6ae964841619dd59f9f857cfb798ad126da7286ce0e5d6e0ecf34694,120,34,line_item,Additional financial liabilities,2020-12-31,"3,117",1,1,1,1,0,True,True,False,spatial_row_and_column_match
unilever,2021,cash_flow,25a4c72b6ae964841619dd59f9f857cfb798ad126da7286ce0e5d6e0ecf34694,120,34,line_item,Additional financial liabilities,2019-12-31,"5,911",1,1,1,1,0,True,True,False,spatial_row_and_column_match
unilever,2021,cash_flow,25a4c72b6ae964841619dd59f9f857cfb798ad126da7286ce0e5d6e0ecf34694,120,35,line_item,Repayment of financial liabilities,2021-12-31,"(3,550)",1,1,1,1,0,True,True,False,spatial_row_and_column_match
unilever,2021,cash_flow,25a4c72b6ae964841619dd59f9f857cfb798ad126da7286ce0e5d6e0ecf34694,120,35,line_item,Repayment of financial liabilities,2020-12-31,"(3,577)",1,1,1,1,0,True,True,False,spatial_row_and_column_match
unilever,2021,cash_flow,25a4c72b6ae964841619dd59f9f857cfb798ad126da7286ce0e5d6e0ecf34694,120,35,line_item,Repayment of financial liabilities,2019-12-31,"(4,912)",1,1,1,1,0,True,True,False,spatial_row_and_column_match
unilever,2021,cash_flow,25a4c72b6ae964841619dd59f9f857cfb798ad126da7286ce0e5d6e0ecf34694,120,36,line_item,Capital element of lease rental payments,2021-12-31,(464),1,2,1,1,0,True,True,False,spatial_row_and_column_match
unilever,2021,cash_flow,25a4c72b6ae964841619dd59f9f857cfb798ad126da7286ce0e5d6e0ecf34694,120,36,line_item,Capital element of lease rental payments,2020-12-31,(443),1,1,1,1,0,True,True,False,spatial_row_and_column_match
unilever,2021,cash_flow,25a4c72b6ae964841619dd59f9f857cfb798ad126da7286ce0e5d6e0ecf34694,120,36,line_item,Capital element of lease rental payments,2019-12-31,(435),1,1,1,1,0,True,True,False,spatial_row_and_column_match
unilever,2021,cash_flow,25a4c72b6ae964841619dd59f9f857cfb798ad126da7286ce0e5d6e0ecf34694,120,37,line_item,Repurchase of shares,2021-12-31,"(3,018)",1,1,1,1,0,True,True,False,spatial_row_and_column_match
unilever,2021,cash_flow,25a4c72b6ae964841619dd59f9f857cfb798ad126da7286ce0e5d6e0ecf34694,120,37,line_item,Repurchase of shares,2020-12-31,—,1,31,2,1,1,True,True,False,spatial_row_and_column_match
unilever,2021,cash_flow,25a4c72b6ae964841619dd59f9f857cfb798ad126da7286ce0e5d6e0ecf34694,120,37,line_item,Repurchase of shares,2019-12-31,—,1,31,2,1,1,True,True,False,spatial_row_and_column_match
unilever,2021,cash_flow,25a4c72b6ae964841619dd59f9f857cfb798ad126da7286ce0e5d6e0ecf34694,120,38,line_item,Other movements on treasury shares,2021-12-31,—,1,31,2,1,1,True,True,False,spatial_row_and_column_match
unilever,2021,cash_flow,25a4c72b6ae964841619dd59f9f857cfb798ad126da7286ce0e5d6e0ecf34694,120,38,line_item,Other movements on treasury shares,2020-12-31,—,1,31,2,1,1,True,True,False,spatial_row_and_column_match
unilever,2021,cash_flow,25a4c72b6ae964841619dd59f9f857cfb798ad126da7286ce0e5d6e0ecf34694,120,38,line_item,Other movements on treasury shares,2019-12-31,(201),1,1,1,1,0,True,True,False,spatial_row_and_column_match
unilever,2021,cash_flow,25a4c72b6ae964841619dd59f9f857cfb798ad126da7286ce0e5d6e0ecf34694,120,39,line_item,Other financing activities (a),2021-12-31,(500),0,1,0,0,0,False,True,False,page_label_and_column_match
unilever,2021,cash_flow,25a4c72b6ae964841619dd59f9f857cfb798ad126da7286ce0e5d6e0ecf34694,120,39,line_item,Other financing activities (a),2020-12-31,(720),0,1,0,0,0,False,True,False,page_label_and_column_match
unilever,2021,cash_flow,25a4c72b6ae964841619dd59f9f857cfb798ad126da7286ce0e5d6e0ecf34694,120,39,line_item,Other financing activities (a),2019-12-31,(464),0,2,0,0,0,False,True,False,page_label_and_column_match
unilever,2021,cash_flow,25a4c72b6ae964841619dd59f9f857cfb798ad126da7286ce0e5d6e0ecf34694,120,40,subtotal,Net cash flow (used in)/from financing activities,2021-12-31,"(7,099)",1,1,1,1,0,True,True,False,spatial_row_and_column_match
unilever,2021,cash_flow,25a4c72b6ae964841619dd59f9f857cfb798ad126da7286ce0e5d6e0ecf34694,120,40,subtotal,Net cash flow (used in)/from financing activities,2020-12-31,"(5,804)",1,1,1,1,0,True,True,False,spatial_row_and_column_match
unilever,2021,cash_flow,25a4c72b6ae964841619dd59f9f857cfb798ad126da7286ce0e5d6e0ecf34694,120,40,subtotal,Net cash flow (used in)/from financing activities,2019-12-31,"(4,667)",1,1,1,1,0,True,True,False,spatial_row_and_column_match
unilever,2021,cash_flow,25a4c72b6ae964841619dd59f9f857cfb798ad126da7286ce0e5d6e0ecf34694,120,41,subtotal,Net increase/(decrease) in cash and cash equivalents,2021-12-31,"(2,373)",1,1,1,1,0,True,True,False,spatial_row_and_column_match
unilever,2021,cash_flow,25a4c72b6ae964841619dd59f9f857cfb798ad126da7286ce0e5d6e0ecf34694,120,41,subtotal,Net increase/(decrease) in cash and cash equivalents,2020-12-31,"1,773",1,1,1,1,0,True,True,False,spatial_row_and_column_match
unilever,2021,cash_flow,25a4c72b6ae964841619dd59f9f857cfb798ad126da7286ce0e5d6e0ecf34694,120,41,subtotal,Net increase/(decrease) in cash and cash equivalents,2019-12-31,"1,205",1,1,1,1,0,True,True,False,spatial_row_and_column_match
unilever,2021,cash_flow,25a4c72b6ae964841619dd59f9f857cfb798ad126da7286ce0e5d6e0ecf34694,120,42,line_item,Cash and cash equivalents at the beginning of the year,2021-12-31,"5,475",1,2,1,1,0,True,True,False,spatial_row_and_column_match
unilever,2021,cash_flow,25a4c72b6ae964841619dd59f9f857cfb798ad126da7286ce0e5d6e0ecf34694,120,42,line_item,Cash and cash equivalents at the beginning of the year,2020-12-31,"4,116",1,2,1,1,0,True,True,False,spatial_row_and_column_match
unilever,2021,cash_flow,25a4c72b6ae964841619dd59f9f857cfb798ad126da7286ce0e5d6e0ecf34694,120,42,line_item,Cash and cash equivalents at the beginning of the year,2019-12-31,"3,090",1,1,1,1,0,True,True,False,spatial_row_and_column_match
unilever,2021,cash_flow,25a4c72b6ae964841619dd59f9f857cfb798ad126da7286ce0e5d6e0ecf34694,120,43,line_item,Effect of foreign exchange rate changes,2021-12-31,285,1,1,1,1,0,True,True,False,spatial_row_and_column_match
unilever,2021,cash_flow,25a4c72b6ae964841619dd59f9f857cfb798ad126da7286ce0e5d6e0ecf34694,120,43,line_item,Effect of foreign exchange rate changes,2020-12-31,(414),1,1,1,1,0,True,True,False,spatial_row_and_column_match
unilever,2021,cash_flow,25a4c72b6ae964841619dd59f9f857cfb798ad126da7286ce0e5d6e0ecf34694,120,43,line_item,Effect of foreign exchange rate changes,2019-12-31,(179),1,1,1,1,0,True,True,False,spatial_row_and_column_match
unilever,2021,cash_flow,25a4c72b6ae964841619dd59f9f857cfb798ad126da7286ce0e5d6e0ecf34694,120,44,total,Cash and cash equivalents at the end of the year,2021-12-31,"3,387",1,1,1,1,0,True,True,False,spatial_row_and_column_match
unilever,2021,cash_flow,25a4c72b6ae964841619dd59f9f857cfb798ad126da7286ce0e5d6e0ecf34694,120,44,total,Cash and cash equivalents at the end of the year,2020-12-31,"5,475",1,2,1,1,0,True,True,False,spatial_row_and_column_match
unilever,2021,cash_flow,25a4c72b6ae964841619dd59f9f857cfb798ad126da7286ce0e5d6e0ecf34694,120,44,total,Cash and cash equivalents at the end of the year,2019-12-31,"4,116",1,2,1,1,0,True,True,False,spatial_row_and_column_match
unilever,2023,income_statement,d572ce64ca74378a6b60208d27288263fb17c26c0d06d954c1ef3b8439eb1cc1,176,1,line_item,Turnover,2023-12-31,"59,604",1,1,1,1,0,True,True,False,spatial_row_and_column_match
unilever,2023,income_statement,d572ce64ca74378a6b60208d27288263fb17c26c0d06d954c1ef3b8439eb1cc1,176,1,line_item,Turnover,2022-12-31,"60,073",1,1,1,1,0,True,True,False,spatial_row_and_column_match
unilever,2023,income_statement,d572ce64ca74378a6b60208d27288263fb17c26c0d06d954c1ef3b8439eb1cc1,176,1,line_item,Turnover,2021-12-31,"52,444",1,1,1,1,0,True,True,False,spatial_row_and_column_match
unilever,2023,income_statement,d572ce64ca74378a6b60208d27288263fb17c26c0d06d954c1ef3b8439eb1cc1,176,2,line_item,Operating profit,2023-12-31,"9,758",1,1,1,1,0,True,True,False,spatial_row_and_column_match
unilever,2023,income_statement,d572ce64ca74378a6b60208d27288263fb17c26c0d06d954c1ef3b8439eb1cc1,176,2,line_item,Operating profit,2022-12-31,"10,755",1,1,1,1,0,True,True,False,spatial_row_and_column_match
unilever,2023,income_statement,d572ce64ca74378a6b60208d27288263fb17c26c0d06d954c1ef3b8439eb1cc1,176,2,line_item,Operating profit,2021-12-31,"8,702",1,1,1,1,0,True,True,False,spatial_row_and_column_match
unilever,2023,income_statement,d572ce64ca74378a6b60208d27288263fb17c26c0d06d954c1ef3b8439eb1cc1,176,4,line_item,Gain on disposal of ekaterra,2023-12-31,–,1,10,2,1,1,True,True,False,spatial_row_and_column_match
unilever,2023,income_statement,d572ce64ca74378a6b60208d27288263fb17c26c0d06d954c1ef3b8439eb1cc1,176,4,line_item,Gain on disposal of ekaterra,2022-12-31,"2,303",1,1,1,1,0,True,True,False,spatial_row_and_column_match
unilever,2023,income_statement,d572ce64ca74378a6b60208d27288263fb17c26c0d06d954c1ef3b8439eb1cc1,176,4,line_item,Gain on disposal of ekaterra,2021-12-31,–,1,10,2,1,1,True,True,False,spatial_row_and_column_match
unilever,2023,income_statement,d572ce64ca74378a6b60208d27288263fb17c26c0d06d954c1ef3b8439eb1cc1,176,5,line_item,Gain on disposal of Suave,2023-12-31,497,1,1,1,1,0,True,True,False,spatial_row_and_column_match
unilever,2023,income_statement,d572ce64ca74378a6b60208d27288263fb17c26c0d06d954c1ef3b8439eb1cc1,176,5,line_item,Gain on disposal of Suave,2022-12-31,–,1,10,2,1,1,True,True,False,spatial_row_and_column_match
unilever,2023,income_statement,d572ce64ca74378a6b60208d27288263fb17c26c0d06d954c1ef3b8439eb1cc1,176,5,line_item,Gain on disposal of Suave,2021-12-31,–,1,10,2,1,1,True,True,False,spatial_row_and_column_match
unilever,2023,income_statement,d572ce64ca74378a6b60208d27288263fb17c26c0d06d954c1ef3b8439eb1cc1,176,6,line_item,Net finance costs,2023-12-31,(486),1,1,1,1,0,True,True,False,spatial_row_and_column_match
unilever,2023,income_statement,d572ce64ca74378a6b60208d27288263fb17c26c0d06d954c1ef3b8439eb1cc1,176,6,line_item,Net finance costs,2022-12-31,(493),1,1,1,1,0,True,True,False,spatial_row_and_column_match
unilever,2023,income_statement,d572ce64ca74378a6b60208d27288263fb17c26c0d06d954c1ef3b8439eb1cc1,176,6,line_item,Net finance costs,2021-12-31,(354),1,1,1,1,0,True,True,False,spatial_row_and_column_match
unilever,2023,income_statement,d572ce64ca74378a6b60208d27288263fb17c26c0d06d954c1ef3b8439eb1cc1,176,7,line_item,Pensions and similar obligations,2023-12-31,110,1,1,1,1,0,True,True,False,spatial_row_and_column_match
unilever,2023,income_statement,d572ce64ca74378a6b60208d27288263fb17c26c0d06d954c1ef3b8439eb1cc1,176,7,line_item,Pensions and similar obligations,2022-12-31,44,1,1,1,1,0,True,True,False,spatial_row_and_column_match
unilever,2023,income_statement,d572ce64ca74378a6b60208d27288263fb17c26c0d06d954c1ef3b8439eb1cc1,176,7,line_item,Pensions and similar obligations,2021-12-31,(10),1,1,1,1,0,True,True,False,spatial_row_and_column_match
unilever,2023,income_statement,d572ce64ca74378a6b60208d27288263fb17c26c0d06d954c1ef3b8439eb1cc1,176,8,line_item,Finance income,2023-12-31,442,1,1,1,1,0,True,True,False,spatial_row_and_column_match
unilever,2023,income_statement,d572ce64ca74378a6b60208d27288263fb17c26c0d06d954c1ef3b8439eb1cc1,176,8,line_item,Finance income,2022-12-31,281,1,1,1,1,0,True,True,False,spatial_row_and_column_match
unilever,2023,income_statement,d572ce64ca74378a6b60208d27288263fb17c26c0d06d954c1ef3b8439eb1cc1,176,8,line_item,Finance income,2021-12-31,147,1,1,1,1,0,True,True,False,spatial_row_and_column_match
unilever,2023,income_statement,d572ce64ca74378a6b60208d27288263fb17c26c0d06d954c1ef3b8439eb1cc1,176,9,line_item,Finance costs,2023-12-31,"(1,038)",2,1,1,1,0,True,True,False,spatial_row_and_column_match
unilever,2023,income_statement,d572ce64ca74378a6b60208d27288263fb17c26c0d06d954c1ef3b8439eb1cc1,176,9,line_item,Finance costs,2022-12-31,(818),2,1,1,1,0,True,True,False,spatial_row_and_column_match
unilever,2023,income_statement,d572ce64ca74378a6b60208d27288263fb17c26c0d06d954c1ef3b8439eb1cc1,176,9,line_item,Finance costs,2021-12-31,(491),2,1,1,1,0,True,True,False,spatial_row_and_column_match
unilever,2023,income_statement,d572ce64ca74378a6b60208d27288263fb17c26c0d06d954c1ef3b8439eb1cc1,176,10,line_item,Net monetary gain/(loss) arising from hyperinflationary economies,2023-12-31,(142),1,1,1,1,0,True,True,False,spatial_row_and_column_match
unilever,2023,income_statement,d572ce64ca74378a6b60208d27288263fb17c26c0d06d954c1ef3b8439eb1cc1,176,10,line_item,Net monetary gain/(loss) arising from hyperinflationary economies,2022-12-31,(157),1,1,1,1,0,True,True,False,spatial_row_and_column_match
unilever,2023,income_statement,d572ce64ca74378a6b60208d27288263fb17c26c0d06d954c1ef3b8439eb1cc1,176,10,line_item,Net monetary gain/(loss) arising from hyperinflationary economies,2021-12-31,(74),1,1,1,1,0,True,True,False,spatial_row_and_column_match
unilever,2023,income_statement,d572ce64ca74378a6b60208d27288263fb17c26c0d06d954c1ef3b8439eb1cc1,176,11,line_item,Share of net profit/(loss) of joint ventures and associates,2023-12-31,231,1,1,1,1,0,True,True,False,spatial_row_and_column_match
unilever,2023,income_statement,d572ce64ca74378a6b60208d27288263fb17c26c0d06d954c1ef3b8439eb1cc1,176,11,line_item,Share of net profit/(loss) of joint ventures and associates,2022-12-31,208,1,1,1,1,0,True,True,False,spatial_row_and_column_match
unilever,2023,income_statement,d572ce64ca74378a6b60208d27288263fb17c26c0d06d954c1ef3b8439eb1cc1,176,11,line_item,Share of net profit/(loss) of joint ventures and associates,2021-12-31,191,1,1,1,1,0,True,True,False,spatial_row_and_column_match
unilever,2023,income_statement,d572ce64ca74378a6b60208d27288263fb17c26c0d06d954c1ef3b8439eb1cc1,176,12,line_item,Other income/(loss) from non-current investments and associates,2023-12-31,(22),1,1,1,1,0,True,True,False,spatial_row_and_column_match
unilever,2023,income_statement,d572ce64ca74378a6b60208d27288263fb17c26c0d06d954c1ef3b8439eb1cc1,176,12,line_item,Other income/(loss) from non-current investments and associates,2022-12-31,24,1,1,1,1,0,True,True,False,spatial_row_and_column_match
unilever,2023,income_statement,d572ce64ca74378a6b60208d27288263fb17c26c0d06d954c1ef3b8439eb1cc1,176,12,line_item,Other income/(loss) from non-current investments and associates,2021-12-31,91,1,2,1,1,0,True,True,False,spatial_row_and_column_match
unilever,2023,income_statement,d572ce64ca74378a6b60208d27288263fb17c26c0d06d954c1ef3b8439eb1cc1,176,13,subtotal,Profit before taxation,2023-12-31,"9,339",1,1,1,1,0,True,True,False,spatial_row_and_column_match
unilever,2023,income_statement,d572ce64ca74378a6b60208d27288263fb17c26c0d06d954c1ef3b8439eb1cc1,176,13,subtotal,Profit before taxation,2022-12-31,"10,337",1,1,1,1,0,True,True,False,spatial_row_and_column_match
unilever,2023,income_statement,d572ce64ca74378a6b60208d27288263fb17c26c0d06d954c1ef3b8439eb1cc1,176,13,subtotal,Profit before taxation,2021-12-31,"8,556",1,1,1,1,0,True,True,False,spatial_row_and_column_match
unilever,2023,income_statement,d572ce64ca74378a6b60208d27288263fb17c26c0d06d954c1ef3b8439eb1cc1,176,14,line_item,Taxation,2023-12-31,"(2,199)",2,1,1,1,0,True,True,False,spatial_row_and_column_match
unilever,2023,income_statement,d572ce64ca74378a6b60208d27288263fb17c26c0d06d954c1ef3b8439eb1cc1,176,14,line_item,Taxation,2022-12-31,"(2,068)",2,1,1,1,0,True,True,False,spatial_row_and_column_match
unilever,2023,income_statement,d572ce64ca74378a6b60208d27288263fb17c26c0d06d954c1ef3b8439eb1cc1,176,14,line_item,Taxation,2021-12-31,"(1,935)",2,1,1,1,0,True,True,False,spatial_row_and_column_match
unilever,2023,income_statement,d572ce64ca74378a6b60208d27288263fb17c26c0d06d954c1ef3b8439eb1cc1,176,15,total,Net profit,2023-12-31,"7,140",3,2,2,2,0,True,True,False,spatial_row_and_column_match
unilever,2023,income_statement,d572ce64ca74378a6b60208d27288263fb17c26c0d06d954c1ef3b8439eb1cc1,176,15,total,Net profit,2022-12-31,"8,269",3,2,2,2,0,True,True,False,spatial_row_and_column_match
unilever,2023,income_statement,d572ce64ca74378a6b60208d27288263fb17c26c0d06d954c1ef3b8439eb1cc1,176,15,total,Net profit,2021-12-31,"6,621",3,2,2,2,0,True,True,False,spatial_row_and_column_match
unilever,2023,income_statement,d572ce64ca74378a6b60208d27288263fb17c26c0d06d954c1ef3b8439eb1cc1,176,17,line_item,Non-controlling interests,2023-12-31,653,2,1,1,1,0,True,True,False,spatial_row_and_column_match
unilever,2023,income_statement,d572ce64ca74378a6b60208d27288263fb17c26c0d06d954c1ef3b8439eb1cc1,176,17,line_item,Non-controlling interests,2022-12-31,627,2,1,1,1,0,True,True,False,spatial_row_and_column_match
unilever,2023,income_statement,d572ce64ca74378a6b60208d27288263fb17c26c0d06d954c1ef3b8439eb1cc1,176,17,line_item,Non-controlling interests,2021-12-31,572,2,1,1,1,0,True,True,False,spatial_row_and_column_match
unilever,2023,income_statement,d572ce64ca74378a6b60208d27288263fb17c26c0d06d954c1ef3b8439eb1cc1,176,18,line_item,Shareholders’ equity,2023-12-31,"6,487",2,1,1,1,0,True,True,False,spatial_row_and_column_match
unilever,2023,income_statement,d572ce64ca74378a6b60208d27288263fb17c26c0d06d954c1ef3b8439eb1cc1,176,18,line_item,Shareholders’ equity,2022-12-31,"7,642",2,1,1,1,0,True,True,False,spatial_row_and_column_match
unilever,2023,income_statement,d572ce64ca74378a6b60208d27288263fb17c26c0d06d954c1ef3b8439eb1cc1,176,18,line_item,Shareholders’ equity,2021-12-31,"6,049",2,1,1,1,0,True,True,False,spatial_row_and_column_match
unilever,2023,income_statement,d572ce64ca74378a6b60208d27288263fb17c26c0d06d954c1ef3b8439eb1cc1,176,20,line_item,Basic earnings per share (€),2023-12-31,2.58,1,1,1,1,0,True,True,False,spatial_row_and_column_match
unilever,2023,income_statement,d572ce64ca74378a6b60208d27288263fb17c26c0d06d954c1ef3b8439eb1cc1,176,20,line_item,Basic earnings per share (€),2022-12-31,3.00,1,1,1,1,0,True,True,False,spatial_row_and_column_match
unilever,2023,income_statement,d572ce64ca74378a6b60208d27288263fb17c26c0d06d954c1ef3b8439eb1cc1,176,20,line_item,Basic earnings per share (€),2021-12-31,2.33,1,1,1,1,0,True,True,False,spatial_row_and_column_match
unilever,2023,income_statement,d572ce64ca74378a6b60208d27288263fb17c26c0d06d954c1ef3b8439eb1cc1,176,21,line_item,Diluted earnings per share (€),2023-12-31,2.56,1,1,1,1,0,True,True,False,spatial_row_and_column_match
unilever,2023,income_statement,d572ce64ca74378a6b60208d27288263fb17c26c0d06d954c1ef3b8439eb1cc1,176,21,line_item,Diluted earnings per share (€),2022-12-31,2.99,1,1,1,1,0,True,True,False,spatial_row_and_column_match
unilever,2023,income_statement,d572ce64ca74378a6b60208d27288263fb17c26c0d06d954c1ef3b8439eb1cc1,176,21,line_item,Diluted earnings per share (€),2021-12-31,2.32,1,1,1,1,0,True,True,False,spatial_row_and_column_match
unilever,2023,balance_sheet,d572ce64ca74378a6b60208d27288263fb17c26c0d06d954c1ef3b8439eb1cc1,178,3,line_item,Goodwill,2023-12-31,"21,109",1,1,1,1,0,True,True,False,spatial_row_and_column_match
unilever,2023,balance_sheet,d572ce64ca74378a6b60208d27288263fb17c26c0d06d954c1ef3b8439eb1cc1,178,3,line_item,Goodwill,2022-12-31,"21,609",1,1,1,1,0,True,True,False,spatial_row_and_column_match
unilever,2023,balance_sheet,d572ce64ca74378a6b60208d27288263fb17c26c0d06d954c1ef3b8439eb1cc1,178,4,line_item,Intangible assets,2023-12-31,"18,357",1,1,1,1,0,True,True,False,spatial_row_and_column_match
unilever,2023,balance_sheet,d572ce64ca74378a6b60208d27288263fb17c26c0d06d954c1ef3b8439eb1cc1,178,4,line_item,Intangible assets,2022-12-31,"18,880",1,1,1,1,0,True,True,False,spatial_row_and_column_match
unilever,2023,balance_sheet,d572ce64ca74378a6b60208d27288263fb17c26c0d06d954c1ef3b8439eb1cc1,178,5,line_item,"Property, plant and equipment",2023-12-31,"10,707",1,1,1,1,0,True,True,False,spatial_row_and_column_match
unilever,2023,balance_sheet,d572ce64ca74378a6b60208d27288263fb17c26c0d06d954c1ef3b8439eb1cc1,178,5,line_item,"Property, plant and equipment",2022-12-31,"10,770",1,1,1,1,0,True,True,False,spatial_row_and_column_match
unilever,2023,balance_sheet,d572ce64ca74378a6b60208d27288263fb17c26c0d06d954c1ef3b8439eb1cc1,178,6,line_item,Pension asset for funded schemes in surplus,2023-12-31,"3,781",1,1,1,1,0,True,True,False,spatial_row_and_column_match
unilever,2023,balance_sheet,d572ce64ca74378a6b60208d27288263fb17c26c0d06d954c1ef3b8439eb1cc1,178,6,line_item,Pension asset for funded schemes in surplus,2022-12-31,"4,260",1,1,1,1,0,True,True,False,spatial_row_and_column_match
unilever,2023,balance_sheet,d572ce64ca74378a6b60208d27288263fb17c26c0d06d954c1ef3b8439eb1cc1,178,7,line_item,Deferred tax assets,2023-12-31,"1,113",1,1,1,1,0,True,True,False,spatial_row_and_column_match
unilever,2023,balance_sheet,d572ce64ca74378a6b60208d27288263fb17c26c0d06d954c1ef3b8439eb1cc1,178,7,line_item,Deferred tax assets,2022-12-31,"1,049",1,1,1,1,0,True,True,False,spatial_row_and_column_match
unilever,2023,balance_sheet,d572ce64ca74378a6b60208d27288263fb17c26c0d06d954c1ef3b8439eb1cc1,178,8,line_item,Financial assets,2023-12-31,"1,386",2,1,1,1,0,True,True,False,spatial_row_and_column_match
unilever,2023,balance_sheet,d572ce64ca74378a6b60208d27288263fb17c26c0d06d954c1ef3b8439eb1cc1,178,8,line_item,Financial assets,2022-12-31,"1,154",2,1,1,1,0,True,True,False,spatial_row_and_column_match
unilever,2023,balance_sheet,d572ce64ca74378a6b60208d27288263fb17c26c0d06d954c1ef3b8439eb1cc1,178,9,line_item,Other non-current assets,2023-12-31,911,1,1,1,1,0,True,True,False,spatial_row_and_column_match
unilever,2023,balance_sheet,d572ce64ca74378a6b60208d27288263fb17c26c0d06d954c1ef3b8439eb1cc1,178,9,line_item,Other non-current assets,2022-12-31,942,1,1,1,1,0,True,True,False,spatial_row_and_column_match
unilever,2023,balance_sheet,d572ce64ca74378a6b60208d27288263fb17c26c0d06d954c1ef3b8439eb1cc1,178,10,subtotal,Non-current assets,2023-12-31,"57,364",2,1,0,0,0,False,True,True,section_subtotal_reconciled
unilever,2023,balance_sheet,d572ce64ca74378a6b60208d27288263fb17c26c0d06d954c1ef3b8439eb1cc1,178,10,subtotal,Non-current assets,2022-12-31,"58,664",2,1,0,0,0,False,True,True,section_subtotal_reconciled
unilever,2023,balance_sheet,d572ce64ca74378a6b60208d27288263fb17c26c0d06d954c1ef3b8439eb1cc1,178,12,line_item,Inventories,2023-12-31,"5,119",1,1,1,1,0,True,True,False,spatial_row_and_column_match
unilever,2023,balance_sheet,d572ce64ca74378a6b60208d27288263fb17c26c0d06d954c1ef3b8439eb1cc1,178,12,line_item,Inventories,2022-12-31,"5,931",1,1,1,1,0,True,True,False,spatial_row_and_column_match
unilever,2023,balance_sheet,d572ce64ca74378a6b60208d27288263fb17c26c0d06d954c1ef3b8439eb1cc1,178,13,line_item,Trade and other current receivables,2023-12-31,"5,775",1,2,1,1,0,True,True,False,spatial_row_and_column_match
unilever,2023,balance_sheet,d572ce64ca74378a6b60208d27288263fb17c26c0d06d954c1ef3b8439eb1cc1,178,13,line_item,Trade and other current receivables,2022-12-31,"7,056",1,1,1,1,0,True,True,False,spatial_row_and_column_match
unilever,2023,balance_sheet,d572ce64ca74378a6b60208d27288263fb17c26c0d06d954c1ef3b8439eb1cc1,178,14,line_item,Current tax assets,2023-12-31,427,1,1,1,1,0,True,True,False,spatial_row_and_column_match
unilever,2023,balance_sheet,d572ce64ca74378a6b60208d27288263fb17c26c0d06d954c1ef3b8439eb1cc1,178,14,line_item,Current tax assets,2022-12-31,381,1,1,1,1,0,True,True,False,spatial_row_and_column_match
unilever,2023,balance_sheet,d572ce64ca74378a6b60208d27288263fb17c26c0d06d954c1ef3b8439eb1cc1,178,15,line_item,Cash and cash equivalents,2023-12-31,"4,159",1,1,1,1,0,True,True,False,spatial_row_and_column_match
unilever,2023,balance_sheet,d572ce64ca74378a6b60208d27288263fb17c26c0d06d954c1ef3b8439eb1cc1,178,15,line_item,Cash and cash equivalents,2022-12-31,"4,326",1,1,1,1,0,True,True,False,spatial_row_and_column_match
unilever,2023,balance_sheet,d572ce64ca74378a6b60208d27288263fb17c26c0d06d954c1ef3b8439eb1cc1,178,16,line_item,Other financial assets,2023-12-31,"1,731",1,1,1,1,0,True,True,False,spatial_row_and_column_match
unilever,2023,balance_sheet,d572ce64ca74378a6b60208d27288263fb17c26c0d06d954c1ef3b8439eb1cc1,178,16,line_item,Other financial assets,2022-12-31,"1,435",1,1,1,1,0,True,True,False,spatial_row_and_column_match
unilever,2023,balance_sheet,d572ce64ca74378a6b60208d27288263fb17c26c0d06d954c1ef3b8439eb1cc1,178,17,line_item,Assets held for sale,2023-12-31,691,1,1,1,1,0,True,True,False,spatial_row_and_column_match
unilever,2023,balance_sheet,d572ce64ca74378a6b60208d27288263fb17c26c0d06d954c1ef3b8439eb1cc1,178,17,line_item,Assets held for sale,2022-12-31,28,1,1,1,1,0,True,True,False,spatial_row_and_column_match
unilever,2023,balance_sheet,d572ce64ca74378a6b60208d27288263fb17c26c0d06d954c1ef3b8439eb1cc1,178,18,subtotal,Current assets,2023-12-31,"17,902",3,1,0,0,0,False,True,True,section_subtotal_reconciled
unilever,2023,balance_sheet,d572ce64ca74378a6b60208d27288263fb17c26c0d06d954c1ef3b8439eb1cc1,178,18,subtotal,Current assets,2022-12-31,"19,157",3,1,0,0,0,False,True,True,section_subtotal_reconciled
unilever,2023,balance_sheet,d572ce64ca74378a6b60208d27288263fb17c26c0d06d954c1ef3b8439eb1cc1,178,19,total,Total assets,2023-12-31,"75,266",1,2,1,1,0,True,True,False,spatial_row_and_column_match
unilever,2023,balance_sheet,d572ce64ca74378a6b60208d27288263fb17c26c0d06d954c1ef3b8439eb1cc1,178,19,total,Total assets,2022-12-31,"77,821",1,2,1,1,0,True,True,False,spatial_row_and_column_match
unilever,2023,balance_sheet,d572ce64ca74378a6b60208d27288263fb17c26c0d06d954c1ef3b8439eb1cc1,178,22,line_item,Financial liabilities,2023-12-31,"5,087",2,1,1,1,0,True,True,False,spatial_row_and_column_match
unilever,2023,balance_sheet,d572ce64ca74378a6b60208d27288263fb17c26c0d06d954c1ef3b8439eb1cc1,178,22,line_item,Financial liabilities,2022-12-31,"5,775",2,2,1,1,0,True,True,False,spatial_row_and_column_match
unilever,2023,balance_sheet,d572ce64ca74378a6b60208d27288263fb17c26c0d06d954c1ef3b8439eb1cc1,178,23,line_item,Trade payables and other current liabilities,2023-12-31,"16,857",1,1,1,1,0,True,True,False,spatial_row_and_column_match
unilever,2023,balance_sheet,d572ce64ca74378a6b60208d27288263fb17c26c0d06d954c1ef3b8439eb1cc1,178,23,line_item,Trade payables and other current liabilities,2022-12-31,"18,023",1,1,1,1,0,True,True,False,spatial_row_and_column_match
unilever,2023,balance_sheet,d572ce64ca74378a6b60208d27288263fb17c26c0d06d954c1ef3b8439eb1cc1,178,24,line_item,Current tax liabilities,2023-12-31,851,2,1,1,1,0,True,True,False,spatial_row_and_column_match
unilever,2023,balance_sheet,d572ce64ca74378a6b60208d27288263fb17c26c0d06d954c1ef3b8439eb1cc1,178,24,line_item,Current tax liabilities,2022-12-31,877,2,1,1,1,0,True,True,False,spatial_row_and_column_match
unilever,2023,balance_sheet,d572ce64ca74378a6b60208d27288263fb17c26c0d06d954c1ef3b8439eb1cc1,178,25,line_item,Provisions,2023-12-31,537,2,1,1,1,0,True,True,False,spatial_row_and_column_match
unilever,2023,balance_sheet,d572ce64ca74378a6b60208d27288263fb17c26c0d06d954c1ef3b8439eb1cc1,178,25,line_item,Provisions,2022-12-31,748,2,1,1,1,0,True,True,False,spatial_row_and_column_match
unilever,2023,balance_sheet,d572ce64ca74378a6b60208d27288263fb17c26c0d06d954c1ef3b8439eb1cc1,178,26,line_item,Liabilities held for sale,2023-12-31,175,1,2,1,1,0,True,True,False,spatial_row_and_column_match
unilever,2023,balance_sheet,d572ce64ca74378a6b60208d27288263fb17c26c0d06d954c1ef3b8439eb1cc1,178,26,line_item,Liabilities held for sale,2022-12-31,4,1,1,1,1,0,True,True,False,spatial_row_and_column_match
unilever,2023,balance_sheet,d572ce64ca74378a6b60208d27288263fb17c26c0d06d954c1ef3b8439eb1cc1,178,27,subtotal,Current liabilities,2023-12-31,"23,507",4,1,0,0,0,False,True,True,section_subtotal_reconciled
unilever,2023,balance_sheet,d572ce64ca74378a6b60208d27288263fb17c26c0d06d954c1ef3b8439eb1cc1,178,27,subtotal,Current liabilities,2022-12-31,"25,427",4,1,0,0,0,False,True,True,section_subtotal_reconciled
unilever,2023,balance_sheet,d572ce64ca74378a6b60208d27288263fb17c26c0d06d954c1ef3b8439eb1cc1,178,29,line_item,Financial liabilities,2023-12-31,"24,535",2,1,1,1,0,True,True,False,spatial_row_and_column_match
unilever,2023,balance_sheet,d572ce64ca74378a6b60208d27288263fb17c26c0d06d954c1ef3b8439eb1cc1,178,29,line_item,Financial liabilities,2022-12-31,"23,713",2,1,1,1,0,True,True,False,spatial_row_and_column_match
unilever,2023,balance_sheet,d572ce64ca74378a6b60208d27288263fb17c26c0d06d954c1ef3b8439eb1cc1,178,30,line_item,Non-current tax liabilities,2023-12-31,384,1,1,1,1,0,True,True,False,spatial_row_and_column_match
unilever,2023,balance_sheet,d572ce64ca74378a6b60208d27288263fb17c26c0d06d954c1ef3b8439eb1cc1,178,30,line_item,Non-current tax liabilities,2022-12-31,94,1,1,1,1,0,True,True,False,spatial_row_and_column_match
unilever,2023,balance_sheet,d572ce64ca74378a6b60208d27288263fb17c26c0d06d954c1ef3b8439eb1cc1,178,32,line_item,Funded schemes in deficit,2023-12-31,351,1,1,1,1,0,True,True,False,spatial_row_and_column_match
unilever,2023,balance_sheet,d572ce64ca74378a6b60208d27288263fb17c26c0d06d954c1ef3b8439eb1cc1,178,32,line_item,Funded schemes in deficit,2022-12-31,613,1,1,1,1,0,True,True,False,spatial_row_and_column_match
unilever,2023,balance_sheet,d572ce64ca74378a6b60208d27288263fb17c26c0d06d954c1ef3b8439eb1cc1,178,33,line_item,Unfunded schemes,2023-12-31,"1,029",1,1,1,1,0,True,True,False,spatial_row_and_column_match
unilever,2023,balance_sheet,d572ce64ca74378a6b60208d27288263fb17c26c0d06d954c1ef3b8439eb1cc1,178,33,line_item,Unfunded schemes,2022-12-31,"1,078",1,1,1,1,0,True,True,False,spatial_row_and_column_match
unilever,2023,balance_sheet,d572ce64ca74378a6b60208d27288263fb17c26c0d06d954c1ef3b8439eb1cc1,178,34,line_item,Provisions,2023-12-31,563,2,1,1,1,0,True,True,False,spatial_row_and_column_match
unilever,2023,balance_sheet,d572ce64ca74378a6b60208d27288263fb17c26c0d06d954c1ef3b8439eb1cc1,178,34,line_item,Provisions,2022-12-31,550,2,1,1,1,0,True,True,False,spatial_row_and_column_match
unilever,2023,balance_sheet,d572ce64ca74378a6b60208d27288263fb17c26c0d06d954c1ef3b8439eb1cc1,178,35,line_item,Deferred tax liabilities,2023-12-31,"3,995",1,1,1,1,0,True,True,False,spatial_row_and_column_match
unilever,2023,balance_sheet,d572ce64ca74378a6b60208d27288263fb17c26c0d06d954c1ef3b8439eb1cc1,178,35,line_item,Deferred tax liabilities,2022-12-31,"4,375",1,1,1,1,0,True,True,False,spatial_row_and_column_match
unilever,2023,balance_sheet,d572ce64ca74378a6b60208d27288263fb17c26c0d06d954c1ef3b8439eb1cc1,178,36,line_item,Other non-current liabilities,2023-12-31,138,1,1,1,1,0,True,True,False,spatial_row_and_column_match
unilever,2023,balance_sheet,d572ce64ca74378a6b60208d27288263fb17c26c0d06d954c1ef3b8439eb1cc1,178,36,line_item,Other non-current liabilities,2022-12-31,270,1,1,1,1,0,True,True,False,spatial_row_and_column_match
unilever,2023,balance_sheet,d572ce64ca74378a6b60208d27288263fb17c26c0d06d954c1ef3b8439eb1cc1,178,37,subtotal,Non-current liabilities,2023-12-31,"30,995",2,1,0,0,0,False,True,True,section_subtotal_reconciled
unilever,2023,balance_sheet,d572ce64ca74378a6b60208d27288263fb17c26c0d06d954c1ef3b8439eb1cc1,178,37,subtotal,Non-current liabilities,2022-12-31,"30,693",2,1,0,0,0,False,True,True,section_subtotal_reconciled
unilever,2023,balance_sheet,d572ce64ca74378a6b60208d27288263fb17c26c0d06d954c1ef3b8439eb1cc1,178,38,total,Total liabilities,2023-12-31,"54,502",2,1,1,1,0,True,True,False,spatial_row_and_column_match
unilever,2023,balance_sheet,d572ce64ca74378a6b60208d27288263fb17c26c0d06d954c1ef3b8439eb1cc1,178,38,total,Total liabilities,2022-12-31,"56,120",2,1,1,1,0,True,True,False,spatial_row_and_column_match
unilever,2023,balance_sheet,d572ce64ca74378a6b60208d27288263fb17c26c0d06d954c1ef3b8439eb1cc1,178,40,line_item,Shareholders’ equity,2023-12-31,"18,102",1,1,1,1,0,True,True,False,spatial_row_and_column_match
unilever,2023,balance_sheet,d572ce64ca74378a6b60208d27288263fb17c26c0d06d954c1ef3b8439eb1cc1,178,40,line_item,Shareholders’ equity,2022-12-31,"19,021",1,1,1,1,0,True,True,False,spatial_row_and_column_match
unilever,2023,balance_sheet,d572ce64ca74378a6b60208d27288263fb17c26c0d06d954c1ef3b8439eb1cc1,178,41,line_item,Non-controlling interests,2023-12-31,"2,662",1,1,1,1,0,True,True,False,spatial_row_and_column_match
unilever,2023,balance_sheet,d572ce64ca74378a6b60208d27288263fb17c26c0d06d954c1ef3b8439eb1cc1,178,41,line_item,Non-controlling interests,2022-12-31,"2,680",1,1,1,1,0,True,True,False,spatial_row_and_column_match
unilever,2023,balance_sheet,d572ce64ca74378a6b60208d27288263fb17c26c0d06d954c1ef3b8439eb1cc1,178,42,total,Total equity,2023-12-31,"20,764",1,1,1,1,0,True,True,False,spatial_row_and_column_match
unilever,2023,balance_sheet,d572ce64ca74378a6b60208d27288263fb17c26c0d06d954c1ef3b8439eb1cc1,178,42,total,Total equity,2022-12-31,"21,701",1,1,1,1,0,True,True,False,spatial_row_and_column_match
unilever,2023,balance_sheet,d572ce64ca74378a6b60208d27288263fb17c26c0d06d954c1ef3b8439eb1cc1,178,43,total,Total liabilities and equity,2023-12-31,"75,266",1,2,1,1,0,True,True,False,spatial_row_and_column_match
unilever,2023,balance_sheet,d572ce64ca74378a6b60208d27288263fb17c26c0d06d954c1ef3b8439eb1cc1,178,43,total,Total liabilities and equity,2022-12-31,"77,821",1,2,1,1,0,True,True,False,spatial_row_and_column_match
unilever,2023,cash_flow,d572ce64ca74378a6b60208d27288263fb17c26c0d06d954c1ef3b8439eb1cc1,179,3,line_item,Net profit,2023-12-31,"7,140",2,1,1,1,0,True,True,False,spatial_row_and_column_match
unilever,2023,cash_flow,d572ce64ca74378a6b60208d27288263fb17c26c0d06d954c1ef3b8439eb1cc1,179,3,line_item,Net profit,2022-12-31,"8,269",2,1,1,1,0,True,True,False,spatial_row_and_column_match
unilever,2023,cash_flow,d572ce64ca74378a6b60208d27288263fb17c26c0d06d954c1ef3b8439eb1cc1,179,3,line_item,Net profit,2021-12-31,"6,621",2,1,1,1,0,True,True,False,spatial_row_and_column_match
unilever,2023,cash_flow,d572ce64ca74378a6b60208d27288263fb17c26c0d06d954c1ef3b8439eb1cc1,179,4,line_item,Taxation,2023-12-31,"2,199",1,1,1,1,0,True,True,False,spatial_row_and_column_match
unilever,2023,cash_flow,d572ce64ca74378a6b60208d27288263fb17c26c0d06d954c1ef3b8439eb1cc1,179,4,line_item,Taxation,2022-12-31,"2,068",1,1,1,1,0,True,True,False,spatial_row_and_column_match
unilever,2023,cash_flow,d572ce64ca74378a6b60208d27288263fb17c26c0d06d954c1ef3b8439eb1cc1,179,4,line_item,Taxation,2021-12-31,"1,935",1,1,1,1,0,True,True,False,spatial_row_and_column_match
unilever,2023,cash_flow,d572ce64ca74378a6b60208d27288263fb17c26c0d06d954c1ef3b8439eb1cc1,179,5,line_item,Share of net profit of joint ventures/associates and other income/(loss) from non-current investments,2023-12-31,(209),1,1,1,1,0,True,True,False,spatial_row_and_column_match
unilever,2023,cash_flow,d572ce64ca74378a6b60208d27288263fb17c26c0d06d954c1ef3b8439eb1cc1,179,5,line_item,Share of net profit of joint ventures/associates and other income/(loss) from non-current investments,2022-12-31,(232),1,2,1,1,0,True,True,False,spatial_row_and_column_match
unilever,2023,cash_flow,d572ce64ca74378a6b60208d27288263fb17c26c0d06d954c1ef3b8439eb1cc1,179,5,line_item,Share of net profit of joint ventures/associates and other income/(loss) from non-current investments,2021-12-31,(282),1,1,1,1,0,True,True,False,spatial_row_and_column_match
unilever,2023,cash_flow,d572ce64ca74378a6b60208d27288263fb17c26c0d06d954c1ef3b8439eb1cc1,179,6,line_item,Net monetary (gain)/loss arising from hyperinflationary economies,2023-12-31,142,1,2,1,1,0,True,True,False,spatial_row_and_column_match
unilever,2023,cash_flow,d572ce64ca74378a6b60208d27288263fb17c26c0d06d954c1ef3b8439eb1cc1,179,6,line_item,Net monetary (gain)/loss arising from hyperinflationary economies,2022-12-31,157,1,1,1,1,0,True,True,False,spatial_row_and_column_match
unilever,2023,cash_flow,d572ce64ca74378a6b60208d27288263fb17c26c0d06d954c1ef3b8439eb1cc1,179,6,line_item,Net monetary (gain)/loss arising from hyperinflationary economies,2021-12-31,74,1,1,1,1,0,True,True,False,spatial_row_and_column_match
unilever,2023,cash_flow,d572ce64ca74378a6b60208d27288263fb17c26c0d06d954c1ef3b8439eb1cc1,179,7,line_item,Net finance costs,2023-12-31,486,1,1,1,1,0,True,True,False,spatial_row_and_column_match
unilever,2023,cash_flow,d572ce64ca74378a6b60208d27288263fb17c26c0d06d954c1ef3b8439eb1cc1,179,7,line_item,Net finance costs,2022-12-31,493,1,1,1,1,0,True,True,False,spatial_row_and_column_match
unilever,2023,cash_flow,d572ce64ca74378a6b60208d27288263fb17c26c0d06d954c1ef3b8439eb1cc1,179,7,line_item,Net finance costs,2021-12-31,354,1,1,1,1,0,True,True,False,spatial_row_and_column_match
unilever,2023,cash_flow,d572ce64ca74378a6b60208d27288263fb17c26c0d06d954c1ef3b8439eb1cc1,179,8,subtotal,Operating profit,2023-12-31,"9,758",1,1,1,1,0,True,True,False,spatial_row_and_column_match
unilever,2023,cash_flow,d572ce64ca74378a6b60208d27288263fb17c26c0d06d954c1ef3b8439eb1cc1,179,8,subtotal,Operating profit,2022-12-31,"10,755",1,1,1,1,0,True,True,False,spatial_row_and_column_match
unilever,2023,cash_flow,d572ce64ca74378a6b60208d27288263fb17c26c0d06d954c1ef3b8439eb1cc1,179,8,subtotal,Operating profit,2021-12-31,"8,702",1,1,1,1,0,True,True,False,spatial_row_and_column_match
unilever,2023,cash_flow,d572ce64ca74378a6b60208d27288263fb17c26c0d06d954c1ef3b8439eb1cc1,179,9,line_item,"Depreciation, amortisation and impairment",2023-12-31,"1,579",1,1,1,1,0,True,True,False,spatial_row_and_column_match
unilever,2023,cash_flow,d572ce64ca74378a6b60208d27288263fb17c26c0d06d954c1ef3b8439eb1cc1,179,9,line_item,"Depreciation, amortisation and impairment",2022-12-31,"1,946",1,1,1,1,0,True,True,False,spatial_row_and_column_match
unilever,2023,cash_flow,d572ce64ca74378a6b60208d27288263fb17c26c0d06d954c1ef3b8439eb1cc1,179,9,line_item,"Depreciation, amortisation and impairment",2021-12-31,"1,763",1,1,1,1,0,True,True,False,spatial_row_and_column_match
unilever,2023,cash_flow,d572ce64ca74378a6b60208d27288263fb17c26c0d06d954c1ef3b8439eb1cc1,179,10,line_item,Changes in working capital:,2023-12-31,814,1,1,1,1,0,True,True,False,spatial_row_and_column_match
unilever,2023,cash_flow,d572ce64ca74378a6b60208d27288263fb17c26c0d06d954c1ef3b8439eb1cc1,179,10,line_item,Changes in working capital:,2022-12-31,(422),1,1,1,1,0,True,True,False,spatial_row_and_column_match
unilever,2023,cash_flow,d572ce64ca74378a6b60208d27288263fb17c26c0d06d954c1ef3b8439eb1cc1,179,10,line_item,Changes in working capital:,2021-12-31,(47),1,1,1,1,0,True,True,False,spatial_row_and_column_match
unilever,2023,cash_flow,d572ce64ca74378a6b60208d27288263fb17c26c0d06d954c1ef3b8439eb1cc1,179,11,line_item,  Inventories,2023-12-31,340,1,1,1,1,0,True,True,False,spatial_row_and_column_match
unilever,2023,cash_flow,d572ce64ca74378a6b60208d27288263fb17c26c0d06d954c1ef3b8439eb1cc1,179,11,line_item,  Inventories,2022-12-31,"(1,398)",1,1,1,1,0,True,True,False,spatial_row_and_column_match
unilever,2023,cash_flow,d572ce64ca74378a6b60208d27288263fb17c26c0d06d954c1ef3b8439eb1cc1,179,11,line_item,  Inventories,2021-12-31,(458),1,1,1,1,0,True,True,False,spatial_row_and_column_match
unilever,2023,cash_flow,d572ce64ca74378a6b60208d27288263fb17c26c0d06d954c1ef3b8439eb1cc1,179,12,line_item,  Trade and other receivables,2023-12-31,768,1,1,1,1,0,True,True,False,spatial_row_and_column_match
unilever,2023,cash_flow,d572ce64ca74378a6b60208d27288263fb17c26c0d06d954c1ef3b8439eb1cc1,179,12,line_item,  Trade and other receivables,2022-12-31,"(1,852)",1,1,1,1,0,True,True,False,spatial_row_and_column_match
unilever,2023,cash_flow,d572ce64ca74378a6b60208d27288263fb17c26c0d06d954c1ef3b8439eb1cc1,179,12,line_item,  Trade and other receivables,2021-12-31,(307),1,1,1,1,0,True,True,False,spatial_row_and_column_match
unilever,2023,cash_flow,d572ce64ca74378a6b60208d27288263fb17c26c0d06d954c1ef3b8439eb1cc1,179,13,line_item,  Trade payables and other liabilities,2023-12-31,(294),1,1,1,1,0,True,True,False,spatial_row_and_column_match
unilever,2023,cash_flow,d572ce64ca74378a6b60208d27288263fb17c26c0d06d954c1ef3b8439eb1cc1,179,13,line_item,  Trade payables and other liabilities,2022-12-31,"2,828",1,1,1,1,0,True,True,False,spatial_row_and_column_match
unilever,2023,cash_flow,d572ce64ca74378a6b60208d27288263fb17c26c0d06d954c1ef3b8439eb1cc1,179,13,line_item,  Trade payables and other liabilities,2021-12-31,718,1,1,1,1,0,True,True,False,spatial_row_and_column_match
unilever,2023,cash_flow,d572ce64ca74378a6b60208d27288263fb17c26c0d06d954c1ef3b8439eb1cc1,179,14,line_item,Pensions and similar obligations less payments,2023-12-31,(281),1,1,1,1,0,True,True,False,spatial_row_and_column_match
unilever,2023,cash_flow,d572ce64ca74378a6b60208d27288263fb17c26c0d06d954c1ef3b8439eb1cc1,179,14,line_item,Pensions and similar obligations less payments,2022-12-31,(119),1,2,1,1,0,True,True,False,spatial_row_and_column_match
unilever,2023,cash_flow,d572ce64ca74378a6b60208d27288263fb17c26c0d06d954c1ef3b8439eb1cc1,179,14,line_item,Pensions and similar obligations less payments,2021-12-31,(183),1,1,1,1,0,True,True,False,spatial_row_and_column_match
unilever,2023,cash_flow,d572ce64ca74378a6b60208d27288263fb17c26c0d06d954c1ef3b8439eb1cc1,179,15,line_item,Provisions less payments,2023-12-31,(185),1,3,1,1,0,True,True,False,spatial_row_and_column_match
unilever,2023,cash_flow,d572ce64ca74378a6b60208d27288263fb17c26c0d06d954c1ef3b8439eb1cc1,179,15,line_item,Provisions less payments,2022-12-31,203,1,1,1,1,0,True,True,False,spatial_row_and_column_match
unilever,2023,cash_flow,d572ce64ca74378a6b60208d27288263fb17c26c0d06d954c1ef3b8439eb1cc1,179,15,line_item,Provisions less payments,2021-12-31,(61),1,2,1,1,0,True,True,False,spatial_row_and_column_match
unilever,2023,cash_flow,d572ce64ca74378a6b60208d27288263fb17c26c0d06d954c1ef3b8439eb1cc1,179,16,line_item,Elimination of (profits)/losses on disposals,2023-12-31,(433),1,1,1,1,0,True,True,False,spatial_row_and_column_match
unilever,2023,cash_flow,d572ce64ca74378a6b60208d27288263fb17c26c0d06d954c1ef3b8439eb1cc1,179,16,line_item,Elimination of (profits)/losses on disposals,2022-12-31,"(2,335)",1,1,1,1,0,True,True,False,spatial_row_and_column_match
unilever,2023,cash_flow,d572ce64ca74378a6b60208d27288263fb17c26c0d06d954c1ef3b8439eb1cc1,179,16,line_item,Elimination of (profits)/losses on disposals,2021-12-31,23,1,1,1,1,0,True,True,False,spatial_row_and_column_match
unilever,2023,cash_flow,d572ce64ca74378a6b60208d27288263fb17c26c0d06d954c1ef3b8439eb1cc1,179,17,line_item,Non-cash charge for share-based compensation,2023-12-31,212,1,1,1,1,0,True,True,False,spatial_row_and_column_match
unilever,2023,cash_flow,d572ce64ca74378a6b60208d27288263fb17c26c0d06d954c1ef3b8439eb1cc1,179,17,line_item,Non-cash charge for share-based compensation,2022-12-31,177,1,1,1,1,0,True,True,False,spatial_row_and_column_match
unilever,2023,cash_flow,d572ce64ca74378a6b60208d27288263fb17c26c0d06d954c1ef3b8439eb1cc1,179,17,line_item,Non-cash charge for share-based compensation,2021-12-31,161,1,1,1,1,0,True,True,False,spatial_row_and_column_match
unilever,2023,cash_flow,d572ce64ca74378a6b60208d27288263fb17c26c0d06d954c1ef3b8439eb1cc1,179,18,line_item,Other adjustments,2023-12-31,97,1,1,1,1,0,True,True,False,spatial_row_and_column_match
unilever,2023,cash_flow,d572ce64ca74378a6b60208d27288263fb17c26c0d06d954c1ef3b8439eb1cc1,179,18,line_item,Other adjustments,2022-12-31,(116),1,1,1,1,0,True,True,False,spatial_row_and_column_match
unilever,2023,cash_flow,d572ce64ca74378a6b60208d27288263fb17c26c0d06d954c1ef3b8439eb1cc1,179,18,line_item,Other adjustments,2021-12-31,(53),1,1,1,1,0,True,True,False,spatial_row_and_column_match
unilever,2023,cash_flow,d572ce64ca74378a6b60208d27288263fb17c26c0d06d954c1ef3b8439eb1cc1,179,19,subtotal,Cash flow from operating activities,2023-12-31,"11,561",2,1,1,1,0,True,True,False,spatial_row_and_column_match
unilever,2023,cash_flow,d572ce64ca74378a6b60208d27288263fb17c26c0d06d954c1ef3b8439eb1cc1,179,19,subtotal,Cash flow from operating activities,2022-12-31,"10,089",2,1,1,1,0,True,True,False,spatial_row_and_column_match
unilever,2023,cash_flow,d572ce64ca74378a6b60208d27288263fb17c26c0d06d954c1ef3b8439eb1cc1,179,19,subtotal,Cash flow from operating activities,2021-12-31,"10,305",2,1,1,1,0,True,True,False,spatial_row_and_column_match
unilever,2023,cash_flow,d572ce64ca74378a6b60208d27288263fb17c26c0d06d954c1ef3b8439eb1cc1,179,20,line_item,Income tax paid,2023-12-31,"(2,135)",1,1,1,1,0,True,True,False,spatial_row_and_column_match
unilever,2023,cash_flow,d572ce64ca74378a6b60208d27288263fb17c26c0d06d954c1ef3b8439eb1cc1,179,20,line_item,Income tax paid,2022-12-31,"(2,807)",1,1,1,1,0,True,True,False,spatial_row_and_column_match
unilever,2023,cash_flow,d572ce64ca74378a6b60208d27288263fb17c26c0d06d954c1ef3b8439eb1cc1,179,20,line_item,Income tax paid,2021-12-31,"(2,333)",1,1,1,1,0,True,True,False,spatial_row_and_column_match
unilever,2023,cash_flow,d572ce64ca74378a6b60208d27288263fb17c26c0d06d954c1ef3b8439eb1cc1,179,21,subtotal,Net cash flow from operating activities,2023-12-31,"9,426",1,1,1,1,0,True,True,False,spatial_row_and_column_match
unilever,2023,cash_flow,d572ce64ca74378a6b60208d27288263fb17c26c0d06d954c1ef3b8439eb1cc1,179,21,subtotal,Net cash flow from operating activities,2022-12-31,"7,282",1,1,1,1,0,True,True,False,spatial_row_and_column_match
unilever,2023,cash_flow,d572ce64ca74378a6b60208d27288263fb17c26c0d06d954c1ef3b8439eb1cc1,179,21,subtotal,Net cash flow from operating activities,2021-12-31,"7,972",1,1,1,1,0,True,True,False,spatial_row_and_column_match
unilever,2023,cash_flow,d572ce64ca74378a6b60208d27288263fb17c26c0d06d954c1ef3b8439eb1cc1,179,22,line_item,Interest received,2023-12-31,267,1,1,1,1,0,True,True,False,spatial_row_and_column_match
unilever,2023,cash_flow,d572ce64ca74378a6b60208d27288263fb17c26c0d06d954c1ef3b8439eb1cc1,179,22,line_item,Interest received,2022-12-31,287,1,1,1,1,0,True,True,False,spatial_row_and_column_match
unilever,2023,cash_flow,d572ce64ca74378a6b60208d27288263fb17c26c0d06d954c1ef3b8439eb1cc1,179,22,line_item,Interest received,2021-12-31,148,1,1,1,1,0,True,True,False,spatial_row_and_column_match
unilever,2023,cash_flow,d572ce64ca74378a6b60208d27288263fb17c26c0d06d954c1ef3b8439eb1cc1,179,23,line_item,Purchase of intangible assets,2023-12-31,(243),1,1,1,1,0,True,True,False,spatial_row_and_column_match
unilever,2023,cash_flow,d572ce64ca74378a6b60208d27288263fb17c26c0d06d954c1ef3b8439eb1cc1,179,23,line_item,Purchase of intangible assets,2022-12-31,(253),1,1,1,1,0,True,True,False,spatial_row_and_column_match
unilever,2023,cash_flow,d572ce64ca74378a6b60208d27288263fb17c26c0d06d954c1ef3b8439eb1cc1,179,23,line_item,Purchase of intangible assets,2021-12-31,(232),1,2,1,1,0,True,True,False,spatial_row_and_column_match
unilever,2023,cash_flow,d572ce64ca74378a6b60208d27288263fb17c26c0d06d954c1ef3b8439eb1cc1,179,24,line_item,"Purchase of property, plant and equipment",2023-12-31,"(1,502)",1,1,1,1,0,True,True,False,spatial_row_and_column_match
unilever,2023,cash_flow,d572ce64ca74378a6b60208d27288263fb17c26c0d06d954c1ef3b8439eb1cc1,179,24,line_item,"Purchase of property, plant and equipment",2022-12-31,"(1,456)",1,1,1,1,0,True,True,False,spatial_row_and_column_match
unilever,2023,cash_flow,d572ce64ca74378a6b60208d27288263fb17c26c0d06d954c1ef3b8439eb1cc1,179,24,line_item,"Purchase of property, plant and equipment",2021-12-31,"(1,108)",1,1,1,1,0,True,True,False,spatial_row_and_column_match
unilever,2023,cash_flow,d572ce64ca74378a6b60208d27288263fb17c26c0d06d954c1ef3b8439eb1cc1,179,25,line_item,"Disposal of property, plant and equipment",2023-12-31,42,1,1,1,1,0,True,True,False,spatial_row_and_column_match
unilever,2023,cash_flow,d572ce64ca74378a6b60208d27288263fb17c26c0d06d954c1ef3b8439eb1cc1,179,25,line_item,"Disposal of property, plant and equipment",2022-12-31,82,1,1,1,1,0,True,True,False,spatial_row_and_column_match
unilever,2023,cash_flow,d572ce64ca74378a6b60208d27288263fb17c26c0d06d954c1ef3b8439eb1cc1,179,25,line_item,"Disposal of property, plant and equipment",2021-12-31,101,1,1,1,1,0,True,True,False,spatial_row_and_column_match
unilever,2023,cash_flow,d572ce64ca74378a6b60208d27288263fb17c26c0d06d954c1ef3b8439eb1cc1,179,26,line_item,Acquisition of businesses and investments in joint ventures and associates,2023-12-31,(704),1,1,1,1,0,True,True,False,spatial_row_and_column_match
unilever,2023,cash_flow,d572ce64ca74378a6b60208d27288263fb17c26c0d06d954c1ef3b8439eb1cc1,179,26,line_item,Acquisition of businesses and investments in joint ventures and associates,2022-12-31,(979),1,1,1,1,0,True,True,False,spatial_row_and_column_match
unilever,2023,cash_flow,d572ce64ca74378a6b60208d27288263fb17c26c0d06d954c1ef3b8439eb1cc1,179,26,line_item,Acquisition of businesses and investments in joint ventures and associates,2021-12-31,"(2,131)",1,1,1,1,0,True,True,False,spatial_row_and_column_match
unilever,2023,cash_flow,d572ce64ca74378a6b60208d27288263fb17c26c0d06d954c1ef3b8439eb1cc1,179,27,line_item,"Disposal of businesses, joint ventures and associates",2023-12-31,436,1,1,1,1,0,True,True,False,spatial_row_and_column_match
unilever,2023,cash_flow,d572ce64ca74378a6b60208d27288263fb17c26c0d06d954c1ef3b8439eb1cc1,179,27,line_item,"Disposal of businesses, joint ventures and associates",2022-12-31,"4,622",1,1,1,1,0,True,True,False,spatial_row_and_column_match
unilever,2023,cash_flow,d572ce64ca74378a6b60208d27288263fb17c26c0d06d954c1ef3b8439eb1cc1,179,27,line_item,"Disposal of businesses, joint ventures and associates",2021-12-31,43,1,1,1,1,0,True,True,False,spatial_row_and_column_match
unilever,2023,cash_flow,d572ce64ca74378a6b60208d27288263fb17c26c0d06d954c1ef3b8439eb1cc1,179,28,line_item,Acquisition of other non-current investments,2023-12-31,(533),1,1,1,1,0,True,True,False,spatial_row_and_column_match
unilever,2023,cash_flow,d572ce64ca74378a6b60208d27288263fb17c26c0d06d954c1ef3b8439eb1cc1,179,28,line_item,Acquisition of other non-current investments,2022-12-31,(170),1,1,1,1,0,True,True,False,spatial_row_and_column_match
unilever,2023,cash_flow,d572ce64ca74378a6b60208d27288263fb17c26c0d06d954c1ef3b8439eb1cc1,179,28,line_item,Acquisition of other non-current investments,2021-12-31,(142),1,2,1,1,0,True,True,False,spatial_row_and_column_match
unilever,2023,cash_flow,d572ce64ca74378a6b60208d27288263fb17c26c0d06d954c1ef3b8439eb1cc1,179,29,line_item,Disposal of other non-current investments,2023-12-31,62,1,1,1,1,0,True,True,False,spatial_row_and_column_match
unilever,2023,cash_flow,d572ce64ca74378a6b60208d27288263fb17c26c0d06d954c1ef3b8439eb1cc1,179,29,line_item,Disposal of other non-current investments,2022-12-31,266,1,1,1,1,0,True,True,False,spatial_row_and_column_match
unilever,2023,cash_flow,d572ce64ca74378a6b60208d27288263fb17c26c0d06d954c1ef3b8439eb1cc1,179,29,line_item,Disposal of other non-current investments,2021-12-31,137,1,1,1,1,0,True,True,False,spatial_row_and_column_match
unilever,2023,cash_flow,d572ce64ca74378a6b60208d27288263fb17c26c0d06d954c1ef3b8439eb1cc1,179,30,line_item,"Dividends from joint ventures, associates and other non-current investments",2023-12-31,239,1,1,1,1,0,True,True,False,spatial_row_and_column_match
unilever,2023,cash_flow,d572ce64ca74378a6b60208d27288263fb17c26c0d06d954c1ef3b8439eb1cc1,179,30,line_item,"Dividends from joint ventures, associates and other non-current investments",2022-12-31,185,1,3,2,1,1,True,True,False,spatial_row_and_column_match
unilever,2023,cash_flow,d572ce64ca74378a6b60208d27288263fb17c26c0d06d954c1ef3b8439eb1cc1,179,30,line_item,"Dividends from joint ventures, associates and other non-current investments",2021-12-31,185,1,3,2,1,1,True,True,False,spatial_row_and_column_match
unilever,2023,cash_flow,d572ce64ca74378a6b60208d27288263fb17c26c0d06d954c1ef3b8439eb1cc1,179,31,line_item,(Purchase)/sale of financial assets,2023-12-31,(358),1,1,1,1,0,True,True,False,spatial_row_and_column_match
unilever,2023,cash_flow,d572ce64ca74378a6b60208d27288263fb17c26c0d06d954c1ef3b8439eb1cc1,179,31,line_item,(Purchase)/sale of financial assets,2022-12-31,(131),1,1,1,1,0,True,True,False,spatial_row_and_column_match
unilever,2023,cash_flow,d572ce64ca74378a6b60208d27288263fb17c26c0d06d954c1ef3b8439eb1cc1,179,31,line_item,(Purchase)/sale of financial assets,2021-12-31,(247),1,1,1,1,0,True,True,False,spatial_row_and_column_match
unilever,2023,cash_flow,d572ce64ca74378a6b60208d27288263fb17c26c0d06d954c1ef3b8439eb1cc1,179,32,subtotal,Net cash flow (used in)/from investing activities,2023-12-31,"(2,294)",1,1,1,1,0,True,True,False,spatial_row_and_column_match
unilever,2023,cash_flow,d572ce64ca74378a6b60208d27288263fb17c26c0d06d954c1ef3b8439eb1cc1,179,32,subtotal,Net cash flow (used in)/from investing activities,2022-12-31,"2,453",1,1,1,1,0,True,True,False,spatial_row_and_column_match
unilever,2023,cash_flow,d572ce64ca74378a6b60208d27288263fb17c26c0d06d954c1ef3b8439eb1cc1,179,32,subtotal,Net cash flow (used in)/from investing activities,2021-12-31,"(3,246)",1,1,1,1,0,True,True,False,spatial_row_and_column_match
unilever,2023,cash_flow,d572ce64ca74378a6b60208d27288263fb17c26c0d06d954c1ef3b8439eb1cc1,179,33,line_item,Dividends paid on ordinary share capital,2023-12-31,"(4,363)",1,1,1,1,0,True,True,False,spatial_row_and_column_match
unilever,2023,cash_flow,d572ce64ca74378a6b60208d27288263fb17c26c0d06d954c1ef3b8439eb1cc1,179,33,line_item,Dividends paid on ordinary share capital,2022-12-31,"(4,329)",1,1,1,1,0,True,True,False,spatial_row_and_column_match
unilever,2023,cash_flow,d572ce64ca74378a6b60208d27288263fb17c26c0d06d954c1ef3b8439eb1cc1,179,33,line_item,Dividends paid on ordinary share capital,2021-12-31,"(4,483)",1,1,1,1,0,True,True,False,spatial_row_and_column_match
unilever,2023,cash_flow,d572ce64ca74378a6b60208d27288263fb17c26c0d06d954c1ef3b8439eb1cc1,179,34,line_item,Interest paid,2023-12-31,(899),1,1,1,1,0,True,True,False,spatial_row_and_column_match
unilever,2023,cash_flow,d572ce64ca74378a6b60208d27288263fb17c26c0d06d954c1ef3b8439eb1cc1,179,34,line_item,Interest paid,2022-12-31,(744),1,1,1,1,0,True,True,False,spatial_row_and_column_match
unilever,2023,cash_flow,d572ce64ca74378a6b60208d27288263fb17c26c0d06d954c1ef3b8439eb1cc1,179,34,line_item,Interest paid,2021-12-31,(488),1,1,1,1,0,True,True,False,spatial_row_and_column_match
unilever,2023,cash_flow,d572ce64ca74378a6b60208d27288263fb17c26c0d06d954c1ef3b8439eb1cc1,179,35,line_item,Net change in short-term borrowings,2023-12-31,(570),1,1,1,1,0,True,True,False,spatial_row_and_column_match
unilever,2023,cash_flow,d572ce64ca74378a6b60208d27288263fb17c26c0d06d954c1ef3b8439eb1cc1,179,35,line_item,Net change in short-term borrowings,2022-12-31,(545),1,1,1,1,0,True,True,False,spatial_row_and_column_match
unilever,2023,cash_flow,d572ce64ca74378a6b60208d27288263fb17c26c0d06d954c1ef3b8439eb1cc1,179,35,line_item,Net change in short-term borrowings,2021-12-31,656,1,1,1,1,0,True,True,False,spatial_row_and_column_match
unilever,2023,cash_flow,d572ce64ca74378a6b60208d27288263fb17c26c0d06d954c1ef3b8439eb1cc1,179,36,line_item,Additional financial liabilities,2023-12-31,"4,972",1,1,1,1,0,True,True,False,spatial_row_and_column_match
unilever,2023,cash_flow,d572ce64ca74378a6b60208d27288263fb17c26c0d06d954c1ef3b8439eb1cc1,179,36,line_item,Additional financial liabilities,2022-12-31,"7,776",1,1,1,1,0,True,True,False,spatial_row_and_column_match
unilever,2023,cash_flow,d572ce64ca74378a6b60208d27288263fb17c26c0d06d954c1ef3b8439eb1cc1,179,36,line_item,Additional financial liabilities,2021-12-31,"4,748",1,1,1,1,0,True,True,False,spatial_row_and_column_match
unilever,2023,cash_flow,d572ce64ca74378a6b60208d27288263fb17c26c0d06d954c1ef3b8439eb1cc1,179,37,line_item,Repayment of financial liabilities,2023-12-31,"(3,905)",1,1,1,1,0,True,True,False,spatial_row_and_column_match
unilever,2023,cash_flow,d572ce64ca74378a6b60208d27288263fb17c26c0d06d954c1ef3b8439eb1cc1,179,37,line_item,Repayment of financial liabilities,2022-12-31,"(8,440)",1,1,1,1,0,True,True,False,spatial_row_and_column_match
unilever,2023,cash_flow,d572ce64ca74378a6b60208d27288263fb17c26c0d06d954c1ef3b8439eb1cc1,179,37,line_item,Repayment of financial liabilities,2021-12-31,"(3,550)",1,1,1,1,0,True,True,False,spatial_row_and_column_match
unilever,2023,cash_flow,d572ce64ca74378a6b60208d27288263fb17c26c0d06d954c1ef3b8439eb1cc1,179,38,line_item,Capital element of lease rental payments,2023-12-31,(394),1,1,1,1,0,True,True,False,spatial_row_and_column_match
unilever,2023,cash_flow,d572ce64ca74378a6b60208d27288263fb17c26c0d06d954c1ef3b8439eb1cc1,179,38,line_item,Capital element of lease rental payments,2022-12-31,(518),1,1,1,1,0,True,True,False,spatial_row_and_column_match
unilever,2023,cash_flow,d572ce64ca74378a6b60208d27288263fb17c26c0d06d954c1ef3b8439eb1cc1,179,38,line_item,Capital element of lease rental payments,2021-12-31,(464),1,1,1,1,0,True,True,False,spatial_row_and_column_match
unilever,2023,cash_flow,d572ce64ca74378a6b60208d27288263fb17c26c0d06d954c1ef3b8439eb1cc1,179,39,line_item,Repurchase of shares,2023-12-31,"(1,507)",1,1,1,1,0,True,True,False,spatial_row_and_column_match
unilever,2023,cash_flow,d572ce64ca74378a6b60208d27288263fb17c26c0d06d954c1ef3b8439eb1cc1,179,39,line_item,Repurchase of shares,2022-12-31,"(1,509)",1,1,1,1,0,True,True,False,spatial_row_and_column_match
unilever,2023,cash_flow,d572ce64ca74378a6b60208d27288263fb17c26c0d06d954c1ef3b8439eb1cc1,179,39,line_item,Repurchase of shares,2021-12-31,"(3,018)",1,1,1,1,0,True,True,False,spatial_row_and_column_match
unilever,2023,cash_flow,d572ce64ca74378a6b60208d27288263fb17c26c0d06d954c1ef3b8439eb1cc1,179,40,line_item,Other financing activities(a),2023-12-31,(527),0,1,0,0,0,False,True,False,page_label_and_column_match
unilever,2023,cash_flow,d572ce64ca74378a6b60208d27288263fb17c26c0d06d954c1ef3b8439eb1cc1,179,40,line_item,Other financing activities(a),2022-12-31,(581),0,1,0,0,0,False,True,False,page_label_and_column_match
unilever,2023,cash_flow,d572ce64ca74378a6b60208d27288263fb17c26c0d06d954c1ef3b8439eb1cc1,179,40,line_item,Other financing activities(a),2021-12-31,(500),0,1,0,0,0,False,True,False,page_label_and_column_match
unilever,2023,cash_flow,d572ce64ca74378a6b60208d27288263fb17c26c0d06d954c1ef3b8439eb1cc1,179,41,subtotal,Net cash flow (used in)/from financing activities,2023-12-31,"(7,193)",1,1,1,1,0,True,True,False,spatial_row_and_column_match
unilever,2023,cash_flow,d572ce64ca74378a6b60208d27288263fb17c26c0d06d954c1ef3b8439eb1cc1,179,41,subtotal,Net cash flow (used in)/from financing activities,2022-12-31,"(8,890)",1,1,1,1,0,True,True,False,spatial_row_and_column_match
unilever,2023,cash_flow,d572ce64ca74378a6b60208d27288263fb17c26c0d06d954c1ef3b8439eb1cc1,179,41,subtotal,Net cash flow (used in)/from financing activities,2021-12-31,"(7,099)",1,1,1,1,0,True,True,False,spatial_row_and_column_match
unilever,2023,cash_flow,d572ce64ca74378a6b60208d27288263fb17c26c0d06d954c1ef3b8439eb1cc1,179,42,subtotal,Net increase/(decrease) in cash and cash equivalents,2023-12-31,(61),1,2,1,1,0,True,True,False,spatial_row_and_column_match
unilever,2023,cash_flow,d572ce64ca74378a6b60208d27288263fb17c26c0d06d954c1ef3b8439eb1cc1,179,42,subtotal,Net increase/(decrease) in cash and cash equivalents,2022-12-31,845,1,1,1,1,0,True,True,False,spatial_row_and_column_match
unilever,2023,cash_flow,d572ce64ca74378a6b60208d27288263fb17c26c0d06d954c1ef3b8439eb1cc1,179,42,subtotal,Net increase/(decrease) in cash and cash equivalents,2021-12-31,"(2,373)",1,1,1,1,0,True,True,False,spatial_row_and_column_match
unilever,2023,cash_flow,d572ce64ca74378a6b60208d27288263fb17c26c0d06d954c1ef3b8439eb1cc1,179,43,line_item,Cash and cash equivalents at the beginning of the year,2023-12-31,"4,225",1,2,1,1,0,True,True,False,spatial_row_and_column_match
unilever,2023,cash_flow,d572ce64ca74378a6b60208d27288263fb17c26c0d06d954c1ef3b8439eb1cc1,179,43,line_item,Cash and cash equivalents at the beginning of the year,2022-12-31,"3,387",1,2,1,1,0,True,True,False,spatial_row_and_column_match
unilever,2023,cash_flow,d572ce64ca74378a6b60208d27288263fb17c26c0d06d954c1ef3b8439eb1cc1,179,43,line_item,Cash and cash equivalents at the beginning of the year,2021-12-31,"5,475",1,1,1,1,0,True,True,False,spatial_row_and_column_match
unilever,2023,cash_flow,d572ce64ca74378a6b60208d27288263fb17c26c0d06d954c1ef3b8439eb1cc1,179,44,line_item,Effect of foreign exchange rate changes,2023-12-31,(119),1,2,1,1,0,True,True,False,spatial_row_and_column_match
unilever,2023,cash_flow,d572ce64ca74378a6b60208d27288263fb17c26c0d06d954c1ef3b8439eb1cc1,179,44,line_item,Effect of foreign exchange rate changes,2022-12-31,(7),1,1,1,1,0,True,True,False,spatial_row_and_column_match
unilever,2023,cash_flow,d572ce64ca74378a6b60208d27288263fb17c26c0d06d954c1ef3b8439eb1cc1,179,44,line_item,Effect of foreign exchange rate changes,2021-12-31,285,1,1,1,1,0,True,True,False,spatial_row_and_column_match
unilever,2023,cash_flow,d572ce64ca74378a6b60208d27288263fb17c26c0d06d954c1ef3b8439eb1cc1,179,45,total,Cash and cash equivalents at the end of the year,2023-12-31,"4,045",1,1,1,1,0,True,True,False,spatial_row_and_column_match
unilever,2023,cash_flow,d572ce64ca74378a6b60208d27288263fb17c26c0d06d954c1ef3b8439eb1cc1,179,45,total,Cash and cash equivalents at the end of the year,2022-12-31,"4,225",1,2,1,1,0,True,True,False,spatial_row_and_column_match
unilever,2023,cash_flow,d572ce64ca74378a6b60208d27288263fb17c26c0d06d954c1ef3b8439eb1cc1,179,45,total,Cash and cash equivalents at the end of the year,2021-12-31,"3,387",1,2,1,1,0,True,True,False,spatial_row_and_column_match
unilever,2025,income_statement,dcdc67ff84977e2beeb6b7a8113b6862fae1880838c613eceac42ba4b605d9d7,131,1,line_item,Turnover,2025-12-31,"50,503",1,1,1,1,0,True,True,False,spatial_row_and_column_match
unilever,2025,income_statement,dcdc67ff84977e2beeb6b7a8113b6862fae1880838c613eceac42ba4b605d9d7,131,1,line_item,Turnover,2024-12-31,"52,479",1,1,1,1,0,True,True,False,spatial_row_and_column_match
unilever,2025,income_statement,dcdc67ff84977e2beeb6b7a8113b6862fae1880838c613eceac42ba4b605d9d7,131,1,line_item,Turnover,2023-12-31,"51,680",1,1,1,1,0,True,True,False,spatial_row_and_column_match
unilever,2025,income_statement,dcdc67ff84977e2beeb6b7a8113b6862fae1880838c613eceac42ba4b605d9d7,131,2,line_item,Operating profit,2025-12-31,"9,037",1,1,1,1,0,True,True,False,spatial_row_and_column_match
unilever,2025,income_statement,dcdc67ff84977e2beeb6b7a8113b6862fae1880838c613eceac42ba4b605d9d7,131,2,line_item,Operating profit,2024-12-31,"8,829",1,1,1,1,0,True,True,False,spatial_row_and_column_match
unilever,2025,income_statement,dcdc67ff84977e2beeb6b7a8113b6862fae1880838c613eceac42ba4b605d9d7,131,2,line_item,Operating profit,2023-12-31,"8,998",1,1,1,1,0,True,True,False,spatial_row_and_column_match
unilever,2025,income_statement,dcdc67ff84977e2beeb6b7a8113b6862fae1880838c613eceac42ba4b605d9d7,131,3,line_item,of which: (loss)/gain on disposal of group companies(b),2025-12-31,(36),1,1,1,1,0,True,True,False,spatial_row_and_column_match
unilever,2025,income_statement,dcdc67ff84977e2beeb6b7a8113b6862fae1880838c613eceac42ba4b605d9d7,131,3,line_item,of which: (loss)/gain on disposal of group companies(b),2024-12-31,(229),1,1,1,1,0,True,True,False,spatial_row_and_column_match
unilever,2025,income_statement,dcdc67ff84977e2beeb6b7a8113b6862fae1880838c613eceac42ba4b605d9d7,131,3,line_item,of which: (loss)/gain on disposal of group companies(b),2023-12-31,491,1,1,1,1,0,True,True,False,spatial_row_and_column_match
unilever,2025,income_statement,dcdc67ff84977e2beeb6b7a8113b6862fae1880838c613eceac42ba4b605d9d7,131,4,line_item,Net finance costs,2025-12-31,(503),1,3,1,1,0,True,True,False,spatial_row_and_column_match
unilever,2025,income_statement,dcdc67ff84977e2beeb6b7a8113b6862fae1880838c613eceac42ba4b605d9d7,131,4,line_item,Net finance costs,2024-12-31,(520),1,1,1,1,0,True,True,False,spatial_row_and_column_match
unilever,2025,income_statement,dcdc67ff84977e2beeb6b7a8113b6862fae1880838c613eceac42ba4b605d9d7,131,4,line_item,Net finance costs,2023-12-31,(409),1,1,1,1,0,True,True,False,spatial_row_and_column_match
unilever,2025,income_statement,dcdc67ff84977e2beeb6b7a8113b6862fae1880838c613eceac42ba4b605d9d7,131,5,line_item,Pensions and similar obligations,2025-12-31,123,1,1,1,1,0,True,True,False,spatial_row_and_column_match
unilever,2025,income_statement,dcdc67ff84977e2beeb6b7a8113b6862fae1880838c613eceac42ba4b605d9d7,131,5,line_item,Pensions and similar obligations,2024-12-31,83,1,1,1,1,0,True,True,False,spatial_row_and_column_match
unilever,2025,income_statement,dcdc67ff84977e2beeb6b7a8113b6862fae1880838c613eceac42ba4b605d9d7,131,5,line_item,Pensions and similar obligations,2023-12-31,121,1,1,1,1,0,True,True,False,spatial_row_and_column_match
unilever,2025,income_statement,dcdc67ff84977e2beeb6b7a8113b6862fae1880838c613eceac42ba4b605d9d7,131,6,line_item,Finance income,2025-12-31,398,1,1,1,1,0,True,True,False,spatial_row_and_column_match
unilever,2025,income_statement,dcdc67ff84977e2beeb6b7a8113b6862fae1880838c613eceac42ba4b605d9d7,131,6,line_item,Finance income,2024-12-31,391,1,1,1,1,0,True,True,False,spatial_row_and_column_match
unilever,2025,income_statement,dcdc67ff84977e2beeb6b7a8113b6862fae1880838c613eceac42ba4b605d9d7,131,6,line_item,Finance income,2023-12-31,393,1,1,1,1,0,True,True,False,spatial_row_and_column_match
unilever,2025,income_statement,dcdc67ff84977e2beeb6b7a8113b6862fae1880838c613eceac42ba4b605d9d7,131,7,line_item,Finance costs,2025-12-31,"(1,024)",2,1,1,1,0,True,True,False,spatial_row_and_column_match
unilever,2025,income_statement,dcdc67ff84977e2beeb6b7a8113b6862fae1880838c613eceac42ba4b605d9d7,131,7,line_item,Finance costs,2024-12-31,(994),2,1,1,1,0,True,True,False,spatial_row_and_column_match
unilever,2025,income_statement,dcdc67ff84977e2beeb6b7a8113b6862fae1880838c613eceac42ba4b605d9d7,131,7,line_item,Finance costs,2023-12-31,(922),2,1,1,1,0,True,True,False,spatial_row_and_column_match
unilever,2025,income_statement,dcdc67ff84977e2beeb6b7a8113b6862fae1880838c613eceac42ba4b605d9d7,131,8,line_item,Net monetary loss arising from hyperinflationary economies,2025-12-31,(68),1,1,1,1,0,True,True,False,spatial_row_and_column_match
unilever,2025,income_statement,dcdc67ff84977e2beeb6b7a8113b6862fae1880838c613eceac42ba4b605d9d7,131,8,line_item,Net monetary loss arising from hyperinflationary economies,2024-12-31,(201),1,1,1,1,0,True,True,False,spatial_row_and_column_match
unilever,2025,income_statement,dcdc67ff84977e2beeb6b7a8113b6862fae1880838c613eceac42ba4b605d9d7,131,8,line_item,Net monetary loss arising from hyperinflationary economies,2023-12-31,(169),1,1,1,1,0,True,True,False,spatial_row_and_column_match
unilever,2025,income_statement,dcdc67ff84977e2beeb6b7a8113b6862fae1880838c613eceac42ba4b605d9d7,131,9,line_item,Share of net profit of joint ventures and associates,2025-12-31,245,1,2,1,1,0,True,True,False,spatial_row_and_column_match
unilever,2025,income_statement,dcdc67ff84977e2beeb6b7a8113b6862fae1880838c613eceac42ba4b605d9d7,131,9,line_item,Share of net profit of joint ventures and associates,2024-12-31,250,1,1,1,1,0,True,True,False,spatial_row_and_column_match
unilever,2025,income_statement,dcdc67ff84977e2beeb6b7a8113b6862fae1880838c613eceac42ba4b605d9d7,131,9,line_item,Share of net profit of joint ventures and associates,2023-12-31,228,1,1,1,1,0,True,True,False,spatial_row_and_column_match
unilever,2025,income_statement,dcdc67ff84977e2beeb6b7a8113b6862fae1880838c613eceac42ba4b605d9d7,131,10,line_item,Other income/(loss) from non-current investments and associates,2025-12-31,(17),1,1,1,1,0,True,True,False,spatial_row_and_column_match
unilever,2025,income_statement,dcdc67ff84977e2beeb6b7a8113b6862fae1880838c613eceac42ba4b605d9d7,131,10,line_item,Other income/(loss) from non-current investments and associates,2024-12-31,13,1,1,1,1,0,True,True,False,spatial_row_and_column_match
unilever,2025,income_statement,dcdc67ff84977e2beeb6b7a8113b6862fae1880838c613eceac42ba4b605d9d7,131,10,line_item,Other income/(loss) from non-current investments and associates,2023-12-31,(22),1,1,1,1,0,True,True,False,spatial_row_and_column_match
unilever,2025,income_statement,dcdc67ff84977e2beeb6b7a8113b6862fae1880838c613eceac42ba4b605d9d7,131,11,line_item,Profit before taxation from continuing operations,2025-12-31,"8,693",1,1,1,1,0,True,True,False,spatial_row_and_column_match
unilever,2025,income_statement,dcdc67ff84977e2beeb6b7a8113b6862fae1880838c613eceac42ba4b605d9d7,131,11,line_item,Profit before taxation from continuing operations,2024-12-31,"8,371",1,1,1,1,0,True,True,False,spatial_row_and_column_match
unilever,2025,income_statement,dcdc67ff84977e2beeb6b7a8113b6862fae1880838c613eceac42ba4b605d9d7,131,11,line_item,Profit before taxation from continuing operations,2023-12-31,"8,627",1,1,1,1,0,True,True,False,spatial_row_and_column_match
unilever,2025,income_statement,dcdc67ff84977e2beeb6b7a8113b6862fae1880838c613eceac42ba4b605d9d7,131,12,line_item,Taxation,2025-12-31,"(2,481)",3,1,1,1,0,True,True,False,spatial_row_and_column_match
unilever,2025,income_statement,dcdc67ff84977e2beeb6b7a8113b6862fae1880838c613eceac42ba4b605d9d7,131,12,line_item,Taxation,2024-12-31,"(2,332)",3,1,1,1,0,True,True,False,spatial_row_and_column_match
unilever,2025,income_statement,dcdc67ff84977e2beeb6b7a8113b6862fae1880838c613eceac42ba4b605d9d7,131,12,line_item,Taxation,2023-12-31,"(1,990)",3,1,1,1,0,True,True,False,spatial_row_and_column_match
unilever,2025,income_statement,dcdc67ff84977e2beeb6b7a8113b6862fae1880838c613eceac42ba4b605d9d7,131,13,subtotal,Net profit from continuing operations,2025-12-31,"6,213",1,1,1,1,0,True,True,False,spatial_row_and_column_match
unilever,2025,income_statement,dcdc67ff84977e2beeb6b7a8113b6862fae1880838c613eceac42ba4b605d9d7,131,13,subtotal,Net profit from continuing operations,2024-12-31,"6,039",1,1,1,1,0,True,True,False,spatial_row_and_column_match
unilever,2025,income_statement,dcdc67ff84977e2beeb6b7a8113b6862fae1880838c613eceac42ba4b605d9d7,131,13,subtotal,Net profit from continuing operations,2023-12-31,"6,637",1,1,1,1,0,True,True,False,spatial_row_and_column_match
unilever,2025,income_statement,dcdc67ff84977e2beeb6b7a8113b6862fae1880838c613eceac42ba4b605d9d7,131,14,line_item,Profit after taxation from discontinued operations,2025-12-31,425,1,1,1,1,0,True,True,False,spatial_row_and_column_match
unilever,2025,income_statement,dcdc67ff84977e2beeb6b7a8113b6862fae1880838c613eceac42ba4b605d9d7,131,14,line_item,Profit after taxation from discontinued operations,2024-12-31,330,1,2,1,1,0,True,True,False,spatial_row_and_column_match
unilever,2025,income_statement,dcdc67ff84977e2beeb6b7a8113b6862fae1880838c613eceac42ba4b605d9d7,131,14,line_item,Profit after taxation from discontinued operations,2023-12-31,503,1,3,1,1,0,True,True,False,spatial_row_and_column_match
unilever,2025,income_statement,dcdc67ff84977e2beeb6b7a8113b6862fae1880838c613eceac42ba4b605d9d7,131,15,line_item,Gain on disposal of discontinued operations,2025-12-31,"3,373",1,1,1,1,0,True,True,False,spatial_row_and_column_match
unilever,2025,income_statement,dcdc67ff84977e2beeb6b7a8113b6862fae1880838c613eceac42ba4b605d9d7,131,15,line_item,Gain on disposal of discontinued operations,2024-12-31,–,1,12,2,1,1,True,True,False,spatial_row_and_column_match
unilever,2025,income_statement,dcdc67ff84977e2beeb6b7a8113b6862fae1880838c613eceac42ba4b605d9d7,131,15,line_item,Gain on disposal of discontinued operations,2023-12-31,–,1,12,2,1,1,True,True,False,spatial_row_and_column_match
unilever,2025,income_statement,dcdc67ff84977e2beeb6b7a8113b6862fae1880838c613eceac42ba4b605d9d7,131,16,subtotal,Net profit from discontinued operations,2025-12-31,"3,798",1,1,1,1,0,True,True,False,spatial_row_and_column_match
unilever,2025,income_statement,dcdc67ff84977e2beeb6b7a8113b6862fae1880838c613eceac42ba4b605d9d7,131,16,subtotal,Net profit from discontinued operations,2024-12-31,330,1,2,1,1,0,True,True,False,spatial_row_and_column_match
unilever,2025,income_statement,dcdc67ff84977e2beeb6b7a8113b6862fae1880838c613eceac42ba4b605d9d7,131,16,subtotal,Net profit from discontinued operations,2023-12-31,503,1,3,1,1,0,True,True,False,spatial_row_and_column_match
unilever,2025,income_statement,dcdc67ff84977e2beeb6b7a8113b6862fae1880838c613eceac42ba4b605d9d7,131,17,total,Total net profit,2025-12-31,"10,011",1,1,1,1,0,True,True,False,spatial_row_and_column_match
unilever,2025,income_statement,dcdc67ff84977e2beeb6b7a8113b6862fae1880838c613eceac42ba4b605d9d7,131,17,total,Total net profit,2024-12-31,"6,369",1,1,1,1,0,True,True,False,spatial_row_and_column_match
unilever,2025,income_statement,dcdc67ff84977e2beeb6b7a8113b6862fae1880838c613eceac42ba4b605d9d7,131,17,total,Total net profit,2023-12-31,"7,140",1,1,1,1,0,True,True,False,spatial_row_and_column_match
unilever,2025,income_statement,dcdc67ff84977e2beeb6b7a8113b6862fae1880838c613eceac42ba4b605d9d7,131,18,heading,Attributable to:,2025-12-31,,3,0,0,0,0,True,True,False,non_numeric_heading
unilever,2025,income_statement,dcdc67ff84977e2beeb6b7a8113b6862fae1880838c613eceac42ba4b605d9d7,131,18,heading,Attributable to:,2024-12-31,,3,0,0,0,0,True,True,False,non_numeric_heading
unilever,2025,income_statement,dcdc67ff84977e2beeb6b7a8113b6862fae1880838c613eceac42ba4b605d9d7,131,18,heading,Attributable to:,2023-12-31,,3,0,0,0,0,True,True,False,non_numeric_heading
unilever,2025,income_statement,dcdc67ff84977e2beeb6b7a8113b6862fae1880838c613eceac42ba4b605d9d7,131,19,line_item,Non-controlling interests,2025-12-31,542,2,1,1,1,0,True,True,False,spatial_row_and_column_match
unilever,2025,income_statement,dcdc67ff84977e2beeb6b7a8113b6862fae1880838c613eceac42ba4b605d9d7,131,19,line_item,Non-controlling interests,2024-12-31,625,2,1,1,1,0,True,True,False,spatial_row_and_column_match
unilever,2025,income_statement,dcdc67ff84977e2beeb6b7a8113b6862fae1880838c613eceac42ba4b605d9d7,131,19,line_item,Non-controlling interests,2023-12-31,653,2,1,1,1,0,True,True,False,spatial_row_and_column_match
unilever,2025,income_statement,dcdc67ff84977e2beeb6b7a8113b6862fae1880838c613eceac42ba4b605d9d7,131,20,line_item,Shareholders’ equity,2025-12-31,"9,469",2,1,1,1,0,True,True,False,spatial_row_and_column_match
unilever,2025,income_statement,dcdc67ff84977e2beeb6b7a8113b6862fae1880838c613eceac42ba4b605d9d7,131,20,line_item,Shareholders’ equity,2024-12-31,"5,744",2,1,1,1,0,True,True,False,spatial_row_and_column_match
unilever,2025,income_statement,dcdc67ff84977e2beeb6b7a8113b6862fae1880838c613eceac42ba4b605d9d7,131,20,line_item,Shareholders’ equity,2023-12-31,"6,487",2,1,1,1,0,True,True,False,spatial_row_and_column_match
unilever,2025,income_statement,dcdc67ff84977e2beeb6b7a8113b6862fae1880838c613eceac42ba4b605d9d7,131,21,heading,Total profit attributable to shareholders’ equity arises from:,2025-12-31,,1,0,0,0,0,True,True,False,non_numeric_heading
unilever,2025,income_statement,dcdc67ff84977e2beeb6b7a8113b6862fae1880838c613eceac42ba4b605d9d7,131,21,heading,Total profit attributable to shareholders’ equity arises from:,2024-12-31,,1,0,0,0,0,True,True,False,non_numeric_heading
unilever,2025,income_statement,dcdc67ff84977e2beeb6b7a8113b6862fae1880838c613eceac42ba4b605d9d7,131,21,heading,Total profit attributable to shareholders’ equity arises from:,2023-12-31,,1,0,0,0,0,True,True,False,non_numeric_heading
unilever,2025,income_statement,dcdc67ff84977e2beeb6b7a8113b6862fae1880838c613eceac42ba4b605d9d7,131,22,line_item,Continuing operations,2025-12-31,"5,682",6,1,1,1,0,True,True,False,spatial_row_and_column_match
unilever,2025,income_statement,dcdc67ff84977e2beeb6b7a8113b6862fae1880838c613eceac42ba4b605d9d7,131,22,line_item,Continuing operations,2024-12-31,"5,430",6,1,1,1,0,True,True,False,spatial_row_and_column_match
unilever,2025,income_statement,dcdc67ff84977e2beeb6b7a8113b6862fae1880838c613eceac42ba4b605d9d7,131,22,line_item,Continuing operations,2023-12-31,"6,002",6,1,1,1,0,True,True,False,spatial_row_and_column_match
unilever,2025,income_statement,dcdc67ff84977e2beeb6b7a8113b6862fae1880838c613eceac42ba4b605d9d7,131,23,line_item,Discontinued operations,2025-12-31,"3,787",7,1,1,1,0,True,True,False,spatial_row_and_column_match
unilever,2025,income_statement,dcdc67ff84977e2beeb6b7a8113b6862fae1880838c613eceac42ba4b605d9d7,131,23,line_item,Discontinued operations,2024-12-31,314,7,1,1,1,0,True,True,False,spatial_row_and_column_match
unilever,2025,income_statement,dcdc67ff84977e2beeb6b7a8113b6862fae1880838c613eceac42ba4b605d9d7,131,23,line_item,Discontinued operations,2023-12-31,485,7,1,1,1,0,True,True,False,spatial_row_and_column_match
unilever,2025,income_statement,dcdc67ff84977e2beeb6b7a8113b6862fae1880838c613eceac42ba4b605d9d7,131,24,heading,Total profit attributable to non-controlling interests arises from:,2025-12-31,,1,0,0,0,0,True,True,False,non_numeric_heading
unilever,2025,income_statement,dcdc67ff84977e2beeb6b7a8113b6862fae1880838c613eceac42ba4b605d9d7,131,24,heading,Total profit attributable to non-controlling interests arises from:,2024-12-31,,1,0,0,0,0,True,True,False,non_numeric_heading
unilever,2025,income_statement,dcdc67ff84977e2beeb6b7a8113b6862fae1880838c613eceac42ba4b605d9d7,131,24,heading,Total profit attributable to non-controlling interests arises from:,2023-12-31,,1,0,0,0,0,True,True,False,non_numeric_heading
unilever,2025,income_statement,dcdc67ff84977e2beeb6b7a8113b6862fae1880838c613eceac42ba4b605d9d7,131,25,line_item,Continuing operations,2025-12-31,531,6,1,1,1,0,True,True,False,spatial_row_and_column_match
unilever,2025,income_statement,dcdc67ff84977e2beeb6b7a8113b6862fae1880838c613eceac42ba4b605d9d7,131,25,line_item,Continuing operations,2024-12-31,609,6,1,1,1,0,True,True,False,spatial_row_and_column_match
unilever,2025,income_statement,dcdc67ff84977e2beeb6b7a8113b6862fae1880838c613eceac42ba4b605d9d7,131,25,line_item,Continuing operations,2023-12-31,635,6,1,1,1,0,True,True,False,spatial_row_and_column_match
unilever,2025,income_statement,dcdc67ff84977e2beeb6b7a8113b6862fae1880838c613eceac42ba4b605d9d7,131,26,line_item,Discontinued operations,2025-12-31,11,7,2,1,1,0,True,True,False,spatial_row_and_column_match
unilever,2025,income_statement,dcdc67ff84977e2beeb6b7a8113b6862fae1880838c613eceac42ba4b605d9d7,131,26,line_item,Discontinued operations,2024-12-31,16,7,1,1,1,0,True,True,False,spatial_row_and_column_match
unilever,2025,income_statement,dcdc67ff84977e2beeb6b7a8113b6862fae1880838c613eceac42ba4b605d9d7,131,26,line_item,Discontinued operations,2023-12-31,18,7,1,1,1,0,True,True,False,spatial_row_and_column_match
unilever,2025,income_statement,dcdc67ff84977e2beeb6b7a8113b6862fae1880838c613eceac42ba4b605d9d7,131,27,heading,Earnings per share,2025-12-31,,7,0,0,0,0,True,True,False,non_numeric_heading
unilever,2025,income_statement,dcdc67ff84977e2beeb6b7a8113b6862fae1880838c613eceac42ba4b605d9d7,131,27,heading,Earnings per share,2024-12-31,,7,0,0,0,0,True,True,False,non_numeric_heading
unilever,2025,income_statement,dcdc67ff84977e2beeb6b7a8113b6862fae1880838c613eceac42ba4b605d9d7,131,27,heading,Earnings per share,2023-12-31,,7,0,0,0,0,True,True,False,non_numeric_heading
unilever,2025,income_statement,dcdc67ff84977e2beeb6b7a8113b6862fae1880838c613eceac42ba4b605d9d7,131,28,line_item,Basic earnings per share (€),2025-12-31,4.33,3,1,1,1,0,True,True,False,spatial_row_and_column_match
unilever,2025,income_statement,dcdc67ff84977e2beeb6b7a8113b6862fae1880838c613eceac42ba4b605d9d7,131,28,line_item,Basic earnings per share (€),2024-12-31,2.59,3,2,1,1,0,True,True,False,spatial_row_and_column_match
unilever,2025,income_statement,dcdc67ff84977e2beeb6b7a8113b6862fae1880838c613eceac42ba4b605d9d7,131,28,line_item,Basic earnings per share (€),2023-12-31,2.90,3,1,1,1,0,True,True,False,spatial_row_and_column_match
unilever,2025,income_statement,dcdc67ff84977e2beeb6b7a8113b6862fae1880838c613eceac42ba4b605d9d7,131,29,line_item,Basic earnings per share (€) from continuing operations,2025-12-31,2.60,1,1,1,1,0,True,True,False,spatial_row_and_column_match
unilever,2025,income_statement,dcdc67ff84977e2beeb6b7a8113b6862fae1880838c613eceac42ba4b605d9d7,131,29,line_item,Basic earnings per share (€) from continuing operations,2024-12-31,2.45,1,2,1,1,0,True,True,False,spatial_row_and_column_match
unilever,2025,income_statement,dcdc67ff84977e2beeb6b7a8113b6862fae1880838c613eceac42ba4b605d9d7,131,29,line_item,Basic earnings per share (€) from continuing operations,2023-12-31,2.68,1,1,1,1,0,True,True,False,spatial_row_and_column_match
unilever,2025,income_statement,dcdc67ff84977e2beeb6b7a8113b6862fae1880838c613eceac42ba4b605d9d7,131,30,line_item,Basic earnings per share (€) from discontinued operations,2025-12-31,1.73,1,2,1,1,0,True,True,False,spatial_row_and_column_match
unilever,2025,income_statement,dcdc67ff84977e2beeb6b7a8113b6862fae1880838c613eceac42ba4b605d9d7,131,30,line_item,Basic earnings per share (€) from discontinued operations,2024-12-31,0.14,1,2,1,1,0,True,True,False,spatial_row_and_column_match
unilever,2025,income_statement,dcdc67ff84977e2beeb6b7a8113b6862fae1880838c613eceac42ba4b605d9d7,131,30,line_item,Basic earnings per share (€) from discontinued operations,2023-12-31,0.22,1,2,1,1,0,True,True,False,spatial_row_and_column_match
unilever,2025,income_statement,dcdc67ff84977e2beeb6b7a8113b6862fae1880838c613eceac42ba4b605d9d7,131,31,line_item,Diluted earnings per share (€),2025-12-31,4.32,3,1,1,1,0,True,True,False,spatial_row_and_column_match
unilever,2025,income_statement,dcdc67ff84977e2beeb6b7a8113b6862fae1880838c613eceac42ba4b605d9d7,131,31,line_item,Diluted earnings per share (€),2024-12-31,2.58,3,1,1,1,0,True,True,False,spatial_row_and_column_match
unilever,2025,income_statement,dcdc67ff84977e2beeb6b7a8113b6862fae1880838c613eceac42ba4b605d9d7,131,31,line_item,Diluted earnings per share (€),2023-12-31,2.89,3,1,1,1,0,True,True,False,spatial_row_and_column_match
unilever,2025,income_statement,dcdc67ff84977e2beeb6b7a8113b6862fae1880838c613eceac42ba4b605d9d7,131,32,line_item,Diluted earnings per share (€) from continuing operations,2025-12-31,2.59,1,2,1,1,0,True,True,False,spatial_row_and_column_match
unilever,2025,income_statement,dcdc67ff84977e2beeb6b7a8113b6862fae1880838c613eceac42ba4b605d9d7,131,32,line_item,Diluted earnings per share (€) from continuing operations,2024-12-31,2.44,1,1,1,1,0,True,True,False,spatial_row_and_column_match
unilever,2025,income_statement,dcdc67ff84977e2beeb6b7a8113b6862fae1880838c613eceac42ba4b605d9d7,131,32,line_item,Diluted earnings per share (€) from continuing operations,2023-12-31,2.67,1,1,1,1,0,True,True,False,spatial_row_and_column_match
unilever,2025,income_statement,dcdc67ff84977e2beeb6b7a8113b6862fae1880838c613eceac42ba4b605d9d7,131,33,line_item,Diluted earnings per share (€) from discontinued operations,2025-12-31,1.73,1,2,1,1,0,True,True,False,spatial_row_and_column_match
unilever,2025,income_statement,dcdc67ff84977e2beeb6b7a8113b6862fae1880838c613eceac42ba4b605d9d7,131,33,line_item,Diluted earnings per share (€) from discontinued operations,2024-12-31,0.14,1,2,1,1,0,True,True,False,spatial_row_and_column_match
unilever,2025,income_statement,dcdc67ff84977e2beeb6b7a8113b6862fae1880838c613eceac42ba4b605d9d7,131,33,line_item,Diluted earnings per share (€) from discontinued operations,2023-12-31,0.22,1,2,1,1,0,True,True,False,spatial_row_and_column_match
unilever,2025,balance_sheet,dcdc67ff84977e2beeb6b7a8113b6862fae1880838c613eceac42ba4b605d9d7,134,3,line_item,Goodwill,2025-12-31,"17,709",1,1,1,1,0,True,True,False,spatial_row_and_column_match
unilever,2025,balance_sheet,dcdc67ff84977e2beeb6b7a8113b6862fae1880838c613eceac42ba4b605d9d7,134,3,line_item,Goodwill,2024-12-31,"22,311",1,1,1,1,0,True,True,False,spatial_row_and_column_match
unilever,2025,balance_sheet,dcdc67ff84977e2beeb6b7a8113b6862fae1880838c613eceac42ba4b605d9d7,134,4,line_item,Intangible assets,2025-12-31,"17,055",1,1,1,1,0,True,True,False,spatial_row_and_column_match
unilever,2025,balance_sheet,dcdc67ff84977e2beeb6b7a8113b6862fae1880838c613eceac42ba4b605d9d7,134,4,line_item,Intangible assets,2024-12-31,"18,590",1,1,1,1,0,True,True,False,spatial_row_and_column_match
unilever,2025,balance_sheet,dcdc67ff84977e2beeb6b7a8113b6862fae1880838c613eceac42ba4b605d9d7,134,5,line_item,"Property, plant and equipment",2025-12-31,"8,992",1,1,1,1,0,True,True,False,spatial_row_and_column_match
unilever,2025,balance_sheet,dcdc67ff84977e2beeb6b7a8113b6862fae1880838c613eceac42ba4b605d9d7,134,5,line_item,"Property, plant and equipment",2024-12-31,"11,669",1,1,1,1,0,True,True,False,spatial_row_and_column_match
unilever,2025,balance_sheet,dcdc67ff84977e2beeb6b7a8113b6862fae1880838c613eceac42ba4b605d9d7,134,6,line_item,Pension asset for funded schemes in surplus,2025-12-31,"4,462",1,1,1,1,0,True,True,False,spatial_row_and_column_match
unilever,2025,balance_sheet,dcdc67ff84977e2beeb6b7a8113b6862fae1880838c613eceac42ba4b605d9d7,134,6,line_item,Pension asset for funded schemes in surplus,2024-12-31,"4,164",1,1,1,1,0,True,True,False,spatial_row_and_column_match
unilever,2025,balance_sheet,dcdc67ff84977e2beeb6b7a8113b6862fae1880838c613eceac42ba4b605d9d7,134,7,line_item,Deferred tax assets,2025-12-31,"1,146",1,1,1,1,0,True,True,False,spatial_row_and_column_match
unilever,2025,balance_sheet,dcdc67ff84977e2beeb6b7a8113b6862fae1880838c613eceac42ba4b605d9d7,134,7,line_item,Deferred tax assets,2024-12-31,"1,280",1,1,1,1,0,True,True,False,spatial_row_and_column_match
unilever,2025,balance_sheet,dcdc67ff84977e2beeb6b7a8113b6862fae1880838c613eceac42ba4b605d9d7,134,8,line_item,Financial assets,2025-12-31,"3,065",2,1,1,1,0,True,True,False,spatial_row_and_column_match
unilever,2025,balance_sheet,dcdc67ff84977e2beeb6b7a8113b6862fae1880838c613eceac42ba4b605d9d7,134,8,line_item,Financial assets,2024-12-31,"1,571",2,1,1,1,0,True,True,False,spatial_row_and_column_match
unilever,2025,balance_sheet,dcdc67ff84977e2beeb6b7a8113b6862fae1880838c613eceac42ba4b605d9d7,134,9,line_item,Other non-current assets,2025-12-31,976,1,1,1,1,0,True,True,False,spatial_row_and_column_match
unilever,2025,balance_sheet,dcdc67ff84977e2beeb6b7a8113b6862fae1880838c613eceac42ba4b605d9d7,134,9,line_item,Other non-current assets,2024-12-31,971,1,1,1,1,0,True,True,False,spatial_row_and_column_match
unilever,2025,balance_sheet,dcdc67ff84977e2beeb6b7a8113b6862fae1880838c613eceac42ba4b605d9d7,134,10,subtotal,Non-current assets,2025-12-31,"53,405",2,1,0,0,0,False,True,True,section_subtotal_reconciled
unilever,2025,balance_sheet,dcdc67ff84977e2beeb6b7a8113b6862fae1880838c613eceac42ba4b605d9d7,134,10,subtotal,Non-current assets,2024-12-31,"60,556",2,1,0,0,0,False,True,True,section_subtotal_reconciled
unilever,2025,balance_sheet,dcdc67ff84977e2beeb6b7a8113b6862fae1880838c613eceac42ba4b605d9d7,134,12,line_item,Inventories,2025-12-31,"4,043",1,1,1,1,0,True,True,False,spatial_row_and_column_match
unilever,2025,balance_sheet,dcdc67ff84977e2beeb6b7a8113b6862fae1880838c613eceac42ba4b605d9d7,134,12,line_item,Inventories,2024-12-31,"5,177",1,1,1,1,0,True,True,False,spatial_row_and_column_match
unilever,2025,balance_sheet,dcdc67ff84977e2beeb6b7a8113b6862fae1880838c613eceac42ba4b605d9d7,134,13,line_item,Trade and other current receivables,2025-12-31,"7,346",1,1,1,1,0,True,True,False,spatial_row_and_column_match
unilever,2025,balance_sheet,dcdc67ff84977e2beeb6b7a8113b6862fae1880838c613eceac42ba4b605d9d7,134,13,line_item,Trade and other current receivables,2024-12-31,"6,011",1,1,1,1,0,True,True,False,spatial_row_and_column_match
unilever,2025,balance_sheet,dcdc67ff84977e2beeb6b7a8113b6862fae1880838c613eceac42ba4b605d9d7,134,14,line_item,Current tax assets,2025-12-31,329,1,1,1,1,0,True,True,False,spatial_row_and_column_match
unilever,2025,balance_sheet,dcdc67ff84977e2beeb6b7a8113b6862fae1880838c613eceac42ba4b605d9d7,134,14,line_item,Current tax assets,2024-12-31,373,1,1,1,1,0,True,True,False,spatial_row_and_column_match
unilever,2025,balance_sheet,dcdc67ff84977e2beeb6b7a8113b6862fae1880838c613eceac42ba4b605d9d7,134,15,line_item,Cash and cash equivalents,2025-12-31,"3,941",1,1,1,1,0,True,True,False,spatial_row_and_column_match
unilever,2025,balance_sheet,dcdc67ff84977e2beeb6b7a8113b6862fae1880838c613eceac42ba4b605d9d7,134,15,line_item,Cash and cash equivalents,2024-12-31,"6,136",1,1,1,1,0,True,True,False,spatial_row_and_column_match
unilever,2025,balance_sheet,dcdc67ff84977e2beeb6b7a8113b6862fae1880838c613eceac42ba4b605d9d7,134,16,line_item,Other financial assets,2025-12-31,"1,121",1,1,1,1,0,True,True,False,spatial_row_and_column_match
unilever,2025,balance_sheet,dcdc67ff84977e2beeb6b7a8113b6862fae1880838c613eceac42ba4b605d9d7,134,16,line_item,Other financial assets,2024-12-31,"1,330",1,1,1,1,0,True,True,False,spatial_row_and_column_match
unilever,2025,balance_sheet,dcdc67ff84977e2beeb6b7a8113b6862fae1880838c613eceac42ba4b605d9d7,134,17,line_item,Assets held for sale,2025-12-31,286,1,1,1,1,0,True,True,False,spatial_row_and_column_match
unilever,2025,balance_sheet,dcdc67ff84977e2beeb6b7a8113b6862fae1880838c613eceac42ba4b605d9d7,134,17,line_item,Assets held for sale,2024-12-31,167,1,1,1,1,0,True,True,False,spatial_row_and_column_match
unilever,2025,balance_sheet,dcdc67ff84977e2beeb6b7a8113b6862fae1880838c613eceac42ba4b605d9d7,134,18,subtotal,Current assets,2025-12-31,"17,066",3,1,0,0,0,False,True,True,section_subtotal_reconciled
unilever,2025,balance_sheet,dcdc67ff84977e2beeb6b7a8113b6862fae1880838c613eceac42ba4b605d9d7,134,18,subtotal,Current assets,2024-12-31,"19,194",3,1,0,0,0,False,True,True,section_subtotal_reconciled
unilever,2025,balance_sheet,dcdc67ff84977e2beeb6b7a8113b6862fae1880838c613eceac42ba4b605d9d7,134,19,total,Total assets,2025-12-31,"70,471",1,2,1,1,0,True,True,False,spatial_row_and_column_match
unilever,2025,balance_sheet,dcdc67ff84977e2beeb6b7a8113b6862fae1880838c613eceac42ba4b605d9d7,134,19,total,Total assets,2024-12-31,"79,750",1,2,1,1,0,True,True,False,spatial_row_and_column_match
unilever,2025,balance_sheet,dcdc67ff84977e2beeb6b7a8113b6862fae1880838c613eceac42ba4b605d9d7,134,22,line_item,Financial liabilities,2025-12-31,"2,582",2,1,1,1,0,True,True,False,spatial_row_and_column_match
unilever,2025,balance_sheet,dcdc67ff84977e2beeb6b7a8113b6862fae1880838c613eceac42ba4b605d9d7,134,22,line_item,Financial liabilities,2024-12-31,"6,987",2,1,1,1,0,True,True,False,spatial_row_and_column_match
unilever,2025,balance_sheet,dcdc67ff84977e2beeb6b7a8113b6862fae1880838c613eceac42ba4b605d9d7,134,23,line_item,Trade payables and other current liabilities,2025-12-31,"16,939",1,1,1,1,0,True,True,False,spatial_row_and_column_match
unilever,2025,balance_sheet,dcdc67ff84977e2beeb6b7a8113b6862fae1880838c613eceac42ba4b605d9d7,134,23,line_item,Trade payables and other current liabilities,2024-12-31,"16,690",1,1,1,1,0,True,True,False,spatial_row_and_column_match
unilever,2025,balance_sheet,dcdc67ff84977e2beeb6b7a8113b6862fae1880838c613eceac42ba4b605d9d7,134,24,line_item,Current tax liabilities,2025-12-31,"1,439",2,1,1,1,0,True,True,False,spatial_row_and_column_match
unilever,2025,balance_sheet,dcdc67ff84977e2beeb6b7a8113b6862fae1880838c613eceac42ba4b605d9d7,134,24,line_item,Current tax liabilities,2024-12-31,678,2,1,1,1,0,True,True,False,spatial_row_and_column_match
unilever,2025,balance_sheet,dcdc67ff84977e2beeb6b7a8113b6862fae1880838c613eceac42ba4b605d9d7,134,25,line_item,Provisions,2025-12-31,589,2,1,1,1,0,True,True,False,spatial_row_and_column_match
unilever,2025,balance_sheet,dcdc67ff84977e2beeb6b7a8113b6862fae1880838c613eceac42ba4b605d9d7,134,25,line_item,Provisions,2024-12-31,831,2,1,1,1,0,True,True,False,spatial_row_and_column_match
unilever,2025,balance_sheet,dcdc67ff84977e2beeb6b7a8113b6862fae1880838c613eceac42ba4b605d9d7,134,26,line_item,Liabilities held for sale,2025-12-31,113,1,1,1,1,0,True,True,False,spatial_row_and_column_match
unilever,2025,balance_sheet,dcdc67ff84977e2beeb6b7a8113b6862fae1880838c613eceac42ba4b605d9d7,134,26,line_item,Liabilities held for sale,2024-12-31,48,1,1,1,1,0,True,True,False,spatial_row_and_column_match
unilever,2025,balance_sheet,dcdc67ff84977e2beeb6b7a8113b6862fae1880838c613eceac42ba4b605d9d7,134,27,subtotal,Current liabilities,2025-12-31,"21,662",4,1,0,0,0,False,True,True,section_subtotal_reconciled
unilever,2025,balance_sheet,dcdc67ff84977e2beeb6b7a8113b6862fae1880838c613eceac42ba4b605d9d7,134,27,subtotal,Current liabilities,2024-12-31,"25,234",4,1,0,0,0,False,True,True,section_subtotal_reconciled
unilever,2025,balance_sheet,dcdc67ff84977e2beeb6b7a8113b6862fae1880838c613eceac42ba4b605d9d7,134,29,line_item,Financial liabilities,2025-12-31,"25,696",2,1,1,1,0,True,True,False,spatial_row_and_column_match
unilever,2025,balance_sheet,dcdc67ff84977e2beeb6b7a8113b6862fae1880838c613eceac42ba4b605d9d7,134,29,line_item,Financial liabilities,2024-12-31,"25,066",2,1,1,1,0,True,True,False,spatial_row_and_column_match
unilever,2025,balance_sheet,dcdc67ff84977e2beeb6b7a8113b6862fae1880838c613eceac42ba4b605d9d7,134,30,line_item,Non-current tax liabilities,2025-12-31,303,1,1,1,1,0,True,True,False,spatial_row_and_column_match
unilever,2025,balance_sheet,dcdc67ff84977e2beeb6b7a8113b6862fae1880838c613eceac42ba4b605d9d7,134,30,line_item,Non-current tax liabilities,2024-12-31,585,1,1,1,1,0,True,True,False,spatial_row_and_column_match
unilever,2025,balance_sheet,dcdc67ff84977e2beeb6b7a8113b6862fae1880838c613eceac42ba4b605d9d7,134,32,line_item,  Funded schemes in deficit,2025-12-31,100,1,1,1,1,0,True,True,False,spatial_row_and_column_match
unilever,2025,balance_sheet,dcdc67ff84977e2beeb6b7a8113b6862fae1880838c613eceac42ba4b605d9d7,134,32,line_item,  Funded schemes in deficit,2024-12-31,173,1,1,1,1,0,True,True,False,spatial_row_and_column_match
unilever,2025,balance_sheet,dcdc67ff84977e2beeb6b7a8113b6862fae1880838c613eceac42ba4b605d9d7,134,33,line_item,  Unfunded schemes,2025-12-31,844,1,1,1,1,0,True,True,False,spatial_row_and_column_match
unilever,2025,balance_sheet,dcdc67ff84977e2beeb6b7a8113b6862fae1880838c613eceac42ba4b605d9d7,134,33,line_item,  Unfunded schemes,2024-12-31,"1,021",1,1,1,1,0,True,True,False,spatial_row_and_column_match
unilever,2025,balance_sheet,dcdc67ff84977e2beeb6b7a8113b6862fae1880838c613eceac42ba4b605d9d7,134,34,line_item,Provisions,2025-12-31,539,2,1,1,1,0,True,True,False,spatial_row_and_column_match
unilever,2025,balance_sheet,dcdc67ff84977e2beeb6b7a8113b6862fae1880838c613eceac42ba4b605d9d7,134,34,line_item,Provisions,2024-12-31,571,2,1,1,1,0,True,True,False,spatial_row_and_column_match
unilever,2025,balance_sheet,dcdc67ff84977e2beeb6b7a8113b6862fae1880838c613eceac42ba4b605d9d7,134,35,line_item,Deferred tax liabilities,2025-12-31,"3,603",1,1,1,1,0,True,True,False,spatial_row_and_column_match
unilever,2025,balance_sheet,dcdc67ff84977e2beeb6b7a8113b6862fae1880838c613eceac42ba4b605d9d7,134,35,line_item,Deferred tax liabilities,2024-12-31,"4,342",1,1,1,1,0,True,True,False,spatial_row_and_column_match
unilever,2025,balance_sheet,dcdc67ff84977e2beeb6b7a8113b6862fae1880838c613eceac42ba4b605d9d7,134,36,line_item,Other non-current liabilities,2025-12-31,137,1,1,1,1,0,True,True,False,spatial_row_and_column_match
unilever,2025,balance_sheet,dcdc67ff84977e2beeb6b7a8113b6862fae1880838c613eceac42ba4b605d9d7,134,36,line_item,Other non-current liabilities,2024-12-31,203,1,1,1,1,0,True,True,False,spatial_row_and_column_match
unilever,2025,balance_sheet,dcdc67ff84977e2beeb6b7a8113b6862fae1880838c613eceac42ba4b605d9d7,134,37,subtotal,Non-current liabilities,2025-12-31,"31,222",2,1,0,0,0,False,True,True,section_subtotal_reconciled
unilever,2025,balance_sheet,dcdc67ff84977e2beeb6b7a8113b6862fae1880838c613eceac42ba4b605d9d7,134,37,subtotal,Non-current liabilities,2024-12-31,"31,961",2,1,0,0,0,False,True,True,section_subtotal_reconciled
unilever,2025,balance_sheet,dcdc67ff84977e2beeb6b7a8113b6862fae1880838c613eceac42ba4b605d9d7,134,38,total,Total liabilities,2025-12-31,"52,884",2,1,1,1,0,True,True,False,spatial_row_and_column_match
unilever,2025,balance_sheet,dcdc67ff84977e2beeb6b7a8113b6862fae1880838c613eceac42ba4b605d9d7,134,38,total,Total liabilities,2024-12-31,"57,195",2,1,1,1,0,True,True,False,spatial_row_and_column_match
unilever,2025,balance_sheet,dcdc67ff84977e2beeb6b7a8113b6862fae1880838c613eceac42ba4b605d9d7,134,40,line_item,Shareholders’ equity,2025-12-31,"15,530",1,1,1,1,0,True,True,False,spatial_row_and_column_match
unilever,2025,balance_sheet,dcdc67ff84977e2beeb6b7a8113b6862fae1880838c613eceac42ba4b605d9d7,134,40,line_item,Shareholders’ equity,2024-12-31,"19,990",1,1,1,1,0,True,True,False,spatial_row_and_column_match
unilever,2025,balance_sheet,dcdc67ff84977e2beeb6b7a8113b6862fae1880838c613eceac42ba4b605d9d7,134,41,line_item,Non-controlling interests,2025-12-31,"2,057",1,1,1,1,0,True,True,False,spatial_row_and_column_match
unilever,2025,balance_sheet,dcdc67ff84977e2beeb6b7a8113b6862fae1880838c613eceac42ba4b605d9d7,134,41,line_item,Non-controlling interests,2024-12-31,"2,565",1,1,1,1,0,True,True,False,spatial_row_and_column_match
unilever,2025,balance_sheet,dcdc67ff84977e2beeb6b7a8113b6862fae1880838c613eceac42ba4b605d9d7,134,42,total,Total equity,2025-12-31,"17,587",1,1,1,1,0,True,True,False,spatial_row_and_column_match
unilever,2025,balance_sheet,dcdc67ff84977e2beeb6b7a8113b6862fae1880838c613eceac42ba4b605d9d7,134,42,total,Total equity,2024-12-31,"22,555",1,1,1,1,0,True,True,False,spatial_row_and_column_match
unilever,2025,balance_sheet,dcdc67ff84977e2beeb6b7a8113b6862fae1880838c613eceac42ba4b605d9d7,134,43,total,Total liabilities and equity,2025-12-31,"70,471",1,2,1,1,0,True,True,False,spatial_row_and_column_match
unilever,2025,balance_sheet,dcdc67ff84977e2beeb6b7a8113b6862fae1880838c613eceac42ba4b605d9d7,134,43,total,Total liabilities and equity,2024-12-31,"79,750",1,2,1,1,0,True,True,False,spatial_row_and_column_match
unilever,2025,cash_flow,dcdc67ff84977e2beeb6b7a8113b6862fae1880838c613eceac42ba4b605d9d7,135,3,line_item, Net profit from continuing operations,2025-12-31,"6,213",1,1,1,1,0,True,True,False,spatial_row_and_column_match
unilever,2025,cash_flow,dcdc67ff84977e2beeb6b7a8113b6862fae1880838c613eceac42ba4b605d9d7,135,3,line_item, Net profit from continuing operations,2024-12-31,"6,039",1,1,1,1,0,True,True,False,spatial_row_and_column_match
unilever,2025,cash_flow,dcdc67ff84977e2beeb6b7a8113b6862fae1880838c613eceac42ba4b605d9d7,135,3,line_item, Net profit from continuing operations,2023-12-31,"6,637",1,1,1,1,0,True,True,False,spatial_row_and_column_match
unilever,2025,cash_flow,dcdc67ff84977e2beeb6b7a8113b6862fae1880838c613eceac42ba4b605d9d7,135,4,line_item, Taxation,2025-12-31,"2,481",1,1,1,1,0,True,True,False,spatial_row_and_column_match
unilever,2025,cash_flow,dcdc67ff84977e2beeb6b7a8113b6862fae1880838c613eceac42ba4b605d9d7,135,4,line_item, Taxation,2024-12-31,"2,332",1,1,1,1,0,True,True,False,spatial_row_and_column_match
unilever,2025,cash_flow,dcdc67ff84977e2beeb6b7a8113b6862fae1880838c613eceac42ba4b605d9d7,135,4,line_item, Taxation,2023-12-31,"1,990",1,1,1,1,0,True,True,False,spatial_row_and_column_match
unilever,2025,cash_flow,dcdc67ff84977e2beeb6b7a8113b6862fae1880838c613eceac42ba4b605d9d7,135,5,line_item," Share of net profit of joint ventures/associates and other (income)/loss from non-
 current investments",2025-12-31,(228),1,1,1,1,0,True,True,False,spatial_row_and_column_match
unilever,2025,cash_flow,dcdc67ff84977e2beeb6b7a8113b6862fae1880838c613eceac42ba4b605d9d7,135,5,line_item," Share of net profit of joint ventures/associates and other (income)/loss from non-
 current investments",2024-12-31,(263),1,1,1,1,0,True,True,False,spatial_row_and_column_match
unilever,2025,cash_flow,dcdc67ff84977e2beeb6b7a8113b6862fae1880838c613eceac42ba4b605d9d7,135,5,line_item," Share of net profit of joint ventures/associates and other (income)/loss from non-
 current investments",2023-12-31,(206),1,1,1,1,0,True,True,False,spatial_row_and_column_match
unilever,2025,cash_flow,dcdc67ff84977e2beeb6b7a8113b6862fae1880838c613eceac42ba4b605d9d7,135,6,line_item, Net monetary loss arising from hyperinflationary economies,2025-12-31,68,1,1,1,1,0,True,True,False,spatial_row_and_column_match
unilever,2025,cash_flow,dcdc67ff84977e2beeb6b7a8113b6862fae1880838c613eceac42ba4b605d9d7,135,6,line_item, Net monetary loss arising from hyperinflationary economies,2024-12-31,201,1,1,1,1,0,True,True,False,spatial_row_and_column_match
unilever,2025,cash_flow,dcdc67ff84977e2beeb6b7a8113b6862fae1880838c613eceac42ba4b605d9d7,135,6,line_item, Net monetary loss arising from hyperinflationary economies,2023-12-31,169,1,1,1,1,0,True,True,False,spatial_row_and_column_match
unilever,2025,cash_flow,dcdc67ff84977e2beeb6b7a8113b6862fae1880838c613eceac42ba4b605d9d7,135,7,line_item, Net finance costs,2025-12-31,503,1,1,1,1,0,True,True,False,spatial_row_and_column_match
unilever,2025,cash_flow,dcdc67ff84977e2beeb6b7a8113b6862fae1880838c613eceac42ba4b605d9d7,135,7,line_item, Net finance costs,2024-12-31,520,1,1,1,1,0,True,True,False,spatial_row_and_column_match
unilever,2025,cash_flow,dcdc67ff84977e2beeb6b7a8113b6862fae1880838c613eceac42ba4b605d9d7,135,7,line_item, Net finance costs,2023-12-31,409,1,1,1,1,0,True,True,False,spatial_row_and_column_match
unilever,2025,cash_flow,dcdc67ff84977e2beeb6b7a8113b6862fae1880838c613eceac42ba4b605d9d7,135,8,line_item, Operating profit from continuing operations,2025-12-31,"9,037",1,1,1,1,0,True,True,False,spatial_row_and_column_match
unilever,2025,cash_flow,dcdc67ff84977e2beeb6b7a8113b6862fae1880838c613eceac42ba4b605d9d7,135,8,line_item, Operating profit from continuing operations,2024-12-31,"8,829",1,1,1,1,0,True,True,False,spatial_row_and_column_match
unilever,2025,cash_flow,dcdc67ff84977e2beeb6b7a8113b6862fae1880838c613eceac42ba4b605d9d7,135,8,line_item, Operating profit from continuing operations,2023-12-31,"8,998",1,1,1,1,0,True,True,False,spatial_row_and_column_match
unilever,2025,cash_flow,dcdc67ff84977e2beeb6b7a8113b6862fae1880838c613eceac42ba4b605d9d7,135,9,line_item," Depreciation, amortisation and impairment",2025-12-31,"1,353",1,1,1,1,0,True,True,False,spatial_row_and_column_match
unilever,2025,cash_flow,dcdc67ff84977e2beeb6b7a8113b6862fae1880838c613eceac42ba4b605d9d7,135,9,line_item," Depreciation, amortisation and impairment",2024-12-31,"1,370",1,1,1,1,0,True,True,False,spatial_row_and_column_match
unilever,2025,cash_flow,dcdc67ff84977e2beeb6b7a8113b6862fae1880838c613eceac42ba4b605d9d7,135,9,line_item," Depreciation, amortisation and impairment",2023-12-31,"1,148",1,1,1,1,0,True,True,False,spatial_row_and_column_match
unilever,2025,cash_flow,dcdc67ff84977e2beeb6b7a8113b6862fae1880838c613eceac42ba4b605d9d7,135,10,subtotal, Changes in working capital:,2025-12-31,116,1,2,1,1,0,True,True,False,spatial_row_and_column_match
unilever,2025,cash_flow,dcdc67ff84977e2beeb6b7a8113b6862fae1880838c613eceac42ba4b605d9d7,135,10,subtotal, Changes in working capital:,2024-12-31,(188),1,1,1,1,0,True,True,False,spatial_row_and_column_match
unilever,2025,cash_flow,dcdc67ff84977e2beeb6b7a8113b6862fae1880838c613eceac42ba4b605d9d7,135,10,subtotal, Changes in working capital:,2023-12-31,753,1,1,1,1,0,True,True,False,spatial_row_and_column_match
unilever,2025,cash_flow,dcdc67ff84977e2beeb6b7a8113b6862fae1880838c613eceac42ba4b605d9d7,135,11,line_item,   Inventories,2025-12-31,(281),1,1,1,1,0,True,True,False,spatial_row_and_column_match
unilever,2025,cash_flow,dcdc67ff84977e2beeb6b7a8113b6862fae1880838c613eceac42ba4b605d9d7,135,11,line_item,   Inventories,2024-12-31,(190),1,1,1,1,0,True,True,False,spatial_row_and_column_match
unilever,2025,cash_flow,dcdc67ff84977e2beeb6b7a8113b6862fae1880838c613eceac42ba4b605d9d7,135,11,line_item,   Inventories,2023-12-31,282,1,1,1,1,0,True,True,False,spatial_row_and_column_match
unilever,2025,cash_flow,dcdc67ff84977e2beeb6b7a8113b6862fae1880838c613eceac42ba4b605d9d7,135,12,line_item,   Trade and other receivables(b),2025-12-31,"(2,620)",1,1,1,1,0,True,True,False,spatial_row_and_column_match
unilever,2025,cash_flow,dcdc67ff84977e2beeb6b7a8113b6862fae1880838c613eceac42ba4b605d9d7,135,12,line_item,   Trade and other receivables(b),2024-12-31,(211),1,1,1,1,0,True,True,False,spatial_row_and_column_match
unilever,2025,cash_flow,dcdc67ff84977e2beeb6b7a8113b6862fae1880838c613eceac42ba4b605d9d7,135,12,line_item,   Trade and other receivables(b),2023-12-31,731,1,1,1,1,0,True,True,False,spatial_row_and_column_match
unilever,2025,cash_flow,dcdc67ff84977e2beeb6b7a8113b6862fae1880838c613eceac42ba4b605d9d7,135,13,line_item,   Trade payables and other liabilities(b),2025-12-31,"3,017",1,1,1,1,0,True,True,False,spatial_row_and_column_match
unilever,2025,cash_flow,dcdc67ff84977e2beeb6b7a8113b6862fae1880838c613eceac42ba4b605d9d7,135,13,line_item,   Trade payables and other liabilities(b),2024-12-31,213,1,1,1,1,0,True,True,False,spatial_row_and_column_match
unilever,2025,cash_flow,dcdc67ff84977e2beeb6b7a8113b6862fae1880838c613eceac42ba4b605d9d7,135,13,line_item,   Trade payables and other liabilities(b),2023-12-31,(260),1,1,1,1,0,True,True,False,spatial_row_and_column_match
unilever,2025,cash_flow,dcdc67ff84977e2beeb6b7a8113b6862fae1880838c613eceac42ba4b605d9d7,135,14,line_item, Pensions and similar obligations less payments,2025-12-31,(74),1,1,1,1,0,True,True,False,spatial_row_and_column_match
unilever,2025,cash_flow,dcdc67ff84977e2beeb6b7a8113b6862fae1880838c613eceac42ba4b605d9d7,135,14,line_item, Pensions and similar obligations less payments,2024-12-31,(54),1,1,1,1,0,True,True,False,spatial_row_and_column_match
unilever,2025,cash_flow,dcdc67ff84977e2beeb6b7a8113b6862fae1880838c613eceac42ba4b605d9d7,135,14,line_item, Pensions and similar obligations less payments,2023-12-31,(251),1,1,1,1,0,True,True,False,spatial_row_and_column_match
unilever,2025,cash_flow,dcdc67ff84977e2beeb6b7a8113b6862fae1880838c613eceac42ba4b605d9d7,135,15,line_item, Provisions less payments,2025-12-31,(130),1,1,1,1,0,True,True,False,spatial_row_and_column_match
unilever,2025,cash_flow,dcdc67ff84977e2beeb6b7a8113b6862fae1880838c613eceac42ba4b605d9d7,135,15,line_item, Provisions less payments,2024-12-31,289,1,1,1,1,0,True,True,False,spatial_row_and_column_match
unilever,2025,cash_flow,dcdc67ff84977e2beeb6b7a8113b6862fae1880838c613eceac42ba4b605d9d7,135,15,line_item, Provisions less payments,2023-12-31,(171),1,1,1,1,0,True,True,False,spatial_row_and_column_match
unilever,2025,cash_flow,dcdc67ff84977e2beeb6b7a8113b6862fae1880838c613eceac42ba4b605d9d7,135,16,line_item, Elimination of losses/(profits) on disposals,2025-12-31,58,1,1,1,1,0,True,True,False,spatial_row_and_column_match
unilever,2025,cash_flow,dcdc67ff84977e2beeb6b7a8113b6862fae1880838c613eceac42ba4b605d9d7,135,16,line_item, Elimination of losses/(profits) on disposals,2024-12-31,259,1,1,1,1,0,True,True,False,spatial_row_and_column_match
unilever,2025,cash_flow,dcdc67ff84977e2beeb6b7a8113b6862fae1880838c613eceac42ba4b605d9d7,135,16,line_item, Elimination of losses/(profits) on disposals,2023-12-31,(440),1,1,1,1,0,True,True,False,spatial_row_and_column_match
unilever,2025,cash_flow,dcdc67ff84977e2beeb6b7a8113b6862fae1880838c613eceac42ba4b605d9d7,135,17,line_item, Non-cash charge for share-based compensation,2025-12-31,255,1,1,1,1,0,True,True,False,spatial_row_and_column_match
unilever,2025,cash_flow,dcdc67ff84977e2beeb6b7a8113b6862fae1880838c613eceac42ba4b605d9d7,135,17,line_item, Non-cash charge for share-based compensation,2024-12-31,292,1,1,1,1,0,True,True,False,spatial_row_and_column_match
unilever,2025,cash_flow,dcdc67ff84977e2beeb6b7a8113b6862fae1880838c613eceac42ba4b605d9d7,135,17,line_item, Non-cash charge for share-based compensation,2023-12-31,192,1,1,1,1,0,True,True,False,spatial_row_and_column_match
unilever,2025,cash_flow,dcdc67ff84977e2beeb6b7a8113b6862fae1880838c613eceac42ba4b605d9d7,135,18,line_item, Other adjustments,2025-12-31,157,1,1,1,1,0,True,True,False,spatial_row_and_column_match
unilever,2025,cash_flow,dcdc67ff84977e2beeb6b7a8113b6862fae1880838c613eceac42ba4b605d9d7,135,18,line_item, Other adjustments,2024-12-31,116,1,2,1,1,0,True,True,False,spatial_row_and_column_match
unilever,2025,cash_flow,dcdc67ff84977e2beeb6b7a8113b6862fae1880838c613eceac42ba4b605d9d7,135,18,line_item, Other adjustments,2023-12-31,97,1,1,1,1,0,True,True,False,spatial_row_and_column_match
unilever,2025,cash_flow,dcdc67ff84977e2beeb6b7a8113b6862fae1880838c613eceac42ba4b605d9d7,135,19,subtotal, Cash flow from continuing operating activities,2025-12-31,"10,772",2,1,1,1,0,True,True,False,spatial_row_and_column_match
unilever,2025,cash_flow,dcdc67ff84977e2beeb6b7a8113b6862fae1880838c613eceac42ba4b605d9d7,135,19,subtotal, Cash flow from continuing operating activities,2024-12-31,"10,913",2,1,1,1,0,True,True,False,spatial_row_and_column_match
unilever,2025,cash_flow,dcdc67ff84977e2beeb6b7a8113b6862fae1880838c613eceac42ba4b605d9d7,135,19,subtotal, Cash flow from continuing operating activities,2023-12-31,"10,326",2,1,1,1,0,True,True,False,spatial_row_and_column_match
unilever,2025,cash_flow,dcdc67ff84977e2beeb6b7a8113b6862fae1880838c613eceac42ba4b605d9d7,135,20,line_item, Income tax paid on continuing operations,2025-12-31,"(2,720)",1,1,1,1,0,True,True,False,spatial_row_and_column_match
unilever,2025,cash_flow,dcdc67ff84977e2beeb6b7a8113b6862fae1880838c613eceac42ba4b605d9d7,135,20,line_item, Income tax paid on continuing operations,2024-12-31,"(2,452)",1,1,1,1,0,True,True,False,spatial_row_and_column_match
unilever,2025,cash_flow,dcdc67ff84977e2beeb6b7a8113b6862fae1880838c613eceac42ba4b605d9d7,135,20,line_item, Income tax paid on continuing operations,2023-12-31,"(1,933)",1,1,1,1,0,True,True,False,spatial_row_and_column_match
unilever,2025,cash_flow,dcdc67ff84977e2beeb6b7a8113b6862fae1880838c613eceac42ba4b605d9d7,135,21,subtotal, Net cash flow from continuing operating activities,2025-12-31,"8,052",1,1,1,1,0,True,True,False,spatial_row_and_column_match
unilever,2025,cash_flow,dcdc67ff84977e2beeb6b7a8113b6862fae1880838c613eceac42ba4b605d9d7,135,21,subtotal, Net cash flow from continuing operating activities,2024-12-31,"8,461",1,1,1,1,0,True,True,False,spatial_row_and_column_match
unilever,2025,cash_flow,dcdc67ff84977e2beeb6b7a8113b6862fae1880838c613eceac42ba4b605d9d7,135,21,subtotal, Net cash flow from continuing operating activities,2023-12-31,"8,393",1,1,1,1,0,True,True,False,spatial_row_and_column_match
unilever,2025,cash_flow,dcdc67ff84977e2beeb6b7a8113b6862fae1880838c613eceac42ba4b605d9d7,135,22,line_item, Cash flow from operations attributable to discontinued operations,2025-12-31,475,1,1,1,1,0,True,True,False,spatial_row_and_column_match
unilever,2025,cash_flow,dcdc67ff84977e2beeb6b7a8113b6862fae1880838c613eceac42ba4b605d9d7,135,22,line_item, Cash flow from operations attributable to discontinued operations,2024-12-31,"1,231",1,1,1,1,0,True,True,False,spatial_row_and_column_match
unilever,2025,cash_flow,dcdc67ff84977e2beeb6b7a8113b6862fae1880838c613eceac42ba4b605d9d7,135,22,line_item, Cash flow from operations attributable to discontinued operations,2023-12-31,"1,235",1,1,1,1,0,True,True,False,spatial_row_and_column_match
unilever,2025,cash_flow,dcdc67ff84977e2beeb6b7a8113b6862fae1880838c613eceac42ba4b605d9d7,135,23,line_item, Income tax paid from discontinued operation,2025-12-31,(177),1,1,1,1,0,True,True,False,spatial_row_and_column_match
unilever,2025,cash_flow,dcdc67ff84977e2beeb6b7a8113b6862fae1880838c613eceac42ba4b605d9d7,135,23,line_item, Income tax paid from discontinued operation,2024-12-31,(173),1,1,1,1,0,True,True,False,spatial_row_and_column_match
unilever,2025,cash_flow,dcdc67ff84977e2beeb6b7a8113b6862fae1880838c613eceac42ba4b605d9d7,135,23,line_item, Income tax paid from discontinued operation,2023-12-31,(202),1,2,1,1,0,True,True,False,spatial_row_and_column_match
unilever,2025,cash_flow,dcdc67ff84977e2beeb6b7a8113b6862fae1880838c613eceac42ba4b605d9d7,135,24,subtotal, Net operating cash flows attributable to discontinued operations,2025-12-31,298,1,1,1,1,0,True,True,False,spatial_row_and_column_match
unilever,2025,cash_flow,dcdc67ff84977e2beeb6b7a8113b6862fae1880838c613eceac42ba4b605d9d7,135,24,subtotal, Net operating cash flows attributable to discontinued operations,2024-12-31,"1,058",1,1,1,1,0,True,True,False,spatial_row_and_column_match
unilever,2025,cash_flow,dcdc67ff84977e2beeb6b7a8113b6862fae1880838c613eceac42ba4b605d9d7,135,24,subtotal, Net operating cash flows attributable to discontinued operations,2023-12-31,"1,033",1,1,1,1,0,True,True,False,spatial_row_and_column_match
unilever,2025,cash_flow,dcdc67ff84977e2beeb6b7a8113b6862fae1880838c613eceac42ba4b605d9d7,135,25,total, Total cash flows from operating activities,2025-12-31,"8,350",1,1,1,1,0,True,True,False,spatial_row_and_column_match
unilever,2025,cash_flow,dcdc67ff84977e2beeb6b7a8113b6862fae1880838c613eceac42ba4b605d9d7,135,25,total, Total cash flows from operating activities,2024-12-31,"9,519",1,1,1,1,0,True,True,False,spatial_row_and_column_match
unilever,2025,cash_flow,dcdc67ff84977e2beeb6b7a8113b6862fae1880838c613eceac42ba4b605d9d7,135,25,total, Total cash flows from operating activities,2023-12-31,"9,426",1,1,1,1,0,True,True,False,spatial_row_and_column_match
unilever,2025,cash_flow,dcdc67ff84977e2beeb6b7a8113b6862fae1880838c613eceac42ba4b605d9d7,135,26,line_item, Interest received,2025-12-31,352,1,1,1,1,0,True,True,False,spatial_row_and_column_match
unilever,2025,cash_flow,dcdc67ff84977e2beeb6b7a8113b6862fae1880838c613eceac42ba4b605d9d7,135,26,line_item, Interest received,2024-12-31,370,1,1,1,1,0,True,True,False,spatial_row_and_column_match
unilever,2025,cash_flow,dcdc67ff84977e2beeb6b7a8113b6862fae1880838c613eceac42ba4b605d9d7,135,26,line_item, Interest received,2023-12-31,223,1,1,1,1,0,True,True,False,spatial_row_and_column_match
unilever,2025,cash_flow,dcdc67ff84977e2beeb6b7a8113b6862fae1880838c613eceac42ba4b605d9d7,135,27,line_item, Purchase of intangible assets,2025-12-31,(174),1,1,1,1,0,True,True,False,spatial_row_and_column_match
unilever,2025,cash_flow,dcdc67ff84977e2beeb6b7a8113b6862fae1880838c613eceac42ba4b605d9d7,135,27,line_item, Purchase of intangible assets,2024-12-31,(233),1,1,1,1,0,True,True,False,spatial_row_and_column_match
unilever,2025,cash_flow,dcdc67ff84977e2beeb6b7a8113b6862fae1880838c613eceac42ba4b605d9d7,135,27,line_item, Purchase of intangible assets,2023-12-31,(241),1,1,1,1,0,True,True,False,spatial_row_and_column_match
unilever,2025,cash_flow,dcdc67ff84977e2beeb6b7a8113b6862fae1880838c613eceac42ba4b605d9d7,135,28,line_item," Purchase of property, plant and equipment",2025-12-31,"(1,417)",1,1,1,1,0,True,True,False,spatial_row_and_column_match
unilever,2025,cash_flow,dcdc67ff84977e2beeb6b7a8113b6862fae1880838c613eceac42ba4b605d9d7,135,28,line_item," Purchase of property, plant and equipment",2024-12-31,"(1,381)",1,1,1,1,0,True,True,False,spatial_row_and_column_match
unilever,2025,cash_flow,dcdc67ff84977e2beeb6b7a8113b6862fae1880838c613eceac42ba4b605d9d7,135,28,line_item," Purchase of property, plant and equipment",2023-12-31,"(1,194)",1,1,1,1,0,True,True,False,spatial_row_and_column_match
unilever,2025,cash_flow,dcdc67ff84977e2beeb6b7a8113b6862fae1880838c613eceac42ba4b605d9d7,135,29,line_item," Disposal of property, plant and equipment",2025-12-31,126,1,1,1,1,0,True,True,False,spatial_row_and_column_match
unilever,2025,cash_flow,dcdc67ff84977e2beeb6b7a8113b6862fae1880838c613eceac42ba4b605d9d7,135,29,line_item," Disposal of property, plant and equipment",2024-12-31,15,1,2,2,1,1,True,True,False,spatial_row_and_column_match
unilever,2025,cash_flow,dcdc67ff84977e2beeb6b7a8113b6862fae1880838c613eceac42ba4b605d9d7,135,29,line_item," Disposal of property, plant and equipment",2023-12-31,15,1,2,2,1,1,True,True,False,spatial_row_and_column_match
unilever,2025,cash_flow,dcdc67ff84977e2beeb6b7a8113b6862fae1880838c613eceac42ba4b605d9d7,135,30,line_item, Acquisition of businesses and investments in joint ventures and associates,2025-12-31,"(1,674)",1,1,1,1,0,True,True,False,spatial_row_and_column_match
unilever,2025,cash_flow,dcdc67ff84977e2beeb6b7a8113b6862fae1880838c613eceac42ba4b605d9d7,135,30,line_item, Acquisition of businesses and investments in joint ventures and associates,2024-12-31,(734),1,1,1,1,0,True,True,False,spatial_row_and_column_match
unilever,2025,cash_flow,dcdc67ff84977e2beeb6b7a8113b6862fae1880838c613eceac42ba4b605d9d7,135,30,line_item, Acquisition of businesses and investments in joint ventures and associates,2023-12-31,(100),1,1,1,1,0,True,True,False,spatial_row_and_column_match
unilever,2025,cash_flow,dcdc67ff84977e2beeb6b7a8113b6862fae1880838c613eceac42ba4b605d9d7,135,31,line_item," Disposal of businesses, joint ventures and associates",2025-12-31,107,1,1,1,1,0,True,True,False,spatial_row_and_column_match
unilever,2025,cash_flow,dcdc67ff84977e2beeb6b7a8113b6862fae1880838c613eceac42ba4b605d9d7,135,31,line_item," Disposal of businesses, joint ventures and associates",2024-12-31,910,1,1,1,1,0,True,True,False,spatial_row_and_column_match
unilever,2025,cash_flow,dcdc67ff84977e2beeb6b7a8113b6862fae1880838c613eceac42ba4b605d9d7,135,31,line_item," Disposal of businesses, joint ventures and associates",2023-12-31,436,1,1,1,1,0,True,True,False,spatial_row_and_column_match
unilever,2025,cash_flow,dcdc67ff84977e2beeb6b7a8113b6862fae1880838c613eceac42ba4b605d9d7,135,32,line_item, Acquisition of other non-current investments,2025-12-31,(111),1,1,1,1,0,True,True,False,spatial_row_and_column_match
unilever,2025,cash_flow,dcdc67ff84977e2beeb6b7a8113b6862fae1880838c613eceac42ba4b605d9d7,135,32,line_item, Acquisition of other non-current investments,2024-12-31,(166),1,1,1,1,0,True,True,False,spatial_row_and_column_match
unilever,2025,cash_flow,dcdc67ff84977e2beeb6b7a8113b6862fae1880838c613eceac42ba4b605d9d7,135,32,line_item, Acquisition of other non-current investments,2023-12-31,(533),1,1,1,1,0,True,True,False,spatial_row_and_column_match
unilever,2025,cash_flow,dcdc67ff84977e2beeb6b7a8113b6862fae1880838c613eceac42ba4b605d9d7,135,33,line_item, Disposal of other non-current investments,2025-12-31,239,1,2,1,1,0,True,True,False,spatial_row_and_column_match
unilever,2025,cash_flow,dcdc67ff84977e2beeb6b7a8113b6862fae1880838c613eceac42ba4b605d9d7,135,33,line_item, Disposal of other non-current investments,2024-12-31,59,1,1,1,1,0,True,True,False,spatial_row_and_column_match
unilever,2025,cash_flow,dcdc67ff84977e2beeb6b7a8113b6862fae1880838c613eceac42ba4b605d9d7,135,33,line_item, Disposal of other non-current investments,2023-12-31,62,1,1,1,1,0,True,True,False,spatial_row_and_column_match
unilever,2025,cash_flow,dcdc67ff84977e2beeb6b7a8113b6862fae1880838c613eceac42ba4b605d9d7,135,34,line_item," Dividends from joint ventures, associates and other non-current investments",2025-12-31,243,1,1,1,1,0,True,True,False,spatial_row_and_column_match
unilever,2025,cash_flow,dcdc67ff84977e2beeb6b7a8113b6862fae1880838c613eceac42ba4b605d9d7,135,34,line_item," Dividends from joint ventures, associates and other non-current investments",2024-12-31,261,1,1,1,1,0,True,True,False,spatial_row_and_column_match
unilever,2025,cash_flow,dcdc67ff84977e2beeb6b7a8113b6862fae1880838c613eceac42ba4b605d9d7,135,34,line_item," Dividends from joint ventures, associates and other non-current investments",2023-12-31,239,1,2,1,1,0,True,True,False,spatial_row_and_column_match
unilever,2025,cash_flow,dcdc67ff84977e2beeb6b7a8113b6862fae1880838c613eceac42ba4b605d9d7,135,35,line_item, Sale/(purchase) of financial assets,2025-12-31,(85),1,1,1,1,0,True,True,False,spatial_row_and_column_match
unilever,2025,cash_flow,dcdc67ff84977e2beeb6b7a8113b6862fae1880838c613eceac42ba4b605d9d7,135,35,line_item, Sale/(purchase) of financial assets,2024-12-31,476,1,1,1,1,0,True,True,False,spatial_row_and_column_match
unilever,2025,cash_flow,dcdc67ff84977e2beeb6b7a8113b6862fae1880838c613eceac42ba4b605d9d7,135,35,line_item, Sale/(purchase) of financial assets,2023-12-31,(318),1,1,1,1,0,True,True,False,spatial_row_and_column_match
unilever,2025,cash_flow,dcdc67ff84977e2beeb6b7a8113b6862fae1880838c613eceac42ba4b605d9d7,135,36,subtotal, Net cash flow used in continuing investing activities,2025-12-31,"(2,394)",1,1,1,1,0,True,True,False,spatial_row_and_column_match
unilever,2025,cash_flow,dcdc67ff84977e2beeb6b7a8113b6862fae1880838c613eceac42ba4b605d9d7,135,36,subtotal, Net cash flow used in continuing investing activities,2024-12-31,(423),1,1,1,1,0,True,True,False,spatial_row_and_column_match
unilever,2025,cash_flow,dcdc67ff84977e2beeb6b7a8113b6862fae1880838c613eceac42ba4b605d9d7,135,36,subtotal, Net cash flow used in continuing investing activities,2023-12-31,"(1,411)",1,1,1,1,0,True,True,False,spatial_row_and_column_match
unilever,2025,cash_flow,dcdc67ff84977e2beeb6b7a8113b6862fae1880838c613eceac42ba4b605d9d7,135,37,subtotal, Net investing cash flows attributable to discontinued operations,2025-12-31,(724),1,1,1,1,0,True,True,False,spatial_row_and_column_match
unilever,2025,cash_flow,dcdc67ff84977e2beeb6b7a8113b6862fae1880838c613eceac42ba4b605d9d7,135,37,subtotal, Net investing cash flows attributable to discontinued operations,2024-12-31,(202),1,2,1,1,0,True,True,False,spatial_row_and_column_match
unilever,2025,cash_flow,dcdc67ff84977e2beeb6b7a8113b6862fae1880838c613eceac42ba4b605d9d7,135,37,subtotal, Net investing cash flows attributable to discontinued operations,2023-12-31,(883),1,1,1,1,0,True,True,False,spatial_row_and_column_match
unilever,2025,cash_flow,dcdc67ff84977e2beeb6b7a8113b6862fae1880838c613eceac42ba4b605d9d7,135,38,total, Total cash outflow used in investing activities,2025-12-31,"(3,118)",1,1,1,1,0,True,True,False,spatial_row_and_column_match
unilever,2025,cash_flow,dcdc67ff84977e2beeb6b7a8113b6862fae1880838c613eceac42ba4b605d9d7,135,38,total, Total cash outflow used in investing activities,2024-12-31,(625),1,1,1,1,0,True,True,False,spatial_row_and_column_match
unilever,2025,cash_flow,dcdc67ff84977e2beeb6b7a8113b6862fae1880838c613eceac42ba4b605d9d7,135,38,total, Total cash outflow used in investing activities,2023-12-31,"(2,294)",1,1,1,1,0,True,True,False,spatial_row_and_column_match
unilever,2025,cash_flow,dcdc67ff84977e2beeb6b7a8113b6862fae1880838c613eceac42ba4b605d9d7,135,39,line_item, Dividends paid on ordinary share capital,2025-12-31,"(4,453)",1,1,1,1,0,True,True,False,spatial_row_and_column_match
unilever,2025,cash_flow,dcdc67ff84977e2beeb6b7a8113b6862fae1880838c613eceac42ba4b605d9d7,135,39,line_item, Dividends paid on ordinary share capital,2024-12-31,"(4,319)",1,1,1,1,0,True,True,False,spatial_row_and_column_match
unilever,2025,cash_flow,dcdc67ff84977e2beeb6b7a8113b6862fae1880838c613eceac42ba4b605d9d7,135,39,line_item, Dividends paid on ordinary share capital,2023-12-31,"(4,363)",1,1,1,1,0,True,True,False,spatial_row_and_column_match
unilever,2025,cash_flow,dcdc67ff84977e2beeb6b7a8113b6862fae1880838c613eceac42ba4b605d9d7,135,40,line_item, Interest paid,2025-12-31,"(1,018)",1,1,1,1,0,True,True,False,spatial_row_and_column_match
unilever,2025,cash_flow,dcdc67ff84977e2beeb6b7a8113b6862fae1880838c613eceac42ba4b605d9d7,135,40,line_item, Interest paid,2024-12-31,(929),1,1,1,1,0,True,True,False,spatial_row_and_column_match
unilever,2025,cash_flow,dcdc67ff84977e2beeb6b7a8113b6862fae1880838c613eceac42ba4b605d9d7,135,40,line_item, Interest paid,2023-12-31,(751),1,1,1,1,0,True,True,False,spatial_row_and_column_match
unilever,2025,cash_flow,dcdc67ff84977e2beeb6b7a8113b6862fae1880838c613eceac42ba4b605d9d7,135,41,line_item, Net change in short-term borrowings,2025-12-31,"(2,228)",1,1,1,1,0,True,True,False,spatial_row_and_column_match
unilever,2025,cash_flow,dcdc67ff84977e2beeb6b7a8113b6862fae1880838c613eceac42ba4b605d9d7,135,41,line_item, Net change in short-term borrowings,2024-12-31,575,1,1,1,1,0,True,True,False,spatial_row_and_column_match
unilever,2025,cash_flow,dcdc67ff84977e2beeb6b7a8113b6862fae1880838c613eceac42ba4b605d9d7,135,41,line_item, Net change in short-term borrowings,2023-12-31,(506),1,1,1,1,0,True,True,False,spatial_row_and_column_match
unilever,2025,cash_flow,dcdc67ff84977e2beeb6b7a8113b6862fae1880838c613eceac42ba4b605d9d7,135,42,line_item, Additional financial liabilities,2025-12-31,"4,278",1,1,1,1,0,True,True,False,spatial_row_and_column_match
unilever,2025,cash_flow,dcdc67ff84977e2beeb6b7a8113b6862fae1880838c613eceac42ba4b605d9d7,135,42,line_item, Additional financial liabilities,2024-12-31,"4,234",1,1,1,1,0,True,True,False,spatial_row_and_column_match
unilever,2025,cash_flow,dcdc67ff84977e2beeb6b7a8113b6862fae1880838c613eceac42ba4b605d9d7,135,42,line_item, Additional financial liabilities,2023-12-31,"4,418",1,1,1,1,0,True,True,False,spatial_row_and_column_match
unilever,2025,cash_flow,dcdc67ff84977e2beeb6b7a8113b6862fae1880838c613eceac42ba4b605d9d7,135,43,line_item, Repayment of financial liabilities,2025-12-31,"(3,547)",1,1,1,1,0,True,True,False,spatial_row_and_column_match
unilever,2025,cash_flow,dcdc67ff84977e2beeb6b7a8113b6862fae1880838c613eceac42ba4b605d9d7,135,43,line_item, Repayment of financial liabilities,2024-12-31,"(3,846)",1,1,1,1,0,True,True,False,spatial_row_and_column_match
unilever,2025,cash_flow,dcdc67ff84977e2beeb6b7a8113b6862fae1880838c613eceac42ba4b605d9d7,135,43,line_item, Repayment of financial liabilities,2023-12-31,"(3,470)",1,1,1,1,0,True,True,False,spatial_row_and_column_match
unilever,2025,cash_flow,dcdc67ff84977e2beeb6b7a8113b6862fae1880838c613eceac42ba4b605d9d7,135,44,line_item, Capital element of lease rental payments,2025-12-31,(301),1,1,1,1,0,True,True,False,spatial_row_and_column_match
unilever,2025,cash_flow,dcdc67ff84977e2beeb6b7a8113b6862fae1880838c613eceac42ba4b605d9d7,135,44,line_item, Capital element of lease rental payments,2024-12-31,(342),1,1,1,1,0,True,True,False,spatial_row_and_column_match
unilever,2025,cash_flow,dcdc67ff84977e2beeb6b7a8113b6862fae1880838c613eceac42ba4b605d9d7,135,44,line_item, Capital element of lease rental payments,2023-12-31,(349),1,1,1,1,0,True,True,False,spatial_row_and_column_match
unilever,2025,cash_flow,dcdc67ff84977e2beeb6b7a8113b6862fae1880838c613eceac42ba4b605d9d7,135,45,line_item, Repurchase of shares,2025-12-31,"(1,510)",1,1,1,1,0,True,True,False,spatial_row_and_column_match
unilever,2025,cash_flow,dcdc67ff84977e2beeb6b7a8113b6862fae1880838c613eceac42ba4b605d9d7,135,45,line_item, Repurchase of shares,2024-12-31,"(1,508)",1,1,1,1,0,True,True,False,spatial_row_and_column_match
unilever,2025,cash_flow,dcdc67ff84977e2beeb6b7a8113b6862fae1880838c613eceac42ba4b605d9d7,135,45,line_item, Repurchase of shares,2023-12-31,"(1,507)",1,1,1,1,0,True,True,False,spatial_row_and_column_match
unilever,2025,cash_flow,dcdc67ff84977e2beeb6b7a8113b6862fae1880838c613eceac42ba4b605d9d7,135,46,line_item, Other financing activities(c),2025-12-31,"(1,105)",1,1,1,1,0,True,True,False,spatial_row_and_column_match
unilever,2025,cash_flow,dcdc67ff84977e2beeb6b7a8113b6862fae1880838c613eceac42ba4b605d9d7,135,46,line_item, Other financing activities(c),2024-12-31,(694),1,1,1,1,0,True,True,False,spatial_row_and_column_match
unilever,2025,cash_flow,dcdc67ff84977e2beeb6b7a8113b6862fae1880838c613eceac42ba4b605d9d7,135,46,line_item, Other financing activities(c),2023-12-31,(556),1,1,1,1,0,True,True,False,spatial_row_and_column_match
unilever,2025,cash_flow,dcdc67ff84977e2beeb6b7a8113b6862fae1880838c613eceac42ba4b605d9d7,135,47,subtotal, Net cash flow used in continuing financing activities,2025-12-31,"(9,884)",1,1,1,1,0,True,True,False,spatial_row_and_column_match
unilever,2025,cash_flow,dcdc67ff84977e2beeb6b7a8113b6862fae1880838c613eceac42ba4b605d9d7,135,47,subtotal, Net cash flow used in continuing financing activities,2024-12-31,"(6,829)",1,1,1,1,0,True,True,False,spatial_row_and_column_match
unilever,2025,cash_flow,dcdc67ff84977e2beeb6b7a8113b6862fae1880838c613eceac42ba4b605d9d7,135,47,subtotal, Net cash flow used in continuing financing activities,2023-12-31,"(7,084)",1,1,1,1,0,True,True,False,spatial_row_and_column_match
unilever,2025,cash_flow,dcdc67ff84977e2beeb6b7a8113b6862fae1880838c613eceac42ba4b605d9d7,135,48,subtotal, Net financing cash flows attributable to discontinued operations,2025-12-31,"3,070",1,1,1,1,0,True,True,False,spatial_row_and_column_match
unilever,2025,cash_flow,dcdc67ff84977e2beeb6b7a8113b6862fae1880838c613eceac42ba4b605d9d7,135,48,subtotal, Net financing cash flows attributable to discontinued operations,2024-12-31,(112),1,1,1,1,0,True,True,False,spatial_row_and_column_match
unilever,2025,cash_flow,dcdc67ff84977e2beeb6b7a8113b6862fae1880838c613eceac42ba4b605d9d7,135,48,subtotal, Net financing cash flows attributable to discontinued operations,2023-12-31,(109),1,1,1,1,0,True,True,False,spatial_row_and_column_match
unilever,2025,cash_flow,dcdc67ff84977e2beeb6b7a8113b6862fae1880838c613eceac42ba4b605d9d7,135,49,total, Total cash flow used in financing activities,2025-12-31,"(6,814)",1,1,1,1,0,True,True,False,spatial_row_and_column_match
unilever,2025,cash_flow,dcdc67ff84977e2beeb6b7a8113b6862fae1880838c613eceac42ba4b605d9d7,135,49,total, Total cash flow used in financing activities,2024-12-31,"(6,941)",1,1,1,1,0,True,True,False,spatial_row_and_column_match
unilever,2025,cash_flow,dcdc67ff84977e2beeb6b7a8113b6862fae1880838c613eceac42ba4b605d9d7,135,49,total, Total cash flow used in financing activities,2023-12-31,"(7,193)",1,1,1,1,0,True,True,False,spatial_row_and_column_match
unilever,2025,cash_flow,dcdc67ff84977e2beeb6b7a8113b6862fae1880838c613eceac42ba4b605d9d7,135,50,total, Net increase/(decrease) in cash and cash equivalents,2025-12-31,"(1,582)",1,1,1,1,0,True,True,False,spatial_row_and_column_match
unilever,2025,cash_flow,dcdc67ff84977e2beeb6b7a8113b6862fae1880838c613eceac42ba4b605d9d7,135,50,total, Net increase/(decrease) in cash and cash equivalents,2024-12-31,"1,953",1,1,1,1,0,True,True,False,spatial_row_and_column_match
unilever,2025,cash_flow,dcdc67ff84977e2beeb6b7a8113b6862fae1880838c613eceac42ba4b605d9d7,135,50,total, Net increase/(decrease) in cash and cash equivalents,2023-12-31,(61),1,1,1,1,0,True,True,False,spatial_row_and_column_match
unilever,2025,cash_flow,dcdc67ff84977e2beeb6b7a8113b6862fae1880838c613eceac42ba4b605d9d7,135,51,line_item, Cash and cash equivalents at the beginning of the year,2025-12-31,"5,950",1,2,1,1,0,True,True,False,spatial_row_and_column_match
unilever,2025,cash_flow,dcdc67ff84977e2beeb6b7a8113b6862fae1880838c613eceac42ba4b605d9d7,135,51,line_item, Cash and cash equivalents at the beginning of the year,2024-12-31,"4,045",1,2,1,1,0,True,True,False,spatial_row_and_column_match
unilever,2025,cash_flow,dcdc67ff84977e2beeb6b7a8113b6862fae1880838c613eceac42ba4b605d9d7,135,51,line_item, Cash and cash equivalents at the beginning of the year,2023-12-31,"4,225",1,1,1,1,0,True,True,False,spatial_row_and_column_match
unilever,2025,cash_flow,dcdc67ff84977e2beeb6b7a8113b6862fae1880838c613eceac42ba4b605d9d7,135,52,line_item, Effect of foreign exchange rate changes,2025-12-31,(498),1,1,1,1,0,True,True,False,spatial_row_and_column_match
unilever,2025,cash_flow,dcdc67ff84977e2beeb6b7a8113b6862fae1880838c613eceac42ba4b605d9d7,135,52,line_item, Effect of foreign exchange rate changes,2024-12-31,(48),1,1,1,1,0,True,True,False,spatial_row_and_column_match
unilever,2025,cash_flow,dcdc67ff84977e2beeb6b7a8113b6862fae1880838c613eceac42ba4b605d9d7,135,52,line_item, Effect of foreign exchange rate changes,2023-12-31,(119),1,1,1,1,0,True,True,False,spatial_row_and_column_match
unilever,2025,cash_flow,dcdc67ff84977e2beeb6b7a8113b6862fae1880838c613eceac42ba4b605d9d7,135,53,total, Cash and cash equivalents at the end of the year,2025-12-31,"3,870",1,1,1,1,0,True,True,False,spatial_row_and_column_match
unilever,2025,cash_flow,dcdc67ff84977e2beeb6b7a8113b6862fae1880838c613eceac42ba4b605d9d7,135,53,total, Cash and cash equivalents at the end of the year,2024-12-31,"5,950",1,2,1,1,0,True,True,False,spatial_row_and_column_match
unilever,2025,cash_flow,dcdc67ff84977e2beeb6b7a8113b6862fae1880838c613eceac42ba4b605d9d7,135,53,total, Cash and cash equivalents at the end of the year,2023-12-31,"4,045",1,2,1,1,0,True,True,False,spatial_row_and_column_match
heineken,2025,income_statement,2dee3a7ac14103566f798aff09ce15bc354815c0848d2831fcb99d71bdfad259,84,1,line_item,Revenue,2025-12-31,"34,257",2,1,1,1,0,True,True,False,spatial_row_and_column_match
heineken,2025,income_statement,2dee3a7ac14103566f798aff09ce15bc354815c0848d2831fcb99d71bdfad259,84,1,line_item,Revenue,2024-12-31,"35,955",2,1,1,1,0,True,True,False,spatial_row_and_column_match
heineken,2025,income_statement,2dee3a7ac14103566f798aff09ce15bc354815c0848d2831fcb99d71bdfad259,84,2,line_item,Excise tax expense,2025-12-31,"(5,504)",1,1,1,1,0,True,True,False,spatial_row_and_column_match
heineken,2025,income_statement,2dee3a7ac14103566f798aff09ce15bc354815c0848d2831fcb99d71bdfad259,84,2,line_item,Excise tax expense,2024-12-31,"(6,134)",1,1,1,1,0,True,True,False,spatial_row_and_column_match
heineken,2025,income_statement,2dee3a7ac14103566f798aff09ce15bc354815c0848d2831fcb99d71bdfad259,84,3,subtotal,Net revenue,2025-12-31,"28,753",1,1,1,1,0,True,True,False,spatial_row_and_column_match
heineken,2025,income_statement,2dee3a7ac14103566f798aff09ce15bc354815c0848d2831fcb99d71bdfad259,84,3,subtotal,Net revenue,2024-12-31,"29,821",1,1,1,1,0,True,True,False,spatial_row_and_column_match
heineken,2025,income_statement,2dee3a7ac14103566f798aff09ce15bc354815c0848d2831fcb99d71bdfad259,84,4,line_item,Other income,2025-12-31,205,1,1,1,1,0,True,True,False,spatial_row_and_column_match
heineken,2025,income_statement,2dee3a7ac14103566f798aff09ce15bc354815c0848d2831fcb99d71bdfad259,84,4,line_item,Other income,2024-12-31,80,1,1,1,1,0,True,True,False,spatial_row_and_column_match
heineken,2025,income_statement,2dee3a7ac14103566f798aff09ce15bc354815c0848d2831fcb99d71bdfad259,84,5,line_item,"Raw materials, consumables and services",2025-12-31,"(18,465)",1,1,1,1,0,True,True,False,spatial_row_and_column_match
heineken,2025,income_statement,2dee3a7ac14103566f798aff09ce15bc354815c0848d2831fcb99d71bdfad259,84,5,line_item,"Raw materials, consumables and services",2024-12-31,"(19,313)",1,1,1,1,0,True,True,False,spatial_row_and_column_match
heineken,2025,income_statement,2dee3a7ac14103566f798aff09ce15bc354815c0848d2831fcb99d71bdfad259,84,6,line_item,Personnel expenses,2025-12-31,"(4,478)",1,1,1,1,0,True,True,False,spatial_row_and_column_match
heineken,2025,income_statement,2dee3a7ac14103566f798aff09ce15bc354815c0848d2831fcb99d71bdfad259,84,6,line_item,Personnel expenses,2024-12-31,"(4,466)",1,1,1,1,0,True,True,False,spatial_row_and_column_match
heineken,2025,income_statement,2dee3a7ac14103566f798aff09ce15bc354815c0848d2831fcb99d71bdfad259,84,7,line_item,"Amortisation, depreciation and impairments",2025-12-31,"(2,609)",1,1,1,1,0,True,True,False,spatial_row_and_column_match
heineken,2025,income_statement,2dee3a7ac14103566f798aff09ce15bc354815c0848d2831fcb99d71bdfad259,84,7,line_item,"Amortisation, depreciation and impairments",2024-12-31,"(2,605)",1,1,1,1,0,True,True,False,spatial_row_and_column_match
heineken,2025,income_statement,2dee3a7ac14103566f798aff09ce15bc354815c0848d2831fcb99d71bdfad259,84,8,subtotal,Total other expenses,2025-12-31,"(25,552)",1,1,1,1,0,True,True,False,spatial_row_and_column_match
heineken,2025,income_statement,2dee3a7ac14103566f798aff09ce15bc354815c0848d2831fcb99d71bdfad259,84,8,subtotal,Total other expenses,2024-12-31,"(26,384)",1,1,1,1,0,True,True,False,spatial_row_and_column_match
heineken,2025,income_statement,2dee3a7ac14103566f798aff09ce15bc354815c0848d2831fcb99d71bdfad259,84,9,subtotal,Operating profit,2025-12-31,"3,406",1,1,1,1,0,True,True,False,spatial_row_and_column_match
heineken,2025,income_statement,2dee3a7ac14103566f798aff09ce15bc354815c0848d2831fcb99d71bdfad259,84,9,subtotal,Operating profit,2024-12-31,"3,517",1,1,1,1,0,True,True,False,spatial_row_and_column_match
heineken,2025,income_statement,2dee3a7ac14103566f798aff09ce15bc354815c0848d2831fcb99d71bdfad259,84,10,line_item,Interest income,2025-12-31,108,1,1,1,1,0,True,True,False,spatial_row_and_column_match
heineken,2025,income_statement,2dee3a7ac14103566f798aff09ce15bc354815c0848d2831fcb99d71bdfad259,84,10,line_item,Interest income,2024-12-31,110,1,1,1,1,0,True,True,False,spatial_row_and_column_match
heineken,2025,income_statement,2dee3a7ac14103566f798aff09ce15bc354815c0848d2831fcb99d71bdfad259,84,11,line_item,Interest expenses,2025-12-31,(620),1,1,1,1,0,True,True,False,spatial_row_and_column_match
heineken,2025,income_statement,2dee3a7ac14103566f798aff09ce15bc354815c0848d2831fcb99d71bdfad259,84,11,line_item,Interest expenses,2024-12-31,(680),1,1,1,1,0,True,True,False,spatial_row_and_column_match
heineken,2025,income_statement,2dee3a7ac14103566f798aff09ce15bc354815c0848d2831fcb99d71bdfad259,84,12,line_item,Other net finance income/(expenses),2025-12-31,(154),1,1,1,1,0,True,True,False,spatial_row_and_column_match
heineken,2025,income_statement,2dee3a7ac14103566f798aff09ce15bc354815c0848d2831fcb99d71bdfad259,84,12,line_item,Other net finance income/(expenses),2024-12-31,(235),1,1,1,1,0,True,True,False,spatial_row_and_column_match
heineken,2025,income_statement,2dee3a7ac14103566f798aff09ce15bc354815c0848d2831fcb99d71bdfad259,84,13,subtotal,Net finance expenses,2025-12-31,(666),1,1,1,1,0,True,True,False,spatial_row_and_column_match
heineken,2025,income_statement,2dee3a7ac14103566f798aff09ce15bc354815c0848d2831fcb99d71bdfad259,84,13,subtotal,Net finance expenses,2024-12-31,(805),1,1,1,1,0,True,True,False,spatial_row_and_column_match
heineken,2025,income_statement,2dee3a7ac14103566f798aff09ce15bc354815c0848d2831fcb99d71bdfad259,84,14,line_item,Share of profit/(loss) of associates and joint ventures,2025-12-31,255,1,1,1,1,0,True,True,False,spatial_row_and_column_match
heineken,2025,income_statement,2dee3a7ac14103566f798aff09ce15bc354815c0848d2831fcb99d71bdfad259,84,14,line_item,Share of profit/(loss) of associates and joint ventures,2024-12-31,(705),1,1,1,1,0,True,True,False,spatial_row_and_column_match
heineken,2025,income_statement,2dee3a7ac14103566f798aff09ce15bc354815c0848d2831fcb99d71bdfad259,84,15,subtotal,Profit before income tax,2025-12-31,"2,995",1,1,1,1,0,True,True,False,spatial_row_and_column_match
heineken,2025,income_statement,2dee3a7ac14103566f798aff09ce15bc354815c0848d2831fcb99d71bdfad259,84,15,subtotal,Profit before income tax,2024-12-31,"2,007",1,1,1,1,0,True,True,False,spatial_row_and_column_match
heineken,2025,income_statement,2dee3a7ac14103566f798aff09ce15bc354815c0848d2831fcb99d71bdfad259,84,16,line_item,Income tax expense,2025-12-31,(857),1,1,1,1,0,True,True,False,spatial_row_and_column_match
heineken,2025,income_statement,2dee3a7ac14103566f798aff09ce15bc354815c0848d2831fcb99d71bdfad259,84,16,line_item,Income tax expense,2024-12-31,(846),1,1,1,1,0,True,True,False,spatial_row_and_column_match
heineken,2025,income_statement,2dee3a7ac14103566f798aff09ce15bc354815c0848d2831fcb99d71bdfad259,84,17,total,Profit,2025-12-31,"2,138",10,3,3,3,0,True,True,False,spatial_row_and_column_match
heineken,2025,income_statement,2dee3a7ac14103566f798aff09ce15bc354815c0848d2831fcb99d71bdfad259,84,17,total,Profit,2024-12-31,"1,161",10,3,3,3,0,True,True,False,spatial_row_and_column_match
heineken,2025,income_statement,2dee3a7ac14103566f798aff09ce15bc354815c0848d2831fcb99d71bdfad259,84,19,line_item,Shareholders of the Company (net profit),2025-12-31,"1,885",1,1,1,1,0,True,True,False,spatial_row_and_column_match
heineken,2025,income_statement,2dee3a7ac14103566f798aff09ce15bc354815c0848d2831fcb99d71bdfad259,84,19,line_item,Shareholders of the Company (net profit),2024-12-31,978,1,1,1,1,0,True,True,False,spatial_row_and_column_match
heineken,2025,income_statement,2dee3a7ac14103566f798aff09ce15bc354815c0848d2831fcb99d71bdfad259,84,20,line_item,Non-controlling interests,2025-12-31,253,2,1,1,1,0,True,True,False,spatial_row_and_column_match
heineken,2025,income_statement,2dee3a7ac14103566f798aff09ce15bc354815c0848d2831fcb99d71bdfad259,84,20,line_item,Non-controlling interests,2024-12-31,183,2,1,1,1,0,True,True,False,spatial_row_and_column_match
heineken,2025,income_statement,2dee3a7ac14103566f798aff09ce15bc354815c0848d2831fcb99d71bdfad259,84,21,total,Profit,2025-12-31,"2,138",10,3,3,3,0,True,True,False,spatial_row_and_column_match
heineken,2025,income_statement,2dee3a7ac14103566f798aff09ce15bc354815c0848d2831fcb99d71bdfad259,84,21,total,Profit,2024-12-31,"1,161",10,3,3,3,0,True,True,False,spatial_row_and_column_match
heineken,2025,income_statement,2dee3a7ac14103566f798aff09ce15bc354815c0848d2831fcb99d71bdfad259,84,22,line_item,Weighted average number of shares – basic,2025-12-31,"556,774,934",1,1,1,1,0,True,True,False,spatial_row_and_column_match
heineken,2025,income_statement,2dee3a7ac14103566f798aff09ce15bc354815c0848d2831fcb99d71bdfad259,84,22,line_item,Weighted average number of shares – basic,2024-12-31,"560,188,961",1,1,1,1,0,True,True,False,spatial_row_and_column_match
heineken,2025,income_statement,2dee3a7ac14103566f798aff09ce15bc354815c0848d2831fcb99d71bdfad259,84,23,line_item,Weighted average number of shares – diluted,2025-12-31,"557,024,742",1,1,1,1,0,True,True,False,spatial_row_and_column_match
heineken,2025,income_statement,2dee3a7ac14103566f798aff09ce15bc354815c0848d2831fcb99d71bdfad259,84,23,line_item,Weighted average number of shares – diluted,2024-12-31,"560,639,030",1,1,1,1,0,True,True,False,spatial_row_and_column_match
heineken,2025,income_statement,2dee3a7ac14103566f798aff09ce15bc354815c0848d2831fcb99d71bdfad259,84,24,line_item,Basic earnings per share (€),2025-12-31,3.39,1,1,1,1,0,True,True,False,spatial_row_and_column_match
heineken,2025,income_statement,2dee3a7ac14103566f798aff09ce15bc354815c0848d2831fcb99d71bdfad259,84,24,line_item,Basic earnings per share (€),2024-12-31,1.75,1,1,1,1,0,True,True,False,spatial_row_and_column_match
heineken,2025,income_statement,2dee3a7ac14103566f798aff09ce15bc354815c0848d2831fcb99d71bdfad259,84,25,line_item,Diluted earnings per share (€),2025-12-31,3.38,1,1,1,1,0,True,True,False,spatial_row_and_column_match
heineken,2025,income_statement,2dee3a7ac14103566f798aff09ce15bc354815c0848d2831fcb99d71bdfad259,84,25,line_item,Diluted earnings per share (€),2024-12-31,1.74,1,1,1,1,0,True,True,False,spatial_row_and_column_match
heineken,2025,balance_sheet,2dee3a7ac14103566f798aff09ce15bc354815c0848d2831fcb99d71bdfad259,85,1,line_item,Intangible assets,2025-12-31,"20,011",1,1,1,1,0,True,True,False,spatial_row_and_column_match
heineken,2025,balance_sheet,2dee3a7ac14103566f798aff09ce15bc354815c0848d2831fcb99d71bdfad259,85,1,line_item,Intangible assets,2024-12-31,"21,701",1,1,1,1,0,True,True,False,spatial_row_and_column_match
heineken,2025,balance_sheet,2dee3a7ac14103566f798aff09ce15bc354815c0848d2831fcb99d71bdfad259,85,2,line_item,Shareholders' equity,2025-12-31,"17,978",1,1,1,1,0,True,True,False,spatial_row_and_column_match
heineken,2025,balance_sheet,2dee3a7ac14103566f798aff09ce15bc354815c0848d2831fcb99d71bdfad259,85,2,line_item,Shareholders' equity,2024-12-31,"19,581",1,1,1,1,0,True,True,False,spatial_row_and_column_match
heineken,2025,balance_sheet,2dee3a7ac14103566f798aff09ce15bc354815c0848d2831fcb99d71bdfad259,85,3,line_item,"Property, plant and equipment",2025-12-31,"14,537",1,1,1,1,0,True,True,False,spatial_row_and_column_match
heineken,2025,balance_sheet,2dee3a7ac14103566f798aff09ce15bc354815c0848d2831fcb99d71bdfad259,85,3,line_item,"Property, plant and equipment",2024-12-31,"14,677",1,1,1,1,0,True,True,False,spatial_row_and_column_match
heineken,2025,balance_sheet,2dee3a7ac14103566f798aff09ce15bc354815c0848d2831fcb99d71bdfad259,85,4,line_item,Non-controlling interests,2025-12-31,"2,636",1,1,1,1,0,True,True,False,spatial_row_and_column_match
heineken,2025,balance_sheet,2dee3a7ac14103566f798aff09ce15bc354815c0848d2831fcb99d71bdfad259,85,4,line_item,Non-controlling interests,2024-12-31,"2,821",1,1,1,1,0,True,True,False,spatial_row_and_column_match
heineken,2025,balance_sheet,2dee3a7ac14103566f798aff09ce15bc354815c0848d2831fcb99d71bdfad259,85,5,line_item,Investments in associates and joint ventures,2025-12-31,"3,238",1,1,1,1,0,True,True,False,spatial_row_and_column_match
heineken,2025,balance_sheet,2dee3a7ac14103566f798aff09ce15bc354815c0848d2831fcb99d71bdfad259,85,5,line_item,Investments in associates and joint ventures,2024-12-31,"3,500",1,1,1,1,0,True,True,False,spatial_row_and_column_match
heineken,2025,balance_sheet,2dee3a7ac14103566f798aff09ce15bc354815c0848d2831fcb99d71bdfad259,85,6,subtotal,Total equity,2025-12-31,"20,614",2,1,1,1,0,True,True,False,spatial_row_and_column_match
heineken,2025,balance_sheet,2dee3a7ac14103566f798aff09ce15bc354815c0848d2831fcb99d71bdfad259,85,6,subtotal,Total equity,2024-12-31,"22,402",2,1,1,1,0,True,True,False,spatial_row_and_column_match
heineken,2025,balance_sheet,2dee3a7ac14103566f798aff09ce15bc354815c0848d2831fcb99d71bdfad259,85,7,line_item,Loans and advances to customers,2025-12-31,224,1,1,1,1,0,True,True,False,spatial_row_and_column_match
heineken,2025,balance_sheet,2dee3a7ac14103566f798aff09ce15bc354815c0848d2831fcb99d71bdfad259,85,7,line_item,Loans and advances to customers,2024-12-31,258,1,1,1,1,0,True,True,False,spatial_row_and_column_match
heineken,2025,balance_sheet,2dee3a7ac14103566f798aff09ce15bc354815c0848d2831fcb99d71bdfad259,85,8,line_item,Borrowings,2025-12-31,"16,191",2,1,1,1,0,True,True,False,spatial_row_and_column_match
heineken,2025,balance_sheet,2dee3a7ac14103566f798aff09ce15bc354815c0848d2831fcb99d71bdfad259,85,8,line_item,Borrowings,2024-12-31,"13,783",2,1,1,1,0,True,True,False,spatial_row_and_column_match
heineken,2025,balance_sheet,2dee3a7ac14103566f798aff09ce15bc354815c0848d2831fcb99d71bdfad259,85,9,line_item,Deferred tax assets,2025-12-31,"1,213",1,1,1,1,0,True,True,False,spatial_row_and_column_match
heineken,2025,balance_sheet,2dee3a7ac14103566f798aff09ce15bc354815c0848d2831fcb99d71bdfad259,85,9,line_item,Deferred tax assets,2024-12-31,"1,264",1,1,1,1,0,True,True,False,spatial_row_and_column_match
heineken,2025,balance_sheet,2dee3a7ac14103566f798aff09ce15bc354815c0848d2831fcb99d71bdfad259,85,10,line_item,Post-retirement obligations,2025-12-31,542,1,1,1,1,0,True,True,False,spatial_row_and_column_match
heineken,2025,balance_sheet,2dee3a7ac14103566f798aff09ce15bc354815c0848d2831fcb99d71bdfad259,85,10,line_item,Post-retirement obligations,2024-12-31,519,1,1,1,1,0,True,True,False,spatial_row_and_column_match
heineken,2025,balance_sheet,2dee3a7ac14103566f798aff09ce15bc354815c0848d2831fcb99d71bdfad259,85,11,line_item,Equity instruments,2025-12-31,476,1,1,1,1,0,True,True,False,spatial_row_and_column_match
heineken,2025,balance_sheet,2dee3a7ac14103566f798aff09ce15bc354815c0848d2831fcb99d71bdfad259,85,11,line_item,Equity instruments,2024-12-31,465,1,1,1,1,0,True,True,False,spatial_row_and_column_match
heineken,2025,balance_sheet,2dee3a7ac14103566f798aff09ce15bc354815c0848d2831fcb99d71bdfad259,85,12,line_item,Provisions,2025-12-31,546,2,1,1,1,0,True,True,False,spatial_row_and_column_match
heineken,2025,balance_sheet,2dee3a7ac14103566f798aff09ce15bc354815c0848d2831fcb99d71bdfad259,85,12,line_item,Provisions,2024-12-31,586,2,1,1,1,0,True,True,False,spatial_row_and_column_match
heineken,2025,balance_sheet,2dee3a7ac14103566f798aff09ce15bc354815c0848d2831fcb99d71bdfad259,85,13,line_item,Other non-current assets,2025-12-31,"1,161",1,1,1,1,0,True,True,False,spatial_row_and_column_match
heineken,2025,balance_sheet,2dee3a7ac14103566f798aff09ce15bc354815c0848d2831fcb99d71bdfad259,85,13,line_item,Other non-current assets,2024-12-31,"1,009",1,1,1,1,0,True,True,False,spatial_row_and_column_match
heineken,2025,balance_sheet,2dee3a7ac14103566f798aff09ce15bc354815c0848d2831fcb99d71bdfad259,85,14,line_item,Deferred tax liabilities,2025-12-31,"1,820",1,1,1,1,0,True,True,False,spatial_row_and_column_match
heineken,2025,balance_sheet,2dee3a7ac14103566f798aff09ce15bc354815c0848d2831fcb99d71bdfad259,85,14,line_item,Deferred tax liabilities,2024-12-31,"2,155",1,1,1,1,0,True,True,False,spatial_row_and_column_match
heineken,2025,balance_sheet,2dee3a7ac14103566f798aff09ce15bc354815c0848d2831fcb99d71bdfad259,85,15,subtotal,Total non-current assets,2025-12-31,"40,860",1,1,1,1,0,True,True,False,spatial_row_and_column_match
heineken,2025,balance_sheet,2dee3a7ac14103566f798aff09ce15bc354815c0848d2831fcb99d71bdfad259,85,15,subtotal,Total non-current assets,2024-12-31,"42,874",1,1,1,1,0,True,True,False,spatial_row_and_column_match
heineken,2025,balance_sheet,2dee3a7ac14103566f798aff09ce15bc354815c0848d2831fcb99d71bdfad259,85,16,line_item,Other non-current liabilities,2025-12-31,108,1,1,1,1,0,True,True,False,spatial_row_and_column_match
heineken,2025,balance_sheet,2dee3a7ac14103566f798aff09ce15bc354815c0848d2831fcb99d71bdfad259,85,16,line_item,Other non-current liabilities,2024-12-31,90,1,1,1,1,0,True,True,False,spatial_row_and_column_match
heineken,2025,balance_sheet,2dee3a7ac14103566f798aff09ce15bc354815c0848d2831fcb99d71bdfad259,85,17,line_item,Inventories,2025-12-31,"3,263",1,1,1,1,0,True,True,False,spatial_row_and_column_match
heineken,2025,balance_sheet,2dee3a7ac14103566f798aff09ce15bc354815c0848d2831fcb99d71bdfad259,85,17,line_item,Inventories,2024-12-31,"3,572",1,1,1,1,0,True,True,False,spatial_row_and_column_match
heineken,2025,balance_sheet,2dee3a7ac14103566f798aff09ce15bc354815c0848d2831fcb99d71bdfad259,85,18,subtotal,Total non-current liabilities,2025-12-31,"19,207",1,1,1,1,0,True,True,False,spatial_row_and_column_match
heineken,2025,balance_sheet,2dee3a7ac14103566f798aff09ce15bc354815c0848d2831fcb99d71bdfad259,85,18,subtotal,Total non-current liabilities,2024-12-31,"17,133",1,1,1,1,0,True,True,False,spatial_row_and_column_match
heineken,2025,balance_sheet,2dee3a7ac14103566f798aff09ce15bc354815c0848d2831fcb99d71bdfad259,85,19,line_item,Trade and other receivables,2025-12-31,"4,488",1,1,1,1,0,True,True,False,spatial_row_and_column_match
heineken,2025,balance_sheet,2dee3a7ac14103566f798aff09ce15bc354815c0848d2831fcb99d71bdfad259,85,19,line_item,Trade and other receivables,2024-12-31,"4,588",1,1,1,1,0,True,True,False,spatial_row_and_column_match
heineken,2025,balance_sheet,2dee3a7ac14103566f798aff09ce15bc354815c0848d2831fcb99d71bdfad259,85,20,line_item,Current tax assets,2025-12-31,226,1,1,1,1,0,True,True,False,spatial_row_and_column_match
heineken,2025,balance_sheet,2dee3a7ac14103566f798aff09ce15bc354815c0848d2831fcb99d71bdfad259,85,20,line_item,Current tax assets,2024-12-31,165,1,1,1,1,0,True,True,False,spatial_row_and_column_match
heineken,2025,balance_sheet,2dee3a7ac14103566f798aff09ce15bc354815c0848d2831fcb99d71bdfad259,85,21,line_item,Borrowings,2025-12-31,"3,088",2,1,1,1,0,True,True,False,spatial_row_and_column_match
heineken,2025,balance_sheet,2dee3a7ac14103566f798aff09ce15bc354815c0848d2831fcb99d71bdfad259,85,21,line_item,Borrowings,2024-12-31,"3,266",2,1,1,1,0,True,True,False,spatial_row_and_column_match
heineken,2025,balance_sheet,2dee3a7ac14103566f798aff09ce15bc354815c0848d2831fcb99d71bdfad259,85,22,line_item,Derivative assets,2025-12-31,121,1,1,1,1,0,True,True,False,spatial_row_and_column_match
heineken,2025,balance_sheet,2dee3a7ac14103566f798aff09ce15bc354815c0848d2831fcb99d71bdfad259,85,22,line_item,Derivative assets,2024-12-31,169,1,1,1,1,0,True,True,False,spatial_row_and_column_match
heineken,2025,balance_sheet,2dee3a7ac14103566f798aff09ce15bc354815c0848d2831fcb99d71bdfad259,85,23,line_item,Trade and other payables,2025-12-31,"9,548",1,1,1,1,0,True,True,False,spatial_row_and_column_match
heineken,2025,balance_sheet,2dee3a7ac14103566f798aff09ce15bc354815c0848d2831fcb99d71bdfad259,85,23,line_item,Trade and other payables,2024-12-31,"9,912",1,1,1,1,0,True,True,False,spatial_row_and_column_match
heineken,2025,balance_sheet,2dee3a7ac14103566f798aff09ce15bc354815c0848d2831fcb99d71bdfad259,85,24,line_item,Cash and cash equivalents,2025-12-31,"4,773",1,1,1,1,0,True,True,False,spatial_row_and_column_match
heineken,2025,balance_sheet,2dee3a7ac14103566f798aff09ce15bc354815c0848d2831fcb99d71bdfad259,85,24,line_item,Cash and cash equivalents,2024-12-31,"2,350",1,1,1,1,0,True,True,False,spatial_row_and_column_match
heineken,2025,balance_sheet,2dee3a7ac14103566f798aff09ce15bc354815c0848d2831fcb99d71bdfad259,85,25,line_item,Returnable packaging deposits,2025-12-31,543,1,1,1,1,0,True,True,False,spatial_row_and_column_match
heineken,2025,balance_sheet,2dee3a7ac14103566f798aff09ce15bc354815c0848d2831fcb99d71bdfad259,85,25,line_item,Returnable packaging deposits,2024-12-31,525,1,1,1,1,0,True,True,False,spatial_row_and_column_match
heineken,2025,balance_sheet,2dee3a7ac14103566f798aff09ce15bc354815c0848d2831fcb99d71bdfad259,85,26,line_item,Assets classified as held for sale,2025-12-31,22,1,1,1,1,0,True,True,False,spatial_row_and_column_match
heineken,2025,balance_sheet,2dee3a7ac14103566f798aff09ce15bc354815c0848d2831fcb99d71bdfad259,85,26,line_item,Assets classified as held for sale,2024-12-31,55,1,1,1,1,0,True,True,False,spatial_row_and_column_match
heineken,2025,balance_sheet,2dee3a7ac14103566f798aff09ce15bc354815c0848d2831fcb99d71bdfad259,85,27,line_item,Provisions,2025-12-31,302,2,1,1,1,0,True,True,False,spatial_row_and_column_match
heineken,2025,balance_sheet,2dee3a7ac14103566f798aff09ce15bc354815c0848d2831fcb99d71bdfad259,85,27,line_item,Provisions,2024-12-31,176,2,1,1,1,0,True,True,False,spatial_row_and_column_match
heineken,2025,balance_sheet,2dee3a7ac14103566f798aff09ce15bc354815c0848d2831fcb99d71bdfad259,85,28,subtotal,Total current assets,2025-12-31,"12,893",1,1,1,1,0,True,True,False,spatial_row_and_column_match
heineken,2025,balance_sheet,2dee3a7ac14103566f798aff09ce15bc354815c0848d2831fcb99d71bdfad259,85,28,subtotal,Total current assets,2024-12-31,"10,899",1,1,1,1,0,True,True,False,spatial_row_and_column_match
heineken,2025,balance_sheet,2dee3a7ac14103566f798aff09ce15bc354815c0848d2831fcb99d71bdfad259,85,29,line_item,Current tax liabilities,2025-12-31,307,1,2,2,1,1,True,True,False,spatial_row_and_column_match
heineken,2025,balance_sheet,2dee3a7ac14103566f798aff09ce15bc354815c0848d2831fcb99d71bdfad259,85,29,line_item,Current tax liabilities,2024-12-31,307,1,2,2,1,1,True,True,False,spatial_row_and_column_match
heineken,2025,balance_sheet,2dee3a7ac14103566f798aff09ce15bc354815c0848d2831fcb99d71bdfad259,85,30,line_item,Derivative liabilities,2025-12-31,144,1,1,1,1,0,True,True,False,spatial_row_and_column_match
heineken,2025,balance_sheet,2dee3a7ac14103566f798aff09ce15bc354815c0848d2831fcb99d71bdfad259,85,30,line_item,Derivative liabilities,2024-12-31,52,1,1,1,1,0,True,True,False,spatial_row_and_column_match
heineken,2025,balance_sheet,2dee3a7ac14103566f798aff09ce15bc354815c0848d2831fcb99d71bdfad259,85,31,subtotal,Total current liabilities,2025-12-31,"13,932",1,1,1,1,0,True,True,False,spatial_row_and_column_match
heineken,2025,balance_sheet,2dee3a7ac14103566f798aff09ce15bc354815c0848d2831fcb99d71bdfad259,85,31,subtotal,Total current liabilities,2024-12-31,"14,238",1,1,1,1,0,True,True,False,spatial_row_and_column_match
heineken,2025,balance_sheet,2dee3a7ac14103566f798aff09ce15bc354815c0848d2831fcb99d71bdfad259,85,32,total,Total assets,2025-12-31,"53,753",1,2,2,2,0,True,True,False,spatial_row_and_column_match
heineken,2025,balance_sheet,2dee3a7ac14103566f798aff09ce15bc354815c0848d2831fcb99d71bdfad259,85,32,total,Total assets,2024-12-31,"53,773",1,2,2,2,0,True,True,False,spatial_row_and_column_match
heineken,2025,balance_sheet,2dee3a7ac14103566f798aff09ce15bc354815c0848d2831fcb99d71bdfad259,85,33,total,Total equity and liabilities,2025-12-31,"53,753",1,2,2,2,0,True,True,False,spatial_row_and_column_match
heineken,2025,balance_sheet,2dee3a7ac14103566f798aff09ce15bc354815c0848d2831fcb99d71bdfad259,85,33,total,Total equity and liabilities,2024-12-31,"53,773",1,2,2,2,0,True,True,False,spatial_row_and_column_match
heineken,2025,cash_flow,2dee3a7ac14103566f798aff09ce15bc354815c0848d2831fcb99d71bdfad259,86,3,line_item,Profit,2025-12-31,"2,138",2,1,1,1,0,True,True,False,spatial_row_and_column_match
heineken,2025,cash_flow,2dee3a7ac14103566f798aff09ce15bc354815c0848d2831fcb99d71bdfad259,86,3,line_item,Profit,2024-12-31,"1,161",2,1,1,1,0,True,True,False,spatial_row_and_column_match
heineken,2025,cash_flow,2dee3a7ac14103566f798aff09ce15bc354815c0848d2831fcb99d71bdfad259,86,4,line_item,"Proceeds from sale of property, plant and equipment and intangible assets",2025-12-31,166,1,2,1,1,0,False,False,False,spatial_row_and_column_match
heineken,2025,cash_flow,2dee3a7ac14103566f798aff09ce15bc354815c0848d2831fcb99d71bdfad259,86,4,line_item,"Proceeds from sale of property, plant and equipment and intangible assets",2024-12-31,152,1,1,1,1,0,False,False,False,spatial_row_and_column_match
heineken,2025,cash_flow,2dee3a7ac14103566f798aff09ce15bc354815c0848d2831fcb99d71bdfad259,86,5,line_item,"Amortisation, depreciation and impairments",2025-12-31,"2,609",1,1,1,1,0,True,True,False,spatial_row_and_column_match
heineken,2025,cash_flow,2dee3a7ac14103566f798aff09ce15bc354815c0848d2831fcb99d71bdfad259,86,5,line_item,"Amortisation, depreciation and impairments",2024-12-31,"2,605",1,1,1,1,0,True,True,False,spatial_row_and_column_match
heineken,2025,cash_flow,2dee3a7ac14103566f798aff09ce15bc354815c0848d2831fcb99d71bdfad259,86,6,line_item,"Purchase of property, plant and equipment",2025-12-31,"(2,133)",1,1,1,1,0,True,True,False,spatial_row_and_column_match
heineken,2025,cash_flow,2dee3a7ac14103566f798aff09ce15bc354815c0848d2831fcb99d71bdfad259,86,6,line_item,"Purchase of property, plant and equipment",2024-12-31,"(2,184)",1,1,1,1,0,True,True,False,spatial_row_and_column_match
heineken,2025,cash_flow,2dee3a7ac14103566f798aff09ce15bc354815c0848d2831fcb99d71bdfad259,86,7,line_item,Net interest expenses,2025-12-31,512,1,1,1,1,0,True,True,False,spatial_row_and_column_match
heineken,2025,cash_flow,2dee3a7ac14103566f798aff09ce15bc354815c0848d2831fcb99d71bdfad259,86,7,line_item,Net interest expenses,2024-12-31,570,1,1,1,1,0,True,True,False,spatial_row_and_column_match
heineken,2025,cash_flow,2dee3a7ac14103566f798aff09ce15bc354815c0848d2831fcb99d71bdfad259,86,8,line_item,Purchase of intangible assets,2025-12-31,(269),1,1,1,1,0,True,True,False,spatial_row_and_column_match
heineken,2025,cash_flow,2dee3a7ac14103566f798aff09ce15bc354815c0848d2831fcb99d71bdfad259,86,8,line_item,Purchase of intangible assets,2024-12-31,(281),1,1,1,1,0,True,True,False,spatial_row_and_column_match
heineken,2025,cash_flow,2dee3a7ac14103566f798aff09ce15bc354815c0848d2831fcb99d71bdfad259,86,9,line_item,Other income,2025-12-31,(74),1,1,1,1,0,True,True,False,spatial_row_and_column_match
heineken,2025,cash_flow,2dee3a7ac14103566f798aff09ce15bc354815c0848d2831fcb99d71bdfad259,86,9,line_item,Other income,2024-12-31,(37),1,1,1,1,0,True,True,False,spatial_row_and_column_match
heineken,2025,cash_flow,2dee3a7ac14103566f798aff09ce15bc354815c0848d2831fcb99d71bdfad259,86,10,line_item,Loans issued to customers and other investments,2025-12-31,(210),1,1,1,1,0,True,True,False,spatial_row_and_column_match
heineken,2025,cash_flow,2dee3a7ac14103566f798aff09ce15bc354815c0848d2831fcb99d71bdfad259,86,10,line_item,Loans issued to customers and other investments,2024-12-31,(221),1,1,1,1,0,True,True,False,spatial_row_and_column_match
heineken,2025,cash_flow,2dee3a7ac14103566f798aff09ce15bc354815c0848d2831fcb99d71bdfad259,86,11,line_item,Share of profit/(loss) of associates and joint ventures and dividend income on fair value through OCI investments,2025-12-31,(264),1,1,1,1,0,False,False,False,spatial_row_and_column_match
heineken,2025,cash_flow,2dee3a7ac14103566f798aff09ce15bc354815c0848d2831fcb99d71bdfad259,86,11,line_item,Share of profit/(loss) of associates and joint ventures and dividend income on fair value through OCI investments,2024-12-31,687,1,1,1,1,0,False,False,False,spatial_row_and_column_match
heineken,2025,cash_flow,2dee3a7ac14103566f798aff09ce15bc354815c0848d2831fcb99d71bdfad259,86,12,line_item,Repayment on loans to customers and other investments,2025-12-31,36,1,1,1,1,0,True,True,False,spatial_row_and_column_match
heineken,2025,cash_flow,2dee3a7ac14103566f798aff09ce15bc354815c0848d2831fcb99d71bdfad259,86,12,line_item,Repayment on loans to customers and other investments,2024-12-31,89,1,1,1,1,0,True,True,False,spatial_row_and_column_match
heineken,2025,cash_flow,2dee3a7ac14103566f798aff09ce15bc354815c0848d2831fcb99d71bdfad259,86,13,line_item,Income tax expenses,2025-12-31,857,1,1,1,1,0,True,True,False,spatial_row_and_column_match
heineken,2025,cash_flow,2dee3a7ac14103566f798aff09ce15bc354815c0848d2831fcb99d71bdfad259,86,13,line_item,Income tax expenses,2024-12-31,846,1,1,1,1,0,True,True,False,spatial_row_and_column_match
heineken,2025,cash_flow,2dee3a7ac14103566f798aff09ce15bc354815c0848d2831fcb99d71bdfad259,86,14,subtotal,Cash flow used in operational investing activities,2025-12-31,"(2,410)",1,1,1,1,0,True,True,False,spatial_row_and_column_match
heineken,2025,cash_flow,2dee3a7ac14103566f798aff09ce15bc354815c0848d2831fcb99d71bdfad259,86,14,subtotal,Cash flow used in operational investing activities,2024-12-31,"(2,445)",1,1,1,1,0,True,True,False,spatial_row_and_column_match
heineken,2025,cash_flow,2dee3a7ac14103566f798aff09ce15bc354815c0848d2831fcb99d71bdfad259,86,15,line_item,Other non-cash items,2025-12-31,131,1,1,1,1,0,True,True,False,spatial_row_and_column_match
heineken,2025,cash_flow,2dee3a7ac14103566f798aff09ce15bc354815c0848d2831fcb99d71bdfad259,86,15,line_item,Other non-cash items,2024-12-31,226,1,1,1,1,0,True,True,False,spatial_row_and_column_match
heineken,2025,cash_flow,2dee3a7ac14103566f798aff09ce15bc354815c0848d2831fcb99d71bdfad259,86,16,subtotal,Free operating cash flow,2025-12-31,"2,602",1,1,1,1,0,True,True,False,spatial_row_and_column_match
heineken,2025,cash_flow,2dee3a7ac14103566f798aff09ce15bc354815c0848d2831fcb99d71bdfad259,86,16,subtotal,Free operating cash flow,2024-12-31,"3,058",1,1,1,1,0,True,True,False,spatial_row_and_column_match
heineken,2025,cash_flow,2dee3a7ac14103566f798aff09ce15bc354815c0848d2831fcb99d71bdfad259,86,17,line_item,Cash flow from operations before changes in working capital and provisions,2025-12-31,"5,909",1,1,1,1,0,False,False,False,spatial_row_and_column_match
heineken,2025,cash_flow,2dee3a7ac14103566f798aff09ce15bc354815c0848d2831fcb99d71bdfad259,86,17,line_item,Cash flow from operations before changes in working capital and provisions,2024-12-31,"6,058",1,1,1,1,0,False,False,False,spatial_row_and_column_match
heineken,2025,cash_flow,2dee3a7ac14103566f798aff09ce15bc354815c0848d2831fcb99d71bdfad259,86,18,line_item,"Acquisition of subsidiaries, net of cash acquired",2025-12-31,(17),1,1,1,1,0,True,True,False,spatial_row_and_column_match
heineken,2025,cash_flow,2dee3a7ac14103566f798aff09ce15bc354815c0848d2831fcb99d71bdfad259,86,18,line_item,"Acquisition of subsidiaries, net of cash acquired",2024-12-31,(4),1,1,1,1,0,True,True,False,spatial_row_and_column_match
heineken,2025,cash_flow,2dee3a7ac14103566f798aff09ce15bc354815c0848d2831fcb99d71bdfad259,86,19,line_item,"Acquisition of/additions to associates, joint ventures and other investments",2025-12-31,(38),1,1,1,1,0,False,False,False,spatial_row_and_column_match
heineken,2025,cash_flow,2dee3a7ac14103566f798aff09ce15bc354815c0848d2831fcb99d71bdfad259,86,19,line_item,"Acquisition of/additions to associates, joint ventures and other investments",2024-12-31,(44),1,2,1,1,0,False,False,False,spatial_row_and_column_match
heineken,2025,cash_flow,2dee3a7ac14103566f798aff09ce15bc354815c0848d2831fcb99d71bdfad259,86,20,line_item,Change in inventories,2025-12-31,2,1,1,1,1,0,True,True,False,spatial_row_and_column_match
heineken,2025,cash_flow,2dee3a7ac14103566f798aff09ce15bc354815c0848d2831fcb99d71bdfad259,86,20,line_item,Change in inventories,2024-12-31,(39),1,1,1,1,0,True,True,False,spatial_row_and_column_match
heineken,2025,cash_flow,2dee3a7ac14103566f798aff09ce15bc354815c0848d2831fcb99d71bdfad259,86,21,line_item,"Disposal of subsidiaries, net of cash disposed of",2025-12-31,7,1,1,1,1,0,True,True,False,spatial_row_and_column_match
heineken,2025,cash_flow,2dee3a7ac14103566f798aff09ce15bc354815c0848d2831fcb99d71bdfad259,86,21,line_item,"Disposal of subsidiaries, net of cash disposed of",2024-12-31,14,1,1,1,1,0,True,True,False,spatial_row_and_column_match
heineken,2025,cash_flow,2dee3a7ac14103566f798aff09ce15bc354815c0848d2831fcb99d71bdfad259,86,22,line_item,Change in trade and other receivables,2025-12-31,54,1,1,1,1,0,True,True,False,spatial_row_and_column_match
heineken,2025,cash_flow,2dee3a7ac14103566f798aff09ce15bc354815c0848d2831fcb99d71bdfad259,86,22,line_item,Change in trade and other receivables,2024-12-31,347,1,1,1,1,0,True,True,False,spatial_row_and_column_match
heineken,2025,cash_flow,2dee3a7ac14103566f798aff09ce15bc354815c0848d2831fcb99d71bdfad259,86,23,line_item,"Disposal of associates, joint ventures and other investments",2025-12-31,3,1,1,1,1,0,True,True,False,spatial_row_and_column_match
heineken,2025,cash_flow,2dee3a7ac14103566f798aff09ce15bc354815c0848d2831fcb99d71bdfad259,86,23,line_item,"Disposal of associates, joint ventures and other investments",2024-12-31,44,1,2,1,1,0,True,True,False,spatial_row_and_column_match
heineken,2025,cash_flow,2dee3a7ac14103566f798aff09ce15bc354815c0848d2831fcb99d71bdfad259,86,24,line_item,Change in trade and other payables and returnable packaging deposits,2025-12-31,271,1,1,1,1,0,True,True,False,spatial_row_and_column_match
heineken,2025,cash_flow,2dee3a7ac14103566f798aff09ce15bc354815c0848d2831fcb99d71bdfad259,86,24,line_item,Change in trade and other payables and returnable packaging deposits,2024-12-31,543,1,1,1,1,0,True,True,False,spatial_row_and_column_match
heineken,2025,cash_flow,2dee3a7ac14103566f798aff09ce15bc354815c0848d2831fcb99d71bdfad259,86,25,line_item,Cash flow from/(used) in acquisitions and disposals,2025-12-31,(45),1,1,1,1,0,True,True,False,spatial_row_and_column_match
heineken,2025,cash_flow,2dee3a7ac14103566f798aff09ce15bc354815c0848d2831fcb99d71bdfad259,86,25,line_item,Cash flow from/(used) in acquisitions and disposals,2024-12-31,10,1,1,1,1,0,True,True,False,spatial_row_and_column_match
heineken,2025,cash_flow,2dee3a7ac14103566f798aff09ce15bc354815c0848d2831fcb99d71bdfad259,86,26,line_item,Total change in working capital,2025-12-31,327,1,1,1,1,0,True,True,False,spatial_row_and_column_match
heineken,2025,cash_flow,2dee3a7ac14103566f798aff09ce15bc354815c0848d2831fcb99d71bdfad259,86,26,line_item,Total change in working capital,2024-12-31,851,1,1,1,1,0,True,True,False,spatial_row_and_column_match
heineken,2025,cash_flow,2dee3a7ac14103566f798aff09ce15bc354815c0848d2831fcb99d71bdfad259,86,27,subtotal,Cash flow used in investing activities,2025-12-31,"(2,455)",1,1,1,1,0,True,True,False,spatial_row_and_column_match
heineken,2025,cash_flow,2dee3a7ac14103566f798aff09ce15bc354815c0848d2831fcb99d71bdfad259,86,27,subtotal,Cash flow used in investing activities,2024-12-31,"(2,435)",1,1,1,1,0,True,True,False,spatial_row_and_column_match
heineken,2025,cash_flow,2dee3a7ac14103566f798aff09ce15bc354815c0848d2831fcb99d71bdfad259,86,28,line_item,Change in provisions and post-retirement obligations,2025-12-31,98,1,1,1,1,0,True,True,False,spatial_row_and_column_match
heineken,2025,cash_flow,2dee3a7ac14103566f798aff09ce15bc354815c0848d2831fcb99d71bdfad259,86,28,line_item,Change in provisions and post-retirement obligations,2024-12-31,(6),1,1,1,1,0,True,True,False,spatial_row_and_column_match
heineken,2025,cash_flow,2dee3a7ac14103566f798aff09ce15bc354815c0848d2831fcb99d71bdfad259,86,30,line_item,Cash flow from operations,2025-12-31,"6,334",2,1,1,1,0,True,True,False,spatial_row_and_column_match
heineken,2025,cash_flow,2dee3a7ac14103566f798aff09ce15bc354815c0848d2831fcb99d71bdfad259,86,30,line_item,Cash flow from operations,2024-12-31,"6,903",2,1,1,1,0,True,True,False,spatial_row_and_column_match
heineken,2025,cash_flow,2dee3a7ac14103566f798aff09ce15bc354815c0848d2831fcb99d71bdfad259,86,31,line_item,Proceeds from borrowings,2025-12-31,"6,582",1,1,1,1,0,True,True,False,spatial_row_and_column_match
heineken,2025,cash_flow,2dee3a7ac14103566f798aff09ce15bc354815c0848d2831fcb99d71bdfad259,86,31,line_item,Proceeds from borrowings,2024-12-31,"3,076",1,1,1,1,0,True,True,False,spatial_row_and_column_match
heineken,2025,cash_flow,2dee3a7ac14103566f798aff09ce15bc354815c0848d2831fcb99d71bdfad259,86,32,line_item,Interest paid,2025-12-31,(621),1,1,1,1,0,True,True,False,spatial_row_and_column_match
heineken,2025,cash_flow,2dee3a7ac14103566f798aff09ce15bc354815c0848d2831fcb99d71bdfad259,86,32,line_item,Interest paid,2024-12-31,(668),1,1,1,1,0,True,True,False,spatial_row_and_column_match
heineken,2025,cash_flow,2dee3a7ac14103566f798aff09ce15bc354815c0848d2831fcb99d71bdfad259,86,33,line_item,Repayment of borrowings,2025-12-31,"(4,051)",1,1,1,1,0,True,True,False,spatial_row_and_column_match
heineken,2025,cash_flow,2dee3a7ac14103566f798aff09ce15bc354815c0848d2831fcb99d71bdfad259,86,33,line_item,Repayment of borrowings,2024-12-31,"(4,091)",1,1,1,1,0,True,True,False,spatial_row_and_column_match
heineken,2025,cash_flow,2dee3a7ac14103566f798aff09ce15bc354815c0848d2831fcb99d71bdfad259,86,34,line_item,Interest received,2025-12-31,107,1,1,1,1,0,True,True,False,spatial_row_and_column_match
heineken,2025,cash_flow,2dee3a7ac14103566f798aff09ce15bc354815c0848d2831fcb99d71bdfad259,86,34,line_item,Interest received,2024-12-31,120,1,1,1,1,0,True,True,False,spatial_row_and_column_match
heineken,2025,cash_flow,2dee3a7ac14103566f798aff09ce15bc354815c0848d2831fcb99d71bdfad259,86,35,line_item,Payment of principal portion of lease commitments,2025-12-31,(379),1,1,1,1,0,True,True,False,spatial_row_and_column_match
heineken,2025,cash_flow,2dee3a7ac14103566f798aff09ce15bc354815c0848d2831fcb99d71bdfad259,86,35,line_item,Payment of principal portion of lease commitments,2024-12-31,(355),1,1,1,1,0,True,True,False,spatial_row_and_column_match
heineken,2025,cash_flow,2dee3a7ac14103566f798aff09ce15bc354815c0848d2831fcb99d71bdfad259,86,36,line_item,Dividends received,2025-12-31,192,1,1,1,1,0,True,True,False,spatial_row_and_column_match
heineken,2025,cash_flow,2dee3a7ac14103566f798aff09ce15bc354815c0848d2831fcb99d71bdfad259,86,36,line_item,Dividends received,2024-12-31,199,1,1,1,1,0,True,True,False,spatial_row_and_column_match
heineken,2025,cash_flow,2dee3a7ac14103566f798aff09ce15bc354815c0848d2831fcb99d71bdfad259,86,37,line_item,Dividends paid,2025-12-31,"(1,276)",1,1,1,1,0,True,True,False,spatial_row_and_column_match
heineken,2025,cash_flow,2dee3a7ac14103566f798aff09ce15bc354815c0848d2831fcb99d71bdfad259,86,37,line_item,Dividends paid,2024-12-31,"(1,199)",1,1,1,1,0,True,True,False,spatial_row_and_column_match
heineken,2025,cash_flow,2dee3a7ac14103566f798aff09ce15bc354815c0848d2831fcb99d71bdfad259,86,38,line_item,Income taxes paid,2025-12-31,"(1,000)",1,1,1,1,0,True,True,False,spatial_row_and_column_match
heineken,2025,cash_flow,2dee3a7ac14103566f798aff09ce15bc354815c0848d2831fcb99d71bdfad259,86,38,line_item,Income taxes paid,2024-12-31,"(1,051)",1,1,1,1,0,True,True,False,spatial_row_and_column_match
heineken,2025,cash_flow,2dee3a7ac14103566f798aff09ce15bc354815c0848d2831fcb99d71bdfad259,86,39,line_item,Purchase own shares and shares issued,2025-12-31,(701),1,1,1,1,0,True,True,False,spatial_row_and_column_match
heineken,2025,cash_flow,2dee3a7ac14103566f798aff09ce15bc354815c0848d2831fcb99d71bdfad259,86,39,line_item,Purchase own shares and shares issued,2024-12-31,(5),1,1,1,1,0,True,True,False,spatial_row_and_column_match
heineken,2025,cash_flow,2dee3a7ac14103566f798aff09ce15bc354815c0848d2831fcb99d71bdfad259,86,40,line_item,"Cash flow related to interest, dividend and income tax",2025-12-31,"(1,322)",1,1,1,1,0,True,True,False,spatial_row_and_column_match
heineken,2025,cash_flow,2dee3a7ac14103566f798aff09ce15bc354815c0848d2831fcb99d71bdfad259,86,40,line_item,"Cash flow related to interest, dividend and income tax",2024-12-31,"(1,400)",1,1,1,1,0,True,True,False,spatial_row_and_column_match
heineken,2025,cash_flow,2dee3a7ac14103566f798aff09ce15bc354815c0848d2831fcb99d71bdfad259,86,41,line_item,Acquisition of non-controlling interests,2025-12-31,(22),1,1,1,1,0,True,True,False,spatial_row_and_column_match
heineken,2025,cash_flow,2dee3a7ac14103566f798aff09ce15bc354815c0848d2831fcb99d71bdfad259,86,41,line_item,Acquisition of non-controlling interests,2024-12-31,—,1,11,4,4,0,True,True,False,spatial_row_and_column_match
heineken,2025,cash_flow,2dee3a7ac14103566f798aff09ce15bc354815c0848d2831fcb99d71bdfad259,86,42,subtotal,Cash flow from operating activities,2025-12-31,"5,012",1,1,1,1,0,True,True,False,spatial_row_and_column_match
heineken,2025,cash_flow,2dee3a7ac14103566f798aff09ce15bc354815c0848d2831fcb99d71bdfad259,86,42,subtotal,Cash flow from operating activities,2024-12-31,"5,503",1,1,1,1,0,True,True,False,spatial_row_and_column_match
heineken,2025,cash_flow,2dee3a7ac14103566f798aff09ce15bc354815c0848d2831fcb99d71bdfad259,86,43,subtotal,Cash flow from/(used) in financing activities,2025-12-31,153,1,1,1,1,0,True,True,False,spatial_row_and_column_match
heineken,2025,cash_flow,2dee3a7ac14103566f798aff09ce15bc354815c0848d2831fcb99d71bdfad259,86,43,subtotal,Cash flow from/(used) in financing activities,2024-12-31,"(2,574)",1,1,1,1,0,True,True,False,spatial_row_and_column_match
heineken,2025,cash_flow,2dee3a7ac14103566f798aff09ce15bc354815c0848d2831fcb99d71bdfad259,86,44,total,Net cash flow,2025-12-31,"2,710",1,1,1,1,0,True,True,False,spatial_row_and_column_match
heineken,2025,cash_flow,2dee3a7ac14103566f798aff09ce15bc354815c0848d2831fcb99d71bdfad259,86,44,total,Net cash flow,2024-12-31,494,1,1,1,1,0,True,True,False,spatial_row_and_column_match
heineken,2025,cash_flow,2dee3a7ac14103566f798aff09ce15bc354815c0848d2831fcb99d71bdfad259,86,45,line_item,Cash and cash equivalents as at 1 January,2025-12-31,"1,753",1,2,1,1,0,True,True,False,spatial_row_and_column_match
heineken,2025,cash_flow,2dee3a7ac14103566f798aff09ce15bc354815c0848d2831fcb99d71bdfad259,86,45,line_item,Cash and cash equivalents as at 1 January,2024-12-31,"1,425",1,1,1,1,0,True,True,False,spatial_row_and_column_match
heineken,2025,cash_flow,2dee3a7ac14103566f798aff09ce15bc354815c0848d2831fcb99d71bdfad259,86,46,line_item,Effect of movements in exchange rates,2025-12-31,(151),1,1,1,1,0,True,True,False,spatial_row_and_column_match
heineken,2025,cash_flow,2dee3a7ac14103566f798aff09ce15bc354815c0848d2831fcb99d71bdfad259,86,46,line_item,Effect of movements in exchange rates,2024-12-31,(166),1,2,1,1,0,True,True,False,spatial_row_and_column_match
heineken,2025,cash_flow,2dee3a7ac14103566f798aff09ce15bc354815c0848d2831fcb99d71bdfad259,86,47,total,Cash and cash equivalents as at 31 December,2025-12-31,"4,312",1,1,1,1,0,True,True,False,spatial_row_and_column_match
heineken,2025,cash_flow,2dee3a7ac14103566f798aff09ce15bc354815c0848d2831fcb99d71bdfad259,86,47,total,Cash and cash equivalents as at 31 December,2024-12-31,"1,753",1,2,1,1,0,True,True,False,spatial_row_and_column_match
heineken,2023,income_statement,1b35e06fb6f9b3ed93770966755327a0a6f6911275ef63321c113ba6e83d8ac3,75,1,line_item,Revenue,2023-12-31,"36,375",2,1,1,1,0,True,True,False,spatial_row_and_column_match
heineken,2023,income_statement,1b35e06fb6f9b3ed93770966755327a0a6f6911275ef63321c113ba6e83d8ac3,75,1,line_item,Revenue,2022-12-31,"34,676",2,1,1,1,0,True,True,False,spatial_row_and_column_match
heineken,2023,income_statement,1b35e06fb6f9b3ed93770966755327a0a6f6911275ef63321c113ba6e83d8ac3,75,2,line_item,Excise tax expense,2023-12-31,"(6,013)",1,1,1,1,0,True,True,False,spatial_row_and_column_match
heineken,2023,income_statement,1b35e06fb6f9b3ed93770966755327a0a6f6911275ef63321c113ba6e83d8ac3,75,2,line_item,Excise tax expense,2022-12-31,"(5,957)",1,1,1,1,0,True,True,False,spatial_row_and_column_match
heineken,2023,income_statement,1b35e06fb6f9b3ed93770966755327a0a6f6911275ef63321c113ba6e83d8ac3,75,3,subtotal,Net revenue,2023-12-31,"30,362",1,1,1,1,0,True,True,False,spatial_row_and_column_match
heineken,2023,income_statement,1b35e06fb6f9b3ed93770966755327a0a6f6911275ef63321c113ba6e83d8ac3,75,3,subtotal,Net revenue,2022-12-31,"28,719",1,1,1,1,0,True,True,False,spatial_row_and_column_match
heineken,2023,income_statement,1b35e06fb6f9b3ed93770966755327a0a6f6911275ef63321c113ba6e83d8ac3,75,4,line_item,Other income,2023-12-31,393,1,1,1,1,0,True,True,False,spatial_row_and_column_match
heineken,2023,income_statement,1b35e06fb6f9b3ed93770966755327a0a6f6911275ef63321c113ba6e83d8ac3,75,4,line_item,Other income,2022-12-31,147,1,1,1,1,0,True,True,False,spatial_row_and_column_match
heineken,2023,income_statement,1b35e06fb6f9b3ed93770966755327a0a6f6911275ef63321c113ba6e83d8ac3,75,5,line_item,"Raw materials, consumables and services",2023-12-31,"(20,077)",1,1,1,1,0,True,True,False,spatial_row_and_column_match
heineken,2023,income_statement,1b35e06fb6f9b3ed93770966755327a0a6f6911275ef63321c113ba6e83d8ac3,75,5,line_item,"Raw materials, consumables and services",2022-12-31,"(18,618)",1,1,1,1,0,True,True,False,spatial_row_and_column_match
heineken,2023,income_statement,1b35e06fb6f9b3ed93770966755327a0a6f6911275ef63321c113ba6e83d8ac3,75,6,line_item,Personnel expenses,2023-12-31,"(4,353)",1,1,1,1,0,True,True,False,spatial_row_and_column_match
heineken,2023,income_statement,1b35e06fb6f9b3ed93770966755327a0a6f6911275ef63321c113ba6e83d8ac3,75,6,line_item,Personnel expenses,2022-12-31,"(4,079)",1,1,1,1,0,True,True,False,spatial_row_and_column_match
heineken,2023,income_statement,1b35e06fb6f9b3ed93770966755327a0a6f6911275ef63321c113ba6e83d8ac3,75,7,line_item,"Amortisation, depreciation and impairments",2023-12-31,"(3,096)",1,1,1,1,0,True,True,False,spatial_row_and_column_match
heineken,2023,income_statement,1b35e06fb6f9b3ed93770966755327a0a6f6911275ef63321c113ba6e83d8ac3,75,7,line_item,"Amortisation, depreciation and impairments",2022-12-31,"(1,886)",1,1,1,1,0,True,True,False,spatial_row_and_column_match
heineken,2023,income_statement,1b35e06fb6f9b3ed93770966755327a0a6f6911275ef63321c113ba6e83d8ac3,75,8,subtotal,Total other expenses,2023-12-31,"(27,526)",1,1,1,1,0,True,True,False,spatial_row_and_column_match
heineken,2023,income_statement,1b35e06fb6f9b3ed93770966755327a0a6f6911275ef63321c113ba6e83d8ac3,75,8,subtotal,Total other expenses,2022-12-31,"(24,583)",1,1,1,1,0,True,True,False,spatial_row_and_column_match
heineken,2023,income_statement,1b35e06fb6f9b3ed93770966755327a0a6f6911275ef63321c113ba6e83d8ac3,75,9,subtotal,Operating profit,2023-12-31,"3,229",1,1,1,1,0,True,True,False,spatial_row_and_column_match
heineken,2023,income_statement,1b35e06fb6f9b3ed93770966755327a0a6f6911275ef63321c113ba6e83d8ac3,75,9,subtotal,Operating profit,2022-12-31,"4,283",1,1,1,1,0,True,True,False,spatial_row_and_column_match
heineken,2023,income_statement,1b35e06fb6f9b3ed93770966755327a0a6f6911275ef63321c113ba6e83d8ac3,75,10,line_item,Interest income,2023-12-31,90,1,2,1,1,0,True,True,False,spatial_row_and_column_match
heineken,2023,income_statement,1b35e06fb6f9b3ed93770966755327a0a6f6911275ef63321c113ba6e83d8ac3,75,10,line_item,Interest income,2022-12-31,74,1,1,1,1,0,True,True,False,spatial_row_and_column_match
heineken,2023,income_statement,1b35e06fb6f9b3ed93770966755327a0a6f6911275ef63321c113ba6e83d8ac3,75,11,line_item,Interest expenses,2023-12-31,(640),1,1,1,1,0,True,True,False,spatial_row_and_column_match
heineken,2023,income_statement,1b35e06fb6f9b3ed93770966755327a0a6f6911275ef63321c113ba6e83d8ac3,75,11,line_item,Interest expenses,2022-12-31,(458),1,1,1,1,0,True,True,False,spatial_row_and_column_match
heineken,2023,income_statement,1b35e06fb6f9b3ed93770966755327a0a6f6911275ef63321c113ba6e83d8ac3,75,12,line_item,Other net finance income/(expenses),2023-12-31,(375),1,1,1,1,0,True,True,False,spatial_row_and_column_match
heineken,2023,income_statement,1b35e06fb6f9b3ed93770966755327a0a6f6911275ef63321c113ba6e83d8ac3,75,12,line_item,Other net finance income/(expenses),2022-12-31,48,1,1,1,1,0,True,True,False,spatial_row_and_column_match
heineken,2023,income_statement,1b35e06fb6f9b3ed93770966755327a0a6f6911275ef63321c113ba6e83d8ac3,75,13,subtotal,Net finance expenses,2023-12-31,(925),1,1,1,1,0,True,True,False,spatial_row_and_column_match
heineken,2023,income_statement,1b35e06fb6f9b3ed93770966755327a0a6f6911275ef63321c113ba6e83d8ac3,75,13,subtotal,Net finance expenses,2022-12-31,(336),1,1,1,1,0,True,True,False,spatial_row_and_column_match
heineken,2023,income_statement,1b35e06fb6f9b3ed93770966755327a0a6f6911275ef63321c113ba6e83d8ac3,75,14,line_item,Share of profit of associates and joint ventures,2023-12-31,218,1,1,1,1,0,True,True,False,spatial_row_and_column_match
heineken,2023,income_statement,1b35e06fb6f9b3ed93770966755327a0a6f6911275ef63321c113ba6e83d8ac3,75,14,line_item,Share of profit of associates and joint ventures,2022-12-31,223,1,1,1,1,0,True,True,False,spatial_row_and_column_match
heineken,2023,income_statement,1b35e06fb6f9b3ed93770966755327a0a6f6911275ef63321c113ba6e83d8ac3,75,15,subtotal,Profit before income tax,2023-12-31,"2,522",1,1,1,1,0,True,True,False,spatial_row_and_column_match
heineken,2023,income_statement,1b35e06fb6f9b3ed93770966755327a0a6f6911275ef63321c113ba6e83d8ac3,75,15,subtotal,Profit before income tax,2022-12-31,"4,170",1,1,1,1,0,True,True,False,spatial_row_and_column_match
heineken,2023,income_statement,1b35e06fb6f9b3ed93770966755327a0a6f6911275ef63321c113ba6e83d8ac3,75,16,line_item,Income tax expense,2023-12-31,(121),1,2,2,2,0,True,True,False,spatial_row_and_column_match
heineken,2023,income_statement,1b35e06fb6f9b3ed93770966755327a0a6f6911275ef63321c113ba6e83d8ac3,75,16,line_item,Income tax expense,2022-12-31,"(1,131)",1,1,1,1,0,True,True,False,spatial_row_and_column_match
heineken,2023,income_statement,1b35e06fb6f9b3ed93770966755327a0a6f6911275ef63321c113ba6e83d8ac3,75,17,total,Profit,2023-12-31,"2,401",10,3,3,3,0,True,True,False,spatial_row_and_column_match
heineken,2023,income_statement,1b35e06fb6f9b3ed93770966755327a0a6f6911275ef63321c113ba6e83d8ac3,75,17,total,Profit,2022-12-31,"3,039",10,4,3,3,0,True,True,False,spatial_row_and_column_match
heineken,2023,income_statement,1b35e06fb6f9b3ed93770966755327a0a6f6911275ef63321c113ba6e83d8ac3,75,19,line_item,Shareholders of the Company (net profit),2023-12-31,"2,304",1,1,1,1,0,True,True,False,spatial_row_and_column_match
heineken,2023,income_statement,1b35e06fb6f9b3ed93770966755327a0a6f6911275ef63321c113ba6e83d8ac3,75,19,line_item,Shareholders of the Company (net profit),2022-12-31,"2,682",1,1,1,1,0,True,True,False,spatial_row_and_column_match
heineken,2023,income_statement,1b35e06fb6f9b3ed93770966755327a0a6f6911275ef63321c113ba6e83d8ac3,75,20,line_item,Non-controlling interests,2023-12-31,97,2,1,1,1,0,True,True,False,spatial_row_and_column_match
heineken,2023,income_statement,1b35e06fb6f9b3ed93770966755327a0a6f6911275ef63321c113ba6e83d8ac3,75,20,line_item,Non-controlling interests,2022-12-31,357,2,1,1,1,0,True,True,False,spatial_row_and_column_match
heineken,2023,income_statement,1b35e06fb6f9b3ed93770966755327a0a6f6911275ef63321c113ba6e83d8ac3,75,21,total,Profit,2023-12-31,"2,401",10,3,3,3,0,True,True,False,spatial_row_and_column_match
heineken,2023,income_statement,1b35e06fb6f9b3ed93770966755327a0a6f6911275ef63321c113ba6e83d8ac3,75,21,total,Profit,2022-12-31,"3,039",10,4,3,3,0,True,True,False,spatial_row_and_column_match
heineken,2023,income_statement,1b35e06fb6f9b3ed93770966755327a0a6f6911275ef63321c113ba6e83d8ac3,75,22,line_item,Weighted average number of shares – basic,2023-12-31,"563,448,845",1,1,1,1,0,True,True,False,spatial_row_and_column_match
heineken,2023,income_statement,1b35e06fb6f9b3ed93770966755327a0a6f6911275ef63321c113ba6e83d8ac3,75,22,line_item,Weighted average number of shares – basic,2022-12-31,"575,563,505",1,1,1,1,0,True,True,False,spatial_row_and_column_match
heineken,2023,income_statement,1b35e06fb6f9b3ed93770966755327a0a6f6911275ef63321c113ba6e83d8ac3,75,23,line_item,Weighted average number of shares – diluted,2023-12-31,"563,979,620",1,1,1,1,0,True,True,False,spatial_row_and_column_match
heineken,2023,income_statement,1b35e06fb6f9b3ed93770966755327a0a6f6911275ef63321c113ba6e83d8ac3,75,23,line_item,Weighted average number of shares – diluted,2022-12-31,"576,026,120",1,1,1,1,0,True,True,False,spatial_row_and_column_match
heineken,2023,income_statement,1b35e06fb6f9b3ed93770966755327a0a6f6911275ef63321c113ba6e83d8ac3,75,24,line_item,Basic earnings per share (€),2023-12-31,4.09,1,2,1,1,0,True,True,False,spatial_row_and_column_match
heineken,2023,income_statement,1b35e06fb6f9b3ed93770966755327a0a6f6911275ef63321c113ba6e83d8ac3,75,24,line_item,Basic earnings per share (€),2022-12-31,4.66,1,1,1,1,0,True,True,False,spatial_row_and_column_match
heineken,2023,income_statement,1b35e06fb6f9b3ed93770966755327a0a6f6911275ef63321c113ba6e83d8ac3,75,25,line_item,Diluted earnings per share (€),2023-12-31,4.09,1,2,1,1,0,True,True,False,spatial_row_and_column_match
heineken,2023,income_statement,1b35e06fb6f9b3ed93770966755327a0a6f6911275ef63321c113ba6e83d8ac3,75,25,line_item,Diluted earnings per share (€),2022-12-31,4.65,1,1,1,1,0,True,True,False,spatial_row_and_column_match
heineken,2023,balance_sheet,1b35e06fb6f9b3ed93770966755327a0a6f6911275ef63321c113ba6e83d8ac3,76,1,line_item,Intangible assets,2023-12-31,"21,781",1,1,1,1,0,True,True,False,spatial_row_and_column_match
heineken,2023,balance_sheet,1b35e06fb6f9b3ed93770966755327a0a6f6911275ef63321c113ba6e83d8ac3,76,1,line_item,Intangible assets,2022-12-31,"21,408",1,1,1,1,0,True,True,False,spatial_row_and_column_match
heineken,2023,balance_sheet,1b35e06fb6f9b3ed93770966755327a0a6f6911275ef63321c113ba6e83d8ac3,76,2,line_item,Shareholders' equity,2023-12-31,"20,056",1,1,1,1,0,True,True,False,spatial_row_and_column_match
heineken,2023,balance_sheet,1b35e06fb6f9b3ed93770966755327a0a6f6911275ef63321c113ba6e83d8ac3,76,2,line_item,Shareholders' equity,2022-12-31,"19,551",1,1,1,1,0,True,True,False,spatial_row_and_column_match
heineken,2023,balance_sheet,1b35e06fb6f9b3ed93770966755327a0a6f6911275ef63321c113ba6e83d8ac3,76,3,line_item,"Property, plant and equipment",2023-12-31,"14,772",1,1,1,1,0,True,True,False,spatial_row_and_column_match
heineken,2023,balance_sheet,1b35e06fb6f9b3ed93770966755327a0a6f6911275ef63321c113ba6e83d8ac3,76,3,line_item,"Property, plant and equipment",2022-12-31,"13,623",1,1,1,1,0,True,True,False,spatial_row_and_column_match
heineken,2023,balance_sheet,1b35e06fb6f9b3ed93770966755327a0a6f6911275ef63321c113ba6e83d8ac3,76,4,line_item,Non-controlling interests,2023-12-31,"2,733",1,1,1,1,0,True,True,False,spatial_row_and_column_match
heineken,2023,balance_sheet,1b35e06fb6f9b3ed93770966755327a0a6f6911275ef63321c113ba6e83d8ac3,76,4,line_item,Non-controlling interests,2022-12-31,"2,369",1,1,1,1,0,True,True,False,spatial_row_and_column_match
heineken,2023,balance_sheet,1b35e06fb6f9b3ed93770966755327a0a6f6911275ef63321c113ba6e83d8ac3,76,5,line_item,Investments in associates and joint ventures,2023-12-31,"4,130",1,1,1,1,0,True,True,False,spatial_row_and_column_match
heineken,2023,balance_sheet,1b35e06fb6f9b3ed93770966755327a0a6f6911275ef63321c113ba6e83d8ac3,76,5,line_item,Investments in associates and joint ventures,2022-12-31,"4,296",1,1,1,1,0,True,True,False,spatial_row_and_column_match
heineken,2023,balance_sheet,1b35e06fb6f9b3ed93770966755327a0a6f6911275ef63321c113ba6e83d8ac3,76,6,total,Total equity,2023-12-31,"22,789",2,1,1,1,0,True,True,False,spatial_row_and_column_match
heineken,2023,balance_sheet,1b35e06fb6f9b3ed93770966755327a0a6f6911275ef63321c113ba6e83d8ac3,76,6,total,Total equity,2022-12-31,"21,920",2,1,1,1,0,True,True,False,spatial_row_and_column_match
heineken,2023,balance_sheet,1b35e06fb6f9b3ed93770966755327a0a6f6911275ef63321c113ba6e83d8ac3,76,7,line_item,Loans and advances to customers,2023-12-31,239,1,1,1,1,0,True,True,False,spatial_row_and_column_match
heineken,2023,balance_sheet,1b35e06fb6f9b3ed93770966755327a0a6f6911275ef63321c113ba6e83d8ac3,76,7,line_item,Loans and advances to customers,2022-12-31,216,1,1,1,1,0,True,True,False,spatial_row_and_column_match
heineken,2023,balance_sheet,1b35e06fb6f9b3ed93770966755327a0a6f6911275ef63321c113ba6e83d8ac3,76,8,line_item,Borrowings,2023-12-31,"14,046",2,1,1,1,0,True,True,False,spatial_row_and_column_match
heineken,2023,balance_sheet,1b35e06fb6f9b3ed93770966755327a0a6f6911275ef63321c113ba6e83d8ac3,76,8,line_item,Borrowings,2022-12-31,"12,893",2,1,1,1,0,True,True,False,spatial_row_and_column_match
heineken,2023,balance_sheet,1b35e06fb6f9b3ed93770966755327a0a6f6911275ef63321c113ba6e83d8ac3,76,9,line_item,Deferred tax assets,2023-12-31,"1,292",1,1,1,1,0,True,True,False,spatial_row_and_column_match
heineken,2023,balance_sheet,1b35e06fb6f9b3ed93770966755327a0a6f6911275ef63321c113ba6e83d8ac3,76,9,line_item,Deferred tax assets,2022-12-31,618,1,1,1,1,0,True,True,False,spatial_row_and_column_match
heineken,2023,balance_sheet,1b35e06fb6f9b3ed93770966755327a0a6f6911275ef63321c113ba6e83d8ac3,76,10,line_item,Post-retirement obligations,2023-12-31,586,1,1,1,1,0,True,True,False,spatial_row_and_column_match
heineken,2023,balance_sheet,1b35e06fb6f9b3ed93770966755327a0a6f6911275ef63321c113ba6e83d8ac3,76,10,line_item,Post-retirement obligations,2022-12-31,568,1,1,1,1,0,True,True,False,spatial_row_and_column_match
heineken,2023,balance_sheet,1b35e06fb6f9b3ed93770966755327a0a6f6911275ef63321c113ba6e83d8ac3,76,11,line_item,Equity instruments,2023-12-31,562,1,1,1,1,0,True,True,False,spatial_row_and_column_match
heineken,2023,balance_sheet,1b35e06fb6f9b3ed93770966755327a0a6f6911275ef63321c113ba6e83d8ac3,76,11,line_item,Equity instruments,2022-12-31,145,1,1,1,1,0,True,True,False,spatial_row_and_column_match
heineken,2023,balance_sheet,1b35e06fb6f9b3ed93770966755327a0a6f6911275ef63321c113ba6e83d8ac3,76,12,line_item,Provisions,2023-12-31,627,2,1,1,1,0,True,True,False,spatial_row_and_column_match
heineken,2023,balance_sheet,1b35e06fb6f9b3ed93770966755327a0a6f6911275ef63321c113ba6e83d8ac3,76,12,line_item,Provisions,2022-12-31,572,2,1,1,1,0,True,True,False,spatial_row_and_column_match
heineken,2023,balance_sheet,1b35e06fb6f9b3ed93770966755327a0a6f6911275ef63321c113ba6e83d8ac3,76,13,line_item,Other non-current assets,2023-12-31,978,1,1,1,1,0,True,True,False,spatial_row_and_column_match
heineken,2023,balance_sheet,1b35e06fb6f9b3ed93770966755327a0a6f6911275ef63321c113ba6e83d8ac3,76,13,line_item,Other non-current assets,2022-12-31,"1,085",1,1,1,1,0,True,True,False,spatial_row_and_column_match
heineken,2023,balance_sheet,1b35e06fb6f9b3ed93770966755327a0a6f6911275ef63321c113ba6e83d8ac3,76,14,line_item,Deferred tax liabilities,2023-12-31,"2,213",1,1,1,1,0,True,True,False,spatial_row_and_column_match
heineken,2023,balance_sheet,1b35e06fb6f9b3ed93770966755327a0a6f6911275ef63321c113ba6e83d8ac3,76,14,line_item,Deferred tax liabilities,2022-12-31,"2,138",1,1,1,1,0,True,True,False,spatial_row_and_column_match
heineken,2023,balance_sheet,1b35e06fb6f9b3ed93770966755327a0a6f6911275ef63321c113ba6e83d8ac3,76,15,subtotal,Total non-current assets,2023-12-31,"43,754",1,1,1,1,0,True,True,False,spatial_row_and_column_match
heineken,2023,balance_sheet,1b35e06fb6f9b3ed93770966755327a0a6f6911275ef63321c113ba6e83d8ac3,76,15,subtotal,Total non-current assets,2022-12-31,"41,391",1,1,1,1,0,True,True,False,spatial_row_and_column_match
heineken,2023,balance_sheet,1b35e06fb6f9b3ed93770966755327a0a6f6911275ef63321c113ba6e83d8ac3,76,16,line_item,Other non-current liabilities,2023-12-31,67,1,1,1,1,0,True,True,False,spatial_row_and_column_match
heineken,2023,balance_sheet,1b35e06fb6f9b3ed93770966755327a0a6f6911275ef63321c113ba6e83d8ac3,76,16,line_item,Other non-current liabilities,2022-12-31,125,1,1,1,1,0,True,True,False,spatial_row_and_column_match
heineken,2023,balance_sheet,1b35e06fb6f9b3ed93770966755327a0a6f6911275ef63321c113ba6e83d8ac3,76,17,line_item,Inventories,2023-12-31,"3,721",1,1,1,1,0,True,True,False,spatial_row_and_column_match
heineken,2023,balance_sheet,1b35e06fb6f9b3ed93770966755327a0a6f6911275ef63321c113ba6e83d8ac3,76,17,line_item,Inventories,2022-12-31,"3,250",1,1,1,1,0,True,True,False,spatial_row_and_column_match
heineken,2023,balance_sheet,1b35e06fb6f9b3ed93770966755327a0a6f6911275ef63321c113ba6e83d8ac3,76,18,subtotal,Total non-current liabilities,2023-12-31,"17,539",1,1,1,1,0,True,True,False,spatial_row_and_column_match
heineken,2023,balance_sheet,1b35e06fb6f9b3ed93770966755327a0a6f6911275ef63321c113ba6e83d8ac3,76,18,subtotal,Total non-current liabilities,2022-12-31,"16,296",1,1,1,1,0,True,True,False,spatial_row_and_column_match
heineken,2023,balance_sheet,1b35e06fb6f9b3ed93770966755327a0a6f6911275ef63321c113ba6e83d8ac3,76,19,line_item,Trade and other receivables,2023-12-31,"5,019",1,1,1,1,0,True,True,False,spatial_row_and_column_match
heineken,2023,balance_sheet,1b35e06fb6f9b3ed93770966755327a0a6f6911275ef63321c113ba6e83d8ac3,76,19,line_item,Trade and other receivables,2022-12-31,"4,531",1,1,1,1,0,True,True,False,spatial_row_and_column_match
heineken,2023,balance_sheet,1b35e06fb6f9b3ed93770966755327a0a6f6911275ef63321c113ba6e83d8ac3,76,20,line_item,Borrowings,2023-12-31,"4,192",2,1,1,1,0,True,True,False,spatial_row_and_column_match
heineken,2023,balance_sheet,1b35e06fb6f9b3ed93770966755327a0a6f6911275ef63321c113ba6e83d8ac3,76,20,line_item,Borrowings,2022-12-31,"3,484",2,1,1,1,0,True,True,False,spatial_row_and_column_match
heineken,2023,balance_sheet,1b35e06fb6f9b3ed93770966755327a0a6f6911275ef63321c113ba6e83d8ac3,76,21,line_item,Current tax assets,2023-12-31,196,1,1,1,1,0,True,True,False,spatial_row_and_column_match
heineken,2023,balance_sheet,1b35e06fb6f9b3ed93770966755327a0a6f6911275ef63321c113ba6e83d8ac3,76,21,line_item,Current tax assets,2022-12-31,84,1,2,1,1,0,True,True,False,spatial_row_and_column_match
heineken,2023,balance_sheet,1b35e06fb6f9b3ed93770966755327a0a6f6911275ef63321c113ba6e83d8ac3,76,22,line_item,Trade and other payables,2023-12-31,"9,432",1,1,1,1,0,True,True,False,spatial_row_and_column_match
heineken,2023,balance_sheet,1b35e06fb6f9b3ed93770966755327a0a6f6911275ef63321c113ba6e83d8ac3,76,22,line_item,Trade and other payables,2022-12-31,"9,283",1,1,1,1,0,True,True,False,spatial_row_and_column_match
heineken,2023,balance_sheet,1b35e06fb6f9b3ed93770966755327a0a6f6911275ef63321c113ba6e83d8ac3,76,23,line_item,Derivative assets,2023-12-31,58,1,1,1,1,0,True,True,False,spatial_row_and_column_match
heineken,2023,balance_sheet,1b35e06fb6f9b3ed93770966755327a0a6f6911275ef63321c113ba6e83d8ac3,76,23,line_item,Derivative assets,2022-12-31,70,1,1,1,1,0,True,True,False,spatial_row_and_column_match
heineken,2023,balance_sheet,1b35e06fb6f9b3ed93770966755327a0a6f6911275ef63321c113ba6e83d8ac3,76,24,line_item,Returnable packaging deposits,2023-12-31,531,1,1,1,1,0,True,True,False,spatial_row_and_column_match
heineken,2023,balance_sheet,1b35e06fb6f9b3ed93770966755327a0a6f6911275ef63321c113ba6e83d8ac3,76,24,line_item,Returnable packaging deposits,2022-12-31,545,1,1,1,1,0,True,True,False,spatial_row_and_column_match
heineken,2023,balance_sheet,1b35e06fb6f9b3ed93770966755327a0a6f6911275ef63321c113ba6e83d8ac3,76,25,line_item,Cash and cash equivalents,2023-12-31,"2,377",1,1,1,1,0,True,True,False,spatial_row_and_column_match
heineken,2023,balance_sheet,1b35e06fb6f9b3ed93770966755327a0a6f6911275ef63321c113ba6e83d8ac3,76,25,line_item,Cash and cash equivalents,2022-12-31,"2,765",1,1,1,1,0,True,True,False,spatial_row_and_column_match
heineken,2023,balance_sheet,1b35e06fb6f9b3ed93770966755327a0a6f6911275ef63321c113ba6e83d8ac3,76,26,line_item,Provisions,2023-12-31,206,2,1,1,1,0,True,True,False,spatial_row_and_column_match
heineken,2023,balance_sheet,1b35e06fb6f9b3ed93770966755327a0a6f6911275ef63321c113ba6e83d8ac3,76,26,line_item,Provisions,2022-12-31,226,2,1,1,1,0,True,True,False,spatial_row_and_column_match
heineken,2023,balance_sheet,1b35e06fb6f9b3ed93770966755327a0a6f6911275ef63321c113ba6e83d8ac3,76,27,line_item,Assets classified as held for sale,2023-12-31,28,2,1,1,1,0,True,True,False,spatial_row_and_column_match
heineken,2023,balance_sheet,1b35e06fb6f9b3ed93770966755327a0a6f6911275ef63321c113ba6e83d8ac3,76,27,line_item,Assets classified as held for sale,2022-12-31,315,2,1,1,1,0,True,True,False,spatial_row_and_column_match
heineken,2023,balance_sheet,1b35e06fb6f9b3ed93770966755327a0a6f6911275ef63321c113ba6e83d8ac3,76,28,line_item,Current tax liabilities,2023-12-31,332,1,1,1,1,0,True,True,False,spatial_row_and_column_match
heineken,2023,balance_sheet,1b35e06fb6f9b3ed93770966755327a0a6f6911275ef63321c113ba6e83d8ac3,76,28,line_item,Current tax liabilities,2022-12-31,352,1,1,1,1,0,True,True,False,spatial_row_and_column_match
heineken,2023,balance_sheet,1b35e06fb6f9b3ed93770966755327a0a6f6911275ef63321c113ba6e83d8ac3,76,29,subtotal,Total current assets,2023-12-31,"11,399",1,1,1,1,0,True,True,False,spatial_row_and_column_match
heineken,2023,balance_sheet,1b35e06fb6f9b3ed93770966755327a0a6f6911275ef63321c113ba6e83d8ac3,76,29,subtotal,Total current assets,2022-12-31,"11,015",1,1,1,1,0,True,True,False,spatial_row_and_column_match
heineken,2023,balance_sheet,1b35e06fb6f9b3ed93770966755327a0a6f6911275ef63321c113ba6e83d8ac3,76,30,line_item,Derivative liabilities,2023-12-31,132,1,1,1,1,0,True,True,False,spatial_row_and_column_match
heineken,2023,balance_sheet,1b35e06fb6f9b3ed93770966755327a0a6f6911275ef63321c113ba6e83d8ac3,76,30,line_item,Derivative liabilities,2022-12-31,119,1,1,1,1,0,True,True,False,spatial_row_and_column_match
heineken,2023,balance_sheet,1b35e06fb6f9b3ed93770966755327a0a6f6911275ef63321c113ba6e83d8ac3,76,31,line_item,Liabilities associated with assets classified as held for sale,2023-12-31,—,1,11,1,1,0,True,True,False,spatial_row_and_column_match
heineken,2023,balance_sheet,1b35e06fb6f9b3ed93770966755327a0a6f6911275ef63321c113ba6e83d8ac3,76,31,line_item,Liabilities associated with assets classified as held for sale,2022-12-31,181,1,1,1,1,0,True,True,False,spatial_row_and_column_match
heineken,2023,balance_sheet,1b35e06fb6f9b3ed93770966755327a0a6f6911275ef63321c113ba6e83d8ac3,76,32,subtotal,Total current liabilities,2023-12-31,"14,825",1,1,1,1,0,True,True,False,spatial_row_and_column_match
heineken,2023,balance_sheet,1b35e06fb6f9b3ed93770966755327a0a6f6911275ef63321c113ba6e83d8ac3,76,32,subtotal,Total current liabilities,2022-12-31,"14,190",1,1,1,1,0,True,True,False,spatial_row_and_column_match
heineken,2023,balance_sheet,1b35e06fb6f9b3ed93770966755327a0a6f6911275ef63321c113ba6e83d8ac3,76,33,total,Total assets,2023-12-31,"55,153",1,2,2,2,0,True,True,False,spatial_row_and_column_match
heineken,2023,balance_sheet,1b35e06fb6f9b3ed93770966755327a0a6f6911275ef63321c113ba6e83d8ac3,76,33,total,Total assets,2022-12-31,"52,406",1,2,2,2,0,True,True,False,spatial_row_and_column_match
heineken,2023,balance_sheet,1b35e06fb6f9b3ed93770966755327a0a6f6911275ef63321c113ba6e83d8ac3,76,34,total,Total equity and liabilities,2023-12-31,"55,153",1,2,2,2,0,True,True,False,spatial_row_and_column_match
heineken,2023,balance_sheet,1b35e06fb6f9b3ed93770966755327a0a6f6911275ef63321c113ba6e83d8ac3,76,34,total,Total equity and liabilities,2022-12-31,"52,406",1,2,2,2,0,True,True,False,spatial_row_and_column_match
heineken,2023,cash_flow,1b35e06fb6f9b3ed93770966755327a0a6f6911275ef63321c113ba6e83d8ac3,77,5,line_item,Profit,2023-12-31,"2,401",2,1,1,1,0,True,True,False,spatial_row_and_column_match
heineken,2023,cash_flow,1b35e06fb6f9b3ed93770966755327a0a6f6911275ef63321c113ba6e83d8ac3,77,5,line_item,Profit,2022-12-31,"3,039",2,1,1,1,0,True,True,False,spatial_row_and_column_match
heineken,2023,cash_flow,1b35e06fb6f9b3ed93770966755327a0a6f6911275ef63321c113ba6e83d8ac3,77,6,line_item,"Proceeds from sale of property, plant and equipment and",2023-12-31,154,1,1,1,1,0,False,True,False,spatial_row_and_column_match
heineken,2023,cash_flow,1b35e06fb6f9b3ed93770966755327a0a6f6911275ef63321c113ba6e83d8ac3,77,6,line_item,"Proceeds from sale of property, plant and equipment and",2022-12-31,112,1,2,1,1,0,False,True,False,spatial_row_and_column_match
heineken,2023,cash_flow,1b35e06fb6f9b3ed93770966755327a0a6f6911275ef63321c113ba6e83d8ac3,77,9,line_item,"Amortisation, depreciation and impairments",2023-12-31,"3,096",1,1,1,1,0,True,True,False,spatial_row_and_column_match
heineken,2023,cash_flow,1b35e06fb6f9b3ed93770966755327a0a6f6911275ef63321c113ba6e83d8ac3,77,9,line_item,"Amortisation, depreciation and impairments",2022-12-31,"1,886",1,1,1,1,0,True,True,False,spatial_row_and_column_match
heineken,2023,cash_flow,1b35e06fb6f9b3ed93770966755327a0a6f6911275ef63321c113ba6e83d8ac3,77,10,line_item,"Purchase of property, plant and equipment",2023-12-31,"(2,434)",1,1,1,1,0,True,True,False,spatial_row_and_column_match
heineken,2023,cash_flow,1b35e06fb6f9b3ed93770966755327a0a6f6911275ef63321c113ba6e83d8ac3,77,10,line_item,"Purchase of property, plant and equipment",2022-12-31,"(1,791)",1,1,1,1,0,True,True,False,spatial_row_and_column_match
heineken,2023,cash_flow,1b35e06fb6f9b3ed93770966755327a0a6f6911275ef63321c113ba6e83d8ac3,77,11,line_item,Net interest expenses,2023-12-31,550,1,1,1,1,0,True,True,False,spatial_row_and_column_match
heineken,2023,cash_flow,1b35e06fb6f9b3ed93770966755327a0a6f6911275ef63321c113ba6e83d8ac3,77,11,line_item,Net interest expenses,2022-12-31,384,1,1,1,1,0,True,True,False,spatial_row_and_column_match
heineken,2023,cash_flow,1b35e06fb6f9b3ed93770966755327a0a6f6911275ef63321c113ba6e83d8ac3,77,12,line_item,Purchase of intangible assets,2023-12-31,(243),1,1,1,1,0,True,True,False,spatial_row_and_column_match
heineken,2023,cash_flow,1b35e06fb6f9b3ed93770966755327a0a6f6911275ef63321c113ba6e83d8ac3,77,12,line_item,Purchase of intangible assets,2022-12-31,(220),1,1,1,1,0,True,True,False,spatial_row_and_column_match
heineken,2023,cash_flow,1b35e06fb6f9b3ed93770966755327a0a6f6911275ef63321c113ba6e83d8ac3,77,13,line_item,Other income,2023-12-31,(352),1,1,1,1,0,True,True,False,spatial_row_and_column_match
heineken,2023,cash_flow,1b35e06fb6f9b3ed93770966755327a0a6f6911275ef63321c113ba6e83d8ac3,77,13,line_item,Other income,2022-12-31,(147),1,2,1,1,0,True,True,False,spatial_row_and_column_match
heineken,2023,cash_flow,1b35e06fb6f9b3ed93770966755327a0a6f6911275ef63321c113ba6e83d8ac3,77,14,line_item,Loans issued to customers and other investments,2023-12-31,(244),1,1,1,1,0,True,True,False,spatial_row_and_column_match
heineken,2023,cash_flow,1b35e06fb6f9b3ed93770966755327a0a6f6911275ef63321c113ba6e83d8ac3,77,14,line_item,Loans issued to customers and other investments,2022-12-31,(219),1,1,1,1,0,True,True,False,spatial_row_and_column_match
heineken,2023,cash_flow,1b35e06fb6f9b3ed93770966755327a0a6f6911275ef63321c113ba6e83d8ac3,77,15,line_item,Share of profit of associates and joint ventures and dividend income,2023-12-31,(226),1,1,1,1,0,False,True,False,spatial_row_and_column_match
heineken,2023,cash_flow,1b35e06fb6f9b3ed93770966755327a0a6f6911275ef63321c113ba6e83d8ac3,77,15,line_item,Share of profit of associates and joint ventures and dividend income,2022-12-31,(230),1,1,1,1,0,False,True,False,spatial_row_and_column_match
heineken,2023,cash_flow,1b35e06fb6f9b3ed93770966755327a0a6f6911275ef63321c113ba6e83d8ac3,77,16,line_item,Repayment on loans to customers and other investments,2023-12-31,96,1,1,1,1,0,True,True,False,spatial_row_and_column_match
heineken,2023,cash_flow,1b35e06fb6f9b3ed93770966755327a0a6f6911275ef63321c113ba6e83d8ac3,77,16,line_item,Repayment on loans to customers and other investments,2022-12-31,31,1,3,1,1,0,True,True,False,spatial_row_and_column_match
heineken,2023,cash_flow,1b35e06fb6f9b3ed93770966755327a0a6f6911275ef63321c113ba6e83d8ac3,77,18,line_item,Cash flow used in operational investing activities,2023-12-31,"(2,671)",1,1,1,1,0,True,True,False,spatial_row_and_column_match
heineken,2023,cash_flow,1b35e06fb6f9b3ed93770966755327a0a6f6911275ef63321c113ba6e83d8ac3,77,18,line_item,Cash flow used in operational investing activities,2022-12-31,"(2,087)",1,1,1,1,0,True,True,False,spatial_row_and_column_match
heineken,2023,cash_flow,1b35e06fb6f9b3ed93770966755327a0a6f6911275ef63321c113ba6e83d8ac3,77,19,line_item,Income tax expenses,2023-12-31,121,1,2,2,2,0,True,True,False,spatial_row_and_column_match
heineken,2023,cash_flow,1b35e06fb6f9b3ed93770966755327a0a6f6911275ef63321c113ba6e83d8ac3,77,19,line_item,Income tax expenses,2022-12-31,"1,131",1,1,1,1,0,True,True,False,spatial_row_and_column_match
heineken,2023,cash_flow,1b35e06fb6f9b3ed93770966755327a0a6f6911275ef63321c113ba6e83d8ac3,77,20,line_item,Free operating cash flow,2023-12-31,"1,759",1,1,1,1,0,True,True,False,spatial_row_and_column_match
heineken,2023,cash_flow,1b35e06fb6f9b3ed93770966755327a0a6f6911275ef63321c113ba6e83d8ac3,77,20,line_item,Free operating cash flow,2022-12-31,"2,409",1,1,1,1,0,True,True,False,spatial_row_and_column_match
heineken,2023,cash_flow,1b35e06fb6f9b3ed93770966755327a0a6f6911275ef63321c113ba6e83d8ac3,77,21,line_item,Other non-cash items,2023-12-31,537,1,1,1,1,0,True,True,False,spatial_row_and_column_match
heineken,2023,cash_flow,1b35e06fb6f9b3ed93770966755327a0a6f6911275ef63321c113ba6e83d8ac3,77,21,line_item,Other non-cash items,2022-12-31,284,1,1,1,1,0,True,True,False,spatial_row_and_column_match
heineken,2023,cash_flow,1b35e06fb6f9b3ed93770966755327a0a6f6911275ef63321c113ba6e83d8ac3,77,22,line_item,"Acquisition of subsidiaries, net of cash acquired",2023-12-31,(806),1,1,1,1,0,True,True,False,spatial_row_and_column_match
heineken,2023,cash_flow,1b35e06fb6f9b3ed93770966755327a0a6f6911275ef63321c113ba6e83d8ac3,77,22,line_item,"Acquisition of subsidiaries, net of cash acquired",2022-12-31,(171),1,1,1,1,0,True,True,False,spatial_row_and_column_match
heineken,2023,cash_flow,1b35e06fb6f9b3ed93770966755327a0a6f6911275ef63321c113ba6e83d8ac3,77,23,subtotal,Cash flow from operations before changes in working capital,2023-12-31,"6,127",1,1,1,1,0,False,True,False,spatial_row_and_column_match
heineken,2023,cash_flow,1b35e06fb6f9b3ed93770966755327a0a6f6911275ef63321c113ba6e83d8ac3,77,23,subtotal,Cash flow from operations before changes in working capital,2022-12-31,"6,347",1,1,1,1,0,False,True,False,spatial_row_and_column_match
heineken,2023,cash_flow,1b35e06fb6f9b3ed93770966755327a0a6f6911275ef63321c113ba6e83d8ac3,77,24,line_item,"Acquisition of/additions to associates, joint ventures and other investments",2023-12-31,(409),1,1,1,1,0,False,False,False,spatial_row_and_column_match
heineken,2023,cash_flow,1b35e06fb6f9b3ed93770966755327a0a6f6911275ef63321c113ba6e83d8ac3,77,24,line_item,"Acquisition of/additions to associates, joint ventures and other investments",2022-12-31,(45),1,1,1,1,0,False,False,False,spatial_row_and_column_match
heineken,2023,cash_flow,1b35e06fb6f9b3ed93770966755327a0a6f6911275ef63321c113ba6e83d8ac3,77,26,line_item,"Disposal of subsidiaries, net of cash disposed of",2023-12-31,257,1,1,1,1,0,True,True,False,spatial_row_and_column_match
heineken,2023,cash_flow,1b35e06fb6f9b3ed93770966755327a0a6f6911275ef63321c113ba6e83d8ac3,77,26,line_item,"Disposal of subsidiaries, net of cash disposed of",2022-12-31,9,1,1,1,1,0,True,True,False,spatial_row_and_column_match
heineken,2023,cash_flow,1b35e06fb6f9b3ed93770966755327a0a6f6911275ef63321c113ba6e83d8ac3,77,27,line_item,Change in inventories,2023-12-31,(4),1,1,1,1,0,True,True,False,spatial_row_and_column_match
heineken,2023,cash_flow,1b35e06fb6f9b3ed93770966755327a0a6f6911275ef63321c113ba6e83d8ac3,77,27,line_item,Change in inventories,2022-12-31,(793),1,1,1,1,0,True,True,False,spatial_row_and_column_match
heineken,2023,cash_flow,1b35e06fb6f9b3ed93770966755327a0a6f6911275ef63321c113ba6e83d8ac3,77,28,line_item,"Disposal of associates, joint ventures and other investments",2023-12-31,53,1,1,1,1,0,True,True,False,spatial_row_and_column_match
heineken,2023,cash_flow,1b35e06fb6f9b3ed93770966755327a0a6f6911275ef63321c113ba6e83d8ac3,77,28,line_item,"Disposal of associates, joint ventures and other investments",2022-12-31,8,1,1,1,1,0,True,True,False,spatial_row_and_column_match
heineken,2023,cash_flow,1b35e06fb6f9b3ed93770966755327a0a6f6911275ef63321c113ba6e83d8ac3,77,29,line_item,Change in trade and other receivables,2023-12-31,(42),1,1,1,1,0,True,True,False,spatial_row_and_column_match
heineken,2023,cash_flow,1b35e06fb6f9b3ed93770966755327a0a6f6911275ef63321c113ba6e83d8ac3,77,29,line_item,Change in trade and other receivables,2022-12-31,(668),1,1,1,1,0,True,True,False,spatial_row_and_column_match
heineken,2023,cash_flow,1b35e06fb6f9b3ed93770966755327a0a6f6911275ef63321c113ba6e83d8ac3,77,30,line_item,Cash flow used in acquisitions and disposals,2023-12-31,(905),1,1,1,1,0,True,True,False,spatial_row_and_column_match
heineken,2023,cash_flow,1b35e06fb6f9b3ed93770966755327a0a6f6911275ef63321c113ba6e83d8ac3,77,30,line_item,Cash flow used in acquisitions and disposals,2022-12-31,(199),1,1,1,1,0,True,True,False,spatial_row_and_column_match
heineken,2023,cash_flow,1b35e06fb6f9b3ed93770966755327a0a6f6911275ef63321c113ba6e83d8ac3,77,31,line_item,Change in trade and other payables and returnable packaging deposits,2023-12-31,(100),1,1,1,1,0,True,True,False,spatial_row_and_column_match
heineken,2023,cash_flow,1b35e06fb6f9b3ed93770966755327a0a6f6911275ef63321c113ba6e83d8ac3,77,31,line_item,Change in trade and other payables and returnable packaging deposits,2022-12-31,981,1,1,1,1,0,True,True,False,spatial_row_and_column_match
heineken,2023,cash_flow,1b35e06fb6f9b3ed93770966755327a0a6f6911275ef63321c113ba6e83d8ac3,77,32,subtotal,Cash flow used in investing activities,2023-12-31,"(3,576)",1,1,1,1,0,True,True,False,spatial_row_and_column_match
heineken,2023,cash_flow,1b35e06fb6f9b3ed93770966755327a0a6f6911275ef63321c113ba6e83d8ac3,77,32,subtotal,Cash flow used in investing activities,2022-12-31,"(2,286)",1,1,1,1,0,True,True,False,spatial_row_and_column_match
heineken,2023,cash_flow,1b35e06fb6f9b3ed93770966755327a0a6f6911275ef63321c113ba6e83d8ac3,77,33,subtotal,Total change in working capital,2023-12-31,(146),1,1,1,1,0,True,True,False,spatial_row_and_column_match
heineken,2023,cash_flow,1b35e06fb6f9b3ed93770966755327a0a6f6911275ef63321c113ba6e83d8ac3,77,33,subtotal,Total change in working capital,2022-12-31,(480),1,1,1,1,0,True,True,False,spatial_row_and_column_match
heineken,2023,cash_flow,1b35e06fb6f9b3ed93770966755327a0a6f6911275ef63321c113ba6e83d8ac3,77,35,line_item,Change in provisions and post-retirement obligations,2023-12-31,(32),1,1,1,1,0,True,True,False,spatial_row_and_column_match
heineken,2023,cash_flow,1b35e06fb6f9b3ed93770966755327a0a6f6911275ef63321c113ba6e83d8ac3,77,35,line_item,Change in provisions and post-retirement obligations,2022-12-31,(207),1,1,1,1,0,True,True,False,spatial_row_and_column_match
heineken,2023,cash_flow,1b35e06fb6f9b3ed93770966755327a0a6f6911275ef63321c113ba6e83d8ac3,77,36,subtotal,Cash flow from operations,2023-12-31,"5,949",2,1,1,1,0,True,True,False,spatial_row_and_column_match
heineken,2023,cash_flow,1b35e06fb6f9b3ed93770966755327a0a6f6911275ef63321c113ba6e83d8ac3,77,36,subtotal,Cash flow from operations,2022-12-31,"5,660",2,1,1,1,0,True,True,False,spatial_row_and_column_match
heineken,2023,cash_flow,1b35e06fb6f9b3ed93770966755327a0a6f6911275ef63321c113ba6e83d8ac3,77,37,line_item,Proceeds from borrowings,2023-12-31,"6,751",1,1,1,1,0,True,True,False,spatial_row_and_column_match
heineken,2023,cash_flow,1b35e06fb6f9b3ed93770966755327a0a6f6911275ef63321c113ba6e83d8ac3,77,37,line_item,Proceeds from borrowings,2022-12-31,644,1,1,1,1,0,True,True,False,spatial_row_and_column_match
heineken,2023,cash_flow,1b35e06fb6f9b3ed93770966755327a0a6f6911275ef63321c113ba6e83d8ac3,77,38,line_item,Interest paid,2023-12-31,(624),1,1,1,1,0,True,True,False,spatial_row_and_column_match
heineken,2023,cash_flow,1b35e06fb6f9b3ed93770966755327a0a6f6911275ef63321c113ba6e83d8ac3,77,38,line_item,Interest paid,2022-12-31,(439),1,1,1,1,0,True,True,False,spatial_row_and_column_match
heineken,2023,cash_flow,1b35e06fb6f9b3ed93770966755327a0a6f6911275ef63321c113ba6e83d8ac3,77,39,line_item,Repayment of borrowings,2023-12-31,"(4,614)",1,1,1,1,0,True,True,False,spatial_row_and_column_match
heineken,2023,cash_flow,1b35e06fb6f9b3ed93770966755327a0a6f6911275ef63321c113ba6e83d8ac3,77,39,line_item,Repayment of borrowings,2022-12-31,"(1,934)",1,1,1,1,0,True,True,False,spatial_row_and_column_match
heineken,2023,cash_flow,1b35e06fb6f9b3ed93770966755327a0a6f6911275ef63321c113ba6e83d8ac3,77,40,line_item,Interest received,2023-12-31,118,1,1,1,1,0,True,True,False,spatial_row_and_column_match
heineken,2023,cash_flow,1b35e06fb6f9b3ed93770966755327a0a6f6911275ef63321c113ba6e83d8ac3,77,40,line_item,Interest received,2022-12-31,46,1,1,1,1,0,True,True,False,spatial_row_and_column_match
heineken,2023,cash_flow,1b35e06fb6f9b3ed93770966755327a0a6f6911275ef63321c113ba6e83d8ac3,77,41,line_item,Payment of lease commitments,2023-12-31,(390),1,1,1,1,0,True,True,False,spatial_row_and_column_match
heineken,2023,cash_flow,1b35e06fb6f9b3ed93770966755327a0a6f6911275ef63321c113ba6e83d8ac3,77,41,line_item,Payment of lease commitments,2022-12-31,(304),1,1,1,1,0,True,True,False,spatial_row_and_column_match
heineken,2023,cash_flow,1b35e06fb6f9b3ed93770966755327a0a6f6911275ef63321c113ba6e83d8ac3,77,42,line_item,Dividends received,2023-12-31,147,1,2,1,1,0,True,True,False,spatial_row_and_column_match
heineken,2023,cash_flow,1b35e06fb6f9b3ed93770966755327a0a6f6911275ef63321c113ba6e83d8ac3,77,42,line_item,Dividends received,2022-12-31,177,1,1,1,1,0,True,True,False,spatial_row_and_column_match
heineken,2023,cash_flow,1b35e06fb6f9b3ed93770966755327a0a6f6911275ef63321c113ba6e83d8ac3,77,43,line_item,Dividends paid,2023-12-31,"(1,335)",1,1,1,1,0,True,True,False,spatial_row_and_column_match
heineken,2023,cash_flow,1b35e06fb6f9b3ed93770966755327a0a6f6911275ef63321c113ba6e83d8ac3,77,43,line_item,Dividends paid,2022-12-31,"(1,099)",1,1,1,1,0,True,True,False,spatial_row_and_column_match
heineken,2023,cash_flow,1b35e06fb6f9b3ed93770966755327a0a6f6911275ef63321c113ba6e83d8ac3,77,44,line_item,Income taxes paid,2023-12-31,"(1,160)",1,1,1,1,0,True,True,False,spatial_row_and_column_match
heineken,2023,cash_flow,1b35e06fb6f9b3ed93770966755327a0a6f6911275ef63321c113ba6e83d8ac3,77,44,line_item,Income taxes paid,2022-12-31,(948),1,1,1,1,0,True,True,False,spatial_row_and_column_match
heineken,2023,cash_flow,1b35e06fb6f9b3ed93770966755327a0a6f6911275ef63321c113ba6e83d8ac3,77,45,line_item,Purchase own shares and shares issued,2023-12-31,(942),1,1,1,1,0,True,True,False,spatial_row_and_column_match
heineken,2023,cash_flow,1b35e06fb6f9b3ed93770966755327a0a6f6911275ef63321c113ba6e83d8ac3,77,45,line_item,Purchase own shares and shares issued,2022-12-31,(43),1,1,1,1,0,True,True,False,spatial_row_and_column_match
heineken,2023,cash_flow,1b35e06fb6f9b3ed93770966755327a0a6f6911275ef63321c113ba6e83d8ac3,77,46,line_item,"Cash flow related to interest, dividend and income tax",2023-12-31,"(1,519)",1,1,1,1,0,True,True,False,spatial_row_and_column_match
heineken,2023,cash_flow,1b35e06fb6f9b3ed93770966755327a0a6f6911275ef63321c113ba6e83d8ac3,77,46,line_item,"Cash flow related to interest, dividend and income tax",2022-12-31,"(1,164)",1,1,1,1,0,True,True,False,spatial_row_and_column_match
heineken,2023,cash_flow,1b35e06fb6f9b3ed93770966755327a0a6f6911275ef63321c113ba6e83d8ac3,77,47,line_item,Acquisition of non-controlling interests,2023-12-31,(286),1,1,1,1,0,True,True,False,spatial_row_and_column_match
heineken,2023,cash_flow,1b35e06fb6f9b3ed93770966755327a0a6f6911275ef63321c113ba6e83d8ac3,77,47,line_item,Acquisition of non-controlling interests,2022-12-31,(391),1,1,1,1,0,True,True,False,spatial_row_and_column_match
heineken,2023,cash_flow,1b35e06fb6f9b3ed93770966755327a0a6f6911275ef63321c113ba6e83d8ac3,77,48,subtotal,Cash flow from operating activities,2023-12-31,"4,430",1,1,1,1,0,True,True,False,spatial_row_and_column_match
heineken,2023,cash_flow,1b35e06fb6f9b3ed93770966755327a0a6f6911275ef63321c113ba6e83d8ac3,77,48,subtotal,Cash flow from operating activities,2022-12-31,"4,496",1,1,1,1,0,True,True,False,spatial_row_and_column_match
heineken,2023,cash_flow,1b35e06fb6f9b3ed93770966755327a0a6f6911275ef63321c113ba6e83d8ac3,77,49,subtotal,Cash flow used in financing activities,2023-12-31,(816),1,1,1,1,0,True,True,False,spatial_row_and_column_match
heineken,2023,cash_flow,1b35e06fb6f9b3ed93770966755327a0a6f6911275ef63321c113ba6e83d8ac3,77,49,subtotal,Cash flow used in financing activities,2022-12-31,"(3,127)",1,1,1,1,0,True,True,False,spatial_row_and_column_match
heineken,2023,cash_flow,1b35e06fb6f9b3ed93770966755327a0a6f6911275ef63321c113ba6e83d8ac3,77,50,total,Net cash flow,2023-12-31,38,1,1,1,1,0,True,True,False,spatial_row_and_column_match
heineken,2023,cash_flow,1b35e06fb6f9b3ed93770966755327a0a6f6911275ef63321c113ba6e83d8ac3,77,50,total,Net cash flow,2022-12-31,(917),1,1,1,1,0,True,True,False,spatial_row_and_column_match
heineken,2023,cash_flow,1b35e06fb6f9b3ed93770966755327a0a6f6911275ef63321c113ba6e83d8ac3,77,51,total,Cash and cash equivalents as at 1 January,2023-12-31,"1,618",1,2,1,1,0,True,True,False,spatial_row_and_column_match
heineken,2023,cash_flow,1b35e06fb6f9b3ed93770966755327a0a6f6911275ef63321c113ba6e83d8ac3,77,51,total,Cash and cash equivalents as at 1 January,2022-12-31,"2,556",1,1,1,1,0,True,True,False,spatial_row_and_column_match
heineken,2023,cash_flow,1b35e06fb6f9b3ed93770966755327a0a6f6911275ef63321c113ba6e83d8ac3,77,52,line_item,Effect of movements in exchange rates,2023-12-31,(231),1,1,1,1,0,True,True,False,spatial_row_and_column_match
heineken,2023,cash_flow,1b35e06fb6f9b3ed93770966755327a0a6f6911275ef63321c113ba6e83d8ac3,77,52,line_item,Effect of movements in exchange rates,2022-12-31,(21),1,1,1,1,0,True,True,False,spatial_row_and_column_match
heineken,2023,cash_flow,1b35e06fb6f9b3ed93770966755327a0a6f6911275ef63321c113ba6e83d8ac3,77,53,total,Cash and cash equivalents as at 31 December,2023-12-31,"1,425",1,1,1,1,0,True,True,False,spatial_row_and_column_match
heineken,2023,cash_flow,1b35e06fb6f9b3ed93770966755327a0a6f6911275ef63321c113ba6e83d8ac3,77,53,total,Cash and cash equivalents as at 31 December,2022-12-31,"1,618",1,2,1,1,0,True,True,False,spatial_row_and_column_match
unilever,2017,income_statement,798661ad641ab15daa68854b13b9ae1e264e62a878090aae79ff3d07deb235d0,89,1,line_item,Turnover,2017-12-31,"53,715",1,1,1,1,0,True,True,False,spatial_row_and_column_match
unilever,2017,income_statement,798661ad641ab15daa68854b13b9ae1e264e62a878090aae79ff3d07deb235d0,89,1,line_item,Turnover,2016-12-31,"52,713",1,1,1,1,0,True,True,False,spatial_row_and_column_match
unilever,2017,income_statement,798661ad641ab15daa68854b13b9ae1e264e62a878090aae79ff3d07deb235d0,89,1,line_item,Turnover,2015-12-31,"53,272",1,1,1,1,0,True,True,False,spatial_row_and_column_match
unilever,2017,income_statement,798661ad641ab15daa68854b13b9ae1e264e62a878090aae79ff3d07deb235d0,89,2,line_item,Operating profit,2017-12-31,"8,857",1,1,1,1,0,True,True,False,spatial_row_and_column_match
unilever,2017,income_statement,798661ad641ab15daa68854b13b9ae1e264e62a878090aae79ff3d07deb235d0,89,2,line_item,Operating profit,2016-12-31,"7,801",1,1,1,1,0,True,True,False,spatial_row_and_column_match
unilever,2017,income_statement,798661ad641ab15daa68854b13b9ae1e264e62a878090aae79ff3d07deb235d0,89,2,line_item,Operating profit,2015-12-31,"7,515",1,1,1,1,0,True,True,False,spatial_row_and_column_match
unilever,2017,income_statement,798661ad641ab15daa68854b13b9ae1e264e62a878090aae79ff3d07deb235d0,89,3,line_item,After (charging)/crediting non-underlying items,2017-12-31,(543),1,1,1,1,0,True,True,False,spatial_row_and_column_match
unilever,2017,income_statement,798661ad641ab15daa68854b13b9ae1e264e62a878090aae79ff3d07deb235d0,89,3,line_item,After (charging)/crediting non-underlying items,2016-12-31,(823),1,1,1,1,0,True,True,False,spatial_row_and_column_match
unilever,2017,income_statement,798661ad641ab15daa68854b13b9ae1e264e62a878090aae79ff3d07deb235d0,89,3,line_item,After (charging)/crediting non-underlying items,2015-12-31,(796),1,1,1,1,0,True,True,False,spatial_row_and_column_match
unilever,2017,income_statement,798661ad641ab15daa68854b13b9ae1e264e62a878090aae79ff3d07deb235d0,89,4,line_item,Net finance costs,2017-12-31,(877),1,1,1,1,0,True,True,False,spatial_row_and_column_match
unilever,2017,income_statement,798661ad641ab15daa68854b13b9ae1e264e62a878090aae79ff3d07deb235d0,89,4,line_item,Net finance costs,2016-12-31,(563),1,1,1,1,0,True,True,False,spatial_row_and_column_match
unilever,2017,income_statement,798661ad641ab15daa68854b13b9ae1e264e62a878090aae79ff3d07deb235d0,89,4,line_item,Net finance costs,2015-12-31,(493),1,1,1,1,0,True,True,False,spatial_row_and_column_match
unilever,2017,income_statement,798661ad641ab15daa68854b13b9ae1e264e62a878090aae79ff3d07deb235d0,89,5,line_item,  Finance income,2017-12-31,157,1,1,1,1,0,True,True,False,spatial_row_and_column_match
unilever,2017,income_statement,798661ad641ab15daa68854b13b9ae1e264e62a878090aae79ff3d07deb235d0,89,5,line_item,  Finance income,2016-12-31,115,1,1,1,1,0,True,True,False,spatial_row_and_column_match
unilever,2017,income_statement,798661ad641ab15daa68854b13b9ae1e264e62a878090aae79ff3d07deb235d0,89,5,line_item,  Finance income,2015-12-31,144,1,1,1,1,0,True,True,False,spatial_row_and_column_match
unilever,2017,income_statement,798661ad641ab15daa68854b13b9ae1e264e62a878090aae79ff3d07deb235d0,89,6,line_item,  Finance costs,2017-12-31,(556),2,1,1,1,0,True,True,False,spatial_row_and_column_match
unilever,2017,income_statement,798661ad641ab15daa68854b13b9ae1e264e62a878090aae79ff3d07deb235d0,89,6,line_item,  Finance costs,2016-12-31,(584),2,1,1,1,0,True,True,False,spatial_row_and_column_match
unilever,2017,income_statement,798661ad641ab15daa68854b13b9ae1e264e62a878090aae79ff3d07deb235d0,89,6,line_item,  Finance costs,2015-12-31,(516),2,1,1,1,0,True,True,False,spatial_row_and_column_match
unilever,2017,income_statement,798661ad641ab15daa68854b13b9ae1e264e62a878090aae79ff3d07deb235d0,89,7,line_item,  Pensions and similar obligations,2017-12-31,(96),1,1,1,1,0,True,True,False,spatial_row_and_column_match
unilever,2017,income_statement,798661ad641ab15daa68854b13b9ae1e264e62a878090aae79ff3d07deb235d0,89,7,line_item,  Pensions and similar obligations,2016-12-31,(94),1,1,1,1,0,True,True,False,spatial_row_and_column_match
unilever,2017,income_statement,798661ad641ab15daa68854b13b9ae1e264e62a878090aae79ff3d07deb235d0,89,7,line_item,  Pensions and similar obligations,2015-12-31,(121),1,1,1,1,0,True,True,False,spatial_row_and_column_match
unilever,2017,income_statement,798661ad641ab15daa68854b13b9ae1e264e62a878090aae79ff3d07deb235d0,89,8,line_item,  Net finance cost non-underlying items,2017-12-31,(382),1,1,1,1,0,True,True,False,spatial_row_and_column_match
unilever,2017,income_statement,798661ad641ab15daa68854b13b9ae1e264e62a878090aae79ff3d07deb235d0,89,8,line_item,  Net finance cost non-underlying items,2016-12-31,-,1,20,6,1,5,True,True,False,spatial_row_and_column_match
unilever,2017,income_statement,798661ad641ab15daa68854b13b9ae1e264e62a878090aae79ff3d07deb235d0,89,8,line_item,  Net finance cost non-underlying items,2015-12-31,-,1,20,6,1,5,True,True,False,spatial_row_and_column_match
unilever,2017,income_statement,798661ad641ab15daa68854b13b9ae1e264e62a878090aae79ff3d07deb235d0,89,9,line_item,Share of net profit/(loss) of joint ventures and associates,2017-12-31,155,1,1,1,1,0,True,True,False,spatial_row_and_column_match
unilever,2017,income_statement,798661ad641ab15daa68854b13b9ae1e264e62a878090aae79ff3d07deb235d0,89,9,line_item,Share of net profit/(loss) of joint ventures and associates,2016-12-31,127,1,1,1,1,0,True,True,False,spatial_row_and_column_match
unilever,2017,income_statement,798661ad641ab15daa68854b13b9ae1e264e62a878090aae79ff3d07deb235d0,89,9,line_item,Share of net profit/(loss) of joint ventures and associates,2015-12-31,107,1,1,1,1,0,True,True,False,spatial_row_and_column_match
unilever,2017,income_statement,798661ad641ab15daa68854b13b9ae1e264e62a878090aae79ff3d07deb235d0,89,11,subtotal,Profit before taxation,2017-12-31,"8,153",1,1,1,1,0,True,True,False,spatial_row_and_column_match
unilever,2017,income_statement,798661ad641ab15daa68854b13b9ae1e264e62a878090aae79ff3d07deb235d0,89,11,subtotal,Profit before taxation,2016-12-31,"7,469",1,1,1,1,0,True,True,False,spatial_row_and_column_match
unilever,2017,income_statement,798661ad641ab15daa68854b13b9ae1e264e62a878090aae79ff3d07deb235d0,89,11,subtotal,Profit before taxation,2015-12-31,"7,220",1,1,1,1,0,True,True,False,spatial_row_and_column_match
unilever,2017,income_statement,798661ad641ab15daa68854b13b9ae1e264e62a878090aae79ff3d07deb235d0,89,12,line_item,Taxation,2017-12-31,"(1,667)",2,1,1,1,0,True,True,False,spatial_row_and_column_match
unilever,2017,income_statement,798661ad641ab15daa68854b13b9ae1e264e62a878090aae79ff3d07deb235d0,89,12,line_item,Taxation,2016-12-31,"(1,922)",2,1,1,1,0,True,True,False,spatial_row_and_column_match
unilever,2017,income_statement,798661ad641ab15daa68854b13b9ae1e264e62a878090aae79ff3d07deb235d0,89,12,line_item,Taxation,2015-12-31,"(1,961)",2,1,1,1,0,True,True,False,spatial_row_and_column_match
unilever,2017,income_statement,798661ad641ab15daa68854b13b9ae1e264e62a878090aae79ff3d07deb235d0,89,13,line_item,After crediting tax impact of non-underlying items,2017-12-31,655,1,1,1,1,0,True,True,False,spatial_row_and_column_match
unilever,2017,income_statement,798661ad641ab15daa68854b13b9ae1e264e62a878090aae79ff3d07deb235d0,89,13,line_item,After crediting tax impact of non-underlying items,2016-12-31,213,1,1,1,1,0,True,True,False,spatial_row_and_column_match
unilever,2017,income_statement,798661ad641ab15daa68854b13b9ae1e264e62a878090aae79ff3d07deb235d0,89,13,line_item,After crediting tax impact of non-underlying items,2015-12-31,180,1,1,1,1,0,True,True,False,spatial_row_and_column_match
unilever,2017,income_statement,798661ad641ab15daa68854b13b9ae1e264e62a878090aae79ff3d07deb235d0,89,14,total,Net profit,2017-12-31,"6,486",3,2,2,2,0,True,True,False,spatial_row_and_column_match
unilever,2017,income_statement,798661ad641ab15daa68854b13b9ae1e264e62a878090aae79ff3d07deb235d0,89,14,total,Net profit,2016-12-31,"5,547",3,2,2,2,0,True,True,False,spatial_row_and_column_match
unilever,2017,income_statement,798661ad641ab15daa68854b13b9ae1e264e62a878090aae79ff3d07deb235d0,89,14,total,Net profit,2015-12-31,"5,259",3,2,2,2,0,True,True,False,spatial_row_and_column_match
unilever,2017,income_statement,798661ad641ab15daa68854b13b9ae1e264e62a878090aae79ff3d07deb235d0,89,16,line_item,Non-controlling interests,2017-12-31,433,2,1,1,1,0,True,True,False,spatial_row_and_column_match
unilever,2017,income_statement,798661ad641ab15daa68854b13b9ae1e264e62a878090aae79ff3d07deb235d0,89,16,line_item,Non-controlling interests,2016-12-31,363,2,1,1,1,0,True,True,False,spatial_row_and_column_match
unilever,2017,income_statement,798661ad641ab15daa68854b13b9ae1e264e62a878090aae79ff3d07deb235d0,89,16,line_item,Non-controlling interests,2015-12-31,350,2,1,1,1,0,True,True,False,spatial_row_and_column_match
unilever,2017,income_statement,798661ad641ab15daa68854b13b9ae1e264e62a878090aae79ff3d07deb235d0,89,17,line_item,Shareholders’ equity,2017-12-31,"6,053",2,1,1,1,0,True,True,False,spatial_row_and_column_match
unilever,2017,income_statement,798661ad641ab15daa68854b13b9ae1e264e62a878090aae79ff3d07deb235d0,89,17,line_item,Shareholders’ equity,2016-12-31,"5,184",2,1,1,1,0,True,True,False,spatial_row_and_column_match
unilever,2017,income_statement,798661ad641ab15daa68854b13b9ae1e264e62a878090aae79ff3d07deb235d0,89,17,line_item,Shareholders’ equity,2015-12-31,"4,909",2,1,1,1,0,True,True,False,spatial_row_and_column_match
unilever,2017,income_statement,798661ad641ab15daa68854b13b9ae1e264e62a878090aae79ff3d07deb235d0,89,19,line_item,Basic earnings per share (€),2017-12-31,2.16,1,1,1,1,0,True,True,False,spatial_row_and_column_match
unilever,2017,income_statement,798661ad641ab15daa68854b13b9ae1e264e62a878090aae79ff3d07deb235d0,89,19,line_item,Basic earnings per share (€),2016-12-31,1.83,1,1,1,1,0,True,True,False,spatial_row_and_column_match
unilever,2017,income_statement,798661ad641ab15daa68854b13b9ae1e264e62a878090aae79ff3d07deb235d0,89,19,line_item,Basic earnings per share (€),2015-12-31,1.73,1,1,1,1,0,True,True,False,spatial_row_and_column_match
unilever,2017,income_statement,798661ad641ab15daa68854b13b9ae1e264e62a878090aae79ff3d07deb235d0,89,20,line_item,Diluted earnings per share (€),2017-12-31,2.15,1,1,1,1,0,True,True,False,spatial_row_and_column_match
unilever,2017,income_statement,798661ad641ab15daa68854b13b9ae1e264e62a878090aae79ff3d07deb235d0,89,20,line_item,Diluted earnings per share (€),2016-12-31,1.82,1,1,1,1,0,True,True,False,spatial_row_and_column_match
unilever,2017,income_statement,798661ad641ab15daa68854b13b9ae1e264e62a878090aae79ff3d07deb235d0,89,20,line_item,Diluted earnings per share (€),2015-12-31,1.72,1,1,1,1,0,True,True,False,spatial_row_and_column_match
unilever,2017,balance_sheet,798661ad641ab15daa68854b13b9ae1e264e62a878090aae79ff3d07deb235d0,91,3,line_item,Goodwill,2017-12-31,"16,881",1,1,1,1,0,True,True,False,spatial_row_and_column_match
unilever,2017,balance_sheet,798661ad641ab15daa68854b13b9ae1e264e62a878090aae79ff3d07deb235d0,91,3,line_item,Goodwill,2016-12-31,"17,624",1,1,1,1,0,True,True,False,spatial_row_and_column_match
unilever,2017,balance_sheet,798661ad641ab15daa68854b13b9ae1e264e62a878090aae79ff3d07deb235d0,91,4,line_item,Intangible assets,2017-12-31,"11,520",1,1,1,1,0,True,True,False,spatial_row_and_column_match
unilever,2017,balance_sheet,798661ad641ab15daa68854b13b9ae1e264e62a878090aae79ff3d07deb235d0,91,4,line_item,Intangible assets,2016-12-31,"9,809",1,1,1,1,0,True,True,False,spatial_row_and_column_match
unilever,2017,balance_sheet,798661ad641ab15daa68854b13b9ae1e264e62a878090aae79ff3d07deb235d0,91,5,line_item,"Property, plant and equipment",2017-12-31,"10,411",1,1,1,1,0,True,True,False,spatial_row_and_column_match
unilever,2017,balance_sheet,798661ad641ab15daa68854b13b9ae1e264e62a878090aae79ff3d07deb235d0,91,5,line_item,"Property, plant and equipment",2016-12-31,"11,673",1,1,1,1,0,True,True,False,spatial_row_and_column_match
unilever,2017,balance_sheet,798661ad641ab15daa68854b13b9ae1e264e62a878090aae79ff3d07deb235d0,91,6,line_item,Pension asset for funded schemes in surplus,2017-12-31,"2,173",1,1,1,1,0,True,True,False,spatial_row_and_column_match
unilever,2017,balance_sheet,798661ad641ab15daa68854b13b9ae1e264e62a878090aae79ff3d07deb235d0,91,6,line_item,Pension asset for funded schemes in surplus,2016-12-31,694,1,1,1,1,0,True,True,False,spatial_row_and_column_match
unilever,2017,balance_sheet,798661ad641ab15daa68854b13b9ae1e264e62a878090aae79ff3d07deb235d0,91,7,line_item,Deferred tax assets,2017-12-31,"1,085",1,1,1,1,0,True,True,False,spatial_row_and_column_match
unilever,2017,balance_sheet,798661ad641ab15daa68854b13b9ae1e264e62a878090aae79ff3d07deb235d0,91,7,line_item,Deferred tax assets,2016-12-31,"1,354",1,1,1,1,0,True,True,False,spatial_row_and_column_match
unilever,2017,balance_sheet,798661ad641ab15daa68854b13b9ae1e264e62a878090aae79ff3d07deb235d0,91,8,line_item,Financial assets,2017-12-31,675,2,1,1,1,0,True,True,False,spatial_row_and_column_match
unilever,2017,balance_sheet,798661ad641ab15daa68854b13b9ae1e264e62a878090aae79ff3d07deb235d0,91,8,line_item,Financial assets,2016-12-31,673,2,1,1,1,0,True,True,False,spatial_row_and_column_match
unilever,2017,balance_sheet,798661ad641ab15daa68854b13b9ae1e264e62a878090aae79ff3d07deb235d0,91,9,line_item,Other non-current assets,2017-12-31,557,1,1,1,1,0,True,True,False,spatial_row_and_column_match
unilever,2017,balance_sheet,798661ad641ab15daa68854b13b9ae1e264e62a878090aae79ff3d07deb235d0,91,9,line_item,Other non-current assets,2016-12-31,718,1,1,1,1,0,True,True,False,spatial_row_and_column_match
unilever,2017,balance_sheet,798661ad641ab15daa68854b13b9ae1e264e62a878090aae79ff3d07deb235d0,91,10,subtotal,Non-current assets,2017-12-31,"43,302",1,1,1,1,0,True,True,False,spatial_row_and_column_match
unilever,2017,balance_sheet,798661ad641ab15daa68854b13b9ae1e264e62a878090aae79ff3d07deb235d0,91,10,subtotal,Non-current assets,2016-12-31,"42,545",1,1,1,1,0,True,True,False,spatial_row_and_column_match
unilever,2017,balance_sheet,798661ad641ab15daa68854b13b9ae1e264e62a878090aae79ff3d07deb235d0,91,12,line_item,Inventories,2017-12-31,"3,962",1,1,1,1,0,True,True,False,spatial_row_and_column_match
unilever,2017,balance_sheet,798661ad641ab15daa68854b13b9ae1e264e62a878090aae79ff3d07deb235d0,91,12,line_item,Inventories,2016-12-31,"4,278",1,1,1,1,0,True,True,False,spatial_row_and_column_match
unilever,2017,balance_sheet,798661ad641ab15daa68854b13b9ae1e264e62a878090aae79ff3d07deb235d0,91,13,line_item,Trade and other current receivables,2017-12-31,"5,222",1,1,1,1,0,True,True,False,spatial_row_and_column_match
unilever,2017,balance_sheet,798661ad641ab15daa68854b13b9ae1e264e62a878090aae79ff3d07deb235d0,91,13,line_item,Trade and other current receivables,2016-12-31,"5,102",1,1,1,1,0,True,True,False,spatial_row_and_column_match
unilever,2017,balance_sheet,798661ad641ab15daa68854b13b9ae1e264e62a878090aae79ff3d07deb235d0,91,14,line_item,Current tax assets,2017-12-31,488,1,1,1,1,0,True,True,False,spatial_row_and_column_match
unilever,2017,balance_sheet,798661ad641ab15daa68854b13b9ae1e264e62a878090aae79ff3d07deb235d0,91,14,line_item,Current tax assets,2016-12-31,317,1,1,1,1,0,True,True,False,spatial_row_and_column_match
unilever,2017,balance_sheet,798661ad641ab15daa68854b13b9ae1e264e62a878090aae79ff3d07deb235d0,91,15,line_item,Cash and cash equivalents,2017-12-31,"3,317",1,1,1,1,0,True,True,False,spatial_row_and_column_match
unilever,2017,balance_sheet,798661ad641ab15daa68854b13b9ae1e264e62a878090aae79ff3d07deb235d0,91,15,line_item,Cash and cash equivalents,2016-12-31,"3,382",1,1,1,1,0,True,True,False,spatial_row_and_column_match
unilever,2017,balance_sheet,798661ad641ab15daa68854b13b9ae1e264e62a878090aae79ff3d07deb235d0,91,16,line_item,Other financial assets,2017-12-31,770,1,1,1,1,0,True,True,False,spatial_row_and_column_match
unilever,2017,balance_sheet,798661ad641ab15daa68854b13b9ae1e264e62a878090aae79ff3d07deb235d0,91,16,line_item,Other financial assets,2016-12-31,599,1,1,1,1,0,True,True,False,spatial_row_and_column_match
unilever,2017,balance_sheet,798661ad641ab15daa68854b13b9ae1e264e62a878090aae79ff3d07deb235d0,91,17,line_item,Assets held for sale,2017-12-31,"3,224",1,1,1,1,0,True,True,False,spatial_row_and_column_match
unilever,2017,balance_sheet,798661ad641ab15daa68854b13b9ae1e264e62a878090aae79ff3d07deb235d0,91,17,line_item,Assets held for sale,2016-12-31,206,1,1,1,1,0,True,True,False,spatial_row_and_column_match
unilever,2017,balance_sheet,798661ad641ab15daa68854b13b9ae1e264e62a878090aae79ff3d07deb235d0,91,18,subtotal,Current assets,2017-12-31,"16,983",2,1,1,1,0,True,True,False,spatial_row_and_column_match
unilever,2017,balance_sheet,798661ad641ab15daa68854b13b9ae1e264e62a878090aae79ff3d07deb235d0,91,18,subtotal,Current assets,2016-12-31,"13,884",2,1,1,1,0,True,True,False,spatial_row_and_column_match
unilever,2017,balance_sheet,798661ad641ab15daa68854b13b9ae1e264e62a878090aae79ff3d07deb235d0,91,19,total,Total assets,2017-12-31,"60,285",1,2,1,1,0,True,True,False,spatial_row_and_column_match
unilever,2017,balance_sheet,798661ad641ab15daa68854b13b9ae1e264e62a878090aae79ff3d07deb235d0,91,19,total,Total assets,2016-12-31,"56,429",1,2,1,1,0,True,True,False,spatial_row_and_column_match
unilever,2017,balance_sheet,798661ad641ab15daa68854b13b9ae1e264e62a878090aae79ff3d07deb235d0,91,22,line_item,Financial liabilities,2017-12-31,"7,968",2,1,1,1,0,True,True,False,spatial_row_and_column_match
unilever,2017,balance_sheet,798661ad641ab15daa68854b13b9ae1e264e62a878090aae79ff3d07deb235d0,91,22,line_item,Financial liabilities,2016-12-31,"5,450",2,1,1,1,0,True,True,False,spatial_row_and_column_match
unilever,2017,balance_sheet,798661ad641ab15daa68854b13b9ae1e264e62a878090aae79ff3d07deb235d0,91,23,line_item,Trade payables and other current liabilities,2017-12-31,"13,426",1,1,1,1,0,True,True,False,spatial_row_and_column_match
unilever,2017,balance_sheet,798661ad641ab15daa68854b13b9ae1e264e62a878090aae79ff3d07deb235d0,91,23,line_item,Trade payables and other current liabilities,2016-12-31,"13,871",1,1,1,1,0,True,True,False,spatial_row_and_column_match
unilever,2017,balance_sheet,798661ad641ab15daa68854b13b9ae1e264e62a878090aae79ff3d07deb235d0,91,24,line_item,Current tax liabilities,2017-12-31,"1,088",2,1,1,1,0,True,True,False,spatial_row_and_column_match
unilever,2017,balance_sheet,798661ad641ab15daa68854b13b9ae1e264e62a878090aae79ff3d07deb235d0,91,24,line_item,Current tax liabilities,2016-12-31,844,2,1,1,1,0,True,True,False,spatial_row_and_column_match
unilever,2017,balance_sheet,798661ad641ab15daa68854b13b9ae1e264e62a878090aae79ff3d07deb235d0,91,25,line_item,Provisions,2017-12-31,525,2,1,1,1,0,True,True,False,spatial_row_and_column_match
unilever,2017,balance_sheet,798661ad641ab15daa68854b13b9ae1e264e62a878090aae79ff3d07deb235d0,91,25,line_item,Provisions,2016-12-31,390,2,1,1,1,0,True,True,False,spatial_row_and_column_match
unilever,2017,balance_sheet,798661ad641ab15daa68854b13b9ae1e264e62a878090aae79ff3d07deb235d0,91,26,line_item,Liabilities held for sale,2017-12-31,170,1,1,1,1,0,True,True,False,spatial_row_and_column_match
unilever,2017,balance_sheet,798661ad641ab15daa68854b13b9ae1e264e62a878090aae79ff3d07deb235d0,91,26,line_item,Liabilities held for sale,2016-12-31,1,1,1,1,1,0,True,True,False,spatial_row_and_column_match
unilever,2017,balance_sheet,798661ad641ab15daa68854b13b9ae1e264e62a878090aae79ff3d07deb235d0,91,27,subtotal,Current liabilities,2017-12-31,"23,177",2,1,1,1,0,True,True,False,spatial_row_and_column_match
unilever,2017,balance_sheet,798661ad641ab15daa68854b13b9ae1e264e62a878090aae79ff3d07deb235d0,91,27,subtotal,Current liabilities,2016-12-31,"20,556",2,1,1,1,0,True,True,False,spatial_row_and_column_match
unilever,2017,balance_sheet,798661ad641ab15daa68854b13b9ae1e264e62a878090aae79ff3d07deb235d0,91,29,line_item,Financial liabilities,2017-12-31,"16,462",2,1,1,1,0,True,True,False,spatial_row_and_column_match
unilever,2017,balance_sheet,798661ad641ab15daa68854b13b9ae1e264e62a878090aae79ff3d07deb235d0,91,29,line_item,Financial liabilities,2016-12-31,"11,145",2,1,1,1,0,True,True,False,spatial_row_and_column_match
unilever,2017,balance_sheet,798661ad641ab15daa68854b13b9ae1e264e62a878090aae79ff3d07deb235d0,91,30,line_item,Non-current tax liabilities,2017-12-31,118,1,1,1,1,0,True,True,False,spatial_row_and_column_match
unilever,2017,balance_sheet,798661ad641ab15daa68854b13b9ae1e264e62a878090aae79ff3d07deb235d0,91,30,line_item,Non-current tax liabilities,2016-12-31,120,1,1,1,1,0,True,True,False,spatial_row_and_column_match
unilever,2017,balance_sheet,798661ad641ab15daa68854b13b9ae1e264e62a878090aae79ff3d07deb235d0,91,32,line_item, Funded schemes in deficit,2017-12-31,"1,225",1,1,1,1,0,True,True,False,spatial_row_and_column_match
unilever,2017,balance_sheet,798661ad641ab15daa68854b13b9ae1e264e62a878090aae79ff3d07deb235d0,91,32,line_item, Funded schemes in deficit,2016-12-31,"2,163",1,1,1,1,0,True,True,False,spatial_row_and_column_match
unilever,2017,balance_sheet,798661ad641ab15daa68854b13b9ae1e264e62a878090aae79ff3d07deb235d0,91,33,line_item, Unfunded schemes,2017-12-31,"1,509",1,1,1,1,0,True,True,False,spatial_row_and_column_match
unilever,2017,balance_sheet,798661ad641ab15daa68854b13b9ae1e264e62a878090aae79ff3d07deb235d0,91,33,line_item, Unfunded schemes,2016-12-31,"1,704",1,1,1,1,0,True,True,False,spatial_row_and_column_match
unilever,2017,balance_sheet,798661ad641ab15daa68854b13b9ae1e264e62a878090aae79ff3d07deb235d0,91,34,line_item,Provisions,2017-12-31,794,2,1,1,1,0,True,True,False,spatial_row_and_column_match
unilever,2017,balance_sheet,798661ad641ab15daa68854b13b9ae1e264e62a878090aae79ff3d07deb235d0,91,34,line_item,Provisions,2016-12-31,"1,033",2,1,1,1,0,True,True,False,spatial_row_and_column_match
unilever,2017,balance_sheet,798661ad641ab15daa68854b13b9ae1e264e62a878090aae79ff3d07deb235d0,91,35,line_item,Deferred tax liabilities,2017-12-31,"1,913",1,1,1,1,0,True,True,False,spatial_row_and_column_match
unilever,2017,balance_sheet,798661ad641ab15daa68854b13b9ae1e264e62a878090aae79ff3d07deb235d0,91,35,line_item,Deferred tax liabilities,2016-12-31,"2,061",1,1,1,1,0,True,True,False,spatial_row_and_column_match
unilever,2017,balance_sheet,798661ad641ab15daa68854b13b9ae1e264e62a878090aae79ff3d07deb235d0,91,36,line_item,Other non-current liabilities,2017-12-31,700,1,1,1,1,0,True,True,False,spatial_row_and_column_match
unilever,2017,balance_sheet,798661ad641ab15daa68854b13b9ae1e264e62a878090aae79ff3d07deb235d0,91,36,line_item,Other non-current liabilities,2016-12-31,667,1,1,1,1,0,True,True,False,spatial_row_and_column_match
unilever,2017,balance_sheet,798661ad641ab15daa68854b13b9ae1e264e62a878090aae79ff3d07deb235d0,91,37,subtotal,Non-current liabilities,2017-12-31,"22,721",1,1,1,1,0,True,True,False,spatial_row_and_column_match
unilever,2017,balance_sheet,798661ad641ab15daa68854b13b9ae1e264e62a878090aae79ff3d07deb235d0,91,37,subtotal,Non-current liabilities,2016-12-31,"18,893",1,1,1,1,0,True,True,False,spatial_row_and_column_match
unilever,2017,balance_sheet,798661ad641ab15daa68854b13b9ae1e264e62a878090aae79ff3d07deb235d0,91,38,total,Total liabilities,2017-12-31,"45,898",2,1,1,1,0,True,True,False,spatial_row_and_column_match
unilever,2017,balance_sheet,798661ad641ab15daa68854b13b9ae1e264e62a878090aae79ff3d07deb235d0,91,38,total,Total liabilities,2016-12-31,"39,449",2,1,1,1,0,True,True,False,spatial_row_and_column_match
unilever,2017,balance_sheet,798661ad641ab15daa68854b13b9ae1e264e62a878090aae79ff3d07deb235d0,91,41,line_item,Called up share capital,2017-12-31,484,1,2,2,1,1,True,True,False,spatial_row_and_column_match
unilever,2017,balance_sheet,798661ad641ab15daa68854b13b9ae1e264e62a878090aae79ff3d07deb235d0,91,41,line_item,Called up share capital,2016-12-31,484,1,2,2,1,1,True,True,False,spatial_row_and_column_match
unilever,2017,balance_sheet,798661ad641ab15daa68854b13b9ae1e264e62a878090aae79ff3d07deb235d0,91,42,line_item,Share premium account,2017-12-31,130,1,1,1,1,0,True,True,False,spatial_row_and_column_match
unilever,2017,balance_sheet,798661ad641ab15daa68854b13b9ae1e264e62a878090aae79ff3d07deb235d0,91,42,line_item,Share premium account,2016-12-31,134,1,1,1,1,0,True,True,False,spatial_row_and_column_match
unilever,2017,balance_sheet,798661ad641ab15daa68854b13b9ae1e264e62a878090aae79ff3d07deb235d0,91,43,line_item,Other reserves,2017-12-31,"(13,633)",1,1,1,1,0,True,True,False,spatial_row_and_column_match
unilever,2017,balance_sheet,798661ad641ab15daa68854b13b9ae1e264e62a878090aae79ff3d07deb235d0,91,43,line_item,Other reserves,2016-12-31,"(7,443)",1,1,1,1,0,True,True,False,spatial_row_and_column_match
unilever,2017,balance_sheet,798661ad641ab15daa68854b13b9ae1e264e62a878090aae79ff3d07deb235d0,91,44,line_item,Retained profit,2017-12-31,"26,648",1,1,1,1,0,True,True,False,spatial_row_and_column_match
unilever,2017,balance_sheet,798661ad641ab15daa68854b13b9ae1e264e62a878090aae79ff3d07deb235d0,91,44,line_item,Retained profit,2016-12-31,"23,179",1,1,1,1,0,True,True,False,spatial_row_and_column_match
unilever,2017,balance_sheet,798661ad641ab15daa68854b13b9ae1e264e62a878090aae79ff3d07deb235d0,91,45,subtotal,Shareholders’ equity,2017-12-31,"13,629",1,1,1,1,0,True,True,False,spatial_row_and_column_match
unilever,2017,balance_sheet,798661ad641ab15daa68854b13b9ae1e264e62a878090aae79ff3d07deb235d0,91,45,subtotal,Shareholders’ equity,2016-12-31,"16,354",1,1,1,1,0,True,True,False,spatial_row_and_column_match
unilever,2017,balance_sheet,798661ad641ab15daa68854b13b9ae1e264e62a878090aae79ff3d07deb235d0,91,46,line_item,Non-controlling interests,2017-12-31,758,1,1,1,1,0,True,True,False,spatial_row_and_column_match
unilever,2017,balance_sheet,798661ad641ab15daa68854b13b9ae1e264e62a878090aae79ff3d07deb235d0,91,46,line_item,Non-controlling interests,2016-12-31,626,1,1,1,1,0,True,True,False,spatial_row_and_column_match
unilever,2017,balance_sheet,798661ad641ab15daa68854b13b9ae1e264e62a878090aae79ff3d07deb235d0,91,47,total,Total equity,2017-12-31,"14,387",1,1,1,1,0,True,True,False,spatial_row_and_column_match
unilever,2017,balance_sheet,798661ad641ab15daa68854b13b9ae1e264e62a878090aae79ff3d07deb235d0,91,47,total,Total equity,2016-12-31,"16,980",1,1,1,1,0,True,True,False,spatial_row_and_column_match
unilever,2017,balance_sheet,798661ad641ab15daa68854b13b9ae1e264e62a878090aae79ff3d07deb235d0,91,48,total,Total liabilities and equity,2017-12-31,"60,285",1,2,1,1,0,True,True,False,spatial_row_and_column_match
unilever,2017,balance_sheet,798661ad641ab15daa68854b13b9ae1e264e62a878090aae79ff3d07deb235d0,91,48,total,Total liabilities and equity,2016-12-31,"56,429",1,2,1,1,0,True,True,False,spatial_row_and_column_match
unilever,2017,cash_flow,798661ad641ab15daa68854b13b9ae1e264e62a878090aae79ff3d07deb235d0,92,5,line_item,Net profit,2017-12-31,"6,486",1,1,1,1,0,True,True,False,spatial_row_and_column_match
unilever,2017,cash_flow,798661ad641ab15daa68854b13b9ae1e264e62a878090aae79ff3d07deb235d0,92,5,line_item,Net profit,2016-12-31,"5,547",1,1,1,1,0,True,True,False,spatial_row_and_column_match
unilever,2017,cash_flow,798661ad641ab15daa68854b13b9ae1e264e62a878090aae79ff3d07deb235d0,92,5,line_item,Net profit,2015-12-31,"5,259",1,1,1,1,0,True,True,False,spatial_row_and_column_match
unilever,2017,cash_flow,798661ad641ab15daa68854b13b9ae1e264e62a878090aae79ff3d07deb235d0,92,6,line_item,Taxation,2017-12-31,"1,667",1,1,1,1,0,True,True,False,spatial_row_and_column_match
unilever,2017,cash_flow,798661ad641ab15daa68854b13b9ae1e264e62a878090aae79ff3d07deb235d0,92,6,line_item,Taxation,2016-12-31,"1,922",1,1,1,1,0,True,True,False,spatial_row_and_column_match
unilever,2017,cash_flow,798661ad641ab15daa68854b13b9ae1e264e62a878090aae79ff3d07deb235d0,92,6,line_item,Taxation,2015-12-31,"1,961",1,1,1,1,0,True,True,False,spatial_row_and_column_match
unilever,2017,cash_flow,798661ad641ab15daa68854b13b9ae1e264e62a878090aae79ff3d07deb235d0,92,7,line_item,"Share of net profit of joint ventures/associates and other income/(loss) from
 non-current investments and associates",2017-12-31,(173),1,2,1,1,0,True,True,False,spatial_row_and_column_match
unilever,2017,cash_flow,798661ad641ab15daa68854b13b9ae1e264e62a878090aae79ff3d07deb235d0,92,7,line_item,"Share of net profit of joint ventures/associates and other income/(loss) from
 non-current investments and associates",2016-12-31,(231),1,1,1,1,0,True,True,False,spatial_row_and_column_match
unilever,2017,cash_flow,798661ad641ab15daa68854b13b9ae1e264e62a878090aae79ff3d07deb235d0,92,7,line_item,"Share of net profit of joint ventures/associates and other income/(loss) from
 non-current investments and associates",2015-12-31,(198),1,2,1,1,0,True,True,False,spatial_row_and_column_match
unilever,2017,cash_flow,798661ad641ab15daa68854b13b9ae1e264e62a878090aae79ff3d07deb235d0,92,8,line_item,Net finance costs,2017-12-31,877,1,1,1,1,0,True,True,False,spatial_row_and_column_match
unilever,2017,cash_flow,798661ad641ab15daa68854b13b9ae1e264e62a878090aae79ff3d07deb235d0,92,8,line_item,Net finance costs,2016-12-31,563,1,1,1,1,0,True,True,False,spatial_row_and_column_match
unilever,2017,cash_flow,798661ad641ab15daa68854b13b9ae1e264e62a878090aae79ff3d07deb235d0,92,8,line_item,Net finance costs,2015-12-31,493,1,1,1,1,0,True,True,False,spatial_row_and_column_match
unilever,2017,cash_flow,798661ad641ab15daa68854b13b9ae1e264e62a878090aae79ff3d07deb235d0,92,9,subtotal,Operating profit,2017-12-31,"8,857",1,1,1,1,0,True,True,False,spatial_row_and_column_match
unilever,2017,cash_flow,798661ad641ab15daa68854b13b9ae1e264e62a878090aae79ff3d07deb235d0,92,9,subtotal,Operating profit,2016-12-31,"7,801",1,1,1,1,0,True,True,False,spatial_row_and_column_match
unilever,2017,cash_flow,798661ad641ab15daa68854b13b9ae1e264e62a878090aae79ff3d07deb235d0,92,9,subtotal,Operating profit,2015-12-31,"7,515",1,1,1,1,0,True,True,False,spatial_row_and_column_match
unilever,2017,cash_flow,798661ad641ab15daa68854b13b9ae1e264e62a878090aae79ff3d07deb235d0,92,10,line_item,"Depreciation, amortisation and impairment",2017-12-31,"1,538",1,1,1,1,0,True,True,False,spatial_row_and_column_match
unilever,2017,cash_flow,798661ad641ab15daa68854b13b9ae1e264e62a878090aae79ff3d07deb235d0,92,10,line_item,"Depreciation, amortisation and impairment",2016-12-31,"1,464",1,1,1,1,0,True,True,False,spatial_row_and_column_match
unilever,2017,cash_flow,798661ad641ab15daa68854b13b9ae1e264e62a878090aae79ff3d07deb235d0,92,10,line_item,"Depreciation, amortisation and impairment",2015-12-31,"1,370",1,1,1,1,0,True,True,False,spatial_row_and_column_match
unilever,2017,cash_flow,798661ad641ab15daa68854b13b9ae1e264e62a878090aae79ff3d07deb235d0,92,11,line_item,Changes in working capital:,2017-12-31,(68),1,1,1,1,0,True,True,False,spatial_row_and_column_match
unilever,2017,cash_flow,798661ad641ab15daa68854b13b9ae1e264e62a878090aae79ff3d07deb235d0,92,11,line_item,Changes in working capital:,2016-12-31,51,1,1,1,1,0,True,True,False,spatial_row_and_column_match
unilever,2017,cash_flow,798661ad641ab15daa68854b13b9ae1e264e62a878090aae79ff3d07deb235d0,92,11,line_item,Changes in working capital:,2015-12-31,720,1,1,1,1,0,True,True,False,spatial_row_and_column_match
unilever,2017,cash_flow,798661ad641ab15daa68854b13b9ae1e264e62a878090aae79ff3d07deb235d0,92,12,line_item,   Inventories,2017-12-31,(104),1,1,1,1,0,True,True,False,spatial_row_and_column_match
unilever,2017,cash_flow,798661ad641ab15daa68854b13b9ae1e264e62a878090aae79ff3d07deb235d0,92,12,line_item,   Inventories,2016-12-31,190,1,1,1,1,0,True,True,False,spatial_row_and_column_match
unilever,2017,cash_flow,798661ad641ab15daa68854b13b9ae1e264e62a878090aae79ff3d07deb235d0,92,12,line_item,   Inventories,2015-12-31,(129),1,1,1,1,0,True,True,False,spatial_row_and_column_match
unilever,2017,cash_flow,798661ad641ab15daa68854b13b9ae1e264e62a878090aae79ff3d07deb235d0,92,13,line_item,  Trade and other receivables,2017-12-31,(506),1,2,1,1,0,True,True,False,spatial_row_and_column_match
unilever,2017,cash_flow,798661ad641ab15daa68854b13b9ae1e264e62a878090aae79ff3d07deb235d0,92,13,line_item,  Trade and other receivables,2016-12-31,142,1,1,1,1,0,True,True,False,spatial_row_and_column_match
unilever,2017,cash_flow,798661ad641ab15daa68854b13b9ae1e264e62a878090aae79ff3d07deb235d0,92,13,line_item,  Trade and other receivables,2015-12-31,2,1,1,1,1,0,True,True,False,spatial_row_and_column_match
unilever,2017,cash_flow,798661ad641ab15daa68854b13b9ae1e264e62a878090aae79ff3d07deb235d0,92,14,line_item,  Trade payables and other liabilities,2017-12-31,542,1,1,1,1,0,True,True,False,spatial_row_and_column_match
unilever,2017,cash_flow,798661ad641ab15daa68854b13b9ae1e264e62a878090aae79ff3d07deb235d0,92,14,line_item,  Trade payables and other liabilities,2016-12-31,(281),1,1,1,1,0,True,True,False,spatial_row_and_column_match
unilever,2017,cash_flow,798661ad641ab15daa68854b13b9ae1e264e62a878090aae79ff3d07deb235d0,92,14,line_item,  Trade payables and other liabilities,2015-12-31,847,1,1,1,1,0,True,True,False,spatial_row_and_column_match
unilever,2017,cash_flow,798661ad641ab15daa68854b13b9ae1e264e62a878090aae79ff3d07deb235d0,92,15,line_item,Pensions and similar obligations less payments,2017-12-31,(904),1,1,1,1,0,True,True,False,spatial_row_and_column_match
unilever,2017,cash_flow,798661ad641ab15daa68854b13b9ae1e264e62a878090aae79ff3d07deb235d0,92,15,line_item,Pensions and similar obligations less payments,2016-12-31,(327),1,1,1,1,0,True,True,False,spatial_row_and_column_match
unilever,2017,cash_flow,798661ad641ab15daa68854b13b9ae1e264e62a878090aae79ff3d07deb235d0,92,15,line_item,Pensions and similar obligations less payments,2015-12-31,(385),1,1,1,1,0,True,True,False,spatial_row_and_column_match
unilever,2017,cash_flow,798661ad641ab15daa68854b13b9ae1e264e62a878090aae79ff3d07deb235d0,92,16,line_item,Provisions less payments,2017-12-31,200,1,1,1,1,0,True,True,False,spatial_row_and_column_match
unilever,2017,cash_flow,798661ad641ab15daa68854b13b9ae1e264e62a878090aae79ff3d07deb235d0,92,16,line_item,Provisions less payments,2016-12-31,65,1,1,1,1,0,True,True,False,spatial_row_and_column_match
unilever,2017,cash_flow,798661ad641ab15daa68854b13b9ae1e264e62a878090aae79ff3d07deb235d0,92,16,line_item,Provisions less payments,2015-12-31,(94),1,1,1,1,0,True,True,False,spatial_row_and_column_match
unilever,2017,cash_flow,798661ad641ab15daa68854b13b9ae1e264e62a878090aae79ff3d07deb235d0,92,17,line_item,Elimination of (profits)/losses on disposals,2017-12-31,(298),1,1,1,1,0,True,True,False,spatial_row_and_column_match
unilever,2017,cash_flow,798661ad641ab15daa68854b13b9ae1e264e62a878090aae79ff3d07deb235d0,92,17,line_item,Elimination of (profits)/losses on disposals,2016-12-31,127,1,3,1,1,0,True,True,False,spatial_row_and_column_match
unilever,2017,cash_flow,798661ad641ab15daa68854b13b9ae1e264e62a878090aae79ff3d07deb235d0,92,17,line_item,Elimination of (profits)/losses on disposals,2015-12-31,26,1,1,1,1,0,True,True,False,spatial_row_and_column_match
unilever,2017,cash_flow,798661ad641ab15daa68854b13b9ae1e264e62a878090aae79ff3d07deb235d0,92,18,line_item,Non-cash charge for share-based compensation,2017-12-31,284,1,2,1,1,0,True,True,False,spatial_row_and_column_match
unilever,2017,cash_flow,798661ad641ab15daa68854b13b9ae1e264e62a878090aae79ff3d07deb235d0,92,18,line_item,Non-cash charge for share-based compensation,2016-12-31,198,1,2,1,1,0,True,True,False,spatial_row_and_column_match
unilever,2017,cash_flow,798661ad641ab15daa68854b13b9ae1e264e62a878090aae79ff3d07deb235d0,92,18,line_item,Non-cash charge for share-based compensation,2015-12-31,150,1,1,1,1,0,True,True,False,spatial_row_and_column_match
unilever,2017,cash_flow,798661ad641ab15daa68854b13b9ae1e264e62a878090aae79ff3d07deb235d0,92,19,line_item,Other adjustments,2017-12-31,(153),1,1,1,1,0,True,True,False,spatial_row_and_column_match
unilever,2017,cash_flow,798661ad641ab15daa68854b13b9ae1e264e62a878090aae79ff3d07deb235d0,92,19,line_item,Other adjustments,2016-12-31,(81),1,1,1,1,0,True,True,False,spatial_row_and_column_match
unilever,2017,cash_flow,798661ad641ab15daa68854b13b9ae1e264e62a878090aae79ff3d07deb235d0,92,19,line_item,Other adjustments,2015-12-31,49,1,1,1,1,0,True,True,False,spatial_row_and_column_match
unilever,2017,cash_flow,798661ad641ab15daa68854b13b9ae1e264e62a878090aae79ff3d07deb235d0,92,20,subtotal,Cash flow from operating activities,2017-12-31,"9,456",1,1,1,1,0,True,True,False,spatial_row_and_column_match
unilever,2017,cash_flow,798661ad641ab15daa68854b13b9ae1e264e62a878090aae79ff3d07deb235d0,92,20,subtotal,Cash flow from operating activities,2016-12-31,"9,298",1,1,1,1,0,True,True,False,spatial_row_and_column_match
unilever,2017,cash_flow,798661ad641ab15daa68854b13b9ae1e264e62a878090aae79ff3d07deb235d0,92,20,subtotal,Cash flow from operating activities,2015-12-31,"9,351",1,1,1,1,0,True,True,False,spatial_row_and_column_match
unilever,2017,cash_flow,798661ad641ab15daa68854b13b9ae1e264e62a878090aae79ff3d07deb235d0,92,21,line_item,Income tax paid,2017-12-31,"(2,164)",1,1,1,1,0,True,True,False,spatial_row_and_column_match
unilever,2017,cash_flow,798661ad641ab15daa68854b13b9ae1e264e62a878090aae79ff3d07deb235d0,92,21,line_item,Income tax paid,2016-12-31,"(2,251)",1,1,1,1,0,True,True,False,spatial_row_and_column_match
unilever,2017,cash_flow,798661ad641ab15daa68854b13b9ae1e264e62a878090aae79ff3d07deb235d0,92,21,line_item,Income tax paid,2015-12-31,"(2,021)",1,1,1,1,0,True,True,False,spatial_row_and_column_match
unilever,2017,cash_flow,798661ad641ab15daa68854b13b9ae1e264e62a878090aae79ff3d07deb235d0,92,22,subtotal,Net cash flow from operating activities,2017-12-31,"7,292",1,1,1,1,0,True,True,False,spatial_row_and_column_match
unilever,2017,cash_flow,798661ad641ab15daa68854b13b9ae1e264e62a878090aae79ff3d07deb235d0,92,22,subtotal,Net cash flow from operating activities,2016-12-31,"7,047",1,1,1,1,0,True,True,False,spatial_row_and_column_match
unilever,2017,cash_flow,798661ad641ab15daa68854b13b9ae1e264e62a878090aae79ff3d07deb235d0,92,22,subtotal,Net cash flow from operating activities,2015-12-31,"7,330",1,1,1,1,0,True,True,False,spatial_row_and_column_match
unilever,2017,cash_flow,798661ad641ab15daa68854b13b9ae1e264e62a878090aae79ff3d07deb235d0,92,23,line_item,Interest received,2017-12-31,154,1,1,1,1,0,True,True,False,spatial_row_and_column_match
unilever,2017,cash_flow,798661ad641ab15daa68854b13b9ae1e264e62a878090aae79ff3d07deb235d0,92,23,line_item,Interest received,2016-12-31,105,1,1,1,1,0,True,True,False,spatial_row_and_column_match
unilever,2017,cash_flow,798661ad641ab15daa68854b13b9ae1e264e62a878090aae79ff3d07deb235d0,92,23,line_item,Interest received,2015-12-31,119,1,1,1,1,0,True,True,False,spatial_row_and_column_match
unilever,2017,cash_flow,798661ad641ab15daa68854b13b9ae1e264e62a878090aae79ff3d07deb235d0,92,24,line_item,Purchase of intangible assets,2017-12-31,(158),1,2,2,1,1,True,True,False,spatial_row_and_column_match
unilever,2017,cash_flow,798661ad641ab15daa68854b13b9ae1e264e62a878090aae79ff3d07deb235d0,92,24,line_item,Purchase of intangible assets,2016-12-31,(232),1,1,1,1,0,True,True,False,spatial_row_and_column_match
unilever,2017,cash_flow,798661ad641ab15daa68854b13b9ae1e264e62a878090aae79ff3d07deb235d0,92,24,line_item,Purchase of intangible assets,2015-12-31,(334),1,1,1,1,0,True,True,False,spatial_row_and_column_match
unilever,2017,cash_flow,798661ad641ab15daa68854b13b9ae1e264e62a878090aae79ff3d07deb235d0,92,25,line_item,"Purchase of property, plant and equipment",2017-12-31,"(1,509)",1,1,1,1,0,True,True,False,spatial_row_and_column_match
unilever,2017,cash_flow,798661ad641ab15daa68854b13b9ae1e264e62a878090aae79ff3d07deb235d0,92,25,line_item,"Purchase of property, plant and equipment",2016-12-31,"(1,804)",1,1,1,1,0,True,True,False,spatial_row_and_column_match
unilever,2017,cash_flow,798661ad641ab15daa68854b13b9ae1e264e62a878090aae79ff3d07deb235d0,92,25,line_item,"Purchase of property, plant and equipment",2015-12-31,"(1,867)",1,1,1,1,0,True,True,False,spatial_row_and_column_match
unilever,2017,cash_flow,798661ad641ab15daa68854b13b9ae1e264e62a878090aae79ff3d07deb235d0,92,26,line_item,"Disposal of property, plant and equipment",2017-12-31,46,1,1,1,1,0,True,True,False,spatial_row_and_column_match
unilever,2017,cash_flow,798661ad641ab15daa68854b13b9ae1e264e62a878090aae79ff3d07deb235d0,92,26,line_item,"Disposal of property, plant and equipment",2016-12-31,158,1,2,2,1,1,True,True,False,spatial_row_and_column_match
unilever,2017,cash_flow,798661ad641ab15daa68854b13b9ae1e264e62a878090aae79ff3d07deb235d0,92,26,line_item,"Disposal of property, plant and equipment",2015-12-31,127,1,3,2,2,0,True,True,False,spatial_row_and_column_match
unilever,2017,cash_flow,798661ad641ab15daa68854b13b9ae1e264e62a878090aae79ff3d07deb235d0,92,27,line_item,"Acquisition of group companies, joint ventures and associates",2017-12-31,"(4,896)",1,1,1,1,0,True,True,False,spatial_row_and_column_match
unilever,2017,cash_flow,798661ad641ab15daa68854b13b9ae1e264e62a878090aae79ff3d07deb235d0,92,27,line_item,"Acquisition of group companies, joint ventures and associates",2016-12-31,"(1,731)",1,1,1,1,0,True,True,False,spatial_row_and_column_match
unilever,2017,cash_flow,798661ad641ab15daa68854b13b9ae1e264e62a878090aae79ff3d07deb235d0,92,27,line_item,"Acquisition of group companies, joint ventures and associates",2015-12-31,"(1,897)",1,1,1,1,0,True,True,False,spatial_row_and_column_match
unilever,2017,cash_flow,798661ad641ab15daa68854b13b9ae1e264e62a878090aae79ff3d07deb235d0,92,28,line_item,"Disposal of group companies, joint ventures and associates",2017-12-31,561,1,1,1,1,0,True,True,False,spatial_row_and_column_match
unilever,2017,cash_flow,798661ad641ab15daa68854b13b9ae1e264e62a878090aae79ff3d07deb235d0,92,28,line_item,"Disposal of group companies, joint ventures and associates",2016-12-31,30,1,1,1,1,0,True,True,False,spatial_row_and_column_match
unilever,2017,cash_flow,798661ad641ab15daa68854b13b9ae1e264e62a878090aae79ff3d07deb235d0,92,28,line_item,"Disposal of group companies, joint ventures and associates",2015-12-31,199,1,1,1,1,0,True,True,False,spatial_row_and_column_match
unilever,2017,cash_flow,798661ad641ab15daa68854b13b9ae1e264e62a878090aae79ff3d07deb235d0,92,29,line_item,Acquisition of other non-current investments,2017-12-31,(317),1,1,1,1,0,True,True,False,spatial_row_and_column_match
unilever,2017,cash_flow,798661ad641ab15daa68854b13b9ae1e264e62a878090aae79ff3d07deb235d0,92,29,line_item,Acquisition of other non-current investments,2016-12-31,(208),1,1,1,1,0,True,True,False,spatial_row_and_column_match
unilever,2017,cash_flow,798661ad641ab15daa68854b13b9ae1e264e62a878090aae79ff3d07deb235d0,92,29,line_item,Acquisition of other non-current investments,2015-12-31,(78),1,1,1,1,0,True,True,False,spatial_row_and_column_match
unilever,2017,cash_flow,798661ad641ab15daa68854b13b9ae1e264e62a878090aae79ff3d07deb235d0,92,30,line_item,Disposal of other non-current investments,2017-12-31,251,1,1,1,1,0,True,True,False,spatial_row_and_column_match
unilever,2017,cash_flow,798661ad641ab15daa68854b13b9ae1e264e62a878090aae79ff3d07deb235d0,92,30,line_item,Disposal of other non-current investments,2016-12-31,173,1,2,1,1,0,True,True,False,spatial_row_and_column_match
unilever,2017,cash_flow,798661ad641ab15daa68854b13b9ae1e264e62a878090aae79ff3d07deb235d0,92,30,line_item,Disposal of other non-current investments,2015-12-31,127,1,3,2,2,0,True,True,False,spatial_row_and_column_match
unilever,2017,cash_flow,798661ad641ab15daa68854b13b9ae1e264e62a878090aae79ff3d07deb235d0,92,31,line_item,"Dividends from joint ventures, associates and other non-current investments",2017-12-31,138,1,1,1,1,0,True,True,False,spatial_row_and_column_match
unilever,2017,cash_flow,798661ad641ab15daa68854b13b9ae1e264e62a878090aae79ff3d07deb235d0,92,31,line_item,"Dividends from joint ventures, associates and other non-current investments",2016-12-31,186,1,1,1,1,0,True,True,False,spatial_row_and_column_match
unilever,2017,cash_flow,798661ad641ab15daa68854b13b9ae1e264e62a878090aae79ff3d07deb235d0,92,31,line_item,"Dividends from joint ventures, associates and other non-current investments",2015-12-31,176,1,1,1,1,0,True,True,False,spatial_row_and_column_match
unilever,2017,cash_flow,798661ad641ab15daa68854b13b9ae1e264e62a878090aae79ff3d07deb235d0,92,32,line_item,(Purchase)/sale of financial assets,2017-12-31,(149),1,1,1,1,0,True,True,False,spatial_row_and_column_match
unilever,2017,cash_flow,798661ad641ab15daa68854b13b9ae1e264e62a878090aae79ff3d07deb235d0,92,32,line_item,(Purchase)/sale of financial assets,2016-12-31,135,1,1,1,1,0,True,True,False,spatial_row_and_column_match
unilever,2017,cash_flow,798661ad641ab15daa68854b13b9ae1e264e62a878090aae79ff3d07deb235d0,92,32,line_item,(Purchase)/sale of financial assets,2015-12-31,(111),1,1,1,1,0,True,True,False,spatial_row_and_column_match
unilever,2017,cash_flow,798661ad641ab15daa68854b13b9ae1e264e62a878090aae79ff3d07deb235d0,92,33,subtotal,Net cash flow (used in)/from investing activities,2017-12-31,"(5,879)",1,1,1,1,0,True,True,False,spatial_row_and_column_match
unilever,2017,cash_flow,798661ad641ab15daa68854b13b9ae1e264e62a878090aae79ff3d07deb235d0,92,33,subtotal,Net cash flow (used in)/from investing activities,2016-12-31,"(3,188)",1,1,1,1,0,True,True,False,spatial_row_and_column_match
unilever,2017,cash_flow,798661ad641ab15daa68854b13b9ae1e264e62a878090aae79ff3d07deb235d0,92,33,subtotal,Net cash flow (used in)/from investing activities,2015-12-31,"(3,539)",1,1,1,1,0,True,True,False,spatial_row_and_column_match
unilever,2017,cash_flow,798661ad641ab15daa68854b13b9ae1e264e62a878090aae79ff3d07deb235d0,92,34,line_item,Dividends paid on ordinary share capital,2017-12-31,"(3,916)",1,1,1,1,0,True,True,False,spatial_row_and_column_match
unilever,2017,cash_flow,798661ad641ab15daa68854b13b9ae1e264e62a878090aae79ff3d07deb235d0,92,34,line_item,Dividends paid on ordinary share capital,2016-12-31,"(3,609)",1,1,1,1,0,True,True,False,spatial_row_and_column_match
unilever,2017,cash_flow,798661ad641ab15daa68854b13b9ae1e264e62a878090aae79ff3d07deb235d0,92,34,line_item,Dividends paid on ordinary share capital,2015-12-31,"(3,331)",1,1,1,1,0,True,True,False,spatial_row_and_column_match
unilever,2017,cash_flow,798661ad641ab15daa68854b13b9ae1e264e62a878090aae79ff3d07deb235d0,92,35,line_item,Interest and preference dividends paid,2017-12-31,(470),1,1,1,1,0,True,True,False,spatial_row_and_column_match
unilever,2017,cash_flow,798661ad641ab15daa68854b13b9ae1e264e62a878090aae79ff3d07deb235d0,92,35,line_item,Interest and preference dividends paid,2016-12-31,(472),1,1,1,1,0,True,True,False,spatial_row_and_column_match
unilever,2017,cash_flow,798661ad641ab15daa68854b13b9ae1e264e62a878090aae79ff3d07deb235d0,92,35,line_item,Interest and preference dividends paid,2015-12-31,(579),1,1,1,1,0,True,True,False,spatial_row_and_column_match
unilever,2017,cash_flow,798661ad641ab15daa68854b13b9ae1e264e62a878090aae79ff3d07deb235d0,92,36,line_item,Net change in short-term borrowings,2017-12-31,"2,695",1,1,1,1,0,True,True,False,spatial_row_and_column_match
unilever,2017,cash_flow,798661ad641ab15daa68854b13b9ae1e264e62a878090aae79ff3d07deb235d0,92,36,line_item,Net change in short-term borrowings,2016-12-31,258,1,1,1,1,0,True,True,False,spatial_row_and_column_match
unilever,2017,cash_flow,798661ad641ab15daa68854b13b9ae1e264e62a878090aae79ff3d07deb235d0,92,36,line_item,Net change in short-term borrowings,2015-12-31,245,1,1,1,1,0,True,True,False,spatial_row_and_column_match
unilever,2017,cash_flow,798661ad641ab15daa68854b13b9ae1e264e62a878090aae79ff3d07deb235d0,92,37,line_item,Additional financial liabilities,2017-12-31,"8,851",1,1,1,1,0,True,True,False,spatial_row_and_column_match
unilever,2017,cash_flow,798661ad641ab15daa68854b13b9ae1e264e62a878090aae79ff3d07deb235d0,92,37,line_item,Additional financial liabilities,2016-12-31,"6,761",1,1,1,1,0,True,True,False,spatial_row_and_column_match
unilever,2017,cash_flow,798661ad641ab15daa68854b13b9ae1e264e62a878090aae79ff3d07deb235d0,92,37,line_item,Additional financial liabilities,2015-12-31,"7,566",1,1,1,1,0,True,True,False,spatial_row_and_column_match
unilever,2017,cash_flow,798661ad641ab15daa68854b13b9ae1e264e62a878090aae79ff3d07deb235d0,92,38,line_item,Repayment of financial liabilities,2017-12-31,"(2,604)",1,1,1,1,0,True,True,False,spatial_row_and_column_match
unilever,2017,cash_flow,798661ad641ab15daa68854b13b9ae1e264e62a878090aae79ff3d07deb235d0,92,38,line_item,Repayment of financial liabilities,2016-12-31,"(5,213)",1,1,1,1,0,True,True,False,spatial_row_and_column_match
unilever,2017,cash_flow,798661ad641ab15daa68854b13b9ae1e264e62a878090aae79ff3d07deb235d0,92,38,line_item,Repayment of financial liabilities,2015-12-31,"(6,270)",1,1,1,1,0,True,True,False,spatial_row_and_column_match
unilever,2017,cash_flow,798661ad641ab15daa68854b13b9ae1e264e62a878090aae79ff3d07deb235d0,92,39,line_item,Capital element of finance lease rental payments,2017-12-31,(14),1,2,2,1,1,True,True,False,spatial_row_and_column_match
unilever,2017,cash_flow,798661ad641ab15daa68854b13b9ae1e264e62a878090aae79ff3d07deb235d0,92,39,line_item,Capital element of finance lease rental payments,2016-12-31,(35),1,1,1,1,0,True,True,False,spatial_row_and_column_match
unilever,2017,cash_flow,798661ad641ab15daa68854b13b9ae1e264e62a878090aae79ff3d07deb235d0,92,39,line_item,Capital element of finance lease rental payments,2015-12-31,(14),1,2,2,1,1,True,True,False,spatial_row_and_column_match
unilever,2017,cash_flow,798661ad641ab15daa68854b13b9ae1e264e62a878090aae79ff3d07deb235d0,92,40,line_item,Buy back of preference shares,2017-12-31,(448),1,1,1,1,0,True,True,False,spatial_row_and_column_match
unilever,2017,cash_flow,798661ad641ab15daa68854b13b9ae1e264e62a878090aae79ff3d07deb235d0,92,40,line_item,Buy back of preference shares,2016-12-31,-,1,26,8,2,6,True,True,False,spatial_row_and_column_match
unilever,2017,cash_flow,798661ad641ab15daa68854b13b9ae1e264e62a878090aae79ff3d07deb235d0,92,40,line_item,Buy back of preference shares,2015-12-31,-,1,26,8,2,6,True,True,False,spatial_row_and_column_match
unilever,2017,cash_flow,798661ad641ab15daa68854b13b9ae1e264e62a878090aae79ff3d07deb235d0,92,41,line_item,Repurchase of shares,2017-12-31,"(5,014)",1,1,1,1,0,True,True,False,spatial_row_and_column_match
unilever,2017,cash_flow,798661ad641ab15daa68854b13b9ae1e264e62a878090aae79ff3d07deb235d0,92,41,line_item,Repurchase of shares,2016-12-31,-,1,26,8,2,6,True,True,False,spatial_row_and_column_match
unilever,2017,cash_flow,798661ad641ab15daa68854b13b9ae1e264e62a878090aae79ff3d07deb235d0,92,41,line_item,Repurchase of shares,2015-12-31,-,1,26,8,2,6,True,True,False,spatial_row_and_column_match
unilever,2017,cash_flow,798661ad641ab15daa68854b13b9ae1e264e62a878090aae79ff3d07deb235d0,92,42,line_item,Other movements on treasury shares,2017-12-31,(204),1,1,1,1,0,True,True,False,spatial_row_and_column_match
unilever,2017,cash_flow,798661ad641ab15daa68854b13b9ae1e264e62a878090aae79ff3d07deb235d0,92,42,line_item,Other movements on treasury shares,2016-12-31,(257),1,1,1,1,0,True,True,False,spatial_row_and_column_match
unilever,2017,cash_flow,798661ad641ab15daa68854b13b9ae1e264e62a878090aae79ff3d07deb235d0,92,42,line_item,Other movements on treasury shares,2015-12-31,(276),1,1,1,1,0,True,True,False,spatial_row_and_column_match
unilever,2017,cash_flow,798661ad641ab15daa68854b13b9ae1e264e62a878090aae79ff3d07deb235d0,92,43,line_item,Other financing activities,2017-12-31,(309),1,1,1,1,0,True,True,False,spatial_row_and_column_match
unilever,2017,cash_flow,798661ad641ab15daa68854b13b9ae1e264e62a878090aae79ff3d07deb235d0,92,43,line_item,Other financing activities,2016-12-31,(506),1,2,1,1,0,True,True,False,spatial_row_and_column_match
unilever,2017,cash_flow,798661ad641ab15daa68854b13b9ae1e264e62a878090aae79ff3d07deb235d0,92,43,line_item,Other financing activities,2015-12-31,(373),1,1,1,1,0,True,True,False,spatial_row_and_column_match
unilever,2017,cash_flow,798661ad641ab15daa68854b13b9ae1e264e62a878090aae79ff3d07deb235d0,92,44,subtotal,Net cash flow (used in)/from financing activities,2017-12-31,"(1,433)",1,1,1,1,0,True,True,False,spatial_row_and_column_match
unilever,2017,cash_flow,798661ad641ab15daa68854b13b9ae1e264e62a878090aae79ff3d07deb235d0,92,44,subtotal,Net cash flow (used in)/from financing activities,2016-12-31,"(3,073)",1,1,1,1,0,True,True,False,spatial_row_and_column_match
unilever,2017,cash_flow,798661ad641ab15daa68854b13b9ae1e264e62a878090aae79ff3d07deb235d0,92,44,subtotal,Net cash flow (used in)/from financing activities,2015-12-31,"(3,032)",1,1,1,1,0,True,True,False,spatial_row_and_column_match
unilever,2017,cash_flow,798661ad641ab15daa68854b13b9ae1e264e62a878090aae79ff3d07deb235d0,92,45,total,Net increase/(decrease) in cash and cash equivalents,2017-12-31,(20),1,1,1,1,0,True,True,False,spatial_row_and_column_match
unilever,2017,cash_flow,798661ad641ab15daa68854b13b9ae1e264e62a878090aae79ff3d07deb235d0,92,45,total,Net increase/(decrease) in cash and cash equivalents,2016-12-31,786,1,1,1,1,0,True,True,False,spatial_row_and_column_match
unilever,2017,cash_flow,798661ad641ab15daa68854b13b9ae1e264e62a878090aae79ff3d07deb235d0,92,45,total,Net increase/(decrease) in cash and cash equivalents,2015-12-31,759,1,1,1,1,0,True,True,False,spatial_row_and_column_match
unilever,2017,cash_flow,798661ad641ab15daa68854b13b9ae1e264e62a878090aae79ff3d07deb235d0,92,46,line_item,Cash and cash equivalents at the beginning of the year,2017-12-31,"3,198",1,2,1,1,0,True,True,False,spatial_row_and_column_match
unilever,2017,cash_flow,798661ad641ab15daa68854b13b9ae1e264e62a878090aae79ff3d07deb235d0,92,46,line_item,Cash and cash equivalents at the beginning of the year,2016-12-31,"2,128",1,2,1,1,0,True,True,False,spatial_row_and_column_match
unilever,2017,cash_flow,798661ad641ab15daa68854b13b9ae1e264e62a878090aae79ff3d07deb235d0,92,46,line_item,Cash and cash equivalents at the beginning of the year,2015-12-31,"1,910",1,1,1,1,0,True,True,False,spatial_row_and_column_match
unilever,2017,cash_flow,798661ad641ab15daa68854b13b9ae1e264e62a878090aae79ff3d07deb235d0,92,47,line_item,Effect of foreign exchange rate changes,2017-12-31,(9),1,1,1,1,0,True,True,False,spatial_row_and_column_match
unilever,2017,cash_flow,798661ad641ab15daa68854b13b9ae1e264e62a878090aae79ff3d07deb235d0,92,47,line_item,Effect of foreign exchange rate changes,2016-12-31,284,1,2,1,1,0,True,True,False,spatial_row_and_column_match
unilever,2017,cash_flow,798661ad641ab15daa68854b13b9ae1e264e62a878090aae79ff3d07deb235d0,92,47,line_item,Effect of foreign exchange rate changes,2015-12-31,(541),1,1,1,1,0,True,True,False,spatial_row_and_column_match
unilever,2017,cash_flow,798661ad641ab15daa68854b13b9ae1e264e62a878090aae79ff3d07deb235d0,92,48,total,Cash and cash equivalents at the end of the year,2017-12-31,"3,169",1,1,1,1,0,True,True,False,spatial_row_and_column_match
unilever,2017,cash_flow,798661ad641ab15daa68854b13b9ae1e264e62a878090aae79ff3d07deb235d0,92,48,total,Cash and cash equivalents at the end of the year,2016-12-31,"3,198",1,2,1,1,0,True,True,False,spatial_row_and_column_match
unilever,2017,cash_flow,798661ad641ab15daa68854b13b9ae1e264e62a878090aae79ff3d07deb235d0,92,48,total,Cash and cash equivalents at the end of the year,2015-12-31,"2,128",1,2,1,1,0,True,True,False,spatial_row_and_column_match
heineken,2019,cash_flow,cca80d203bfccb86a381b20bb7641ad3f24ee218104fed0e07d230020484e494,66,28,line_item,Total change in working capital,2019-12-31,8,1,1,1,1,0,True,True,False,spatial_row_and_column_match
heineken,2019,cash_flow,cca80d203bfccb86a381b20bb7641ad3f24ee218104fed0e07d230020484e494,66,28,line_item,Total change in working capital,2018-12-31,713,1,1,1,1,0,True,True,False,spatial_row_and_column_match
heineken,2021,cash_flow,c1a9a847a67b32fc1bce671ae2590e5e0a085c964c0c507a2500fc9713850cd8,73,17,line_item,Other non-cash items,2021-12-31,30,1,1,1,1,0,True,True,False,spatial_row_and_column_match
heineken,2021,cash_flow,c1a9a847a67b32fc1bce671ae2590e5e0a085c964c0c507a2500fc9713850cd8,73,17,line_item,Other non-cash items,2020-12-31,231,1,1,1,1,0,True,True,False,spatial_row_and_column_match
unilever,2017,income_statement,798661ad641ab15daa68854b13b9ae1e264e62a878090aae79ff3d07deb235d0,89,10,line_item,Other income/(loss) from non-current investments and associates,2017-12-31,18,1,1,1,1,0,True,True,False,spatial_row_and_column_match
unilever,2017,income_statement,798661ad641ab15daa68854b13b9ae1e264e62a878090aae79ff3d07deb235d0,89,10,line_item,Other income/(loss) from non-current investments and associates,2016-12-31,104,1,1,1,1,0,True,True,False,spatial_row_and_column_match
unilever,2017,income_statement,798661ad641ab15daa68854b13b9ae1e264e62a878090aae79ff3d07deb235d0,89,10,line_item,Other income/(loss) from non-current investments and associates,2015-12-31,91,1,1,1,1,0,True,True,False,spatial_row_and_column_match
