company,statement,row_id,period_end,editions,distinct_values,status
heineken,balance_sheet,assets classified as held for sale::1,2016-12-31,1,1,single_source
heineken,balance_sheet,assets classified as held for sale::1,2017-12-31,1,1,single_source
heineken,balance_sheet,assets classified as held for sale::1,2018-12-31,1,1,single_source
heineken,balance_sheet,assets classified as held for sale::1,2019-12-31,1,1,single_source
heineken,balance_sheet,assets classified as held for sale::1,2020-12-31,1,1,single_source
heineken,balance_sheet,assets classified as held for sale::1,2021-12-31,1,1,single_source
heineken,balance_sheet,assets classified as held for sale::1,2022-12-31,1,1,single_source
heineken,balance_sheet,assets classified as held for sale::1,2023-12-31,1,1,single_source
heineken,balance_sheet,assets classified as held for sale::1,2024-12-31,1,1,single_source
heineken,balance_sheet,assets classified as held for sale::1,2025-12-31,1,1,single_source
heineken,balance_sheet,bank overdrafts and commercial papers::1,2016-12-31,1,1,single_source
heineken,balance_sheet,bank overdrafts and commercial papers::1,2017-12-31,1,1,single_source
heineken,balance_sheet,borrowings::1,2016-12-31,1,1,single_source
heineken,balance_sheet,borrowings::1,2017-12-31,1,1,single_source
heineken,balance_sheet,borrowings::1,2018-12-31,1,1,single_source
heineken,balance_sheet,borrowings::1,2019-12-31,1,1,single_source
heineken,balance_sheet,borrowings::1,2020-12-31,1,1,single_source
heineken,balance_sheet,borrowings::1,2021-12-31,1,1,single_source
heineken,balance_sheet,borrowings::1,2022-12-31,1,1,single_source
heineken,balance_sheet,borrowings::1,2023-12-31,1,1,single_source
heineken,balance_sheet,borrowings::1,2024-12-31,1,1,single_source
heineken,balance_sheet,borrowings::1,2025-12-31,1,1,single_source
heineken,balance_sheet,borrowings::2,2016-12-31,1,1,single_source
heineken,balance_sheet,borrowings::2,2017-12-31,1,1,single_source
heineken,balance_sheet,borrowings::2,2018-12-31,1,1,single_source
heineken,balance_sheet,borrowings::2,2019-12-31,1,1,single_source
heineken,balance_sheet,borrowings::2,2020-12-31,1,1,single_source
heineken,balance_sheet,borrowings::2,2021-12-31,1,1,single_source
heineken,balance_sheet,borrowings::2,2022-12-31,1,1,single_source
heineken,balance_sheet,borrowings::2,2023-12-31,1,1,single_source
heineken,balance_sheet,borrowings::2,2024-12-31,1,1,single_source
heineken,balance_sheet,borrowings::2,2025-12-31,1,1,single_source
heineken,balance_sheet,cash and cash equivalents::1,2016-12-31,1,1,single_source
heineken,balance_sheet,cash and cash equivalents::1,2017-12-31,1,1,single_source
heineken,balance_sheet,cash and cash equivalents::1,2018-12-31,1,1,single_source
heineken,balance_sheet,cash and cash equivalents::1,2019-12-31,1,1,single_source
heineken,balance_sheet,cash and cash equivalents::1,2020-12-31,1,1,single_source
heineken,balance_sheet,cash and cash equivalents::1,2021-12-31,1,1,single_source
heineken,balance_sheet,cash and cash equivalents::1,2022-12-31,1,1,single_source
heineken,balance_sheet,cash and cash equivalents::1,2023-12-31,1,1,single_source
heineken,balance_sheet,cash and cash equivalents::1,2024-12-31,1,1,single_source
heineken,balance_sheet,cash and cash equivalents::1,2025-12-31,1,1,single_source
heineken,balance_sheet,current tax assets::1,2016-12-31,1,1,single_source
heineken,balance_sheet,current tax assets::1,2017-12-31,1,1,single_source
heineken,balance_sheet,current tax assets::1,2018-12-31,1,1,single_source
heineken,balance_sheet,current tax assets::1,2019-12-31,1,1,single_source
heineken,balance_sheet,current tax assets::1,2020-12-31,1,1,single_source
heineken,balance_sheet,current tax assets::1,2021-12-31,1,1,single_source
heineken,balance_sheet,current tax assets::1,2022-12-31,1,1,single_source
heineken,balance_sheet,current tax assets::1,2023-12-31,1,1,single_source
heineken,balance_sheet,current tax assets::1,2024-12-31,1,1,single_source
heineken,balance_sheet,current tax assets::1,2025-12-31,1,1,single_source
heineken,balance_sheet,current tax liabilities::1,2016-12-31,1,1,single_source
heineken,balance_sheet,current tax liabilities::1,2017-12-31,1,1,single_source
heineken,balance_sheet,current tax liabilities::1,2018-12-31,1,1,single_source
heineken,balance_sheet,current tax liabilities::1,2019-12-31,1,1,single_source
heineken,balance_sheet,current tax liabilities::1,2020-12-31,1,1,single_source
heineken,balance_sheet,current tax liabilities::1,2021-12-31,1,1,single_source
heineken,balance_sheet,current tax liabilities::1,2022-12-31,1,1,single_source
heineken,balance_sheet,current tax liabilities::1,2023-12-31,1,1,single_source
heineken,balance_sheet,current tax liabilities::1,2024-12-31,1,1,single_source
heineken,balance_sheet,current tax liabilities::1,2025-12-31,1,1,single_source
heineken,balance_sheet,deferred tax assets::1,2016-12-31,1,1,single_source
heineken,balance_sheet,deferred tax assets::1,2017-12-31,1,1,single_source
heineken,balance_sheet,deferred tax assets::1,2018-12-31,1,1,single_source
heineken,balance_sheet,deferred tax assets::1,2019-12-31,1,1,single_source
heineken,balance_sheet,deferred tax assets::1,2020-12-31,1,1,single_source
heineken,balance_sheet,deferred tax assets::1,2021-12-31,1,1,single_source
heineken,balance_sheet,deferred tax assets::1,2022-12-31,1,1,single_source
heineken,balance_sheet,deferred tax assets::1,2023-12-31,1,1,single_source
heineken,balance_sheet,deferred tax assets::1,2024-12-31,1,1,single_source
heineken,balance_sheet,deferred tax assets::1,2025-12-31,1,1,single_source
heineken,balance_sheet,deferred tax liabilities::1,2016-12-31,1,1,single_source
heineken,balance_sheet,deferred tax liabilities::1,2017-12-31,1,1,single_source
heineken,balance_sheet,deferred tax liabilities::1,2018-12-31,1,1,single_source
heineken,balance_sheet,deferred tax liabilities::1,2019-12-31,1,1,single_source
heineken,balance_sheet,deferred tax liabilities::1,2020-12-31,1,1,single_source
heineken,balance_sheet,deferred tax liabilities::1,2021-12-31,1,1,single_source
heineken,balance_sheet,deferred tax liabilities::1,2022-12-31,1,1,single_source
heineken,balance_sheet,deferred tax liabilities::1,2023-12-31,1,1,single_source
heineken,balance_sheet,deferred tax liabilities::1,2024-12-31,1,1,single_source
heineken,balance_sheet,deferred tax liabilities::1,2025-12-31,1,1,single_source
heineken,balance_sheet,derivative assets::1,2018-12-31,1,1,single_source
heineken,balance_sheet,derivative assets::1,2019-12-31,1,1,single_source
heineken,balance_sheet,derivative assets::1,2020-12-31,1,1,single_source
heineken,balance_sheet,derivative assets::1,2021-12-31,1,1,single_source
heineken,balance_sheet,derivative assets::1,2022-12-31,1,1,single_source
heineken,balance_sheet,derivative assets::1,2023-12-31,1,1,single_source
heineken,balance_sheet,derivative assets::1,2024-12-31,1,1,single_source
heineken,balance_sheet,derivative assets::1,2025-12-31,1,1,single_source
heineken,balance_sheet,derivative liabilities::1,2018-12-31,1,1,single_source
heineken,balance_sheet,derivative liabilities::1,2019-12-31,1,1,single_source
heineken,balance_sheet,derivative liabilities::1,2020-12-31,1,1,single_source
heineken,balance_sheet,derivative liabilities::1,2021-12-31,1,1,single_source
heineken,balance_sheet,derivative liabilities::1,2022-12-31,1,1,single_source
heineken,balance_sheet,derivative liabilities::1,2023-12-31,1,1,single_source
heineken,balance_sheet,derivative liabilities::1,2024-12-31,1,1,single_source
heineken,balance_sheet,derivative liabilities::1,2025-12-31,1,1,single_source
heineken,balance_sheet,employee benefits::1,2016-12-31,1,1,single_source
heineken,balance_sheet,employee benefits::1,2017-12-31,1,1,single_source
heineken,balance_sheet,equity instruments::1,2022-12-31,1,1,single_source
heineken,balance_sheet,equity instruments::1,2023-12-31,1,1,single_source
heineken,balance_sheet,equity instruments::1,2024-12-31,1,1,single_source
heineken,balance_sheet,equity instruments::1,2025-12-31,1,1,single_source
heineken,balance_sheet,intangible assets::1,2016-12-31,1,1,single_source
heineken,balance_sheet,intangible assets::1,2017-12-31,1,1,single_source
heineken,balance_sheet,intangible assets::1,2018-12-31,1,1,single_source
heineken,balance_sheet,intangible assets::1,2019-12-31,1,1,single_source
heineken,balance_sheet,intangible assets::1,2020-12-31,1,1,single_source
heineken,balance_sheet,intangible assets::1,2021-12-31,1,1,single_source
heineken,balance_sheet,intangible assets::1,2022-12-31,1,1,single_source
heineken,balance_sheet,intangible assets::1,2023-12-31,1,1,single_source
heineken,balance_sheet,intangible assets::1,2024-12-31,1,1,single_source
heineken,balance_sheet,intangible assets::1,2025-12-31,1,1,single_source
heineken,balance_sheet,inventories::1,2016-12-31,1,1,single_source
heineken,balance_sheet,inventories::1,2017-12-31,1,1,single_source
heineken,balance_sheet,inventories::1,2018-12-31,1,1,single_source
heineken,balance_sheet,inventories::1,2019-12-31,1,1,single_source
heineken,balance_sheet,inventories::1,2020-12-31,1,1,single_source
heineken,balance_sheet,inventories::1,2021-12-31,1,1,single_source
heineken,balance_sheet,inventories::1,2022-12-31,1,1,single_source
heineken,balance_sheet,inventories::1,2023-12-31,1,1,single_source
heineken,balance_sheet,inventories::1,2024-12-31,1,1,single_source
heineken,balance_sheet,inventories::1,2025-12-31,1,1,single_source
heineken,balance_sheet,investments in associates and joint ventures::1,2016-12-31,1,1,single_source
heineken,balance_sheet,investments in associates and joint ventures::1,2017-12-31,1,1,single_source
heineken,balance_sheet,investments in associates and joint ventures::1,2018-12-31,1,1,single_source
heineken,balance_sheet,investments in associates and joint ventures::1,2019-12-31,1,1,single_source
heineken,balance_sheet,investments in associates and joint ventures::1,2020-12-31,1,1,single_source
heineken,balance_sheet,investments in associates and joint ventures::1,2021-12-31,1,1,single_source
heineken,balance_sheet,investments in associates and joint ventures::1,2022-12-31,1,1,single_source
heineken,balance_sheet,investments in associates and joint ventures::1,2023-12-31,1,1,single_source
heineken,balance_sheet,investments in associates and joint ventures::1,2024-12-31,1,1,single_source
heineken,balance_sheet,investments in associates and joint ventures::1,2025-12-31,1,1,single_source
heineken,balance_sheet,liabilities associated with assets classified as held for sale::1,2016-12-31,1,1,single_source
heineken,balance_sheet,liabilities associated with assets classified as held for sale::1,2017-12-31,1,1,single_source
heineken,balance_sheet,liabilities associated with assets classified as held for sale::1,2018-12-31,1,1,single_source
heineken,balance_sheet,liabilities associated with assets classified as held for sale::1,2021-12-31,1,1,single_source
heineken,balance_sheet,liabilities associated with assets classified as held for sale::1,2022-12-31,1,1,single_source
heineken,balance_sheet,loans and advances to customers::1,2016-12-31,1,1,single_source
heineken,balance_sheet,loans and advances to customers::1,2017-12-31,1,1,single_source
heineken,balance_sheet,loans and advances to customers::1,2018-12-31,1,1,single_source
heineken,balance_sheet,loans and advances to customers::1,2019-12-31,1,1,single_source
heineken,balance_sheet,loans and advances to customers::1,2020-12-31,1,1,single_source
heineken,balance_sheet,loans and advances to customers::1,2021-12-31,1,1,single_source
heineken,balance_sheet,loans and advances to customers::1,2022-12-31,1,1,single_source
heineken,balance_sheet,loans and advances to customers::1,2023-12-31,1,1,single_source
heineken,balance_sheet,loans and advances to customers::1,2024-12-31,1,1,single_source
heineken,balance_sheet,loans and advances to customers::1,2025-12-31,1,1,single_source
heineken,balance_sheet,non controlling interests::1,2016-12-31,1,1,single_source
heineken,balance_sheet,non controlling interests::1,2017-12-31,1,1,single_source
heineken,balance_sheet,non controlling interests::1,2018-12-31,1,1,single_source
heineken,balance_sheet,non controlling interests::1,2019-12-31,1,1,single_source
heineken,balance_sheet,non controlling interests::1,2020-12-31,1,1,single_source
heineken,balance_sheet,non controlling interests::1,2021-12-31,1,1,single_source
heineken,balance_sheet,non controlling interests::1,2022-12-31,1,1,single_source
heineken,balance_sheet,non controlling interests::1,2023-12-31,1,1,single_source
heineken,balance_sheet,non controlling interests::1,2024-12-31,1,1,single_source
heineken,balance_sheet,non controlling interests::1,2025-12-31,1,1,single_source
heineken,balance_sheet,other investments and receivables::1,2016-12-31,1,1,single_source
heineken,balance_sheet,other investments and receivables::1,2017-12-31,1,1,single_source
heineken,balance_sheet,other non current assets::1,2018-12-31,1,1,single_source
heineken,balance_sheet,other non current assets::1,2019-12-31,1,1,single_source
heineken,balance_sheet,other non current assets::1,2020-12-31,1,1,single_source
heineken,balance_sheet,other non current assets::1,2021-12-31,1,1,single_source
heineken,balance_sheet,other non current assets::1,2022-12-31,1,1,single_source
heineken,balance_sheet,other non current assets::1,2023-12-31,1,1,single_source
heineken,balance_sheet,other non current assets::1,2024-12-31,1,1,single_source
heineken,balance_sheet,other non current assets::1,2025-12-31,1,1,single_source
heineken,balance_sheet,other non current liabilities::1,2018-12-31,1,1,single_source
heineken,balance_sheet,other non current liabilities::1,2019-12-31,1,1,single_source
heineken,balance_sheet,other non current liabilities::1,2020-12-31,1,1,single_source
heineken,balance_sheet,other non current liabilities::1,2021-12-31,1,1,single_source
heineken,balance_sheet,other non current liabilities::1,2022-12-31,1,1,single_source
heineken,balance_sheet,other non current liabilities::1,2023-12-31,1,1,single_source
heineken,balance_sheet,other non current liabilities::1,2024-12-31,1,1,single_source
heineken,balance_sheet,other non current liabilities::1,2025-12-31,1,1,single_source
heineken,balance_sheet,post retirement obligations::1,2018-12-31,1,1,single_source
heineken,balance_sheet,post retirement obligations::1,2019-12-31,1,1,single_source
heineken,balance_sheet,post retirement obligations::1,2020-12-31,1,1,single_source
heineken,balance_sheet,post retirement obligations::1,2021-12-31,1,1,single_source
heineken,balance_sheet,post retirement obligations::1,2022-12-31,1,1,single_source
heineken,balance_sheet,post retirement obligations::1,2023-12-31,1,1,single_source
heineken,balance_sheet,post retirement obligations::1,2024-12-31,1,1,single_source
heineken,balance_sheet,post retirement obligations::1,2025-12-31,1,1,single_source
heineken,balance_sheet,prepayments::1,2016-12-31,1,1,single_source
heineken,balance_sheet,prepayments::1,2017-12-31,1,1,single_source
heineken,balance_sheet,property plant and equipment::1,2016-12-31,1,1,single_source
heineken,balance_sheet,property plant and equipment::1,2017-12-31,1,1,single_source
heineken,balance_sheet,property plant and equipment::1,2018-12-31,1,1,single_source
heineken,balance_sheet,property plant and equipment::1,2019-12-31,1,1,single_source
heineken,balance_sheet,property plant and equipment::1,2020-12-31,1,1,single_source
heineken,balance_sheet,property plant and equipment::1,2021-12-31,1,1,single_source
heineken,balance_sheet,property plant and equipment::1,2022-12-31,1,1,single_source
heineken,balance_sheet,property plant and equipment::1,2023-12-31,1,1,single_source
heineken,balance_sheet,property plant and equipment::1,2024-12-31,1,1,single_source
heineken,balance_sheet,property plant and equipment::1,2025-12-31,1,1,single_source
heineken,balance_sheet,provisions::1,2016-12-31,1,1,single_source
heineken,balance_sheet,provisions::1,2017-12-31,1,1,single_source
heineken,balance_sheet,provisions::1,2018-12-31,1,1,single_source
heineken,balance_sheet,provisions::1,2019-12-31,1,1,single_source
heineken,balance_sheet,provisions::1,2020-12-31,1,1,single_source
heineken,balance_sheet,provisions::1,2021-12-31,1,1,single_source
heineken,balance_sheet,provisions::1,2022-12-31,1,1,single_source
heineken,balance_sheet,provisions::1,2023-12-31,1,1,single_source
heineken,balance_sheet,provisions::1,2024-12-31,1,1,single_source
heineken,balance_sheet,provisions::1,2025-12-31,1,1,single_source
heineken,balance_sheet,provisions::2,2016-12-31,1,1,single_source
heineken,balance_sheet,provisions::2,2017-12-31,1,1,single_source
heineken,balance_sheet,provisions::2,2018-12-31,1,1,single_source
heineken,balance_sheet,provisions::2,2019-12-31,1,1,single_source
heineken,balance_sheet,provisions::2,2020-12-31,1,1,single_source
heineken,balance_sheet,provisions::2,2021-12-31,1,1,single_source
heineken,balance_sheet,provisions::2,2022-12-31,1,1,single_source
heineken,balance_sheet,provisions::2,2023-12-31,1,1,single_source
heineken,balance_sheet,provisions::2,2024-12-31,1,1,single_source
heineken,balance_sheet,provisions::2,2025-12-31,1,1,single_source
heineken,balance_sheet,reserves::1,2016-12-31,1,1,single_source
heineken,balance_sheet,reserves::1,2017-12-31,1,1,single_source
heineken,balance_sheet,retained earnings::1,2016-12-31,1,1,single_source
heineken,balance_sheet,retained earnings::1,2017-12-31,1,1,single_source
heineken,balance_sheet,returnable packaging deposits::1,2018-12-31,1,1,single_source
heineken,balance_sheet,returnable packaging deposits::1,2019-12-31,1,1,single_source
heineken,balance_sheet,returnable packaging deposits::1,2020-12-31,1,1,single_source
heineken,balance_sheet,returnable packaging deposits::1,2021-12-31,1,1,single_source
heineken,balance_sheet,returnable packaging deposits::1,2022-12-31,1,1,single_source
heineken,balance_sheet,returnable packaging deposits::1,2023-12-31,1,1,single_source
heineken,balance_sheet,returnable packaging deposits::1,2024-12-31,1,1,single_source
heineken,balance_sheet,returnable packaging deposits::1,2025-12-31,1,1,single_source
heineken,balance_sheet,share capital::1,2016-12-31,1,1,single_source
heineken,balance_sheet,share capital::1,2017-12-31,1,1,single_source
heineken,balance_sheet,share premium::1,2016-12-31,1,1,single_source
heineken,balance_sheet,share premium::1,2017-12-31,1,1,single_source
heineken,balance_sheet,shareholders equity::1,2016-12-31,1,1,single_source
heineken,balance_sheet,shareholders equity::1,2017-12-31,1,1,single_source
heineken,balance_sheet,shareholders equity::1,2018-12-31,1,1,single_source
heineken,balance_sheet,shareholders equity::1,2019-12-31,1,1,single_source
heineken,balance_sheet,shareholders equity::1,2020-12-31,1,1,single_source
heineken,balance_sheet,shareholders equity::1,2021-12-31,1,1,single_source
heineken,balance_sheet,shareholders equity::1,2022-12-31,1,1,single_source
heineken,balance_sheet,shareholders equity::1,2023-12-31,1,1,single_source
heineken,balance_sheet,shareholders equity::1,2024-12-31,1,1,single_source
heineken,balance_sheet,shareholders equity::1,2025-12-31,1,1,single_source
heineken,balance_sheet,tax liabilities::1,2016-12-31,1,1,single_source
heineken,balance_sheet,total assets::1,2016-12-31,1,1,single_source
heineken,balance_sheet,total assets::1,2017-12-31,1,1,single_source
heineken,balance_sheet,total assets::1,2018-12-31,1,1,single_source
heineken,balance_sheet,total assets::1,2019-12-31,1,1,single_source
heineken,balance_sheet,total assets::1,2020-12-31,1,1,single_source
heineken,balance_sheet,total assets::1,2021-12-31,1,1,single_source
heineken,balance_sheet,total assets::1,2022-12-31,1,1,single_source
heineken,balance_sheet,total assets::1,2023-12-31,1,1,single_source
heineken,balance_sheet,total assets::1,2024-12-31,1,1,single_source
heineken,balance_sheet,total assets::1,2025-12-31,1,1,single_source
heineken,balance_sheet,total current assets::1,2016-12-31,1,1,single_source
heineken,balance_sheet,total current assets::1,2017-12-31,1,1,single_source
heineken,balance_sheet,total current assets::1,2018-12-31,1,1,single_source
heineken,balance_sheet,total current assets::1,2019-12-31,1,1,single_source
heineken,balance_sheet,total current assets::1,2020-12-31,1,1,single_source
heineken,balance_sheet,total current assets::1,2021-12-31,1,1,single_source
heineken,balance_sheet,total current assets::1,2022-12-31,1,1,single_source
heineken,balance_sheet,total current assets::1,2023-12-31,1,1,single_source
heineken,balance_sheet,total current assets::1,2024-12-31,1,1,single_source
heineken,balance_sheet,total current assets::1,2025-12-31,1,1,single_source
heineken,balance_sheet,total current liabilities::1,2016-12-31,1,1,single_source
heineken,balance_sheet,total current liabilities::1,2017-12-31,1,1,single_source
heineken,balance_sheet,total current liabilities::1,2018-12-31,1,1,single_source
heineken,balance_sheet,total current liabilities::1,2019-12-31,1,1,single_source
heineken,balance_sheet,total current liabilities::1,2020-12-31,1,1,single_source
heineken,balance_sheet,total current liabilities::1,2021-12-31,1,1,single_source
heineken,balance_sheet,total current liabilities::1,2022-12-31,1,1,single_source
heineken,balance_sheet,total current liabilities::1,2023-12-31,1,1,single_source
heineken,balance_sheet,total current liabilities::1,2024-12-31,1,1,single_source
heineken,balance_sheet,total current liabilities::1,2025-12-31,1,1,single_source
heineken,balance_sheet,total equity and liabilities::1,2016-12-31,1,1,single_source
heineken,balance_sheet,total equity and liabilities::1,2017-12-31,1,1,single_source
heineken,balance_sheet,total equity and liabilities::1,2018-12-31,1,1,single_source
heineken,balance_sheet,total equity and liabilities::1,2019-12-31,1,1,single_source
heineken,balance_sheet,total equity and liabilities::1,2020-12-31,1,1,single_source
heineken,balance_sheet,total equity and liabilities::1,2021-12-31,1,1,single_source
heineken,balance_sheet,total equity and liabilities::1,2022-12-31,1,1,single_source
heineken,balance_sheet,total equity and liabilities::1,2023-12-31,1,1,single_source
heineken,balance_sheet,total equity and liabilities::1,2024-12-31,1,1,single_source
heineken,balance_sheet,total equity and liabilities::1,2025-12-31,1,1,single_source
heineken,balance_sheet,total equity::1,2016-12-31,1,1,single_source
heineken,balance_sheet,total equity::1,2017-12-31,1,1,single_source
heineken,balance_sheet,total equity::1,2018-12-31,1,1,single_source
heineken,balance_sheet,total equity::1,2019-12-31,1,1,single_source
heineken,balance_sheet,total equity::1,2020-12-31,1,1,single_source
heineken,balance_sheet,total equity::1,2021-12-31,1,1,single_source
heineken,balance_sheet,total equity::1,2022-12-31,1,1,single_source
heineken,balance_sheet,total equity::1,2023-12-31,1,1,single_source
heineken,balance_sheet,total equity::1,2024-12-31,1,1,single_source
heineken,balance_sheet,total equity::1,2025-12-31,1,1,single_source
heineken,balance_sheet,total liabilities::1,2016-12-31,1,1,single_source
heineken,balance_sheet,total liabilities::1,2017-12-31,1,1,single_source
heineken,balance_sheet,total non current assets::1,2016-12-31,1,1,single_source
heineken,balance_sheet,total non current assets::1,2017-12-31,1,1,single_source
heineken,balance_sheet,total non current assets::1,2018-12-31,1,1,single_source
heineken,balance_sheet,total non current assets::1,2019-12-31,1,1,single_source
heineken,balance_sheet,total non current assets::1,2020-12-31,1,1,single_source
heineken,balance_sheet,total non current assets::1,2021-12-31,1,1,single_source
heineken,balance_sheet,total non current assets::1,2022-12-31,1,1,single_source
heineken,balance_sheet,total non current assets::1,2023-12-31,1,1,single_source
heineken,balance_sheet,total non current assets::1,2024-12-31,1,1,single_source
heineken,balance_sheet,total non current assets::1,2025-12-31,1,1,single_source
heineken,balance_sheet,total non current liabilities::1,2016-12-31,1,1,single_source
heineken,balance_sheet,total non current liabilities::1,2017-12-31,1,1,single_source
heineken,balance_sheet,total non current liabilities::1,2018-12-31,1,1,single_source
heineken,balance_sheet,total non current liabilities::1,2019-12-31,1,1,single_source
heineken,balance_sheet,total non current liabilities::1,2020-12-31,1,1,single_source
heineken,balance_sheet,total non current liabilities::1,2021-12-31,1,1,single_source
heineken,balance_sheet,total non current liabilities::1,2022-12-31,1,1,single_source
heineken,balance_sheet,total non current liabilities::1,2023-12-31,1,1,single_source
heineken,balance_sheet,total non current liabilities::1,2024-12-31,1,1,single_source
heineken,balance_sheet,total non current liabilities::1,2025-12-31,1,1,single_source
heineken,balance_sheet,trade and other payables::1,2016-12-31,1,1,single_source
heineken,balance_sheet,trade and other payables::1,2017-12-31,1,1,single_source
heineken,balance_sheet,trade and other payables::1,2018-12-31,1,1,single_source
heineken,balance_sheet,trade and other payables::1,2019-12-31,1,1,single_source
heineken,balance_sheet,trade and other payables::1,2020-12-31,1,1,single_source
heineken,balance_sheet,trade and other payables::1,2021-12-31,1,1,single_source
heineken,balance_sheet,trade and other payables::1,2022-12-31,1,1,single_source
heineken,balance_sheet,trade and other payables::1,2023-12-31,1,1,single_source
heineken,balance_sheet,trade and other payables::1,2024-12-31,1,1,single_source
heineken,balance_sheet,trade and other payables::1,2025-12-31,1,1,single_source
heineken,balance_sheet,trade and other receivables::1,2016-12-31,1,1,single_source
heineken,balance_sheet,trade and other receivables::1,2017-12-31,1,1,single_source
heineken,balance_sheet,trade and other receivables::1,2018-12-31,1,1,single_source
heineken,balance_sheet,trade and other receivables::1,2019-12-31,1,1,single_source
heineken,balance_sheet,trade and other receivables::1,2020-12-31,1,1,single_source
heineken,balance_sheet,trade and other receivables::1,2021-12-31,1,1,single_source
heineken,balance_sheet,trade and other receivables::1,2022-12-31,1,1,single_source
heineken,balance_sheet,trade and other receivables::1,2023-12-31,1,1,single_source
heineken,balance_sheet,trade and other receivables::1,2024-12-31,1,1,single_source
heineken,balance_sheet,trade and other receivables::1,2025-12-31,1,1,single_source
heineken,cash_flow,acquisition of additions to associates joint ventures and other investments::1,2016-12-31,1,1,single_source
heineken,cash_flow,acquisition of additions to associates joint ventures and other investments::1,2017-12-31,1,1,single_source
heineken,cash_flow,acquisition of additions to associates joint ventures and other investments::1,2018-12-31,1,1,single_source
heineken,cash_flow,acquisition of additions to associates joint ventures and other investments::1,2019-12-31,1,1,single_source
heineken,cash_flow,acquisition of additions to associates joint ventures and other investments::1,2020-12-31,1,1,single_source
heineken,cash_flow,acquisition of additions to associates joint ventures and other investments::1,2021-12-31,1,1,single_source
heineken,cash_flow,acquisition of additions to associates joint ventures and other investments::1,2022-12-31,1,1,single_source
heineken,cash_flow,acquisition of additions to associates joint ventures and other investments::1,2023-12-31,1,1,single_source
heineken,cash_flow,acquisition of additions to associates joint ventures and other investments::1,2024-12-31,1,1,single_source
heineken,cash_flow,acquisition of additions to associates joint ventures and other investments::1,2025-12-31,1,1,single_source
heineken,cash_flow,acquisition of non controlling interests::1,2016-12-31,1,1,single_source
heineken,cash_flow,acquisition of non controlling interests::1,2017-12-31,1,1,single_source
heineken,cash_flow,acquisition of non controlling interests::1,2018-12-31,1,1,single_source
heineken,cash_flow,acquisition of non controlling interests::1,2019-12-31,1,1,single_source
heineken,cash_flow,acquisition of non controlling interests::1,2020-12-31,1,1,single_source
heineken,cash_flow,acquisition of non controlling interests::1,2021-12-31,1,1,single_source
heineken,cash_flow,acquisition of non controlling interests::1,2022-12-31,1,1,single_source
heineken,cash_flow,acquisition of non controlling interests::1,2023-12-31,1,1,single_source
heineken,cash_flow,acquisition of non controlling interests::1,2025-12-31,1,1,single_source
heineken,cash_flow,acquisition of subsidiaries net of cash acquired::1,2016-12-31,1,1,single_source
heineken,cash_flow,acquisition of subsidiaries net of cash acquired::1,2017-12-31,1,1,single_source
heineken,cash_flow,acquisition of subsidiaries net of cash acquired::1,2018-12-31,1,1,single_source
heineken,cash_flow,acquisition of subsidiaries net of cash acquired::1,2019-12-31,1,1,single_source
heineken,cash_flow,acquisition of subsidiaries net of cash acquired::1,2020-12-31,1,1,single_source
heineken,cash_flow,acquisition of subsidiaries net of cash acquired::1,2021-12-31,1,1,single_source
heineken,cash_flow,acquisition of subsidiaries net of cash acquired::1,2022-12-31,1,1,single_source
heineken,cash_flow,acquisition of subsidiaries net of cash acquired::1,2023-12-31,1,1,single_source
heineken,cash_flow,acquisition of subsidiaries net of cash acquired::1,2024-12-31,1,1,single_source
heineken,cash_flow,acquisition of subsidiaries net of cash acquired::1,2025-12-31,1,1,single_source
heineken,cash_flow,amortisation depreciation and impairments::1,2016-12-31,1,1,single_source
heineken,cash_flow,amortisation depreciation and impairments::1,2017-12-31,1,1,single_source
heineken,cash_flow,amortisation depreciation and impairments::1,2018-12-31,1,1,single_source
heineken,cash_flow,amortisation depreciation and impairments::1,2019-12-31,1,1,single_source
heineken,cash_flow,amortisation depreciation and impairments::1,2020-12-31,1,1,single_source
heineken,cash_flow,amortisation depreciation and impairments::1,2021-12-31,1,1,single_source
heineken,cash_flow,amortisation depreciation and impairments::1,2022-12-31,1,1,single_source
heineken,cash_flow,amortisation depreciation and impairments::1,2023-12-31,1,1,single_source
heineken,cash_flow,amortisation depreciation and impairments::1,2024-12-31,1,1,single_source
heineken,cash_flow,amortisation depreciation and impairments::1,2025-12-31,1,1,single_source
heineken,cash_flow,cash and cash equivalents as at 1 january::1,2016-12-31,1,1,single_source
heineken,cash_flow,cash and cash equivalents as at 1 january::1,2017-12-31,1,1,single_source
heineken,cash_flow,cash and cash equivalents as at 1 january::1,2018-12-31,1,1,single_source
heineken,cash_flow,cash and cash equivalents as at 1 january::1,2019-12-31,1,1,single_source
heineken,cash_flow,cash and cash equivalents as at 1 january::1,2020-12-31,1,1,single_source
heineken,cash_flow,cash and cash equivalents as at 1 january::1,2021-12-31,1,1,single_source
heineken,cash_flow,cash and cash equivalents as at 1 january::1,2022-12-31,1,1,single_source
heineken,cash_flow,cash and cash equivalents as at 1 january::1,2023-12-31,1,1,single_source
heineken,cash_flow,cash and cash equivalents as at 1 january::1,2024-12-31,1,1,single_source
heineken,cash_flow,cash and cash equivalents as at 1 january::1,2025-12-31,1,1,single_source
heineken,cash_flow,cash and cash equivalents as at 31 december::1,2016-12-31,1,1,single_source
heineken,cash_flow,cash and cash equivalents as at 31 december::1,2017-12-31,1,1,single_source
heineken,cash_flow,cash and cash equivalents as at 31 december::1,2018-12-31,1,1,single_source
heineken,cash_flow,cash and cash equivalents as at 31 december::1,2019-12-31,1,1,single_source
heineken,cash_flow,cash and cash equivalents as at 31 december::1,2020-12-31,1,1,single_source
heineken,cash_flow,cash and cash equivalents as at 31 december::1,2021-12-31,1,1,single_source
heineken,cash_flow,cash and cash equivalents as at 31 december::1,2022-12-31,1,1,single_source
heineken,cash_flow,cash and cash equivalents as at 31 december::1,2023-12-31,1,1,single_source
heineken,cash_flow,cash and cash equivalents as at 31 december::1,2024-12-31,1,1,single_source
heineken,cash_flow,cash and cash equivalents as at 31 december::1,2025-12-31,1,1,single_source
heineken,cash_flow,cash flow from operating activities::1,2016-12-31,1,1,single_source
heineken,cash_flow,cash flow from operating activities::1,2017-12-31,1,1,single_source
heineken,cash_flow,cash flow from operating activities::1,2018-12-31,1,1,single_source
heineken,cash_flow,cash flow from operating activities::1,2019-12-31,1,1,single_source
heineken,cash_flow,cash flow from operating activities::1,2020-12-31,1,1,single_source
heineken,cash_flow,cash flow from operating activities::1,2021-12-31,1,1,single_source
heineken,cash_flow,cash flow from operating activities::1,2022-12-31,1,1,single_source
heineken,cash_flow,cash flow from operating activities::1,2023-12-31,1,1,single_source
heineken,cash_flow,cash flow from operating activities::1,2024-12-31,1,1,single_source
heineken,cash_flow,cash flow from operating activities::1,2025-12-31,1,1,single_source
heineken,cash_flow,cash flow from operations before changes in working capital and provisions::1,2016-12-31,1,1,single_source
heineken,cash_flow,cash flow from operations before changes in working capital and provisions::1,2017-12-31,1,1,single_source
heineken,cash_flow,cash flow from operations before changes in working capital and provisions::1,2018-12-31,1,1,single_source
heineken,cash_flow,cash flow from operations before changes in working capital and provisions::1,2019-12-31,1,1,single_source
heineken,cash_flow,cash flow from operations before changes in working capital and provisions::1,2020-12-31,1,1,single_source
heineken,cash_flow,cash flow from operations before changes in working capital and provisions::1,2021-12-31,1,1,single_source
heineken,cash_flow,cash flow from operations before changes in working capital and provisions::1,2022-12-31,1,1,single_source
heineken,cash_flow,cash flow from operations before changes in working capital and provisions::1,2023-12-31,1,1,single_source
heineken,cash_flow,cash flow from operations before changes in working capital and provisions::1,2024-12-31,1,1,single_source
heineken,cash_flow,cash flow from operations before changes in working capital and provisions::1,2025-12-31,1,1,single_source
heineken,cash_flow,cash flow from operations::1,2016-12-31,1,1,single_source
heineken,cash_flow,cash flow from operations::1,2017-12-31,1,1,single_source
heineken,cash_flow,cash flow from operations::1,2018-12-31,1,1,single_source
heineken,cash_flow,cash flow from operations::1,2019-12-31,1,1,single_source
heineken,cash_flow,cash flow from operations::1,2020-12-31,1,1,single_source
heineken,cash_flow,cash flow from operations::1,2021-12-31,1,1,single_source
heineken,cash_flow,cash flow from operations::1,2022-12-31,1,1,single_source
heineken,cash_flow,cash flow from operations::1,2023-12-31,1,1,single_source
heineken,cash_flow,cash flow from operations::1,2024-12-31,1,1,single_source
heineken,cash_flow,cash flow from operations::1,2025-12-31,1,1,single_source
heineken,cash_flow,cash flow from used in acquisitions and disposals::1,2016-12-31,1,1,single_source
heineken,cash_flow,cash flow from used in acquisitions and disposals::1,2017-12-31,1,1,single_source
heineken,cash_flow,cash flow from used in acquisitions and disposals::1,2018-12-31,1,1,single_source
heineken,cash_flow,cash flow from used in acquisitions and disposals::1,2019-12-31,1,1,single_source
heineken,cash_flow,cash flow from used in acquisitions and disposals::1,2020-12-31,1,1,single_source
heineken,cash_flow,cash flow from used in acquisitions and disposals::1,2021-12-31,1,1,single_source
heineken,cash_flow,cash flow from used in acquisitions and disposals::1,2022-12-31,1,1,single_source
heineken,cash_flow,cash flow from used in acquisitions and disposals::1,2023-12-31,1,1,single_source
heineken,cash_flow,cash flow from used in acquisitions and disposals::1,2024-12-31,1,1,single_source
heineken,cash_flow,cash flow from used in acquisitions and disposals::1,2025-12-31,1,1,single_source
heineken,cash_flow,cash flow from used in financing activities::1,2016-12-31,1,1,single_source
heineken,cash_flow,cash flow from used in financing activities::1,2017-12-31,1,1,single_source
heineken,cash_flow,cash flow from used in financing activities::1,2018-12-31,1,1,single_source
heineken,cash_flow,cash flow from used in financing activities::1,2019-12-31,1,1,single_source
heineken,cash_flow,cash flow from used in financing activities::1,2020-12-31,1,1,single_source
heineken,cash_flow,cash flow from used in financing activities::1,2021-12-31,1,1,single_source
heineken,cash_flow,cash flow from used in financing activities::1,2022-12-31,1,1,single_source
heineken,cash_flow,cash flow from used in financing activities::1,2023-12-31,1,1,single_source
heineken,cash_flow,cash flow from used in financing activities::1,2024-12-31,1,1,single_source
heineken,cash_flow,cash flow from used in financing activities::1,2025-12-31,1,1,single_source
heineken,cash_flow,cash flow related to interest dividend and income tax::1,2016-12-31,1,1,single_source
heineken,cash_flow,cash flow related to interest dividend and income tax::1,2017-12-31,1,1,single_source
heineken,cash_flow,cash flow related to interest dividend and income tax::1,2018-12-31,1,1,single_source
heineken,cash_flow,cash flow related to interest dividend and income tax::1,2019-12-31,1,1,single_source
heineken,cash_flow,cash flow related to interest dividend and income tax::1,2020-12-31,1,1,single_source
heineken,cash_flow,cash flow related to interest dividend and income tax::1,2021-12-31,1,1,single_source
heineken,cash_flow,cash flow related to interest dividend and income tax::1,2022-12-31,1,1,single_source
heineken,cash_flow,cash flow related to interest dividend and income tax::1,2023-12-31,1,1,single_source
heineken,cash_flow,cash flow related to interest dividend and income tax::1,2024-12-31,1,1,single_source
heineken,cash_flow,cash flow related to interest dividend and income tax::1,2025-12-31,1,1,single_source
heineken,cash_flow,cash flow used in investing activities::1,2016-12-31,1,1,single_source
heineken,cash_flow,cash flow used in investing activities::1,2017-12-31,1,1,single_source
heineken,cash_flow,cash flow used in investing activities::1,2018-12-31,1,1,single_source
heineken,cash_flow,cash flow used in investing activities::1,2019-12-31,1,1,single_source
heineken,cash_flow,cash flow used in investing activities::1,2020-12-31,1,1,single_source
heineken,cash_flow,cash flow used in investing activities::1,2021-12-31,1,1,single_source
heineken,cash_flow,cash flow used in investing activities::1,2022-12-31,1,1,single_source
heineken,cash_flow,cash flow used in investing activities::1,2023-12-31,1,1,single_source
heineken,cash_flow,cash flow used in investing activities::1,2024-12-31,1,1,single_source
heineken,cash_flow,cash flow used in investing activities::1,2025-12-31,1,1,single_source
heineken,cash_flow,cash flow used in operational investing activities::1,2016-12-31,1,1,single_source
heineken,cash_flow,cash flow used in operational investing activities::1,2017-12-31,1,1,single_source
heineken,cash_flow,cash flow used in operational investing activities::1,2018-12-31,1,1,single_source
heineken,cash_flow,cash flow used in operational investing activities::1,2019-12-31,1,1,single_source
heineken,cash_flow,cash flow used in operational investing activities::1,2020-12-31,1,1,single_source
heineken,cash_flow,cash flow used in operational investing activities::1,2021-12-31,1,1,single_source
heineken,cash_flow,cash flow used in operational investing activities::1,2022-12-31,1,1,single_source
heineken,cash_flow,cash flow used in operational investing activities::1,2023-12-31,1,1,single_source
heineken,cash_flow,cash flow used in operational investing activities::1,2024-12-31,1,1,single_source
heineken,cash_flow,cash flow used in operational investing activities::1,2025-12-31,1,1,single_source
heineken,cash_flow,change in inventories::1,2016-12-31,1,1,single_source
heineken,cash_flow,change in inventories::1,2017-12-31,1,1,single_source
heineken,cash_flow,change in inventories::1,2018-12-31,1,1,single_source
heineken,cash_flow,change in inventories::1,2019-12-31,1,1,single_source
heineken,cash_flow,change in inventories::1,2020-12-31,1,1,single_source
heineken,cash_flow,change in inventories::1,2021-12-31,1,1,single_source
heineken,cash_flow,change in inventories::1,2022-12-31,1,1,single_source
heineken,cash_flow,change in inventories::1,2023-12-31,1,1,single_source
heineken,cash_flow,change in inventories::1,2024-12-31,1,1,single_source
heineken,cash_flow,change in inventories::1,2025-12-31,1,1,single_source
heineken,cash_flow,change in provisions and post retirement obligations::1,2016-12-31,1,1,single_source
heineken,cash_flow,change in provisions and post retirement obligations::1,2017-12-31,1,1,single_source
heineken,cash_flow,change in provisions and post retirement obligations::1,2018-12-31,1,1,single_source
heineken,cash_flow,change in provisions and post retirement obligations::1,2019-12-31,1,1,single_source
heineken,cash_flow,change in provisions and post retirement obligations::1,2020-12-31,1,1,single_source
heineken,cash_flow,change in provisions and post retirement obligations::1,2021-12-31,1,1,single_source
heineken,cash_flow,change in provisions and post retirement obligations::1,2022-12-31,1,1,single_source
heineken,cash_flow,change in provisions and post retirement obligations::1,2023-12-31,1,1,single_source
heineken,cash_flow,change in provisions and post retirement obligations::1,2024-12-31,1,1,single_source
heineken,cash_flow,change in provisions and post retirement obligations::1,2025-12-31,1,1,single_source
heineken,cash_flow,change in trade and other payables and returnable packaging deposits::1,2018-12-31,1,1,single_source
heineken,cash_flow,change in trade and other payables and returnable packaging deposits::1,2019-12-31,1,1,single_source
heineken,cash_flow,change in trade and other payables and returnable packaging deposits::1,2020-12-31,1,1,single_source
heineken,cash_flow,change in trade and other payables and returnable packaging deposits::1,2021-12-31,1,1,single_source
heineken,cash_flow,change in trade and other payables and returnable packaging deposits::1,2022-12-31,1,1,single_source
heineken,cash_flow,change in trade and other payables and returnable packaging deposits::1,2023-12-31,1,1,single_source
heineken,cash_flow,change in trade and other payables and returnable packaging deposits::1,2024-12-31,1,1,single_source
heineken,cash_flow,change in trade and other payables and returnable packaging deposits::1,2025-12-31,1,1,single_source
heineken,cash_flow,change in trade and other payables::1,2016-12-31,1,1,single_source
heineken,cash_flow,change in trade and other payables::1,2017-12-31,1,1,single_source
heineken,cash_flow,change in trade and other receivables::1,2016-12-31,1,1,single_source
heineken,cash_flow,change in trade and other receivables::1,2017-12-31,1,1,single_source
heineken,cash_flow,change in trade and other receivables::1,2018-12-31,1,1,single_source
heineken,cash_flow,change in trade and other receivables::1,2019-12-31,1,1,single_source
heineken,cash_flow,change in trade and other receivables::1,2020-12-31,1,1,single_source
heineken,cash_flow,change in trade and other receivables::1,2021-12-31,1,1,single_source
heineken,cash_flow,change in trade and other receivables::1,2022-12-31,1,1,single_source
heineken,cash_flow,change in trade and other receivables::1,2023-12-31,1,1,single_source
heineken,cash_flow,change in trade and other receivables::1,2024-12-31,1,1,single_source
heineken,cash_flow,change in trade and other receivables::1,2025-12-31,1,1,single_source
heineken,cash_flow,disposal of associates joint ventures and other investments::1,2017-12-31,1,1,single_source
heineken,cash_flow,disposal of associates joint ventures and other investments::1,2018-12-31,1,1,single_source
heineken,cash_flow,disposal of associates joint ventures and other investments::1,2019-12-31,1,1,single_source
heineken,cash_flow,disposal of associates joint ventures and other investments::1,2020-12-31,1,1,single_source
heineken,cash_flow,disposal of associates joint ventures and other investments::1,2021-12-31,1,1,single_source
heineken,cash_flow,disposal of associates joint ventures and other investments::1,2022-12-31,1,1,single_source
heineken,cash_flow,disposal of associates joint ventures and other investments::1,2023-12-31,1,1,single_source
heineken,cash_flow,disposal of associates joint ventures and other investments::1,2024-12-31,1,1,single_source
heineken,cash_flow,disposal of associates joint ventures and other investments::1,2025-12-31,1,1,single_source
heineken,cash_flow,disposal of subsidiaries net of cash disposed of::1,2016-12-31,1,1,single_source
heineken,cash_flow,disposal of subsidiaries net of cash disposed of::1,2017-12-31,1,1,single_source
heineken,cash_flow,disposal of subsidiaries net of cash disposed of::1,2018-12-31,1,1,single_source
heineken,cash_flow,disposal of subsidiaries net of cash disposed of::1,2019-12-31,1,1,single_source
heineken,cash_flow,disposal of subsidiaries net of cash disposed of::1,2020-12-31,1,1,single_source
heineken,cash_flow,disposal of subsidiaries net of cash disposed of::1,2021-12-31,1,1,single_source
heineken,cash_flow,disposal of subsidiaries net of cash disposed of::1,2022-12-31,1,1,single_source
heineken,cash_flow,disposal of subsidiaries net of cash disposed of::1,2023-12-31,1,1,single_source
heineken,cash_flow,disposal of subsidiaries net of cash disposed of::1,2024-12-31,1,1,single_source
heineken,cash_flow,disposal of subsidiaries net of cash disposed of::1,2025-12-31,1,1,single_source
heineken,cash_flow,dividends paid::1,2016-12-31,1,1,single_source
heineken,cash_flow,dividends paid::1,2017-12-31,1,1,single_source
heineken,cash_flow,dividends paid::1,2018-12-31,1,1,single_source
heineken,cash_flow,dividends paid::1,2019-12-31,1,1,single_source
heineken,cash_flow,dividends paid::1,2020-12-31,1,1,single_source
heineken,cash_flow,dividends paid::1,2021-12-31,1,1,single_source
heineken,cash_flow,dividends paid::1,2022-12-31,1,1,single_source
heineken,cash_flow,dividends paid::1,2023-12-31,1,1,single_source
heineken,cash_flow,dividends paid::1,2024-12-31,1,1,single_source
heineken,cash_flow,dividends paid::1,2025-12-31,1,1,single_source
heineken,cash_flow,dividends received::1,2016-12-31,1,1,single_source
heineken,cash_flow,dividends received::1,2017-12-31,1,1,single_source
heineken,cash_flow,dividends received::1,2018-12-31,1,1,single_source
heineken,cash_flow,dividends received::1,2019-12-31,1,1,single_source
heineken,cash_flow,dividends received::1,2020-12-31,1,1,single_source
heineken,cash_flow,dividends received::1,2021-12-31,1,1,single_source
heineken,cash_flow,dividends received::1,2022-12-31,1,1,single_source
heineken,cash_flow,dividends received::1,2023-12-31,1,1,single_source
heineken,cash_flow,dividends received::1,2024-12-31,1,1,single_source
heineken,cash_flow,dividends received::1,2025-12-31,1,1,single_source
heineken,cash_flow,effect of movements in exchange rates::1,2016-12-31,1,1,single_source
heineken,cash_flow,effect of movements in exchange rates::1,2017-12-31,1,1,single_source
heineken,cash_flow,effect of movements in exchange rates::1,2018-12-31,1,1,single_source
heineken,cash_flow,effect of movements in exchange rates::1,2019-12-31,1,1,single_source
heineken,cash_flow,effect of movements in exchange rates::1,2020-12-31,1,1,single_source
heineken,cash_flow,effect of movements in exchange rates::1,2021-12-31,1,1,single_source
heineken,cash_flow,effect of movements in exchange rates::1,2022-12-31,1,1,single_source
heineken,cash_flow,effect of movements in exchange rates::1,2023-12-31,1,1,single_source
heineken,cash_flow,effect of movements in exchange rates::1,2024-12-31,1,1,single_source
heineken,cash_flow,effect of movements in exchange rates::1,2025-12-31,1,1,single_source
heineken,cash_flow,free operating cash flow::1,2016-12-31,1,1,single_source
heineken,cash_flow,free operating cash flow::1,2017-12-31,1,1,single_source
heineken,cash_flow,free operating cash flow::1,2018-12-31,1,1,single_source
heineken,cash_flow,free operating cash flow::1,2019-12-31,1,1,single_source
heineken,cash_flow,free operating cash flow::1,2020-12-31,1,1,single_source
heineken,cash_flow,free operating cash flow::1,2021-12-31,1,1,single_source
heineken,cash_flow,free operating cash flow::1,2022-12-31,1,1,single_source
heineken,cash_flow,free operating cash flow::1,2023-12-31,1,1,single_source
heineken,cash_flow,free operating cash flow::1,2024-12-31,1,1,single_source
heineken,cash_flow,free operating cash flow::1,2025-12-31,1,1,single_source
heineken,cash_flow,gain on sale of property plant and equipment intangible assets and subsidiaries joint ventures and associates::1,2016-12-31,1,1,single_source
heineken,cash_flow,gain on sale of property plant and equipment intangible assets and subsidiaries joint ventures and associates::1,2017-12-31,1,1,single_source
heineken,cash_flow,income tax expenses::1,2016-12-31,1,1,single_source
heineken,cash_flow,income tax expenses::1,2017-12-31,1,1,single_source
heineken,cash_flow,income tax expenses::1,2018-12-31,1,1,single_source
heineken,cash_flow,income tax expenses::1,2019-12-31,1,1,single_source
heineken,cash_flow,income tax expenses::1,2020-12-31,1,1,single_source
heineken,cash_flow,income tax expenses::1,2021-12-31,1,1,single_source
heineken,cash_flow,income tax expenses::1,2022-12-31,1,1,single_source
heineken,cash_flow,income tax expenses::1,2023-12-31,1,1,single_source
heineken,cash_flow,income tax expenses::1,2024-12-31,1,1,single_source
heineken,cash_flow,income tax expenses::1,2025-12-31,1,1,single_source
heineken,cash_flow,income taxes paid::1,2016-12-31,1,1,single_source
heineken,cash_flow,income taxes paid::1,2017-12-31,1,1,single_source
heineken,cash_flow,income taxes paid::1,2018-12-31,1,1,single_source
heineken,cash_flow,income taxes paid::1,2019-12-31,1,1,single_source
heineken,cash_flow,income taxes paid::1,2020-12-31,1,1,single_source
heineken,cash_flow,income taxes paid::1,2021-12-31,1,1,single_source
heineken,cash_flow,income taxes paid::1,2022-12-31,1,1,single_source
heineken,cash_flow,income taxes paid::1,2023-12-31,1,1,single_source
heineken,cash_flow,income taxes paid::1,2024-12-31,1,1,single_source
heineken,cash_flow,income taxes paid::1,2025-12-31,1,1,single_source
heineken,cash_flow,interest paid::1,2016-12-31,1,1,single_source
heineken,cash_flow,interest paid::1,2017-12-31,1,1,single_source
heineken,cash_flow,interest paid::1,2018-12-31,1,1,single_source
heineken,cash_flow,interest paid::1,2019-12-31,1,1,single_source
heineken,cash_flow,interest paid::1,2020-12-31,1,1,single_source
heineken,cash_flow,interest paid::1,2021-12-31,1,1,single_source
heineken,cash_flow,interest paid::1,2022-12-31,1,1,single_source
heineken,cash_flow,interest paid::1,2023-12-31,1,1,single_source
heineken,cash_flow,interest paid::1,2024-12-31,1,1,single_source
heineken,cash_flow,interest paid::1,2025-12-31,1,1,single_source
heineken,cash_flow,interest received::1,2016-12-31,1,1,single_source
heineken,cash_flow,interest received::1,2017-12-31,1,1,single_source
heineken,cash_flow,interest received::1,2018-12-31,1,1,single_source
heineken,cash_flow,interest received::1,2019-12-31,1,1,single_source
heineken,cash_flow,interest received::1,2020-12-31,1,1,single_source
heineken,cash_flow,interest received::1,2021-12-31,1,1,single_source
heineken,cash_flow,interest received::1,2022-12-31,1,1,single_source
heineken,cash_flow,interest received::1,2023-12-31,1,1,single_source
heineken,cash_flow,interest received::1,2024-12-31,1,1,single_source
heineken,cash_flow,interest received::1,2025-12-31,1,1,single_source
heineken,cash_flow,loans issued to customers and other investments::1,2016-12-31,1,1,single_source
heineken,cash_flow,loans issued to customers and other investments::1,2017-12-31,1,1,single_source
heineken,cash_flow,loans issued to customers and other investments::1,2018-12-31,1,1,single_source
heineken,cash_flow,loans issued to customers and other investments::1,2019-12-31,1,1,single_source
heineken,cash_flow,loans issued to customers and other investments::1,2020-12-31,1,1,single_source
heineken,cash_flow,loans issued to customers and other investments::1,2021-12-31,1,1,single_source
heineken,cash_flow,loans issued to customers and other investments::1,2022-12-31,1,1,single_source
heineken,cash_flow,loans issued to customers and other investments::1,2023-12-31,1,1,single_source
heineken,cash_flow,loans issued to customers and other investments::1,2024-12-31,1,1,single_source
heineken,cash_flow,loans issued to customers and other investments::1,2025-12-31,1,1,single_source
heineken,cash_flow,net cash flow::1,2016-12-31,1,1,single_source
heineken,cash_flow,net cash flow::1,2017-12-31,1,1,single_source
heineken,cash_flow,net cash flow::1,2018-12-31,1,1,single_source
heineken,cash_flow,net cash flow::1,2019-12-31,1,1,single_source
heineken,cash_flow,net cash flow::1,2020-12-31,1,1,single_source
heineken,cash_flow,net cash flow::1,2021-12-31,1,1,single_source
heineken,cash_flow,net cash flow::1,2022-12-31,1,1,single_source
heineken,cash_flow,net cash flow::1,2023-12-31,1,1,single_source
heineken,cash_flow,net cash flow::1,2024-12-31,1,1,single_source
heineken,cash_flow,net cash flow::1,2025-12-31,1,1,single_source
heineken,cash_flow,net interest expenses::1,2016-12-31,1,1,single_source
heineken,cash_flow,net interest expenses::1,2017-12-31,1,1,single_source
heineken,cash_flow,net interest expenses::1,2018-12-31,1,1,single_source
heineken,cash_flow,net interest expenses::1,2019-12-31,1,1,single_source
heineken,cash_flow,net interest expenses::1,2020-12-31,1,1,single_source
heineken,cash_flow,net interest expenses::1,2021-12-31,1,1,single_source
heineken,cash_flow,net interest expenses::1,2022-12-31,1,1,single_source
heineken,cash_flow,net interest expenses::1,2023-12-31,1,1,single_source
heineken,cash_flow,net interest expenses::1,2024-12-31,1,1,single_source
heineken,cash_flow,net interest expenses::1,2025-12-31,1,1,single_source
heineken,cash_flow,other income::1,2018-12-31,1,1,single_source
heineken,cash_flow,other income::1,2019-12-31,1,1,single_source
heineken,cash_flow,other income::1,2020-12-31,1,1,single_source
heineken,cash_flow,other income::1,2021-12-31,1,1,single_source
heineken,cash_flow,other income::1,2022-12-31,1,1,single_source
heineken,cash_flow,other income::1,2023-12-31,1,1,single_source
heineken,cash_flow,other income::1,2024-12-31,1,1,single_source
heineken,cash_flow,other income::1,2025-12-31,1,1,single_source
heineken,cash_flow,other non cash items::1,2016-12-31,1,1,single_source
heineken,cash_flow,other non cash items::1,2017-12-31,1,1,single_source
heineken,cash_flow,other non cash items::1,2018-12-31,1,1,single_source
heineken,cash_flow,other non cash items::1,2019-12-31,1,1,single_source
heineken,cash_flow,other non cash items::1,2021-12-31,1,1,single_source
heineken,cash_flow,other non cash items::1,2022-12-31,1,1,single_source
heineken,cash_flow,other non cash items::1,2023-12-31,1,1,single_source
heineken,cash_flow,other non cash items::1,2024-12-31,1,1,single_source
heineken,cash_flow,other non cash items::1,2025-12-31,1,1,single_source
heineken,cash_flow,other::1,2016-12-31,1,1,single_source
heineken,cash_flow,other::1,2018-12-31,1,1,single_source
heineken,cash_flow,other::1,2019-12-31,1,1,single_source
heineken,cash_flow,payment of principal portion of lease commitments::1,2019-12-31,1,1,single_source
heineken,cash_flow,payment of principal portion of lease commitments::1,2020-12-31,1,1,single_source
heineken,cash_flow,payment of principal portion of lease commitments::1,2021-12-31,1,1,single_source
heineken,cash_flow,payment of principal portion of lease commitments::1,2022-12-31,1,1,single_source
heineken,cash_flow,payment of principal portion of lease commitments::1,2023-12-31,1,1,single_source
heineken,cash_flow,payment of principal portion of lease commitments::1,2024-12-31,1,1,single_source
heineken,cash_flow,payment of principal portion of lease commitments::1,2025-12-31,1,1,single_source
heineken,cash_flow,proceeds from borrowings::1,2016-12-31,1,1,single_source
heineken,cash_flow,proceeds from borrowings::1,2017-12-31,1,1,single_source
heineken,cash_flow,proceeds from borrowings::1,2018-12-31,1,1,single_source
heineken,cash_flow,proceeds from borrowings::1,2019-12-31,1,1,single_source
heineken,cash_flow,proceeds from borrowings::1,2020-12-31,1,1,single_source
heineken,cash_flow,proceeds from borrowings::1,2021-12-31,1,1,single_source
heineken,cash_flow,proceeds from borrowings::1,2022-12-31,1,1,single_source
heineken,cash_flow,proceeds from borrowings::1,2023-12-31,1,1,single_source
heineken,cash_flow,proceeds from borrowings::1,2024-12-31,1,1,single_source
heineken,cash_flow,proceeds from borrowings::1,2025-12-31,1,1,single_source
heineken,cash_flow,proceeds from sale of property plant and equipment and intangible assets::1,2016-12-31,1,1,single_source
heineken,cash_flow,proceeds from sale of property plant and equipment and intangible assets::1,2017-12-31,1,1,single_source
heineken,cash_flow,proceeds from sale of property plant and equipment and intangible assets::1,2018-12-31,1,1,single_source
heineken,cash_flow,proceeds from sale of property plant and equipment and intangible assets::1,2019-12-31,1,1,single_source
heineken,cash_flow,proceeds from sale of property plant and equipment and intangible assets::1,2020-12-31,1,1,single_source
heineken,cash_flow,proceeds from sale of property plant and equipment and intangible assets::1,2021-12-31,1,1,single_source
heineken,cash_flow,proceeds from sale of property plant and equipment and intangible assets::1,2022-12-31,1,1,single_source
heineken,cash_flow,proceeds from sale of property plant and equipment and intangible assets::1,2023-12-31,1,1,single_source
heineken,cash_flow,proceeds from sale of property plant and equipment and intangible assets::1,2024-12-31,1,1,single_source
heineken,cash_flow,proceeds from sale of property plant and equipment and intangible assets::1,2025-12-31,1,1,single_source
heineken,cash_flow,profit::1,2016-12-31,1,1,single_source
heineken,cash_flow,profit::1,2017-12-31,1,1,single_source
heineken,cash_flow,profit::1,2018-12-31,1,1,single_source
heineken,cash_flow,profit::1,2019-12-31,1,1,single_source
heineken,cash_flow,profit::1,2020-12-31,1,1,single_source
heineken,cash_flow,profit::1,2021-12-31,1,1,single_source
heineken,cash_flow,profit::1,2022-12-31,1,1,single_source
heineken,cash_flow,profit::1,2023-12-31,1,1,single_source
heineken,cash_flow,profit::1,2024-12-31,1,1,single_source
heineken,cash_flow,profit::1,2025-12-31,1,1,single_source
heineken,cash_flow,purchase of intangible assets::1,2016-12-31,1,1,single_source
heineken,cash_flow,purchase of intangible assets::1,2017-12-31,1,1,single_source
heineken,cash_flow,purchase of intangible assets::1,2018-12-31,1,1,single_source
heineken,cash_flow,purchase of intangible assets::1,2019-12-31,1,1,single_source
heineken,cash_flow,purchase of intangible assets::1,2020-12-31,1,1,single_source
heineken,cash_flow,purchase of intangible assets::1,2021-12-31,1,1,single_source
heineken,cash_flow,purchase of intangible assets::1,2022-12-31,1,1,single_source
heineken,cash_flow,purchase of intangible assets::1,2023-12-31,1,1,single_source
heineken,cash_flow,purchase of intangible assets::1,2024-12-31,1,1,single_source
heineken,cash_flow,purchase of intangible assets::1,2025-12-31,1,1,single_source
heineken,cash_flow,purchase of property plant and equipment::1,2016-12-31,1,1,single_source
heineken,cash_flow,purchase of property plant and equipment::1,2017-12-31,1,1,single_source
heineken,cash_flow,purchase of property plant and equipment::1,2018-12-31,1,1,single_source
heineken,cash_flow,purchase of property plant and equipment::1,2019-12-31,1,1,single_source
heineken,cash_flow,purchase of property plant and equipment::1,2020-12-31,1,1,single_source
heineken,cash_flow,purchase of property plant and equipment::1,2021-12-31,1,1,single_source
heineken,cash_flow,purchase of property plant and equipment::1,2022-12-31,1,1,single_source
heineken,cash_flow,purchase of property plant and equipment::1,2023-12-31,1,1,single_source
heineken,cash_flow,purchase of property plant and equipment::1,2024-12-31,1,1,single_source
heineken,cash_flow,purchase of property plant and equipment::1,2025-12-31,1,1,single_source
heineken,cash_flow,purchase own shares and shares issued::1,2016-12-31,1,1,single_source
heineken,cash_flow,purchase own shares and shares issued::1,2018-12-31,1,1,single_source
heineken,cash_flow,purchase own shares and shares issued::1,2019-12-31,1,1,single_source
heineken,cash_flow,purchase own shares and shares issued::1,2020-12-31,1,1,single_source
heineken,cash_flow,purchase own shares and shares issued::1,2021-12-31,1,1,single_source
heineken,cash_flow,purchase own shares and shares issued::1,2022-12-31,1,1,single_source
heineken,cash_flow,purchase own shares and shares issued::1,2023-12-31,1,1,single_source
heineken,cash_flow,purchase own shares and shares issued::1,2024-12-31,1,1,single_source
heineken,cash_flow,purchase own shares and shares issued::1,2025-12-31,1,1,single_source
heineken,cash_flow,repayment of borrowings::1,2016-12-31,1,1,single_source
heineken,cash_flow,repayment of borrowings::1,2017-12-31,1,1,single_source
heineken,cash_flow,repayment of borrowings::1,2018-12-31,1,1,single_source
heineken,cash_flow,repayment of borrowings::1,2019-12-31,1,1,single_source
heineken,cash_flow,repayment of borrowings::1,2020-12-31,1,1,single_source
heineken,cash_flow,repayment of borrowings::1,2021-12-31,1,1,single_source
heineken,cash_flow,repayment of borrowings::1,2022-12-31,1,1,single_source
heineken,cash_flow,repayment of borrowings::1,2023-12-31,1,1,single_source
heineken,cash_flow,repayment of borrowings::1,2024-12-31,1,1,single_source
heineken,cash_flow,repayment of borrowings::1,2025-12-31,1,1,single_source
heineken,cash_flow,repayment on loans to customers and other investments::1,2016-12-31,1,1,single_source
heineken,cash_flow,repayment on loans to customers and other investments::1,2017-12-31,1,1,single_source
heineken,cash_flow,repayment on loans to customers and other investments::1,2018-12-31,1,1,single_source
heineken,cash_flow,repayment on loans to customers and other investments::1,2019-12-31,1,1,single_source
heineken,cash_flow,repayment on loans to customers and other investments::1,2020-12-31,1,1,single_source
heineken,cash_flow,repayment on loans to customers and other investments::1,2021-12-31,1,1,single_source
heineken,cash_flow,repayment on loans to customers and other investments::1,2022-12-31,1,1,single_source
heineken,cash_flow,repayment on loans to customers and other investments::1,2023-12-31,1,1,single_source
heineken,cash_flow,repayment on loans to customers and other investments::1,2024-12-31,1,1,single_source
heineken,cash_flow,repayment on loans to customers and other investments::1,2025-12-31,1,1,single_source
heineken,cash_flow,share of profit loss of associates and joint ventures and dividend income on fair value through oci investments::1,2016-12-31,1,1,single_source
heineken,cash_flow,share of profit loss of associates and joint ventures and dividend income on fair value through oci investments::1,2017-12-31,1,1,single_source
heineken,cash_flow,share of profit loss of associates and joint ventures and dividend income on fair value through oci investments::1,2018-12-31,1,1,single_source
heineken,cash_flow,share of profit loss of associates and joint ventures and dividend income on fair value through oci investments::1,2019-12-31,1,1,single_source
heineken,cash_flow,share of profit loss of associates and joint ventures and dividend income on fair value through oci investments::1,2020-12-31,1,1,single_source
heineken,cash_flow,share of profit loss of associates and joint ventures and dividend income on fair value through oci investments::1,2021-12-31,1,1,single_source
heineken,cash_flow,share of profit loss of associates and joint ventures and dividend income on fair value through oci investments::1,2022-12-31,1,1,single_source
heineken,cash_flow,share of profit loss of associates and joint ventures and dividend income on fair value through oci investments::1,2023-12-31,1,1,single_source
heineken,cash_flow,share of profit loss of associates and joint ventures and dividend income on fair value through oci investments::1,2024-12-31,1,1,single_source
heineken,cash_flow,share of profit loss of associates and joint ventures and dividend income on fair value through oci investments::1,2025-12-31,1,1,single_source
heineken,cash_flow,total change in working capital::1,2016-12-31,1,1,single_source
heineken,cash_flow,total change in working capital::1,2017-12-31,1,1,single_source
heineken,cash_flow,total change in working capital::1,2019-12-31,1,1,single_source
heineken,cash_flow,total change in working capital::1,2020-12-31,1,1,single_source
heineken,cash_flow,total change in working capital::1,2021-12-31,1,1,single_source
heineken,cash_flow,total change in working capital::1,2022-12-31,1,1,single_source
heineken,cash_flow,total change in working capital::1,2023-12-31,1,1,single_source
heineken,cash_flow,total change in working capital::1,2024-12-31,1,1,single_source
heineken,cash_flow,total change in working capital::1,2025-12-31,1,1,single_source
heineken,income_statement,amortisation depreciation and impairments::1,2016-12-31,1,1,single_source
heineken,income_statement,amortisation depreciation and impairments::1,2017-12-31,1,1,single_source
heineken,income_statement,amortisation depreciation and impairments::1,2018-12-31,1,1,single_source
heineken,income_statement,amortisation depreciation and impairments::1,2019-12-31,1,1,single_source
heineken,income_statement,amortisation depreciation and impairments::1,2020-12-31,1,1,single_source
heineken,income_statement,amortisation depreciation and impairments::1,2021-12-31,1,1,single_source
heineken,income_statement,amortisation depreciation and impairments::1,2022-12-31,1,1,single_source
heineken,income_statement,amortisation depreciation and impairments::1,2023-12-31,1,1,single_source
heineken,income_statement,amortisation depreciation and impairments::1,2024-12-31,1,1,single_source
heineken,income_statement,amortisation depreciation and impairments::1,2025-12-31,1,1,single_source
heineken,income_statement,basic earnings per share::1,2016-12-31,1,1,single_source
heineken,income_statement,basic earnings per share::1,2017-12-31,1,1,single_source
heineken,income_statement,basic earnings per share::1,2018-12-31,1,1,single_source
heineken,income_statement,basic earnings per share::1,2019-12-31,1,1,single_source
heineken,income_statement,basic earnings per share::1,2020-12-31,1,1,single_source
heineken,income_statement,basic earnings per share::1,2021-12-31,1,1,single_source
heineken,income_statement,basic earnings per share::1,2022-12-31,1,1,single_source
heineken,income_statement,basic earnings per share::1,2023-12-31,1,1,single_source
heineken,income_statement,basic earnings per share::1,2024-12-31,1,1,single_source
heineken,income_statement,basic earnings per share::1,2025-12-31,1,1,single_source
heineken,income_statement,diluted earnings per share::1,2016-12-31,1,1,single_source
heineken,income_statement,diluted earnings per share::1,2017-12-31,1,1,single_source
heineken,income_statement,diluted earnings per share::1,2018-12-31,1,1,single_source
heineken,income_statement,diluted earnings per share::1,2019-12-31,1,1,single_source
heineken,income_statement,diluted earnings per share::1,2020-12-31,1,1,single_source
heineken,income_statement,diluted earnings per share::1,2021-12-31,1,1,single_source
heineken,income_statement,diluted earnings per share::1,2022-12-31,1,1,single_source
heineken,income_statement,diluted earnings per share::1,2023-12-31,1,1,single_source
heineken,income_statement,diluted earnings per share::1,2024-12-31,1,1,single_source
heineken,income_statement,diluted earnings per share::1,2025-12-31,1,1,single_source
heineken,income_statement,excise tax expense::1,2018-12-31,1,1,single_source
heineken,income_statement,excise tax expense::1,2019-12-31,1,1,single_source
heineken,income_statement,excise tax expense::1,2020-12-31,1,1,single_source
heineken,income_statement,excise tax expense::1,2021-12-31,1,1,single_source
heineken,income_statement,excise tax expense::1,2022-12-31,1,1,single_source
heineken,income_statement,excise tax expense::1,2023-12-31,1,1,single_source
heineken,income_statement,excise tax expense::1,2024-12-31,1,1,single_source
heineken,income_statement,excise tax expense::1,2025-12-31,1,1,single_source
heineken,income_statement,income tax expense::1,2016-12-31,1,1,single_source
heineken,income_statement,income tax expense::1,2017-12-31,1,1,single_source
heineken,income_statement,income tax expense::1,2018-12-31,1,1,single_source
heineken,income_statement,income tax expense::1,2019-12-31,1,1,single_source
heineken,income_statement,income tax expense::1,2020-12-31,1,1,single_source
heineken,income_statement,income tax expense::1,2021-12-31,1,1,single_source
heineken,income_statement,income tax expense::1,2022-12-31,1,1,single_source
heineken,income_statement,income tax expense::1,2023-12-31,1,1,single_source
heineken,income_statement,income tax expense::1,2024-12-31,1,1,single_source
heineken,income_statement,income tax expense::1,2025-12-31,1,1,single_source
heineken,income_statement,interest expenses::1,2016-12-31,1,1,single_source
heineken,income_statement,interest expenses::1,2017-12-31,1,1,single_source
heineken,income_statement,interest expenses::1,2018-12-31,1,1,single_source
heineken,income_statement,interest expenses::1,2019-12-31,1,1,single_source
heineken,income_statement,interest expenses::1,2020-12-31,1,1,single_source
heineken,income_statement,interest expenses::1,2021-12-31,1,1,single_source
heineken,income_statement,interest expenses::1,2022-12-31,1,1,single_source
heineken,income_statement,interest expenses::1,2023-12-31,1,1,single_source
heineken,income_statement,interest expenses::1,2024-12-31,1,1,single_source
heineken,income_statement,interest expenses::1,2025-12-31,1,1,single_source
heineken,income_statement,interest income::1,2016-12-31,1,1,single_source
heineken,income_statement,interest income::1,2017-12-31,1,1,single_source
heineken,income_statement,interest income::1,2018-12-31,1,1,single_source
heineken,income_statement,interest income::1,2019-12-31,1,1,single_source
heineken,income_statement,interest income::1,2020-12-31,1,1,single_source
heineken,income_statement,interest income::1,2021-12-31,1,1,single_source
heineken,income_statement,interest income::1,2022-12-31,1,1,single_source
heineken,income_statement,interest income::1,2023-12-31,1,1,single_source
heineken,income_statement,interest income::1,2024-12-31,1,1,single_source
heineken,income_statement,interest income::1,2025-12-31,1,1,single_source
heineken,income_statement,net finance expenses::1,2016-12-31,1,1,single_source
heineken,income_statement,net finance expenses::1,2017-12-31,1,1,single_source
heineken,income_statement,net finance expenses::1,2018-12-31,1,1,single_source
heineken,income_statement,net finance expenses::1,2019-12-31,1,1,single_source
heineken,income_statement,net finance expenses::1,2020-12-31,1,1,single_source
heineken,income_statement,net finance expenses::1,2021-12-31,1,1,single_source
heineken,income_statement,net finance expenses::1,2022-12-31,1,1,single_source
heineken,income_statement,net finance expenses::1,2023-12-31,1,1,single_source
heineken,income_statement,net finance expenses::1,2024-12-31,1,1,single_source
heineken,income_statement,net finance expenses::1,2025-12-31,1,1,single_source
heineken,income_statement,net revenue::1,2018-12-31,1,1,single_source
heineken,income_statement,net revenue::1,2019-12-31,1,1,single_source
heineken,income_statement,net revenue::1,2020-12-31,1,1,single_source
heineken,income_statement,net revenue::1,2021-12-31,1,1,single_source
heineken,income_statement,net revenue::1,2022-12-31,1,1,single_source
heineken,income_statement,net revenue::1,2023-12-31,1,1,single_source
heineken,income_statement,net revenue::1,2024-12-31,1,1,single_source
heineken,income_statement,net revenue::1,2025-12-31,1,1,single_source
heineken,income_statement,non controlling interests::1,2016-12-31,1,1,single_source
heineken,income_statement,non controlling interests::1,2017-12-31,1,1,single_source
heineken,income_statement,non controlling interests::1,2018-12-31,1,1,single_source
heineken,income_statement,non controlling interests::1,2019-12-31,1,1,single_source
heineken,income_statement,non controlling interests::1,2020-12-31,1,1,single_source
heineken,income_statement,non controlling interests::1,2021-12-31,1,1,single_source
heineken,income_statement,non controlling interests::1,2022-12-31,1,1,single_source
heineken,income_statement,non controlling interests::1,2023-12-31,1,1,single_source
heineken,income_statement,non controlling interests::1,2024-12-31,1,1,single_source
heineken,income_statement,non controlling interests::1,2025-12-31,1,1,single_source
heineken,income_statement,operating profit::1,2016-12-31,1,1,single_source
heineken,income_statement,operating profit::1,2017-12-31,1,1,single_source
heineken,income_statement,operating profit::1,2018-12-31,1,1,single_source
heineken,income_statement,operating profit::1,2019-12-31,1,1,single_source
heineken,income_statement,operating profit::1,2020-12-31,1,1,single_source
heineken,income_statement,operating profit::1,2021-12-31,1,1,single_source
heineken,income_statement,operating profit::1,2022-12-31,1,1,single_source
heineken,income_statement,operating profit::1,2023-12-31,1,1,single_source
heineken,income_statement,operating profit::1,2024-12-31,1,1,single_source
heineken,income_statement,operating profit::1,2025-12-31,1,1,single_source
heineken,income_statement,other income::1,2016-12-31,1,1,single_source
heineken,income_statement,other income::1,2017-12-31,1,1,single_source
heineken,income_statement,other income::1,2018-12-31,1,1,single_source
heineken,income_statement,other income::1,2019-12-31,1,1,single_source
heineken,income_statement,other income::1,2020-12-31,1,1,single_source
heineken,income_statement,other income::1,2021-12-31,1,1,single_source
heineken,income_statement,other income::1,2022-12-31,1,1,single_source
heineken,income_statement,other income::1,2023-12-31,1,1,single_source
heineken,income_statement,other income::1,2024-12-31,1,1,single_source
heineken,income_statement,other income::1,2025-12-31,1,1,single_source
heineken,income_statement,other net finance income expenses::1,2016-12-31,1,1,single_source
heineken,income_statement,other net finance income expenses::1,2017-12-31,1,1,single_source
heineken,income_statement,other net finance income expenses::1,2018-12-31,1,1,single_source
heineken,income_statement,other net finance income expenses::1,2019-12-31,1,1,single_source
heineken,income_statement,other net finance income expenses::1,2020-12-31,1,1,single_source
heineken,income_statement,other net finance income expenses::1,2021-12-31,1,1,single_source
heineken,income_statement,other net finance income expenses::1,2022-12-31,1,1,single_source
heineken,income_statement,other net finance income expenses::1,2023-12-31,1,1,single_source
heineken,income_statement,other net finance income expenses::1,2024-12-31,1,1,single_source
heineken,income_statement,other net finance income expenses::1,2025-12-31,1,1,single_source
heineken,income_statement,personnel expenses::1,2016-12-31,1,1,single_source
heineken,income_statement,personnel expenses::1,2017-12-31,1,1,single_source
heineken,income_statement,personnel expenses::1,2018-12-31,1,1,single_source
heineken,income_statement,personnel expenses::1,2019-12-31,1,1,single_source
heineken,income_statement,personnel expenses::1,2020-12-31,1,1,single_source
heineken,income_statement,personnel expenses::1,2021-12-31,1,1,single_source
heineken,income_statement,personnel expenses::1,2022-12-31,1,1,single_source
heineken,income_statement,personnel expenses::1,2023-12-31,1,1,single_source
heineken,income_statement,personnel expenses::1,2024-12-31,1,1,single_source
heineken,income_statement,personnel expenses::1,2025-12-31,1,1,single_source
heineken,income_statement,profit before income tax::1,2016-12-31,1,1,single_source
heineken,income_statement,profit before income tax::1,2017-12-31,1,1,single_source
heineken,income_statement,profit before income tax::1,2018-12-31,1,1,single_source
heineken,income_statement,profit before income tax::1,2019-12-31,1,1,single_source
heineken,income_statement,profit before income tax::1,2020-12-31,1,1,single_source
heineken,income_statement,profit before income tax::1,2021-12-31,1,1,single_source
heineken,income_statement,profit before income tax::1,2022-12-31,1,1,single_source
heineken,income_statement,profit before income tax::1,2023-12-31,1,1,single_source
heineken,income_statement,profit before income tax::1,2024-12-31,1,1,single_source
heineken,income_statement,profit before income tax::1,2025-12-31,1,1,single_source
heineken,income_statement,profit::1,2016-12-31,1,1,single_source
heineken,income_statement,profit::1,2017-12-31,1,1,single_source
heineken,income_statement,profit::1,2018-12-31,1,1,single_source
heineken,income_statement,profit::1,2019-12-31,1,1,single_source
heineken,income_statement,profit::1,2020-12-31,1,1,single_source
heineken,income_statement,profit::1,2021-12-31,1,1,single_source
heineken,income_statement,profit::1,2022-12-31,1,1,single_source
heineken,income_statement,profit::1,2023-12-31,1,1,single_source
heineken,income_statement,profit::1,2024-12-31,1,1,single_source
heineken,income_statement,profit::1,2025-12-31,1,1,single_source
heineken,income_statement,profit::2,2016-12-31,1,1,single_source
heineken,income_statement,profit::2,2017-12-31,1,1,single_source
heineken,income_statement,profit::2,2018-12-31,1,1,single_source
heineken,income_statement,profit::2,2019-12-31,1,1,single_source
heineken,income_statement,profit::2,2020-12-31,1,1,single_source
heineken,income_statement,profit::2,2021-12-31,1,1,single_source
heineken,income_statement,profit::2,2022-12-31,1,1,single_source
heineken,income_statement,profit::2,2023-12-31,1,1,single_source
heineken,income_statement,profit::2,2024-12-31,1,1,single_source
heineken,income_statement,profit::2,2025-12-31,1,1,single_source
heineken,income_statement,raw materials consumables and services::1,2016-12-31,1,1,single_source
heineken,income_statement,raw materials consumables and services::1,2017-12-31,1,1,single_source
heineken,income_statement,raw materials consumables and services::1,2018-12-31,1,1,single_source
heineken,income_statement,raw materials consumables and services::1,2019-12-31,1,1,single_source
heineken,income_statement,raw materials consumables and services::1,2020-12-31,1,1,single_source
heineken,income_statement,raw materials consumables and services::1,2021-12-31,1,1,single_source
heineken,income_statement,raw materials consumables and services::1,2022-12-31,1,1,single_source
heineken,income_statement,raw materials consumables and services::1,2023-12-31,1,1,single_source
heineken,income_statement,raw materials consumables and services::1,2024-12-31,1,1,single_source
heineken,income_statement,raw materials consumables and services::1,2025-12-31,1,1,single_source
heineken,income_statement,revenue::1,2016-12-31,1,1,single_source
heineken,income_statement,revenue::1,2017-12-31,1,1,single_source
heineken,income_statement,revenue::1,2018-12-31,1,1,single_source
heineken,income_statement,revenue::1,2019-12-31,1,1,single_source
heineken,income_statement,revenue::1,2020-12-31,1,1,single_source
heineken,income_statement,revenue::1,2021-12-31,1,1,single_source
heineken,income_statement,revenue::1,2022-12-31,1,1,single_source
heineken,income_statement,revenue::1,2023-12-31,1,1,single_source
heineken,income_statement,revenue::1,2024-12-31,1,1,single_source
heineken,income_statement,revenue::1,2025-12-31,1,1,single_source
heineken,income_statement,share of profit loss of associates and joint ventures::1,2016-12-31,1,1,single_source
heineken,income_statement,share of profit loss of associates and joint ventures::1,2017-12-31,1,1,single_source
heineken,income_statement,share of profit loss of associates and joint ventures::1,2018-12-31,1,1,single_source
heineken,income_statement,share of profit loss of associates and joint ventures::1,2019-12-31,1,1,single_source
heineken,income_statement,share of profit loss of associates and joint ventures::1,2020-12-31,1,1,single_source
heineken,income_statement,share of profit loss of associates and joint ventures::1,2021-12-31,1,1,single_source
heineken,income_statement,share of profit loss of associates and joint ventures::1,2022-12-31,1,1,single_source
heineken,income_statement,share of profit loss of associates and joint ventures::1,2023-12-31,1,1,single_source
heineken,income_statement,share of profit loss of associates and joint ventures::1,2024-12-31,1,1,single_source
heineken,income_statement,share of profit loss of associates and joint ventures::1,2025-12-31,1,1,single_source
heineken,income_statement,shareholders of the company net profit::1,2016-12-31,1,1,single_source
heineken,income_statement,shareholders of the company net profit::1,2017-12-31,1,1,single_source
heineken,income_statement,shareholders of the company net profit::1,2018-12-31,1,1,single_source
heineken,income_statement,shareholders of the company net profit::1,2019-12-31,1,1,single_source
heineken,income_statement,shareholders of the company net profit::1,2020-12-31,1,1,single_source
heineken,income_statement,shareholders of the company net profit::1,2021-12-31,1,1,single_source
heineken,income_statement,shareholders of the company net profit::1,2022-12-31,1,1,single_source
heineken,income_statement,shareholders of the company net profit::1,2023-12-31,1,1,single_source
heineken,income_statement,shareholders of the company net profit::1,2024-12-31,1,1,single_source
heineken,income_statement,shareholders of the company net profit::1,2025-12-31,1,1,single_source
heineken,income_statement,total other expenses::1,2016-12-31,1,1,single_source
heineken,income_statement,total other expenses::1,2017-12-31,1,1,single_source
heineken,income_statement,total other expenses::1,2018-12-31,1,1,single_source
heineken,income_statement,total other expenses::1,2019-12-31,1,1,single_source
heineken,income_statement,total other expenses::1,2020-12-31,1,1,single_source
heineken,income_statement,total other expenses::1,2021-12-31,1,1,single_source
heineken,income_statement,total other expenses::1,2022-12-31,1,1,single_source
heineken,income_statement,total other expenses::1,2023-12-31,1,1,single_source
heineken,income_statement,total other expenses::1,2024-12-31,1,1,single_source
heineken,income_statement,total other expenses::1,2025-12-31,1,1,single_source
heineken,income_statement,weighted average number of shares basic::1,2016-12-31,1,1,single_source
heineken,income_statement,weighted average number of shares basic::1,2017-12-31,1,1,single_source
heineken,income_statement,weighted average number of shares basic::1,2018-12-31,1,1,single_source
heineken,income_statement,weighted average number of shares basic::1,2019-12-31,1,1,single_source
heineken,income_statement,weighted average number of shares basic::1,2020-12-31,1,1,single_source
heineken,income_statement,weighted average number of shares basic::1,2021-12-31,1,1,single_source
heineken,income_statement,weighted average number of shares basic::1,2022-12-31,1,1,single_source
heineken,income_statement,weighted average number of shares basic::1,2023-12-31,1,1,single_source
heineken,income_statement,weighted average number of shares basic::1,2024-12-31,1,1,single_source
heineken,income_statement,weighted average number of shares basic::1,2025-12-31,1,1,single_source
heineken,income_statement,weighted average number of shares diluted::1,2016-12-31,1,1,single_source
heineken,income_statement,weighted average number of shares diluted::1,2017-12-31,1,1,single_source
heineken,income_statement,weighted average number of shares diluted::1,2018-12-31,1,1,single_source
heineken,income_statement,weighted average number of shares diluted::1,2019-12-31,1,1,single_source
heineken,income_statement,weighted average number of shares diluted::1,2020-12-31,1,1,single_source
heineken,income_statement,weighted average number of shares diluted::1,2021-12-31,1,1,single_source
heineken,income_statement,weighted average number of shares diluted::1,2022-12-31,1,1,single_source
heineken,income_statement,weighted average number of shares diluted::1,2023-12-31,1,1,single_source
heineken,income_statement,weighted average number of shares diluted::1,2024-12-31,1,1,single_source
heineken,income_statement,weighted average number of shares diluted::1,2025-12-31,1,1,single_source
nestle,balance_sheet,accruals::1,2016-12-31,1,1,single_source
nestle,balance_sheet,accruals::1,2017-12-31,1,1,single_source
nestle,balance_sheet,accruals::1,2018-12-31,1,1,single_source
nestle,balance_sheet,accruals::1,2019-12-31,1,1,single_source
nestle,balance_sheet,accruals::1,2020-12-31,1,1,single_source
nestle,balance_sheet,accruals::1,2021-12-31,1,1,single_source
nestle,balance_sheet,accruals::1,2022-12-31,1,1,single_source
nestle,balance_sheet,accruals::1,2023-12-31,1,1,single_source
nestle,balance_sheet,accruals::1,2024-12-31,1,1,single_source
nestle,balance_sheet,accruals::1,2025-12-31,1,1,single_source
nestle,balance_sheet,assets held for sale::1,2016-12-31,1,1,single_source
nestle,balance_sheet,assets held for sale::1,2017-12-31,1,1,single_source
nestle,balance_sheet,assets held for sale::1,2018-12-31,1,1,single_source
nestle,balance_sheet,assets held for sale::1,2019-12-31,1,1,single_source
nestle,balance_sheet,assets held for sale::1,2020-12-31,1,1,single_source
nestle,balance_sheet,assets held for sale::1,2021-12-31,1,1,single_source
nestle,balance_sheet,assets held for sale::1,2022-12-31,1,1,single_source
nestle,balance_sheet,assets held for sale::1,2023-12-31,1,1,single_source
nestle,balance_sheet,assets held for sale::1,2024-12-31,1,1,single_source
nestle,balance_sheet,assets held for sale::1,2025-12-31,1,1,single_source
nestle,balance_sheet,cash and cash equivalents::1,2016-12-31,1,1,single_source
nestle,balance_sheet,cash and cash equivalents::1,2017-12-31,1,1,single_source
nestle,balance_sheet,cash and cash equivalents::1,2018-12-31,1,1,single_source
nestle,balance_sheet,cash and cash equivalents::1,2019-12-31,1,1,single_source
nestle,balance_sheet,cash and cash equivalents::1,2020-12-31,1,1,single_source
nestle,balance_sheet,cash and cash equivalents::1,2021-12-31,1,1,single_source
nestle,balance_sheet,cash and cash equivalents::1,2022-12-31,1,1,single_source
nestle,balance_sheet,cash and cash equivalents::1,2023-12-31,1,1,single_source
nestle,balance_sheet,cash and cash equivalents::1,2024-12-31,1,1,single_source
nestle,balance_sheet,cash and cash equivalents::1,2025-12-31,1,1,single_source
nestle,balance_sheet,current income tax assets::1,2016-12-31,1,1,single_source
nestle,balance_sheet,current income tax assets::1,2017-12-31,1,1,single_source
nestle,balance_sheet,current income tax assets::1,2018-12-31,1,1,single_source
nestle,balance_sheet,current income tax assets::1,2019-12-31,1,1,single_source
nestle,balance_sheet,current income tax assets::1,2020-12-31,1,1,single_source
nestle,balance_sheet,current income tax assets::1,2021-12-31,1,1,single_source
nestle,balance_sheet,current income tax assets::1,2022-12-31,1,1,single_source
nestle,balance_sheet,current income tax assets::1,2023-12-31,1,1,single_source
nestle,balance_sheet,current income tax assets::1,2024-12-31,1,1,single_source
nestle,balance_sheet,current income tax assets::1,2025-12-31,1,1,single_source
nestle,balance_sheet,current income tax assets::2,2016-12-31,1,1,single_source
nestle,balance_sheet,current income tax assets::2,2017-12-31,1,1,single_source
nestle,balance_sheet,current income tax assets::2,2018-12-31,1,1,single_source
nestle,balance_sheet,current income tax assets::2,2019-12-31,1,1,single_source
nestle,balance_sheet,current income tax liabilities::1,2016-12-31,1,1,single_source
nestle,balance_sheet,current income tax liabilities::1,2017-12-31,1,1,single_source
nestle,balance_sheet,current income tax liabilities::1,2018-12-31,1,1,single_source
nestle,balance_sheet,current income tax liabilities::1,2019-12-31,1,1,single_source
nestle,balance_sheet,current income tax liabilities::1,2020-12-31,1,1,single_source
nestle,balance_sheet,current income tax liabilities::1,2021-12-31,1,1,single_source
nestle,balance_sheet,current income tax liabilities::1,2022-12-31,1,1,single_source
nestle,balance_sheet,current income tax liabilities::1,2023-12-31,1,1,single_source
nestle,balance_sheet,current income tax liabilities::1,2024-12-31,1,1,single_source
nestle,balance_sheet,current income tax liabilities::1,2025-12-31,1,1,single_source
nestle,balance_sheet,deferred tax assets::1,2016-12-31,1,1,single_source
nestle,balance_sheet,deferred tax assets::1,2017-12-31,1,1,single_source
nestle,balance_sheet,deferred tax assets::1,2018-12-31,1,1,single_source
nestle,balance_sheet,deferred tax assets::1,2019-12-31,1,1,single_source
nestle,balance_sheet,deferred tax assets::1,2020-12-31,1,1,single_source
nestle,balance_sheet,deferred tax assets::1,2021-12-31,1,1,single_source
nestle,balance_sheet,deferred tax assets::1,2022-12-31,1,1,single_source
nestle,balance_sheet,deferred tax assets::1,2023-12-31,1,1,single_source
nestle,balance_sheet,deferred tax assets::1,2024-12-31,1,1,single_source
nestle,balance_sheet,deferred tax assets::1,2025-12-31,1,1,single_source
nestle,balance_sheet,deferred tax liabilities::1,2016-12-31,1,1,single_source
nestle,balance_sheet,deferred tax liabilities::1,2017-12-31,1,1,single_source
nestle,balance_sheet,deferred tax liabilities::1,2018-12-31,1,1,single_source
nestle,balance_sheet,deferred tax liabilities::1,2019-12-31,1,1,single_source
nestle,balance_sheet,deferred tax liabilities::1,2020-12-31,1,1,single_source
nestle,balance_sheet,deferred tax liabilities::1,2021-12-31,1,1,single_source
nestle,balance_sheet,deferred tax liabilities::1,2022-12-31,1,1,single_source
nestle,balance_sheet,deferred tax liabilities::1,2023-12-31,1,1,single_source
nestle,balance_sheet,deferred tax liabilities::1,2024-12-31,1,1,single_source
nestle,balance_sheet,deferred tax liabilities::1,2025-12-31,1,1,single_source
nestle,balance_sheet,derivative assets::1,2016-12-31,1,1,single_source
nestle,balance_sheet,derivative assets::1,2017-12-31,1,1,single_source
nestle,balance_sheet,derivative assets::1,2018-12-31,1,1,single_source
nestle,balance_sheet,derivative assets::1,2019-12-31,1,1,single_source
nestle,balance_sheet,derivative assets::1,2020-12-31,1,1,single_source
nestle,balance_sheet,derivative assets::1,2021-12-31,1,1,single_source
nestle,balance_sheet,derivative assets::1,2022-12-31,1,1,single_source
nestle,balance_sheet,derivative assets::1,2023-12-31,1,1,single_source
nestle,balance_sheet,derivative assets::1,2024-12-31,1,1,single_source
nestle,balance_sheet,derivative assets::1,2025-12-31,1,1,single_source
nestle,balance_sheet,derivative assets::2,2023-12-31,1,1,single_source
nestle,balance_sheet,derivative assets::2,2024-12-31,1,1,single_source
nestle,balance_sheet,derivative assets::2,2025-12-31,1,1,single_source
nestle,balance_sheet,derivative liabilities::1,2016-12-31,1,1,single_source
nestle,balance_sheet,derivative liabilities::1,2017-12-31,1,1,single_source
nestle,balance_sheet,derivative liabilities::1,2018-12-31,1,1,single_source
nestle,balance_sheet,derivative liabilities::1,2019-12-31,1,1,single_source
nestle,balance_sheet,derivative liabilities::1,2020-12-31,1,1,single_source
nestle,balance_sheet,derivative liabilities::1,2021-12-31,1,1,single_source
nestle,balance_sheet,derivative liabilities::1,2022-12-31,1,1,single_source
nestle,balance_sheet,derivative liabilities::1,2023-12-31,1,1,single_source
nestle,balance_sheet,derivative liabilities::1,2024-12-31,1,1,single_source
nestle,balance_sheet,derivative liabilities::1,2025-12-31,1,1,single_source
nestle,balance_sheet,derivative liabilities::2,2022-12-31,1,1,single_source
nestle,balance_sheet,derivative liabilities::2,2023-12-31,1,1,single_source
nestle,balance_sheet,derivative liabilities::2,2024-12-31,1,1,single_source
nestle,balance_sheet,derivative liabilities::2,2025-12-31,1,1,single_source
nestle,balance_sheet,employee benefits assets and reimbursement rights::1,2016-12-31,1,1,single_source
nestle,balance_sheet,employee benefits assets and reimbursement rights::1,2017-12-31,1,1,single_source
nestle,balance_sheet,employee benefits assets and reimbursement rights::1,2018-12-31,1,1,single_source
nestle,balance_sheet,employee benefits assets and reimbursement rights::1,2019-12-31,1,1,single_source
nestle,balance_sheet,employee benefits assets and reimbursement rights::1,2020-12-31,1,1,single_source
nestle,balance_sheet,employee benefits assets and reimbursement rights::1,2021-12-31,1,1,single_source
nestle,balance_sheet,employee benefits assets and reimbursement rights::1,2022-12-31,1,1,single_source
nestle,balance_sheet,employee benefits assets and reimbursement rights::1,2023-12-31,1,1,single_source
nestle,balance_sheet,employee benefits assets and reimbursement rights::1,2024-12-31,1,1,single_source
nestle,balance_sheet,employee benefits assets and reimbursement rights::1,2025-12-31,1,1,single_source
nestle,balance_sheet,employee benefits liabilities::1,2016-12-31,1,1,single_source
nestle,balance_sheet,employee benefits liabilities::1,2017-12-31,1,1,single_source
nestle,balance_sheet,employee benefits liabilities::1,2018-12-31,1,1,single_source
nestle,balance_sheet,employee benefits liabilities::1,2019-12-31,1,1,single_source
nestle,balance_sheet,employee benefits liabilities::1,2020-12-31,1,1,single_source
nestle,balance_sheet,employee benefits liabilities::1,2021-12-31,1,1,single_source
nestle,balance_sheet,employee benefits liabilities::1,2022-12-31,1,1,single_source
nestle,balance_sheet,employee benefits liabilities::1,2023-12-31,1,1,single_source
nestle,balance_sheet,employee benefits liabilities::1,2024-12-31,1,1,single_source
nestle,balance_sheet,employee benefits liabilities::1,2025-12-31,1,1,single_source
nestle,balance_sheet,financial assets::1,2016-12-31,1,1,single_source
nestle,balance_sheet,financial assets::1,2017-12-31,1,1,single_source
nestle,balance_sheet,financial assets::1,2018-12-31,1,1,single_source
nestle,balance_sheet,financial assets::1,2019-12-31,1,1,single_source
nestle,balance_sheet,financial assets::1,2020-12-31,1,1,single_source
nestle,balance_sheet,financial assets::1,2021-12-31,1,1,single_source
nestle,balance_sheet,financial assets::1,2022-12-31,1,1,single_source
nestle,balance_sheet,financial assets::1,2023-12-31,1,1,single_source
nestle,balance_sheet,financial assets::1,2024-12-31,1,1,single_source
nestle,balance_sheet,financial assets::1,2025-12-31,1,1,single_source
nestle,balance_sheet,financial debt::1,2016-12-31,1,1,single_source
nestle,balance_sheet,financial debt::1,2017-12-31,1,1,single_source
nestle,balance_sheet,financial debt::1,2018-12-31,1,1,single_source
nestle,balance_sheet,financial debt::1,2019-12-31,1,1,single_source
nestle,balance_sheet,financial debt::1,2020-12-31,1,1,single_source
nestle,balance_sheet,financial debt::1,2021-12-31,1,1,single_source
nestle,balance_sheet,financial debt::1,2022-12-31,1,1,single_source
nestle,balance_sheet,financial debt::1,2023-12-31,1,1,single_source
nestle,balance_sheet,financial debt::1,2024-12-31,1,1,single_source
nestle,balance_sheet,financial debt::1,2025-12-31,1,1,single_source
nestle,balance_sheet,financial debt::2,2016-12-31,1,1,single_source
nestle,balance_sheet,financial debt::2,2017-12-31,1,1,single_source
nestle,balance_sheet,financial debt::2,2018-12-31,1,1,single_source
nestle,balance_sheet,financial debt::2,2019-12-31,1,1,single_source
nestle,balance_sheet,financial debt::2,2020-12-31,1,1,single_source
nestle,balance_sheet,financial debt::2,2021-12-31,1,1,single_source
nestle,balance_sheet,financial debt::2,2022-12-31,1,1,single_source
nestle,balance_sheet,financial debt::2,2023-12-31,1,1,single_source
nestle,balance_sheet,financial debt::2,2024-12-31,1,1,single_source
nestle,balance_sheet,financial debt::2,2025-12-31,1,1,single_source
nestle,balance_sheet,goodwill::1,2016-12-31,1,1,single_source
nestle,balance_sheet,goodwill::1,2017-12-31,1,1,single_source
nestle,balance_sheet,goodwill::1,2018-12-31,1,1,single_source
nestle,balance_sheet,goodwill::1,2019-12-31,1,1,single_source
nestle,balance_sheet,goodwill::1,2020-12-31,1,1,single_source
nestle,balance_sheet,goodwill::1,2021-12-31,1,1,single_source
nestle,balance_sheet,goodwill::1,2022-12-31,1,1,single_source
nestle,balance_sheet,goodwill::1,2023-12-31,1,1,single_source
nestle,balance_sheet,goodwill::1,2024-12-31,1,1,single_source
nestle,balance_sheet,goodwill::1,2025-12-31,1,1,single_source
nestle,balance_sheet,intangible assets::1,2016-12-31,1,1,single_source
nestle,balance_sheet,intangible assets::1,2017-12-31,1,1,single_source
nestle,balance_sheet,intangible assets::1,2018-12-31,1,1,single_source
nestle,balance_sheet,intangible assets::1,2019-12-31,1,1,single_source
nestle,balance_sheet,intangible assets::1,2020-12-31,1,1,single_source
nestle,balance_sheet,intangible assets::1,2021-12-31,1,1,single_source
nestle,balance_sheet,intangible assets::1,2022-12-31,1,1,single_source
nestle,balance_sheet,intangible assets::1,2023-12-31,1,1,single_source
nestle,balance_sheet,intangible assets::1,2024-12-31,1,1,single_source
nestle,balance_sheet,intangible assets::1,2025-12-31,1,1,single_source
nestle,balance_sheet,inventories::1,2016-12-31,1,1,single_source
nestle,balance_sheet,inventories::1,2017-12-31,1,1,single_source
nestle,balance_sheet,inventories::1,2018-12-31,1,1,single_source
nestle,balance_sheet,inventories::1,2019-12-31,1,1,single_source
nestle,balance_sheet,inventories::1,2020-12-31,1,1,single_source
nestle,balance_sheet,inventories::1,2021-12-31,1,1,single_source
nestle,balance_sheet,inventories::1,2022-12-31,1,1,single_source
nestle,balance_sheet,inventories::1,2023-12-31,1,1,single_source
nestle,balance_sheet,inventories::1,2024-12-31,1,1,single_source
nestle,balance_sheet,inventories::1,2025-12-31,1,1,single_source
nestle,balance_sheet,investments in associates and joint ventures::1,2016-12-31,1,1,single_source
nestle,balance_sheet,investments in associates and joint ventures::1,2017-12-31,1,1,single_source
nestle,balance_sheet,investments in associates and joint ventures::1,2018-12-31,1,1,single_source
nestle,balance_sheet,investments in associates and joint ventures::1,2019-12-31,1,1,single_source
nestle,balance_sheet,investments in associates and joint ventures::1,2020-12-31,1,1,single_source
nestle,balance_sheet,investments in associates and joint ventures::1,2021-12-31,1,1,single_source
nestle,balance_sheet,investments in associates and joint ventures::1,2022-12-31,1,1,single_source
nestle,balance_sheet,investments in associates and joint ventures::1,2023-12-31,1,1,single_source
nestle,balance_sheet,investments in associates and joint ventures::1,2024-12-31,1,1,single_source
nestle,balance_sheet,investments in associates and joint ventures::1,2025-12-31,1,1,single_source
nestle,balance_sheet,liabilities directly associated with assets held for sale::1,2016-12-31,1,1,single_source
nestle,balance_sheet,liabilities directly associated with assets held for sale::1,2017-12-31,1,1,single_source
nestle,balance_sheet,liabilities directly associated with assets held for sale::1,2018-12-31,1,1,single_source
nestle,balance_sheet,liabilities directly associated with assets held for sale::1,2019-12-31,1,1,single_source
nestle,balance_sheet,liabilities directly associated with assets held for sale::1,2020-12-31,1,1,single_source
nestle,balance_sheet,liabilities directly associated with assets held for sale::1,2021-12-31,1,1,single_source
nestle,balance_sheet,liabilities directly associated with assets held for sale::1,2022-12-31,1,1,single_source
nestle,balance_sheet,liabilities directly associated with assets held for sale::1,2024-12-31,1,1,single_source
nestle,balance_sheet,liabilities directly associated with assets held for sale::1,2025-12-31,1,1,single_source
nestle,balance_sheet,non controlling interests::1,2016-12-31,1,1,single_source
nestle,balance_sheet,non controlling interests::1,2017-12-31,1,1,single_source
nestle,balance_sheet,non controlling interests::1,2018-12-31,1,1,single_source
nestle,balance_sheet,non controlling interests::1,2019-12-31,1,1,single_source
nestle,balance_sheet,non controlling interests::1,2020-12-31,1,1,single_source
nestle,balance_sheet,non controlling interests::1,2021-12-31,1,1,single_source
nestle,balance_sheet,non controlling interests::1,2022-12-31,1,1,single_source
nestle,balance_sheet,non controlling interests::1,2023-12-31,1,1,single_source
nestle,balance_sheet,non controlling interests::1,2024-12-31,1,1,single_source
nestle,balance_sheet,non controlling interests::1,2025-12-31,1,1,single_source
nestle,balance_sheet,other payables::1,2016-12-31,1,1,single_source
nestle,balance_sheet,other payables::1,2017-12-31,1,1,single_source
nestle,balance_sheet,other payables::1,2018-12-31,1,1,single_source
nestle,balance_sheet,other payables::1,2019-12-31,1,1,single_source
nestle,balance_sheet,other payables::1,2020-12-31,1,1,single_source
nestle,balance_sheet,other payables::1,2021-12-31,1,1,single_source
nestle,balance_sheet,other payables::1,2022-12-31,1,1,single_source
nestle,balance_sheet,other payables::1,2023-12-31,1,1,single_source
nestle,balance_sheet,other payables::1,2024-12-31,1,1,single_source
nestle,balance_sheet,other payables::1,2025-12-31,1,1,single_source
nestle,balance_sheet,other reserves::1,2016-12-31,1,1,single_source
nestle,balance_sheet,other reserves::1,2017-12-31,1,1,single_source
nestle,balance_sheet,other reserves::1,2018-12-31,1,1,single_source
nestle,balance_sheet,other reserves::1,2019-12-31,1,1,single_source
nestle,balance_sheet,other reserves::1,2020-12-31,1,1,single_source
nestle,balance_sheet,other reserves::1,2021-12-31,1,1,single_source
nestle,balance_sheet,other reserves::1,2022-12-31,1,1,single_source
nestle,balance_sheet,other reserves::1,2023-12-31,1,1,single_source
nestle,balance_sheet,other reserves::1,2024-12-31,1,1,single_source
nestle,balance_sheet,other reserves::1,2025-12-31,1,1,single_source
nestle,balance_sheet,prepayments::1,2016-12-31,1,1,single_source
nestle,balance_sheet,prepayments::1,2017-12-31,1,1,single_source
nestle,balance_sheet,prepayments::1,2018-12-31,1,1,single_source
nestle,balance_sheet,prepayments::1,2019-12-31,1,1,single_source
nestle,balance_sheet,prepayments::1,2020-12-31,1,1,single_source
nestle,balance_sheet,prepayments::1,2021-12-31,1,1,single_source
nestle,balance_sheet,prepayments::1,2022-12-31,1,1,single_source
nestle,balance_sheet,prepayments::1,2023-12-31,1,1,single_source
nestle,balance_sheet,prepayments::1,2024-12-31,1,1,single_source
nestle,balance_sheet,prepayments::1,2025-12-31,1,1,single_source
nestle,balance_sheet,property plant and equipment::1,2016-12-31,1,1,single_source
nestle,balance_sheet,property plant and equipment::1,2017-12-31,1,1,single_source
nestle,balance_sheet,property plant and equipment::1,2018-12-31,1,1,single_source
nestle,balance_sheet,property plant and equipment::1,2019-12-31,1,1,single_source
nestle,balance_sheet,property plant and equipment::1,2020-12-31,1,1,single_source
nestle,balance_sheet,property plant and equipment::1,2021-12-31,1,1,single_source
nestle,balance_sheet,property plant and equipment::1,2022-12-31,1,1,single_source
nestle,balance_sheet,property plant and equipment::1,2023-12-31,1,1,single_source
nestle,balance_sheet,property plant and equipment::1,2024-12-31,1,1,single_source
nestle,balance_sheet,property plant and equipment::1,2025-12-31,1,1,single_source
nestle,balance_sheet,provisions::1,2016-12-31,1,1,single_source
nestle,balance_sheet,provisions::1,2017-12-31,1,1,single_source
nestle,balance_sheet,provisions::1,2018-12-31,1,1,single_source
nestle,balance_sheet,provisions::1,2019-12-31,1,1,single_source
nestle,balance_sheet,provisions::1,2020-12-31,1,1,single_source
nestle,balance_sheet,provisions::1,2021-12-31,1,1,single_source
nestle,balance_sheet,provisions::1,2022-12-31,1,1,single_source
nestle,balance_sheet,provisions::1,2023-12-31,1,1,single_source
nestle,balance_sheet,provisions::1,2024-12-31,1,1,single_source
nestle,balance_sheet,provisions::1,2025-12-31,1,1,single_source
nestle,balance_sheet,provisions::2,2016-12-31,1,1,single_source
nestle,balance_sheet,provisions::2,2017-12-31,1,1,single_source
nestle,balance_sheet,provisions::2,2018-12-31,1,1,single_source
nestle,balance_sheet,provisions::2,2019-12-31,1,1,single_source
nestle,balance_sheet,provisions::2,2020-12-31,1,1,single_source
nestle,balance_sheet,provisions::2,2021-12-31,1,1,single_source
nestle,balance_sheet,provisions::2,2022-12-31,1,1,single_source
nestle,balance_sheet,provisions::2,2023-12-31,1,1,single_source
nestle,balance_sheet,provisions::2,2024-12-31,1,1,single_source
nestle,balance_sheet,provisions::2,2025-12-31,1,1,single_source
nestle,balance_sheet,retained earnings::1,2016-12-31,1,1,single_source
nestle,balance_sheet,retained earnings::1,2017-12-31,1,1,single_source
nestle,balance_sheet,retained earnings::1,2018-12-31,1,1,single_source
nestle,balance_sheet,retained earnings::1,2019-12-31,1,1,single_source
nestle,balance_sheet,retained earnings::1,2020-12-31,1,1,single_source
nestle,balance_sheet,retained earnings::1,2021-12-31,1,1,single_source
nestle,balance_sheet,retained earnings::1,2022-12-31,1,1,single_source
nestle,balance_sheet,retained earnings::1,2023-12-31,1,1,single_source
nestle,balance_sheet,retained earnings::1,2024-12-31,1,1,single_source
nestle,balance_sheet,retained earnings::1,2025-12-31,1,1,single_source
nestle,balance_sheet,share capital::1,2016-12-31,1,1,single_source
nestle,balance_sheet,share capital::1,2017-12-31,1,1,single_source
nestle,balance_sheet,share capital::1,2018-12-31,1,1,single_source
nestle,balance_sheet,share capital::1,2019-12-31,1,1,single_source
nestle,balance_sheet,share capital::1,2020-12-31,1,1,single_source
nestle,balance_sheet,share capital::1,2021-12-31,1,1,single_source
nestle,balance_sheet,share capital::1,2022-12-31,1,1,single_source
nestle,balance_sheet,share capital::1,2023-12-31,1,1,single_source
nestle,balance_sheet,share capital::1,2024-12-31,1,1,single_source
nestle,balance_sheet,share capital::1,2025-12-31,1,1,single_source
nestle,balance_sheet,short term investments::1,2016-12-31,1,1,single_source
nestle,balance_sheet,short term investments::1,2017-12-31,1,1,single_source
nestle,balance_sheet,short term investments::1,2018-12-31,1,1,single_source
nestle,balance_sheet,short term investments::1,2019-12-31,1,1,single_source
nestle,balance_sheet,short term investments::1,2020-12-31,1,1,single_source
nestle,balance_sheet,short term investments::1,2021-12-31,1,1,single_source
nestle,balance_sheet,short term investments::1,2022-12-31,1,1,single_source
nestle,balance_sheet,short term investments::1,2023-12-31,1,1,single_source
nestle,balance_sheet,short term investments::1,2024-12-31,1,1,single_source
nestle,balance_sheet,short term investments::1,2025-12-31,1,1,single_source
nestle,balance_sheet,total assets::1,2016-12-31,1,1,single_source
nestle,balance_sheet,total assets::1,2017-12-31,1,1,single_source
nestle,balance_sheet,total assets::1,2018-12-31,1,1,single_source
nestle,balance_sheet,total assets::1,2019-12-31,1,1,single_source
nestle,balance_sheet,total assets::1,2020-12-31,1,1,single_source
nestle,balance_sheet,total assets::1,2021-12-31,1,1,single_source
nestle,balance_sheet,total assets::1,2022-12-31,1,1,single_source
nestle,balance_sheet,total assets::1,2023-12-31,1,1,single_source
nestle,balance_sheet,total assets::1,2024-12-31,1,1,single_source
nestle,balance_sheet,total assets::1,2025-12-31,1,1,single_source
nestle,balance_sheet,total current assets::1,2016-12-31,1,1,single_source
nestle,balance_sheet,total current assets::1,2017-12-31,1,1,single_source
nestle,balance_sheet,total current assets::1,2018-12-31,1,1,single_source
nestle,balance_sheet,total current assets::1,2019-12-31,1,1,single_source
nestle,balance_sheet,total current assets::1,2020-12-31,1,1,single_source
nestle,balance_sheet,total current assets::1,2021-12-31,1,1,single_source
nestle,balance_sheet,total current assets::1,2022-12-31,1,1,single_source
nestle,balance_sheet,total current assets::1,2023-12-31,1,1,single_source
nestle,balance_sheet,total current assets::1,2024-12-31,1,1,single_source
nestle,balance_sheet,total current assets::1,2025-12-31,1,1,single_source
nestle,balance_sheet,total current liabilities::1,2016-12-31,1,1,single_source
nestle,balance_sheet,total current liabilities::1,2017-12-31,1,1,single_source
nestle,balance_sheet,total current liabilities::1,2018-12-31,1,1,single_source
nestle,balance_sheet,total current liabilities::1,2019-12-31,1,1,single_source
nestle,balance_sheet,total current liabilities::1,2020-12-31,1,1,single_source
nestle,balance_sheet,total current liabilities::1,2021-12-31,1,1,single_source
nestle,balance_sheet,total current liabilities::1,2022-12-31,1,1,single_source
nestle,balance_sheet,total current liabilities::1,2023-12-31,1,1,single_source
nestle,balance_sheet,total current liabilities::1,2024-12-31,1,1,single_source
nestle,balance_sheet,total current liabilities::1,2025-12-31,1,1,single_source
nestle,balance_sheet,total equity attributable to shareholders of the parent::1,2016-12-31,1,1,single_source
nestle,balance_sheet,total equity attributable to shareholders of the parent::1,2017-12-31,1,1,single_source
nestle,balance_sheet,total equity attributable to shareholders of the parent::1,2018-12-31,1,1,single_source
nestle,balance_sheet,total equity attributable to shareholders of the parent::1,2019-12-31,1,1,single_source
nestle,balance_sheet,total equity attributable to shareholders of the parent::1,2020-12-31,1,1,single_source
nestle,balance_sheet,total equity attributable to shareholders of the parent::1,2021-12-31,1,1,single_source
nestle,balance_sheet,total equity attributable to shareholders of the parent::1,2022-12-31,1,1,single_source
nestle,balance_sheet,total equity attributable to shareholders of the parent::1,2023-12-31,1,1,single_source
nestle,balance_sheet,total equity attributable to shareholders of the parent::1,2024-12-31,1,1,single_source
nestle,balance_sheet,total equity attributable to shareholders of the parent::1,2025-12-31,1,1,single_source
nestle,balance_sheet,total equity::1,2016-12-31,1,1,single_source
nestle,balance_sheet,total equity::1,2017-12-31,1,1,single_source
nestle,balance_sheet,total equity::1,2018-12-31,1,1,single_source
nestle,balance_sheet,total equity::1,2019-12-31,1,1,single_source
nestle,balance_sheet,total equity::1,2020-12-31,1,1,single_source
nestle,balance_sheet,total equity::1,2021-12-31,1,1,single_source
nestle,balance_sheet,total equity::1,2022-12-31,1,1,single_source
nestle,balance_sheet,total equity::1,2023-12-31,1,1,single_source
nestle,balance_sheet,total equity::1,2024-12-31,1,1,single_source
nestle,balance_sheet,total equity::1,2025-12-31,1,1,single_source
nestle,balance_sheet,total liabilities and equity::1,2016-12-31,1,1,single_source
nestle,balance_sheet,total liabilities and equity::1,2017-12-31,1,1,single_source
nestle,balance_sheet,total liabilities and equity::1,2018-12-31,1,1,single_source
nestle,balance_sheet,total liabilities and equity::1,2019-12-31,1,1,single_source
nestle,balance_sheet,total liabilities and equity::1,2020-12-31,1,1,single_source
nestle,balance_sheet,total liabilities and equity::1,2021-12-31,1,1,single_source
nestle,balance_sheet,total liabilities and equity::1,2022-12-31,1,1,single_source
nestle,balance_sheet,total liabilities and equity::1,2023-12-31,1,1,single_source
nestle,balance_sheet,total liabilities and equity::1,2024-12-31,1,1,single_source
nestle,balance_sheet,total liabilities and equity::1,2025-12-31,1,1,single_source
nestle,balance_sheet,total liabilities::1,2016-12-31,1,1,single_source
nestle,balance_sheet,total liabilities::1,2017-12-31,1,1,single_source
nestle,balance_sheet,total liabilities::1,2018-12-31,1,1,single_source
nestle,balance_sheet,total liabilities::1,2019-12-31,1,1,single_source
nestle,balance_sheet,total liabilities::1,2020-12-31,1,1,single_source
nestle,balance_sheet,total liabilities::1,2021-12-31,1,1,single_source
nestle,balance_sheet,total liabilities::1,2022-12-31,1,1,single_source
nestle,balance_sheet,total liabilities::1,2023-12-31,1,1,single_source
nestle,balance_sheet,total liabilities::1,2024-12-31,1,1,single_source
nestle,balance_sheet,total liabilities::1,2025-12-31,1,1,single_source
nestle,balance_sheet,total non current assets::1,2016-12-31,1,1,single_source
nestle,balance_sheet,total non current assets::1,2017-12-31,1,1,single_source
nestle,balance_sheet,total non current assets::1,2018-12-31,1,1,single_source
nestle,balance_sheet,total non current assets::1,2019-12-31,1,1,single_source
nestle,balance_sheet,total non current assets::1,2020-12-31,1,1,single_source
nestle,balance_sheet,total non current assets::1,2021-12-31,1,1,single_source
nestle,balance_sheet,total non current assets::1,2022-12-31,1,1,single_source
nestle,balance_sheet,total non current assets::1,2023-12-31,1,1,single_source
nestle,balance_sheet,total non current assets::1,2024-12-31,1,1,single_source
nestle,balance_sheet,total non current assets::1,2025-12-31,1,1,single_source
nestle,balance_sheet,total non current liabilities::1,2016-12-31,1,1,single_source
nestle,balance_sheet,total non current liabilities::1,2017-12-31,1,1,single_source
nestle,balance_sheet,total non current liabilities::1,2018-12-31,1,1,single_source
nestle,balance_sheet,total non current liabilities::1,2019-12-31,1,1,single_source
nestle,balance_sheet,total non current liabilities::1,2020-12-31,1,1,single_source
nestle,balance_sheet,total non current liabilities::1,2021-12-31,1,1,single_source
nestle,balance_sheet,total non current liabilities::1,2022-12-31,1,1,single_source
nestle,balance_sheet,total non current liabilities::1,2023-12-31,1,1,single_source
nestle,balance_sheet,total non current liabilities::1,2024-12-31,1,1,single_source
nestle,balance_sheet,total non current liabilities::1,2025-12-31,1,1,single_source
nestle,balance_sheet,trade and other payables::1,2016-12-31,1,1,single_source
nestle,balance_sheet,trade and other payables::1,2017-12-31,1,1,single_source
nestle,balance_sheet,trade and other payables::1,2018-12-31,1,1,single_source
nestle,balance_sheet,trade and other payables::1,2019-12-31,1,1,single_source
nestle,balance_sheet,trade and other payables::1,2020-12-31,1,1,single_source
nestle,balance_sheet,trade and other payables::1,2021-12-31,1,1,single_source
nestle,balance_sheet,trade and other payables::1,2022-12-31,1,1,single_source
nestle,balance_sheet,trade and other payables::1,2023-12-31,1,1,single_source
nestle,balance_sheet,trade and other payables::1,2024-12-31,1,1,single_source
nestle,balance_sheet,trade and other payables::1,2025-12-31,1,1,single_source
nestle,balance_sheet,trade and other receivables::1,2016-12-31,1,1,single_source
nestle,balance_sheet,trade and other receivables::1,2017-12-31,1,1,single_source
nestle,balance_sheet,trade and other receivables::1,2018-12-31,1,1,single_source
nestle,balance_sheet,trade and other receivables::1,2019-12-31,1,1,single_source
nestle,balance_sheet,trade and other receivables::1,2020-12-31,1,1,single_source
nestle,balance_sheet,trade and other receivables::1,2021-12-31,1,1,single_source
nestle,balance_sheet,trade and other receivables::1,2022-12-31,1,1,single_source
nestle,balance_sheet,trade and other receivables::1,2023-12-31,1,1,single_source
nestle,balance_sheet,trade and other receivables::1,2024-12-31,1,1,single_source
nestle,balance_sheet,trade and other receivables::1,2025-12-31,1,1,single_source
nestle,balance_sheet,translation reserve::1,2016-12-31,1,1,single_source
nestle,balance_sheet,translation reserve::1,2017-12-31,1,1,single_source
nestle,balance_sheet,translation reserve::1,2018-12-31,1,1,single_source
nestle,balance_sheet,translation reserve::1,2019-12-31,1,1,single_source
nestle,balance_sheet,translation reserve::1,2020-12-31,1,1,single_source
nestle,balance_sheet,translation reserve::1,2021-12-31,1,1,single_source
nestle,balance_sheet,translation reserve::1,2022-12-31,1,1,single_source
nestle,balance_sheet,translation reserve::1,2023-12-31,1,1,single_source
nestle,balance_sheet,translation reserve::1,2024-12-31,1,1,single_source
nestle,balance_sheet,translation reserve::1,2025-12-31,1,1,single_source
nestle,balance_sheet,treasury shares::1,2016-12-31,1,1,single_source
nestle,balance_sheet,treasury shares::1,2017-12-31,1,1,single_source
nestle,balance_sheet,treasury shares::1,2018-12-31,1,1,single_source
nestle,balance_sheet,treasury shares::1,2019-12-31,1,1,single_source
nestle,balance_sheet,treasury shares::1,2020-12-31,1,1,single_source
nestle,balance_sheet,treasury shares::1,2021-12-31,1,1,single_source
nestle,balance_sheet,treasury shares::1,2022-12-31,1,1,single_source
nestle,balance_sheet,treasury shares::1,2023-12-31,1,1,single_source
nestle,balance_sheet,treasury shares::1,2024-12-31,1,1,single_source
nestle,balance_sheet,treasury shares::1,2025-12-31,1,1,single_source
nestle,cash_flow,acquisition net of disposal in long term investments::1,2025-12-31,1,1,single_source
nestle,cash_flow,acquisition net of disposal of non controlling interests::1,2016-12-31,1,1,single_source
nestle,cash_flow,acquisition net of disposal of non controlling interests::1,2017-12-31,1,1,single_source
nestle,cash_flow,acquisition net of disposal of non controlling interests::1,2018-12-31,1,1,single_source
nestle,cash_flow,acquisition net of disposal of non controlling interests::1,2019-12-31,1,1,single_source
nestle,cash_flow,acquisition net of disposal of non controlling interests::1,2020-12-31,1,1,single_source
nestle,cash_flow,acquisition net of disposal of non controlling interests::1,2021-12-31,1,1,single_source
nestle,cash_flow,acquisition net of disposal of non controlling interests::1,2022-12-31,1,1,single_source
nestle,cash_flow,acquisition net of disposal of non controlling interests::1,2023-12-31,1,1,single_source
nestle,cash_flow,acquisition net of disposal of non controlling interests::1,2024-12-31,1,1,single_source
nestle,cash_flow,acquisition net of disposal of non controlling interests::1,2025-12-31,1,1,single_source
nestle,cash_flow,acquisition of businesses net of cash acquired::1,2016-12-31,1,1,single_source
nestle,cash_flow,acquisition of businesses net of cash acquired::1,2017-12-31,1,1,single_source
nestle,cash_flow,acquisition of businesses net of cash acquired::1,2018-12-31,1,1,single_source
nestle,cash_flow,acquisition of businesses net of cash acquired::1,2019-12-31,1,1,single_source
nestle,cash_flow,acquisition of businesses net of cash acquired::1,2020-12-31,1,1,single_source
nestle,cash_flow,acquisition of businesses net of cash acquired::1,2021-12-31,1,1,single_source
nestle,cash_flow,acquisition of businesses net of cash acquired::1,2022-12-31,1,1,single_source
nestle,cash_flow,acquisition of businesses net of cash acquired::1,2023-12-31,1,1,single_source
nestle,cash_flow,acquisition of businesses net of cash acquired::1,2024-12-31,1,1,single_source
nestle,cash_flow,acquisition of businesses net of cash acquired::1,2025-12-31,1,1,single_source
nestle,cash_flow,capital expenditure::1,2016-12-31,1,1,single_source
nestle,cash_flow,capital expenditure::1,2017-12-31,1,1,single_source
nestle,cash_flow,capital expenditure::1,2018-12-31,1,1,single_source
nestle,cash_flow,capital expenditure::1,2019-12-31,1,1,single_source
nestle,cash_flow,capital expenditure::1,2020-12-31,1,1,single_source
nestle,cash_flow,capital expenditure::1,2021-12-31,1,1,single_source
nestle,cash_flow,capital expenditure::1,2022-12-31,1,1,single_source
nestle,cash_flow,capital expenditure::1,2023-12-31,1,1,single_source
nestle,cash_flow,capital expenditure::1,2024-12-31,1,1,single_source
nestle,cash_flow,capital expenditure::1,2025-12-31,1,1,single_source
nestle,cash_flow,cash and cash equivalents as per balance sheet::1,2020-12-31,1,1,single_source
nestle,cash_flow,cash and cash equivalents as per balance sheet::1,2021-12-31,1,1,single_source
nestle,cash_flow,cash and cash equivalents as per balance sheet::1,2024-12-31,1,1,single_source
nestle,cash_flow,cash and cash equivalents as per balance sheet::1,2025-12-31,1,1,single_source
nestle,cash_flow,cash and cash equivalents at beginning of year::1,2016-12-31,1,1,single_source
nestle,cash_flow,cash and cash equivalents at beginning of year::1,2017-12-31,1,1,single_source
nestle,cash_flow,cash and cash equivalents at beginning of year::1,2018-12-31,1,1,single_source
nestle,cash_flow,cash and cash equivalents at beginning of year::1,2019-12-31,1,1,single_source
nestle,cash_flow,cash and cash equivalents at beginning of year::1,2020-12-31,1,1,single_source
nestle,cash_flow,cash and cash equivalents at beginning of year::1,2021-12-31,1,1,single_source
nestle,cash_flow,cash and cash equivalents at beginning of year::1,2022-12-31,1,1,single_source
nestle,cash_flow,cash and cash equivalents at beginning of year::1,2023-12-31,1,1,single_source
nestle,cash_flow,cash and cash equivalents at beginning of year::1,2024-12-31,1,1,single_source
nestle,cash_flow,cash and cash equivalents at beginning of year::1,2025-12-31,1,1,single_source
nestle,cash_flow,cash and cash equivalents at end of year::1,2016-12-31,1,1,single_source
nestle,cash_flow,cash and cash equivalents at end of year::1,2017-12-31,1,1,single_source
nestle,cash_flow,cash and cash equivalents at end of year::1,2018-12-31,1,1,single_source
nestle,cash_flow,cash and cash equivalents at end of year::1,2019-12-31,1,1,single_source
nestle,cash_flow,cash and cash equivalents at end of year::1,2020-12-31,1,1,single_source
nestle,cash_flow,cash and cash equivalents at end of year::1,2021-12-31,1,1,single_source
nestle,cash_flow,cash and cash equivalents at end of year::1,2022-12-31,1,1,single_source
nestle,cash_flow,cash and cash equivalents at end of year::1,2023-12-31,1,1,single_source
nestle,cash_flow,cash and cash equivalents at end of year::1,2024-12-31,1,1,single_source
nestle,cash_flow,cash and cash equivalents at end of year::1,2025-12-31,1,1,single_source
nestle,cash_flow,cash and cash equivalents classified as held for sale::1,2021-12-31,1,1,single_source
nestle,cash_flow,cash and cash equivalents classified as held for sale::1,2024-12-31,1,1,single_source
nestle,cash_flow,cash and cash equivalents classified as held for sale::1,2025-12-31,1,1,single_source
nestle,cash_flow,cash flow before changes in operating assets and liabilities::1,2016-12-31,1,1,single_source
nestle,cash_flow,cash flow before changes in operating assets and liabilities::1,2017-12-31,1,1,single_source
nestle,cash_flow,cash flow before changes in operating assets and liabilities::1,2018-12-31,1,1,single_source
nestle,cash_flow,cash flow before changes in operating assets and liabilities::1,2019-12-31,1,1,single_source
nestle,cash_flow,cash flow before changes in operating assets and liabilities::1,2020-12-31,1,1,single_source
nestle,cash_flow,cash flow before changes in operating assets and liabilities::1,2021-12-31,1,1,single_source
nestle,cash_flow,cash flow before changes in operating assets and liabilities::1,2022-12-31,1,1,single_source
nestle,cash_flow,cash flow before changes in operating assets and liabilities::1,2023-12-31,1,1,single_source
nestle,cash_flow,cash flow before changes in operating assets and liabilities::1,2024-12-31,1,1,single_source
nestle,cash_flow,cash flow before changes in operating assets and liabilities::1,2025-12-31,1,1,single_source
nestle,cash_flow,cash generated from operations::1,2016-12-31,1,1,single_source
nestle,cash_flow,cash generated from operations::1,2017-12-31,1,1,single_source
nestle,cash_flow,cash generated from operations::1,2018-12-31,1,1,single_source
nestle,cash_flow,cash generated from operations::1,2019-12-31,1,1,single_source
nestle,cash_flow,cash generated from operations::1,2020-12-31,1,1,single_source
nestle,cash_flow,cash generated from operations::1,2021-12-31,1,1,single_source
nestle,cash_flow,cash generated from operations::1,2022-12-31,1,1,single_source
nestle,cash_flow,cash generated from operations::1,2023-12-31,1,1,single_source
nestle,cash_flow,cash generated from operations::1,2024-12-31,1,1,single_source
nestle,cash_flow,cash generated from operations::1,2025-12-31,1,1,single_source
nestle,cash_flow,currency retranslations::1,2016-12-31,1,1,single_source
nestle,cash_flow,currency retranslations::1,2017-12-31,1,1,single_source
nestle,cash_flow,currency retranslations::1,2018-12-31,1,1,single_source
nestle,cash_flow,currency retranslations::1,2019-12-31,1,1,single_source
nestle,cash_flow,currency retranslations::1,2020-12-31,1,1,single_source
nestle,cash_flow,currency retranslations::1,2021-12-31,1,1,single_source
nestle,cash_flow,currency retranslations::1,2022-12-31,1,1,single_source
nestle,cash_flow,currency retranslations::1,2023-12-31,1,1,single_source
nestle,cash_flow,currency retranslations::1,2024-12-31,1,1,single_source
nestle,cash_flow,currency retranslations::1,2025-12-31,1,1,single_source
nestle,cash_flow,decrease increase in working capital::1,2016-12-31,1,1,single_source
nestle,cash_flow,decrease increase in working capital::1,2017-12-31,1,1,single_source
nestle,cash_flow,decrease increase in working capital::1,2018-12-31,1,1,single_source
nestle,cash_flow,decrease increase in working capital::1,2019-12-31,1,1,single_source
nestle,cash_flow,decrease increase in working capital::1,2020-12-31,1,1,single_source
nestle,cash_flow,decrease increase in working capital::1,2021-12-31,1,1,single_source
nestle,cash_flow,decrease increase in working capital::1,2022-12-31,1,1,single_source
nestle,cash_flow,decrease increase in working capital::1,2023-12-31,1,1,single_source
nestle,cash_flow,decrease increase in working capital::1,2024-12-31,1,1,single_source
nestle,cash_flow,decrease increase in working capital::1,2025-12-31,1,1,single_source
nestle,cash_flow,depreciation and amortization::1,2016-12-31,1,1,single_source
nestle,cash_flow,depreciation and amortization::1,2017-12-31,1,1,single_source
nestle,cash_flow,depreciation and amortization::1,2018-12-31,1,1,single_source
nestle,cash_flow,depreciation and amortization::1,2019-12-31,1,1,single_source
nestle,cash_flow,depreciation and amortization::1,2020-12-31,1,1,single_source
nestle,cash_flow,depreciation and amortization::1,2021-12-31,1,1,single_source
nestle,cash_flow,depreciation and amortization::1,2022-12-31,1,1,single_source
nestle,cash_flow,depreciation and amortization::1,2023-12-31,1,1,single_source
nestle,cash_flow,depreciation and amortization::1,2024-12-31,1,1,single_source
nestle,cash_flow,depreciation and amortization::1,2025-12-31,1,1,single_source
nestle,cash_flow,disposal of businesses net of cash disposed of::1,2016-12-31,1,1,single_source
nestle,cash_flow,disposal of businesses net of cash disposed of::1,2017-12-31,1,1,single_source
nestle,cash_flow,disposal of businesses net of cash disposed of::1,2018-12-31,1,1,single_source
nestle,cash_flow,disposal of businesses net of cash disposed of::1,2019-12-31,1,1,single_source
nestle,cash_flow,disposal of businesses net of cash disposed of::1,2020-12-31,1,1,single_source
nestle,cash_flow,disposal of businesses net of cash disposed of::1,2021-12-31,1,1,single_source
nestle,cash_flow,disposal of businesses net of cash disposed of::1,2022-12-31,1,1,single_source
nestle,cash_flow,disposal of businesses net of cash disposed of::1,2023-12-31,1,1,single_source
nestle,cash_flow,disposal of businesses net of cash disposed of::1,2024-12-31,1,1,single_source
nestle,cash_flow,disposal of businesses net of cash disposed of::1,2025-12-31,1,1,single_source
nestle,cash_flow,divestments in associates and joint ventures::1,2020-12-31,1,1,single_source
nestle,cash_flow,divestments in associates and joint ventures::1,2021-12-31,1,1,single_source
nestle,cash_flow,dividend paid to shareholders of the parent::1,2016-12-31,1,1,single_source
nestle,cash_flow,dividend paid to shareholders of the parent::1,2017-12-31,1,1,single_source
nestle,cash_flow,dividend paid to shareholders of the parent::1,2018-12-31,1,1,single_source
nestle,cash_flow,dividend paid to shareholders of the parent::1,2019-12-31,1,1,single_source
nestle,cash_flow,dividend paid to shareholders of the parent::1,2020-12-31,1,1,single_source
nestle,cash_flow,dividend paid to shareholders of the parent::1,2021-12-31,1,1,single_source
nestle,cash_flow,dividend paid to shareholders of the parent::1,2022-12-31,1,1,single_source
nestle,cash_flow,dividend paid to shareholders of the parent::1,2023-12-31,1,1,single_source
nestle,cash_flow,dividend paid to shareholders of the parent::1,2024-12-31,1,1,single_source
nestle,cash_flow,dividend paid to shareholders of the parent::1,2025-12-31,1,1,single_source
nestle,cash_flow,dividends other distributions and interest from associates and joint ventures::1,2016-12-31,1,1,single_source
nestle,cash_flow,dividends other distributions and interest from associates and joint ventures::1,2017-12-31,1,1,single_source
nestle,cash_flow,dividends other distributions and interest from associates and joint ventures::1,2018-12-31,1,1,single_source
nestle,cash_flow,dividends other distributions and interest from associates and joint ventures::1,2019-12-31,1,1,single_source
nestle,cash_flow,dividends other distributions and interest from associates and joint ventures::1,2020-12-31,1,1,single_source
nestle,cash_flow,dividends other distributions and interest from associates and joint ventures::1,2021-12-31,1,1,single_source
nestle,cash_flow,dividends other distributions and interest from associates and joint ventures::1,2022-12-31,1,1,single_source
nestle,cash_flow,dividends other distributions and interest from associates and joint ventures::1,2023-12-31,1,1,single_source
nestle,cash_flow,dividends other distributions and interest from associates and joint ventures::1,2024-12-31,1,1,single_source
nestle,cash_flow,dividends other distributions and interest from associates and joint ventures::1,2025-12-31,1,1,single_source
nestle,cash_flow,dividends paid to non controlling interests::1,2016-12-31,1,1,single_source
nestle,cash_flow,dividends paid to non controlling interests::1,2017-12-31,1,1,single_source
nestle,cash_flow,dividends paid to non controlling interests::1,2018-12-31,1,1,single_source
nestle,cash_flow,dividends paid to non controlling interests::1,2019-12-31,1,1,single_source
nestle,cash_flow,dividends paid to non controlling interests::1,2020-12-31,1,1,single_source
nestle,cash_flow,dividends paid to non controlling interests::1,2021-12-31,1,1,single_source
nestle,cash_flow,dividends paid to non controlling interests::1,2022-12-31,1,1,single_source
nestle,cash_flow,dividends paid to non controlling interests::1,2023-12-31,1,1,single_source
nestle,cash_flow,dividends paid to non controlling interests::1,2024-12-31,1,1,single_source
nestle,cash_flow,dividends paid to non controlling interests::1,2025-12-31,1,1,single_source
nestle,cash_flow,expenditure on intangible assets::1,2016-12-31,1,1,single_source
nestle,cash_flow,expenditure on intangible assets::1,2017-12-31,1,1,single_source
nestle,cash_flow,expenditure on intangible assets::1,2018-12-31,1,1,single_source
nestle,cash_flow,expenditure on intangible assets::1,2019-12-31,1,1,single_source
nestle,cash_flow,expenditure on intangible assets::1,2020-12-31,1,1,single_source
nestle,cash_flow,expenditure on intangible assets::1,2021-12-31,1,1,single_source
nestle,cash_flow,expenditure on intangible assets::1,2022-12-31,1,1,single_source
nestle,cash_flow,expenditure on intangible assets::1,2023-12-31,1,1,single_source
nestle,cash_flow,expenditure on intangible assets::1,2024-12-31,1,1,single_source
nestle,cash_flow,expenditure on intangible assets::1,2025-12-31,1,1,single_source
nestle,cash_flow,financing cash flow::1,2016-12-31,1,1,single_source
nestle,cash_flow,financing cash flow::1,2017-12-31,1,1,single_source
nestle,cash_flow,financing cash flow::1,2018-12-31,1,1,single_source
nestle,cash_flow,financing cash flow::1,2019-12-31,1,1,single_source
nestle,cash_flow,financing cash flow::1,2020-12-31,1,1,single_source
nestle,cash_flow,financing cash flow::1,2021-12-31,1,1,single_source
nestle,cash_flow,financing cash flow::1,2022-12-31,1,1,single_source
nestle,cash_flow,financing cash flow::1,2023-12-31,1,1,single_source
nestle,cash_flow,financing cash flow::1,2024-12-31,1,1,single_source
nestle,cash_flow,financing cash flow::1,2025-12-31,1,1,single_source
nestle,cash_flow,impairment::1,2016-12-31,1,1,single_source
nestle,cash_flow,impairment::1,2017-12-31,1,1,single_source
nestle,cash_flow,impairment::1,2018-12-31,1,1,single_source
nestle,cash_flow,impairment::1,2019-12-31,1,1,single_source
nestle,cash_flow,impairment::1,2020-12-31,1,1,single_source
nestle,cash_flow,impairment::1,2021-12-31,1,1,single_source
nestle,cash_flow,impairment::1,2022-12-31,1,1,single_source
nestle,cash_flow,impairment::1,2023-12-31,1,1,single_source
nestle,cash_flow,impairment::1,2024-12-31,1,1,single_source
nestle,cash_flow,impairment::1,2025-12-31,1,1,single_source
nestle,cash_flow,increase decrease in cash and cash equivalents::1,2016-12-31,1,1,single_source
nestle,cash_flow,increase decrease in cash and cash equivalents::1,2017-12-31,1,1,single_source
nestle,cash_flow,increase decrease in cash and cash equivalents::1,2018-12-31,1,1,single_source
nestle,cash_flow,increase decrease in cash and cash equivalents::1,2019-12-31,1,1,single_source
nestle,cash_flow,increase decrease in cash and cash equivalents::1,2020-12-31,1,1,single_source
nestle,cash_flow,increase decrease in cash and cash equivalents::1,2021-12-31,1,1,single_source
nestle,cash_flow,increase decrease in cash and cash equivalents::1,2022-12-31,1,1,single_source
nestle,cash_flow,increase decrease in cash and cash equivalents::1,2023-12-31,1,1,single_source
nestle,cash_flow,increase decrease in cash and cash equivalents::1,2024-12-31,1,1,single_source
nestle,cash_flow,increase decrease in cash and cash equivalents::1,2025-12-31,1,1,single_source
nestle,cash_flow,inflows from bonds and other long term financial debt::1,2016-12-31,1,1,single_source
nestle,cash_flow,inflows from bonds and other long term financial debt::1,2017-12-31,1,1,single_source
nestle,cash_flow,inflows from bonds and other long term financial debt::1,2018-12-31,1,1,single_source
nestle,cash_flow,inflows from bonds and other long term financial debt::1,2019-12-31,1,1,single_source
nestle,cash_flow,inflows from bonds and other long term financial debt::1,2020-12-31,1,1,single_source
nestle,cash_flow,inflows from bonds and other long term financial debt::1,2021-12-31,1,1,single_source
nestle,cash_flow,inflows from bonds and other long term financial debt::1,2022-12-31,1,1,single_source
nestle,cash_flow,inflows from bonds and other long term financial debt::1,2023-12-31,1,1,single_source
nestle,cash_flow,inflows from bonds and other long term financial debt::1,2024-12-31,1,1,single_source
nestle,cash_flow,inflows from bonds and other long term financial debt::1,2025-12-31,1,1,single_source
nestle,cash_flow,inflows outflows from short term financial debt::1,2016-12-31,1,1,single_source
nestle,cash_flow,inflows outflows from short term financial debt::1,2017-12-31,1,1,single_source
nestle,cash_flow,inflows outflows from short term financial debt::1,2018-12-31,1,1,single_source
nestle,cash_flow,inflows outflows from short term financial debt::1,2019-12-31,1,1,single_source
nestle,cash_flow,inflows outflows from short term financial debt::1,2020-12-31,1,1,single_source
nestle,cash_flow,inflows outflows from short term financial debt::1,2021-12-31,1,1,single_source
nestle,cash_flow,inflows outflows from short term financial debt::1,2022-12-31,1,1,single_source
nestle,cash_flow,inflows outflows from short term financial debt::1,2023-12-31,1,1,single_source
nestle,cash_flow,inflows outflows from short term financial debt::1,2024-12-31,1,1,single_source
nestle,cash_flow,inflows outflows from short term financial debt::1,2025-12-31,1,1,single_source
nestle,cash_flow,inflows outflows from treasury investments::1,2016-12-31,1,1,single_source
nestle,cash_flow,inflows outflows from treasury investments::1,2017-12-31,1,1,single_source
nestle,cash_flow,inflows outflows from treasury investments::1,2018-12-31,1,1,single_source
nestle,cash_flow,inflows outflows from treasury investments::1,2019-12-31,1,1,single_source
nestle,cash_flow,inflows outflows from treasury investments::1,2020-12-31,1,1,single_source
nestle,cash_flow,inflows outflows from treasury investments::1,2021-12-31,1,1,single_source
nestle,cash_flow,inflows outflows from treasury investments::1,2022-12-31,1,1,single_source
nestle,cash_flow,inflows outflows from treasury investments::1,2023-12-31,1,1,single_source
nestle,cash_flow,inflows outflows from treasury investments::1,2024-12-31,1,1,single_source
nestle,cash_flow,inflows outflows from treasury investments::1,2025-12-31,1,1,single_source
nestle,cash_flow,interest and dividends received::1,2018-12-31,1,1,single_source
nestle,cash_flow,interest and dividends received::1,2019-12-31,1,1,single_source
nestle,cash_flow,interest and dividends received::1,2020-12-31,1,1,single_source
nestle,cash_flow,interest and dividends received::1,2021-12-31,1,1,single_source
nestle,cash_flow,interest and dividends received::1,2022-12-31,1,1,single_source
nestle,cash_flow,interest and dividends received::1,2023-12-31,1,1,single_source
nestle,cash_flow,interest and dividends received::1,2024-12-31,1,1,single_source
nestle,cash_flow,interest and dividends received::1,2025-12-31,1,1,single_source
nestle,cash_flow,interest paid::1,2018-12-31,1,1,single_source
nestle,cash_flow,interest paid::1,2019-12-31,1,1,single_source
nestle,cash_flow,interest paid::1,2020-12-31,1,1,single_source
nestle,cash_flow,interest paid::1,2021-12-31,1,1,single_source
nestle,cash_flow,interest paid::1,2022-12-31,1,1,single_source
nestle,cash_flow,interest paid::1,2023-12-31,1,1,single_source
nestle,cash_flow,interest paid::1,2024-12-31,1,1,single_source
nestle,cash_flow,interest paid::1,2025-12-31,1,1,single_source
nestle,cash_flow,investing cash flow::1,2016-12-31,1,1,single_source
nestle,cash_flow,investing cash flow::1,2017-12-31,1,1,single_source
nestle,cash_flow,investing cash flow::1,2018-12-31,1,1,single_source
nestle,cash_flow,investing cash flow::1,2019-12-31,1,1,single_source
nestle,cash_flow,investing cash flow::1,2020-12-31,1,1,single_source
nestle,cash_flow,investing cash flow::1,2021-12-31,1,1,single_source
nestle,cash_flow,investing cash flow::1,2022-12-31,1,1,single_source
nestle,cash_flow,investing cash flow::1,2023-12-31,1,1,single_source
nestle,cash_flow,investing cash flow::1,2024-12-31,1,1,single_source
nestle,cash_flow,investing cash flow::1,2025-12-31,1,1,single_source
nestle,cash_flow,investments divestments net in associates and joint ventures::1,2016-12-31,1,1,single_source
nestle,cash_flow,investments divestments net in associates and joint ventures::1,2017-12-31,1,1,single_source
nestle,cash_flow,investments divestments net in associates and joint ventures::1,2018-12-31,1,1,single_source
nestle,cash_flow,investments divestments net in associates and joint ventures::1,2019-12-31,1,1,single_source
nestle,cash_flow,investments divestments net in associates and joint ventures::1,2022-12-31,1,1,single_source
nestle,cash_flow,investments divestments net in associates and joint ventures::1,2023-12-31,1,1,single_source
nestle,cash_flow,investments divestments net in associates and joint ventures::1,2024-12-31,1,1,single_source
nestle,cash_flow,investments divestments net in associates and joint ventures::1,2025-12-31,1,1,single_source
nestle,cash_flow,investments in associates and joint ventures::1,2020-12-31,1,1,single_source
nestle,cash_flow,investments in associates and joint ventures::1,2021-12-31,1,1,single_source
nestle,cash_flow,net cash flows from treasury activities::1,2016-12-31,1,1,single_source
nestle,cash_flow,net cash flows from treasury activities::1,2017-12-31,1,1,single_source
nestle,cash_flow,net result on disposal of businesses::1,2017-12-31,1,1,single_source
nestle,cash_flow,net result on disposal of businesses::1,2018-12-31,1,1,single_source
nestle,cash_flow,net result on disposal of businesses::1,2019-12-31,1,1,single_source
nestle,cash_flow,net result on disposal of businesses::1,2020-12-31,1,1,single_source
nestle,cash_flow,net result on disposal of businesses::1,2021-12-31,1,1,single_source
nestle,cash_flow,net result on disposal of businesses::1,2022-12-31,1,1,single_source
nestle,cash_flow,net result on disposal of businesses::1,2023-12-31,1,1,single_source
nestle,cash_flow,net result on disposal of businesses::1,2024-12-31,1,1,single_source
nestle,cash_flow,net result on disposal of businesses::1,2025-12-31,1,1,single_source
nestle,cash_flow,operating cash flow::1,2016-12-31,1,1,single_source
nestle,cash_flow,operating cash flow::1,2017-12-31,1,1,single_source
nestle,cash_flow,operating cash flow::1,2018-12-31,1,1,single_source
nestle,cash_flow,operating cash flow::1,2019-12-31,1,1,single_source
nestle,cash_flow,operating cash flow::1,2020-12-31,1,1,single_source
nestle,cash_flow,operating cash flow::1,2021-12-31,1,1,single_source
nestle,cash_flow,operating cash flow::1,2022-12-31,1,1,single_source
nestle,cash_flow,operating cash flow::1,2023-12-31,1,1,single_source
nestle,cash_flow,operating cash flow::1,2024-12-31,1,1,single_source
nestle,cash_flow,operating cash flow::1,2025-12-31,1,1,single_source
nestle,cash_flow,operating profit::1,2016-12-31,1,1,single_source
nestle,cash_flow,operating profit::1,2017-12-31,1,1,single_source
nestle,cash_flow,operating profit::1,2018-12-31,1,1,single_source
nestle,cash_flow,operating profit::1,2019-12-31,1,1,single_source
nestle,cash_flow,operating profit::1,2020-12-31,1,1,single_source
nestle,cash_flow,operating profit::1,2021-12-31,1,1,single_source
nestle,cash_flow,operating profit::1,2022-12-31,1,1,single_source
nestle,cash_flow,operating profit::1,2023-12-31,1,1,single_source
nestle,cash_flow,operating profit::1,2024-12-31,1,1,single_source
nestle,cash_flow,operating profit::1,2025-12-31,1,1,single_source
nestle,cash_flow,other investing activities::1,2016-12-31,1,1,single_source
nestle,cash_flow,other investing activities::1,2017-12-31,1,1,single_source
nestle,cash_flow,other investing activities::1,2018-12-31,1,1,single_source
nestle,cash_flow,other investing activities::1,2019-12-31,1,1,single_source
nestle,cash_flow,other investing activities::1,2020-12-31,1,1,single_source
nestle,cash_flow,other investing activities::1,2021-12-31,1,1,single_source
nestle,cash_flow,other investing activities::1,2022-12-31,1,1,single_source
nestle,cash_flow,other investing activities::1,2023-12-31,1,1,single_source
nestle,cash_flow,other investing activities::1,2024-12-31,1,1,single_source
nestle,cash_flow,other investing activities::1,2025-12-31,1,1,single_source
nestle,cash_flow,other non cash items of income and expense::1,2016-12-31,1,1,single_source
nestle,cash_flow,other non cash items of income and expense::1,2017-12-31,1,1,single_source
nestle,cash_flow,other non cash items of income and expense::1,2018-12-31,1,1,single_source
nestle,cash_flow,other non cash items of income and expense::1,2019-12-31,1,1,single_source
nestle,cash_flow,other non cash items of income and expense::1,2020-12-31,1,1,single_source
nestle,cash_flow,other non cash items of income and expense::1,2021-12-31,1,1,single_source
nestle,cash_flow,other non cash items of income and expense::1,2022-12-31,1,1,single_source
nestle,cash_flow,other non cash items of income and expense::1,2023-12-31,1,1,single_source
nestle,cash_flow,other non cash items of income and expense::1,2024-12-31,1,1,single_source
nestle,cash_flow,other non cash items of income and expense::1,2025-12-31,1,1,single_source
nestle,cash_flow,outflows from bonds and other non current financial debt::1,2016-12-31,1,1,single_source
nestle,cash_flow,outflows from bonds and other non current financial debt::1,2017-12-31,1,1,single_source
nestle,cash_flow,outflows from bonds and other non current financial debt::1,2018-12-31,1,1,single_source
nestle,cash_flow,outflows from bonds and other non current financial debt::1,2019-12-31,1,1,single_source
nestle,cash_flow,outflows from bonds lease liabilities and other long term financial debt::1,2020-12-31,1,1,single_source
nestle,cash_flow,outflows from bonds lease liabilities and other long term financial debt::1,2021-12-31,1,1,single_source
nestle,cash_flow,outflows from bonds lease liabilities and other long term financial debt::1,2022-12-31,1,1,single_source
nestle,cash_flow,outflows from bonds lease liabilities and other long term financial debt::1,2023-12-31,1,1,single_source
nestle,cash_flow,outflows from bonds lease liabilities and other long term financial debt::1,2024-12-31,1,1,single_source
nestle,cash_flow,outflows from bonds lease liabilities and other long term financial debt::1,2025-12-31,1,1,single_source
nestle,cash_flow,purchase of treasury shares a::1,2016-12-31,1,1,single_source
nestle,cash_flow,purchase of treasury shares a::1,2017-12-31,1,1,single_source
nestle,cash_flow,purchase of treasury shares a::1,2018-12-31,1,1,single_source
nestle,cash_flow,purchase of treasury shares a::1,2019-12-31,1,1,single_source
nestle,cash_flow,purchase of treasury shares a::1,2020-12-31,1,1,single_source
nestle,cash_flow,purchase of treasury shares a::1,2021-12-31,1,1,single_source
nestle,cash_flow,purchase of treasury shares a::1,2022-12-31,1,1,single_source
nestle,cash_flow,purchase of treasury shares a::1,2023-12-31,1,1,single_source
nestle,cash_flow,purchase of treasury shares a::1,2024-12-31,1,1,single_source
nestle,cash_flow,purchase of treasury shares a::1,2025-12-31,1,1,single_source
nestle,cash_flow,taxes paid::1,2016-12-31,1,1,single_source
nestle,cash_flow,taxes paid::1,2017-12-31,1,1,single_source
nestle,cash_flow,taxes paid::1,2018-12-31,1,1,single_source
nestle,cash_flow,taxes paid::1,2019-12-31,1,1,single_source
nestle,cash_flow,taxes paid::1,2020-12-31,1,1,single_source
nestle,cash_flow,taxes paid::1,2021-12-31,1,1,single_source
nestle,cash_flow,taxes paid::1,2022-12-31,1,1,single_source
nestle,cash_flow,taxes paid::1,2023-12-31,1,1,single_source
nestle,cash_flow,taxes paid::1,2024-12-31,1,1,single_source
nestle,cash_flow,taxes paid::1,2025-12-31,1,1,single_source
nestle,cash_flow,variation of other operating assets and liabilities::1,2016-12-31,1,1,single_source
nestle,cash_flow,variation of other operating assets and liabilities::1,2017-12-31,1,1,single_source
nestle,cash_flow,variation of other operating assets and liabilities::1,2018-12-31,1,1,single_source
nestle,cash_flow,variation of other operating assets and liabilities::1,2019-12-31,1,1,single_source
nestle,cash_flow,variation of other operating assets and liabilities::1,2020-12-31,1,1,single_source
nestle,cash_flow,variation of other operating assets and liabilities::1,2021-12-31,1,1,single_source
nestle,cash_flow,variation of other operating assets and liabilities::1,2022-12-31,1,1,single_source
nestle,cash_flow,variation of other operating assets and liabilities::1,2023-12-31,1,1,single_source
nestle,cash_flow,variation of other operating assets and liabilities::1,2024-12-31,1,1,single_source
nestle,cash_flow,variation of other operating assets and liabilities::1,2025-12-31,1,1,single_source
nestle,income_statement,basic earnings per share::1,2016-12-31,1,1,single_source
nestle,income_statement,basic earnings per share::1,2017-12-31,1,1,single_source
nestle,income_statement,basic earnings per share::1,2018-12-31,1,1,single_source
nestle,income_statement,basic earnings per share::1,2019-12-31,1,1,single_source
nestle,income_statement,basic earnings per share::1,2020-12-31,1,1,single_source
nestle,income_statement,basic earnings per share::1,2021-12-31,1,1,single_source
nestle,income_statement,basic earnings per share::1,2022-12-31,1,1,single_source
nestle,income_statement,basic earnings per share::1,2023-12-31,1,1,single_source
nestle,income_statement,basic earnings per share::1,2024-12-31,1,1,single_source
nestle,income_statement,basic earnings per share::1,2025-12-31,1,1,single_source
nestle,income_statement,cost of goods sold::1,2016-12-31,1,1,single_source
nestle,income_statement,cost of goods sold::1,2017-12-31,1,1,single_source
nestle,income_statement,cost of goods sold::1,2018-12-31,1,1,single_source
nestle,income_statement,cost of goods sold::1,2019-12-31,1,1,single_source
nestle,income_statement,cost of goods sold::1,2020-12-31,1,1,single_source
nestle,income_statement,cost of goods sold::1,2021-12-31,1,1,single_source
nestle,income_statement,cost of goods sold::1,2022-12-31,1,1,single_source
nestle,income_statement,cost of goods sold::1,2023-12-31,1,1,single_source
nestle,income_statement,cost of goods sold::1,2024-12-31,1,1,single_source
nestle,income_statement,cost of goods sold::1,2025-12-31,1,1,single_source
nestle,income_statement,diluted earnings per share::1,2016-12-31,1,1,single_source
nestle,income_statement,diluted earnings per share::1,2017-12-31,1,1,single_source
nestle,income_statement,diluted earnings per share::1,2018-12-31,1,1,single_source
nestle,income_statement,diluted earnings per share::1,2019-12-31,1,1,single_source
nestle,income_statement,diluted earnings per share::1,2020-12-31,1,1,single_source
nestle,income_statement,diluted earnings per share::1,2021-12-31,1,1,single_source
nestle,income_statement,diluted earnings per share::1,2022-12-31,1,1,single_source
nestle,income_statement,diluted earnings per share::1,2023-12-31,1,1,single_source
nestle,income_statement,diluted earnings per share::1,2024-12-31,1,1,single_source
nestle,income_statement,diluted earnings per share::1,2025-12-31,1,1,single_source
nestle,income_statement,distribution expenses::1,2016-12-31,1,1,single_source
nestle,income_statement,distribution expenses::1,2017-12-31,1,1,single_source
nestle,income_statement,distribution expenses::1,2018-12-31,1,1,single_source
nestle,income_statement,distribution expenses::1,2019-12-31,1,1,single_source
nestle,income_statement,distribution expenses::1,2020-12-31,1,1,single_source
nestle,income_statement,distribution expenses::1,2021-12-31,1,1,single_source
nestle,income_statement,distribution expenses::1,2022-12-31,1,1,single_source
nestle,income_statement,distribution expenses::1,2023-12-31,1,1,single_source
nestle,income_statement,distribution expenses::1,2024-12-31,1,1,single_source
nestle,income_statement,distribution expenses::1,2025-12-31,1,1,single_source
nestle,income_statement,financial expense::1,2016-12-31,1,1,single_source
nestle,income_statement,financial expense::1,2017-12-31,1,1,single_source
nestle,income_statement,financial expense::1,2018-12-31,1,1,single_source
nestle,income_statement,financial expense::1,2019-12-31,1,1,single_source
nestle,income_statement,financial expense::1,2020-12-31,1,1,single_source
nestle,income_statement,financial expense::1,2021-12-31,1,1,single_source
nestle,income_statement,financial expense::1,2022-12-31,1,1,single_source
nestle,income_statement,financial expense::1,2023-12-31,1,1,single_source
nestle,income_statement,financial expense::1,2024-12-31,1,1,single_source
nestle,income_statement,financial expense::1,2025-12-31,1,1,single_source
nestle,income_statement,financial income::1,2016-12-31,1,1,single_source
nestle,income_statement,financial income::1,2017-12-31,1,1,single_source
nestle,income_statement,financial income::1,2018-12-31,1,1,single_source
nestle,income_statement,financial income::1,2019-12-31,1,1,single_source
nestle,income_statement,financial income::1,2020-12-31,1,1,single_source
nestle,income_statement,financial income::1,2021-12-31,1,1,single_source
nestle,income_statement,financial income::1,2022-12-31,1,1,single_source
nestle,income_statement,financial income::1,2023-12-31,1,1,single_source
nestle,income_statement,financial income::1,2024-12-31,1,1,single_source
nestle,income_statement,financial income::1,2025-12-31,1,1,single_source
nestle,income_statement,income from associates and joint ventures::1,2016-12-31,1,1,single_source
nestle,income_statement,income from associates and joint ventures::1,2017-12-31,1,1,single_source
nestle,income_statement,income from associates and joint ventures::1,2018-12-31,1,1,single_source
nestle,income_statement,income from associates and joint ventures::1,2019-12-31,1,1,single_source
nestle,income_statement,income from associates and joint ventures::1,2020-12-31,1,1,single_source
nestle,income_statement,income from associates and joint ventures::1,2021-12-31,1,1,single_source
nestle,income_statement,income from associates and joint ventures::1,2022-12-31,1,1,single_source
nestle,income_statement,income from associates and joint ventures::1,2023-12-31,1,1,single_source
nestle,income_statement,income from associates and joint ventures::1,2024-12-31,1,1,single_source
nestle,income_statement,income from associates and joint ventures::1,2025-12-31,1,1,single_source
nestle,income_statement,marketing and administration expenses::1,2016-12-31,1,1,single_source
nestle,income_statement,marketing and administration expenses::1,2017-12-31,1,1,single_source
nestle,income_statement,marketing and administration expenses::1,2018-12-31,1,1,single_source
nestle,income_statement,marketing and administration expenses::1,2019-12-31,1,1,single_source
nestle,income_statement,marketing and administration expenses::1,2020-12-31,1,1,single_source
nestle,income_statement,marketing and administration expenses::1,2021-12-31,1,1,single_source
nestle,income_statement,marketing and administration expenses::1,2022-12-31,1,1,single_source
nestle,income_statement,marketing and administration expenses::1,2023-12-31,1,1,single_source
nestle,income_statement,marketing and administration expenses::1,2024-12-31,1,1,single_source
nestle,income_statement,marketing and administration expenses::1,2025-12-31,1,1,single_source
nestle,income_statement,of which attributable to non controlling interests::1,2016-12-31,1,1,single_source
nestle,income_statement,of which attributable to non controlling interests::1,2017-12-31,1,1,single_source
nestle,income_statement,of which attributable to non controlling interests::1,2018-12-31,1,1,single_source
nestle,income_statement,of which attributable to non controlling interests::1,2019-12-31,1,1,single_source
nestle,income_statement,of which attributable to non controlling interests::1,2020-12-31,1,1,single_source
nestle,income_statement,of which attributable to non controlling interests::1,2021-12-31,1,1,single_source
nestle,income_statement,of which attributable to non controlling interests::1,2022-12-31,1,1,single_source
nestle,income_statement,of which attributable to non controlling interests::1,2023-12-31,1,1,single_source
nestle,income_statement,of which attributable to non controlling interests::1,2024-12-31,1,1,single_source
nestle,income_statement,of which attributable to non controlling interests::1,2025-12-31,1,1,single_source
nestle,income_statement,of which attributable to shareholders of the parent net profit::1,2016-12-31,1,1,single_source
nestle,income_statement,of which attributable to shareholders of the parent net profit::1,2017-12-31,1,1,single_source
nestle,income_statement,of which attributable to shareholders of the parent net profit::1,2018-12-31,1,1,single_source
nestle,income_statement,of which attributable to shareholders of the parent net profit::1,2019-12-31,1,1,single_source
nestle,income_statement,of which attributable to shareholders of the parent net profit::1,2020-12-31,1,1,single_source
nestle,income_statement,of which attributable to shareholders of the parent net profit::1,2021-12-31,1,1,single_source
nestle,income_statement,of which attributable to shareholders of the parent net profit::1,2022-12-31,1,1,single_source
nestle,income_statement,of which attributable to shareholders of the parent net profit::1,2023-12-31,1,1,single_source
nestle,income_statement,of which attributable to shareholders of the parent net profit::1,2024-12-31,1,1,single_source
nestle,income_statement,of which attributable to shareholders of the parent net profit::1,2025-12-31,1,1,single_source
nestle,income_statement,operating profit::1,2016-12-31,1,1,single_source
nestle,income_statement,operating profit::1,2017-12-31,1,1,single_source
nestle,income_statement,operating profit::1,2018-12-31,1,1,single_source
nestle,income_statement,operating profit::1,2019-12-31,1,1,single_source
nestle,income_statement,operating profit::1,2020-12-31,1,1,single_source
nestle,income_statement,operating profit::1,2021-12-31,1,1,single_source
nestle,income_statement,operating profit::1,2022-12-31,1,1,single_source
nestle,income_statement,operating profit::1,2023-12-31,1,1,single_source
nestle,income_statement,operating profit::1,2024-12-31,1,1,single_source
nestle,income_statement,operating profit::1,2025-12-31,1,1,single_source
nestle,income_statement,other operating expenses::1,2016-12-31,1,1,single_source
nestle,income_statement,other operating expenses::1,2017-12-31,1,1,single_source
nestle,income_statement,other operating expenses::1,2018-12-31,1,1,single_source
nestle,income_statement,other operating expenses::1,2019-12-31,1,1,single_source
nestle,income_statement,other operating expenses::1,2020-12-31,1,1,single_source
nestle,income_statement,other operating expenses::1,2021-12-31,1,1,single_source
nestle,income_statement,other operating expenses::1,2022-12-31,1,1,single_source
nestle,income_statement,other operating expenses::1,2023-12-31,1,1,single_source
nestle,income_statement,other operating expenses::1,2024-12-31,1,1,single_source
nestle,income_statement,other operating expenses::1,2025-12-31,1,1,single_source
nestle,income_statement,other operating income::1,2016-12-31,1,1,single_source
nestle,income_statement,other operating income::1,2017-12-31,1,1,single_source
nestle,income_statement,other operating income::1,2018-12-31,1,1,single_source
nestle,income_statement,other operating income::1,2019-12-31,1,1,single_source
nestle,income_statement,other operating income::1,2020-12-31,1,1,single_source
nestle,income_statement,other operating income::1,2021-12-31,1,1,single_source
nestle,income_statement,other operating income::1,2022-12-31,1,1,single_source
nestle,income_statement,other operating income::1,2023-12-31,1,1,single_source
nestle,income_statement,other operating income::1,2024-12-31,1,1,single_source
nestle,income_statement,other operating income::1,2025-12-31,1,1,single_source
nestle,income_statement,other revenue::1,2016-12-31,1,1,single_source
nestle,income_statement,other revenue::1,2017-12-31,1,1,single_source
nestle,income_statement,other revenue::1,2018-12-31,1,1,single_source
nestle,income_statement,other revenue::1,2019-12-31,1,1,single_source
nestle,income_statement,other revenue::1,2020-12-31,1,1,single_source
nestle,income_statement,other revenue::1,2021-12-31,1,1,single_source
nestle,income_statement,other revenue::1,2022-12-31,1,1,single_source
nestle,income_statement,other revenue::1,2023-12-31,1,1,single_source
nestle,income_statement,other revenue::1,2024-12-31,1,1,single_source
nestle,income_statement,other revenue::1,2025-12-31,1,1,single_source
nestle,income_statement,other trading expenses::1,2016-12-31,1,1,single_source
nestle,income_statement,other trading expenses::1,2017-12-31,1,1,single_source
nestle,income_statement,other trading expenses::1,2018-12-31,1,1,single_source
nestle,income_statement,other trading expenses::1,2019-12-31,1,1,single_source
nestle,income_statement,other trading expenses::1,2020-12-31,1,1,single_source
nestle,income_statement,other trading expenses::1,2021-12-31,1,1,single_source
nestle,income_statement,other trading expenses::1,2022-12-31,1,1,single_source
nestle,income_statement,other trading expenses::1,2023-12-31,1,1,single_source
nestle,income_statement,other trading expenses::1,2024-12-31,1,1,single_source
nestle,income_statement,other trading expenses::1,2025-12-31,1,1,single_source
nestle,income_statement,other trading income::1,2016-12-31,1,1,single_source
nestle,income_statement,other trading income::1,2017-12-31,1,1,single_source
nestle,income_statement,other trading income::1,2018-12-31,1,1,single_source
nestle,income_statement,other trading income::1,2019-12-31,1,1,single_source
nestle,income_statement,other trading income::1,2020-12-31,1,1,single_source
nestle,income_statement,other trading income::1,2021-12-31,1,1,single_source
nestle,income_statement,other trading income::1,2022-12-31,1,1,single_source
nestle,income_statement,other trading income::1,2023-12-31,1,1,single_source
nestle,income_statement,other trading income::1,2024-12-31,1,1,single_source
nestle,income_statement,other trading income::1,2025-12-31,1,1,single_source
nestle,income_statement,profit before taxes associates and joint ventures::1,2016-12-31,1,1,single_source
nestle,income_statement,profit before taxes associates and joint ventures::1,2017-12-31,1,1,single_source
nestle,income_statement,profit before taxes associates and joint ventures::1,2018-12-31,1,1,single_source
nestle,income_statement,profit before taxes associates and joint ventures::1,2019-12-31,1,1,single_source
nestle,income_statement,profit before taxes associates and joint ventures::1,2020-12-31,1,1,single_source
nestle,income_statement,profit before taxes associates and joint ventures::1,2021-12-31,1,1,single_source
nestle,income_statement,profit before taxes associates and joint ventures::1,2022-12-31,1,1,single_source
nestle,income_statement,profit before taxes associates and joint ventures::1,2023-12-31,1,1,single_source
nestle,income_statement,profit before taxes associates and joint ventures::1,2024-12-31,1,1,single_source
nestle,income_statement,profit before taxes associates and joint ventures::1,2025-12-31,1,1,single_source
nestle,income_statement,profit for the year attributable to shareholders of the parent net profit::1,2016-12-31,1,1,single_source
nestle,income_statement,profit for the year attributable to shareholders of the parent net profit::1,2017-12-31,1,1,single_source
nestle,income_statement,profit for the year attributable to shareholders of the parent net profit::1,2018-12-31,1,1,single_source
nestle,income_statement,profit for the year attributable to shareholders of the parent net profit::1,2019-12-31,1,1,single_source
nestle,income_statement,profit for the year attributable to shareholders of the parent net profit::1,2020-12-31,1,1,single_source
nestle,income_statement,profit for the year attributable to shareholders of the parent net profit::1,2021-12-31,1,1,single_source
nestle,income_statement,profit for the year attributable to shareholders of the parent net profit::1,2022-12-31,1,1,single_source
nestle,income_statement,profit for the year attributable to shareholders of the parent net profit::1,2023-12-31,1,1,single_source
nestle,income_statement,profit for the year attributable to shareholders of the parent net profit::1,2024-12-31,1,1,single_source
nestle,income_statement,profit for the year attributable to shareholders of the parent net profit::1,2025-12-31,1,1,single_source
nestle,income_statement,profit for the year::1,2016-12-31,1,1,single_source
nestle,income_statement,profit for the year::1,2017-12-31,1,1,single_source
nestle,income_statement,profit for the year::1,2018-12-31,1,1,single_source
nestle,income_statement,profit for the year::1,2019-12-31,1,1,single_source
nestle,income_statement,profit for the year::1,2020-12-31,1,1,single_source
nestle,income_statement,profit for the year::1,2021-12-31,1,1,single_source
nestle,income_statement,profit for the year::1,2022-12-31,1,1,single_source
nestle,income_statement,profit for the year::1,2023-12-31,1,1,single_source
nestle,income_statement,profit for the year::1,2024-12-31,1,1,single_source
nestle,income_statement,profit for the year::1,2025-12-31,1,1,single_source
nestle,income_statement,research and development costs::1,2016-12-31,1,1,single_source
nestle,income_statement,research and development costs::1,2017-12-31,1,1,single_source
nestle,income_statement,research and development costs::1,2018-12-31,1,1,single_source
nestle,income_statement,research and development costs::1,2019-12-31,1,1,single_source
nestle,income_statement,research and development costs::1,2020-12-31,1,1,single_source
nestle,income_statement,research and development costs::1,2021-12-31,1,1,single_source
nestle,income_statement,research and development costs::1,2022-12-31,1,1,single_source
nestle,income_statement,research and development costs::1,2023-12-31,1,1,single_source
nestle,income_statement,research and development costs::1,2024-12-31,1,1,single_source
nestle,income_statement,research and development costs::1,2025-12-31,1,1,single_source
nestle,income_statement,sales::1,2016-12-31,1,1,single_source
nestle,income_statement,sales::1,2017-12-31,1,1,single_source
nestle,income_statement,sales::1,2018-12-31,1,1,single_source
nestle,income_statement,sales::1,2019-12-31,1,1,single_source
nestle,income_statement,sales::1,2020-12-31,1,1,single_source
nestle,income_statement,sales::1,2021-12-31,1,1,single_source
nestle,income_statement,sales::1,2022-12-31,1,1,single_source
nestle,income_statement,sales::1,2023-12-31,1,1,single_source
nestle,income_statement,sales::1,2024-12-31,1,1,single_source
nestle,income_statement,sales::1,2025-12-31,1,1,single_source
nestle,income_statement,taxes::1,2016-12-31,1,1,single_source
nestle,income_statement,taxes::1,2017-12-31,1,1,single_source
nestle,income_statement,taxes::1,2018-12-31,1,1,single_source
nestle,income_statement,taxes::1,2019-12-31,1,1,single_source
nestle,income_statement,taxes::1,2020-12-31,1,1,single_source
nestle,income_statement,taxes::1,2021-12-31,1,1,single_source
nestle,income_statement,taxes::1,2022-12-31,1,1,single_source
nestle,income_statement,taxes::1,2023-12-31,1,1,single_source
nestle,income_statement,taxes::1,2024-12-31,1,1,single_source
nestle,income_statement,taxes::1,2025-12-31,1,1,single_source
nestle,income_statement,trading operating profit::1,2016-12-31,1,1,single_source
nestle,income_statement,trading operating profit::1,2017-12-31,1,1,single_source
nestle,income_statement,trading operating profit::1,2018-12-31,1,1,single_source
nestle,income_statement,trading operating profit::1,2019-12-31,1,1,single_source
nestle,income_statement,trading operating profit::1,2020-12-31,1,1,single_source
nestle,income_statement,trading operating profit::1,2021-12-31,1,1,single_source
nestle,income_statement,trading operating profit::1,2022-12-31,1,1,single_source
nestle,income_statement,trading operating profit::1,2023-12-31,1,1,single_source
nestle,income_statement,trading operating profit::1,2024-12-31,1,1,single_source
nestle,income_statement,trading operating profit::1,2025-12-31,1,1,single_source
nestle,income_statement,trading operating profit::2,2016-12-31,1,1,single_source
nestle,income_statement,trading operating profit::2,2017-12-31,1,1,single_source
nestle,income_statement,trading operating profit::2,2018-12-31,1,1,single_source
nestle,income_statement,trading operating profit::2,2019-12-31,1,1,single_source
nestle,income_statement,trading operating profit::2,2020-12-31,1,1,single_source
nestle,income_statement,trading operating profit::2,2021-12-31,1,1,single_source
nestle,income_statement,trading operating profit::2,2022-12-31,1,1,single_source
nestle,income_statement,trading operating profit::2,2023-12-31,1,1,single_source
nestle,income_statement,trading operating profit::2,2024-12-31,1,1,single_source
nestle,income_statement,trading operating profit::2,2025-12-31,1,1,single_source
unilever,balance_sheet,assets held for sale::1,2016-12-31,1,1,single_source
unilever,balance_sheet,assets held for sale::1,2017-12-31,1,1,single_source
unilever,balance_sheet,assets held for sale::1,2018-01-01,1,1,single_source
unilever,balance_sheet,assets held for sale::1,2018-12-31,1,1,single_source
unilever,balance_sheet,assets held for sale::1,2019-12-31,1,1,single_source
unilever,balance_sheet,assets held for sale::1,2020-12-31,1,1,single_source
unilever,balance_sheet,assets held for sale::1,2021-12-31,1,1,single_source
unilever,balance_sheet,assets held for sale::1,2022-12-31,1,1,single_source
unilever,balance_sheet,assets held for sale::1,2023-12-31,1,1,single_source
unilever,balance_sheet,assets held for sale::1,2024-12-31,1,1,single_source
unilever,balance_sheet,assets held for sale::1,2025-12-31,1,1,single_source
unilever,balance_sheet,called up share capital::1,2016-12-31,1,1,single_source
unilever,balance_sheet,called up share capital::1,2017-12-31,1,1,single_source
unilever,balance_sheet,called up share capital::1,2018-01-01,1,1,single_source
unilever,balance_sheet,called up share capital::1,2018-12-31,1,1,single_source
unilever,balance_sheet,called up share capital::1,2019-12-31,1,1,single_source
unilever,balance_sheet,cash and cash equivalents::1,2016-12-31,1,1,single_source
unilever,balance_sheet,cash and cash equivalents::1,2017-12-31,1,1,single_source
unilever,balance_sheet,cash and cash equivalents::1,2018-01-01,1,1,single_source
unilever,balance_sheet,cash and cash equivalents::1,2018-12-31,1,1,single_source
unilever,balance_sheet,cash and cash equivalents::1,2019-12-31,1,1,single_source
unilever,balance_sheet,cash and cash equivalents::1,2020-12-31,1,1,single_source
unilever,balance_sheet,cash and cash equivalents::1,2021-12-31,1,1,single_source
unilever,balance_sheet,cash and cash equivalents::1,2022-12-31,1,1,single_source
unilever,balance_sheet,cash and cash equivalents::1,2023-12-31,1,1,single_source
unilever,balance_sheet,cash and cash equivalents::1,2024-12-31,1,1,single_source
unilever,balance_sheet,cash and cash equivalents::1,2025-12-31,1,1,single_source
unilever,balance_sheet,current assets::1,2016-12-31,1,1,single_source
unilever,balance_sheet,current assets::1,2017-12-31,1,1,single_source
unilever,balance_sheet,current assets::1,2018-01-01,1,1,single_source
unilever,balance_sheet,current assets::1,2018-12-31,1,1,single_source
unilever,balance_sheet,current assets::1,2019-12-31,1,1,single_source
unilever,balance_sheet,current assets::1,2020-12-31,1,1,single_source
unilever,balance_sheet,current assets::1,2021-12-31,1,1,single_source
unilever,balance_sheet,current assets::1,2022-12-31,1,1,single_source
unilever,balance_sheet,current assets::1,2023-12-31,1,1,single_source
unilever,balance_sheet,current assets::1,2024-12-31,1,1,single_source
unilever,balance_sheet,current assets::1,2025-12-31,1,1,single_source
unilever,balance_sheet,current liabilities::1,2016-12-31,1,1,single_source
unilever,balance_sheet,current liabilities::1,2017-12-31,1,1,single_source
unilever,balance_sheet,current liabilities::1,2018-01-01,1,1,single_source
unilever,balance_sheet,current liabilities::1,2018-12-31,1,1,single_source
unilever,balance_sheet,current liabilities::1,2019-12-31,1,1,single_source
unilever,balance_sheet,current liabilities::1,2020-12-31,1,1,single_source
unilever,balance_sheet,current liabilities::1,2021-12-31,1,1,single_source
unilever,balance_sheet,current liabilities::1,2022-12-31,1,1,single_source
unilever,balance_sheet,current liabilities::1,2023-12-31,1,1,single_source
unilever,balance_sheet,current liabilities::1,2024-12-31,1,1,single_source
unilever,balance_sheet,current liabilities::1,2025-12-31,1,1,single_source
unilever,balance_sheet,current tax assets::1,2016-12-31,1,1,single_source
unilever,balance_sheet,current tax assets::1,2017-12-31,1,1,single_source
unilever,balance_sheet,current tax assets::1,2018-01-01,1,1,single_source
unilever,balance_sheet,current tax assets::1,2018-12-31,1,1,single_source
unilever,balance_sheet,current tax assets::1,2019-12-31,1,1,single_source
unilever,balance_sheet,current tax assets::1,2020-12-31,1,1,single_source
unilever,balance_sheet,current tax assets::1,2021-12-31,1,1,single_source
unilever,balance_sheet,current tax assets::1,2022-12-31,1,1,single_source
unilever,balance_sheet,current tax assets::1,2023-12-31,1,1,single_source
unilever,balance_sheet,current tax assets::1,2024-12-31,1,1,single_source
unilever,balance_sheet,current tax assets::1,2025-12-31,1,1,single_source
unilever,balance_sheet,current tax liabilities::1,2016-12-31,1,1,single_source
unilever,balance_sheet,current tax liabilities::1,2017-12-31,1,1,single_source
unilever,balance_sheet,current tax liabilities::1,2018-01-01,1,1,single_source
unilever,balance_sheet,current tax liabilities::1,2018-12-31,1,1,single_source
unilever,balance_sheet,current tax liabilities::1,2019-12-31,1,1,single_source
unilever,balance_sheet,current tax liabilities::1,2020-12-31,1,1,single_source
unilever,balance_sheet,current tax liabilities::1,2021-12-31,1,1,single_source
unilever,balance_sheet,current tax liabilities::1,2022-12-31,1,1,single_source
unilever,balance_sheet,current tax liabilities::1,2023-12-31,1,1,single_source
unilever,balance_sheet,current tax liabilities::1,2024-12-31,1,1,single_source
unilever,balance_sheet,current tax liabilities::1,2025-12-31,1,1,single_source
unilever,balance_sheet,deferred tax assets::1,2016-12-31,1,1,single_source
unilever,balance_sheet,deferred tax assets::1,2017-12-31,1,1,single_source
unilever,balance_sheet,deferred tax assets::1,2018-01-01,1,1,single_source
unilever,balance_sheet,deferred tax assets::1,2018-12-31,1,1,single_source
unilever,balance_sheet,deferred tax assets::1,2019-12-31,1,1,single_source
unilever,balance_sheet,deferred tax assets::1,2020-12-31,1,1,single_source
unilever,balance_sheet,deferred tax assets::1,2021-12-31,1,1,single_source
unilever,balance_sheet,deferred tax assets::1,2022-12-31,1,1,single_source
unilever,balance_sheet,deferred tax assets::1,2023-12-31,1,1,single_source
unilever,balance_sheet,deferred tax assets::1,2024-12-31,1,1,single_source
unilever,balance_sheet,deferred tax assets::1,2025-12-31,1,1,single_source
unilever,balance_sheet,deferred tax liabilities::1,2016-12-31,1,1,single_source
unilever,balance_sheet,deferred tax liabilities::1,2017-12-31,1,1,single_source
unilever,balance_sheet,deferred tax liabilities::1,2018-01-01,1,1,single_source
unilever,balance_sheet,deferred tax liabilities::1,2018-12-31,1,1,single_source
unilever,balance_sheet,deferred tax liabilities::1,2019-12-31,1,1,single_source
unilever,balance_sheet,deferred tax liabilities::1,2020-12-31,1,1,single_source
unilever,balance_sheet,deferred tax liabilities::1,2021-12-31,1,1,single_source
unilever,balance_sheet,deferred tax liabilities::1,2022-12-31,1,1,single_source
unilever,balance_sheet,deferred tax liabilities::1,2023-12-31,1,1,single_source
unilever,balance_sheet,deferred tax liabilities::1,2024-12-31,1,1,single_source
unilever,balance_sheet,deferred tax liabilities::1,2025-12-31,1,1,single_source
unilever,balance_sheet,financial assets::1,2016-12-31,1,1,single_source
unilever,balance_sheet,financial assets::1,2017-12-31,1,1,single_source
unilever,balance_sheet,financial assets::1,2018-01-01,1,1,single_source
unilever,balance_sheet,financial assets::1,2018-12-31,1,1,single_source
unilever,balance_sheet,financial assets::1,2019-12-31,1,1,single_source
unilever,balance_sheet,financial assets::1,2020-12-31,1,1,single_source
unilever,balance_sheet,financial assets::1,2021-12-31,1,1,single_source
unilever,balance_sheet,financial assets::1,2022-12-31,1,1,single_source
unilever,balance_sheet,financial assets::1,2023-12-31,1,1,single_source
unilever,balance_sheet,financial assets::1,2024-12-31,1,1,single_source
unilever,balance_sheet,financial assets::1,2025-12-31,1,1,single_source
unilever,balance_sheet,financial liabilities::1,2016-12-31,1,1,single_source
unilever,balance_sheet,financial liabilities::1,2017-12-31,1,1,single_source
unilever,balance_sheet,financial liabilities::1,2018-01-01,1,1,single_source
unilever,balance_sheet,financial liabilities::1,2018-12-31,1,1,single_source
unilever,balance_sheet,financial liabilities::1,2019-12-31,1,1,single_source
unilever,balance_sheet,financial liabilities::1,2020-12-31,1,1,single_source
unilever,balance_sheet,financial liabilities::1,2021-12-31,1,1,single_source
unilever,balance_sheet,financial liabilities::1,2022-12-31,1,1,single_source
unilever,balance_sheet,financial liabilities::1,2023-12-31,1,1,single_source
unilever,balance_sheet,financial liabilities::1,2024-12-31,1,1,single_source
unilever,balance_sheet,financial liabilities::1,2025-12-31,1,1,single_source
unilever,balance_sheet,financial liabilities::2,2016-12-31,1,1,single_source
unilever,balance_sheet,financial liabilities::2,2017-12-31,1,1,single_source
unilever,balance_sheet,financial liabilities::2,2018-01-01,1,1,single_source
unilever,balance_sheet,financial liabilities::2,2018-12-31,1,1,single_source
unilever,balance_sheet,financial liabilities::2,2019-12-31,1,1,single_source
unilever,balance_sheet,financial liabilities::2,2020-12-31,1,1,single_source
unilever,balance_sheet,financial liabilities::2,2021-12-31,1,1,single_source
unilever,balance_sheet,financial liabilities::2,2022-12-31,1,1,single_source
unilever,balance_sheet,financial liabilities::2,2023-12-31,1,1,single_source
unilever,balance_sheet,financial liabilities::2,2024-12-31,1,1,single_source
unilever,balance_sheet,financial liabilities::2,2025-12-31,1,1,single_source
unilever,balance_sheet,funded schemes in deficit::1,2016-12-31,1,1,single_source
unilever,balance_sheet,funded schemes in deficit::1,2017-12-31,1,1,single_source
unilever,balance_sheet,funded schemes in deficit::1,2018-01-01,1,1,single_source
unilever,balance_sheet,funded schemes in deficit::1,2018-12-31,1,1,single_source
unilever,balance_sheet,funded schemes in deficit::1,2019-12-31,1,1,single_source
unilever,balance_sheet,funded schemes in deficit::1,2020-12-31,1,1,single_source
unilever,balance_sheet,funded schemes in deficit::1,2021-12-31,1,1,single_source
unilever,balance_sheet,funded schemes in deficit::1,2022-12-31,1,1,single_source
unilever,balance_sheet,funded schemes in deficit::1,2023-12-31,1,1,single_source
unilever,balance_sheet,funded schemes in deficit::1,2024-12-31,1,1,single_source
unilever,balance_sheet,funded schemes in deficit::1,2025-12-31,1,1,single_source
unilever,balance_sheet,goodwill::1,2016-12-31,1,1,single_source
unilever,balance_sheet,goodwill::1,2017-12-31,1,1,single_source
unilever,balance_sheet,goodwill::1,2018-01-01,1,1,single_source
unilever,balance_sheet,goodwill::1,2018-12-31,1,1,single_source
unilever,balance_sheet,goodwill::1,2019-12-31,1,1,single_source
unilever,balance_sheet,goodwill::1,2020-12-31,1,1,single_source
unilever,balance_sheet,goodwill::1,2021-12-31,1,1,single_source
unilever,balance_sheet,goodwill::1,2022-12-31,1,1,single_source
unilever,balance_sheet,goodwill::1,2023-12-31,1,1,single_source
unilever,balance_sheet,goodwill::1,2024-12-31,1,1,single_source
unilever,balance_sheet,goodwill::1,2025-12-31,1,1,single_source
unilever,balance_sheet,intangible assets::1,2016-12-31,1,1,single_source
unilever,balance_sheet,intangible assets::1,2017-12-31,1,1,single_source
unilever,balance_sheet,intangible assets::1,2018-01-01,1,1,single_source
unilever,balance_sheet,intangible assets::1,2018-12-31,1,1,single_source
unilever,balance_sheet,intangible assets::1,2019-12-31,1,1,single_source
unilever,balance_sheet,intangible assets::1,2020-12-31,1,1,single_source
unilever,balance_sheet,intangible assets::1,2021-12-31,1,1,single_source
unilever,balance_sheet,intangible assets::1,2022-12-31,1,1,single_source
unilever,balance_sheet,intangible assets::1,2023-12-31,1,1,single_source
unilever,balance_sheet,intangible assets::1,2024-12-31,1,1,single_source
unilever,balance_sheet,intangible assets::1,2025-12-31,1,1,single_source
unilever,balance_sheet,inventories::1,2016-12-31,1,1,single_source
unilever,balance_sheet,inventories::1,2017-12-31,1,1,single_source
unilever,balance_sheet,inventories::1,2018-01-01,1,1,single_source
unilever,balance_sheet,inventories::1,2018-12-31,1,1,single_source
unilever,balance_sheet,inventories::1,2019-12-31,1,1,single_source
unilever,balance_sheet,inventories::1,2020-12-31,1,1,single_source
unilever,balance_sheet,inventories::1,2021-12-31,1,1,single_source
unilever,balance_sheet,inventories::1,2022-12-31,1,1,single_source
unilever,balance_sheet,inventories::1,2023-12-31,1,1,single_source
unilever,balance_sheet,inventories::1,2024-12-31,1,1,single_source
unilever,balance_sheet,inventories::1,2025-12-31,1,1,single_source
unilever,balance_sheet,liabilities held for sale::1,2016-12-31,1,1,single_source
unilever,balance_sheet,liabilities held for sale::1,2017-12-31,1,1,single_source
unilever,balance_sheet,liabilities held for sale::1,2018-01-01,1,1,single_source
unilever,balance_sheet,liabilities held for sale::1,2018-12-31,1,1,single_source
unilever,balance_sheet,liabilities held for sale::1,2019-12-31,1,1,single_source
unilever,balance_sheet,liabilities held for sale::1,2020-12-31,1,1,single_source
unilever,balance_sheet,liabilities held for sale::1,2021-12-31,1,1,single_source
unilever,balance_sheet,liabilities held for sale::1,2022-12-31,1,1,single_source
unilever,balance_sheet,liabilities held for sale::1,2023-12-31,1,1,single_source
unilever,balance_sheet,liabilities held for sale::1,2024-12-31,1,1,single_source
unilever,balance_sheet,liabilities held for sale::1,2025-12-31,1,1,single_source
unilever,balance_sheet,non controlling interests::1,2016-12-31,1,1,single_source
unilever,balance_sheet,non controlling interests::1,2017-12-31,1,1,single_source
unilever,balance_sheet,non controlling interests::1,2018-01-01,1,1,single_source
unilever,balance_sheet,non controlling interests::1,2018-12-31,1,1,single_source
unilever,balance_sheet,non controlling interests::1,2019-12-31,1,1,single_source
unilever,balance_sheet,non controlling interests::1,2020-12-31,1,1,single_source
unilever,balance_sheet,non controlling interests::1,2021-12-31,1,1,single_source
unilever,balance_sheet,non controlling interests::1,2022-12-31,1,1,single_source
unilever,balance_sheet,non controlling interests::1,2023-12-31,1,1,single_source
unilever,balance_sheet,non controlling interests::1,2024-12-31,1,1,single_source
unilever,balance_sheet,non controlling interests::1,2025-12-31,1,1,single_source
unilever,balance_sheet,non current assets::1,2016-12-31,1,1,single_source
unilever,balance_sheet,non current assets::1,2017-12-31,1,1,single_source
unilever,balance_sheet,non current assets::1,2018-01-01,1,1,single_source
unilever,balance_sheet,non current assets::1,2018-12-31,1,1,single_source
unilever,balance_sheet,non current assets::1,2019-12-31,1,1,single_source
unilever,balance_sheet,non current assets::1,2020-12-31,1,1,single_source
unilever,balance_sheet,non current assets::1,2021-12-31,1,1,single_source
unilever,balance_sheet,non current assets::1,2022-12-31,1,1,single_source
unilever,balance_sheet,non current assets::1,2023-12-31,1,1,single_source
unilever,balance_sheet,non current assets::1,2024-12-31,1,1,single_source
unilever,balance_sheet,non current assets::1,2025-12-31,1,1,single_source
unilever,balance_sheet,non current liabilities::1,2016-12-31,1,1,single_source
unilever,balance_sheet,non current liabilities::1,2017-12-31,1,1,single_source
unilever,balance_sheet,non current liabilities::1,2018-01-01,1,1,single_source
unilever,balance_sheet,non current liabilities::1,2018-12-31,1,1,single_source
unilever,balance_sheet,non current liabilities::1,2019-12-31,1,1,single_source
unilever,balance_sheet,non current liabilities::1,2020-12-31,1,1,single_source
unilever,balance_sheet,non current liabilities::1,2021-12-31,1,1,single_source
unilever,balance_sheet,non current liabilities::1,2022-12-31,1,1,single_source
unilever,balance_sheet,non current liabilities::1,2023-12-31,1,1,single_source
unilever,balance_sheet,non current liabilities::1,2024-12-31,1,1,single_source
unilever,balance_sheet,non current liabilities::1,2025-12-31,1,1,single_source
unilever,balance_sheet,non current tax liabilities::1,2016-12-31,1,1,single_source
unilever,balance_sheet,non current tax liabilities::1,2017-12-31,1,1,single_source
unilever,balance_sheet,non current tax liabilities::1,2018-01-01,1,1,single_source
unilever,balance_sheet,non current tax liabilities::1,2018-12-31,1,1,single_source
unilever,balance_sheet,non current tax liabilities::1,2019-12-31,1,1,single_source
unilever,balance_sheet,non current tax liabilities::1,2020-12-31,1,1,single_source
unilever,balance_sheet,non current tax liabilities::1,2021-12-31,1,1,single_source
unilever,balance_sheet,non current tax liabilities::1,2022-12-31,1,1,single_source
unilever,balance_sheet,non current tax liabilities::1,2023-12-31,1,1,single_source
unilever,balance_sheet,non current tax liabilities::1,2024-12-31,1,1,single_source
unilever,balance_sheet,non current tax liabilities::1,2025-12-31,1,1,single_source
unilever,balance_sheet,other financial assets::1,2016-12-31,1,1,single_source
unilever,balance_sheet,other financial assets::1,2017-12-31,1,1,single_source
unilever,balance_sheet,other financial assets::1,2018-01-01,1,1,single_source
unilever,balance_sheet,other financial assets::1,2018-12-31,1,1,single_source
unilever,balance_sheet,other financial assets::1,2019-12-31,1,1,single_source
unilever,balance_sheet,other financial assets::1,2020-12-31,1,1,single_source
unilever,balance_sheet,other financial assets::1,2021-12-31,1,1,single_source
unilever,balance_sheet,other financial assets::1,2022-12-31,1,1,single_source
unilever,balance_sheet,other financial assets::1,2023-12-31,1,1,single_source
unilever,balance_sheet,other financial assets::1,2024-12-31,1,1,single_source
unilever,balance_sheet,other financial assets::1,2025-12-31,1,1,single_source
unilever,balance_sheet,other non current assets::1,2016-12-31,1,1,single_source
unilever,balance_sheet,other non current assets::1,2017-12-31,1,1,single_source
unilever,balance_sheet,other non current assets::1,2018-01-01,1,1,single_source
unilever,balance_sheet,other non current assets::1,2018-12-31,1,1,single_source
unilever,balance_sheet,other non current assets::1,2019-12-31,1,1,single_source
unilever,balance_sheet,other non current assets::1,2020-12-31,1,1,single_source
unilever,balance_sheet,other non current assets::1,2021-12-31,1,1,single_source
unilever,balance_sheet,other non current assets::1,2022-12-31,1,1,single_source
unilever,balance_sheet,other non current assets::1,2023-12-31,1,1,single_source
unilever,balance_sheet,other non current assets::1,2024-12-31,1,1,single_source
unilever,balance_sheet,other non current assets::1,2025-12-31,1,1,single_source
unilever,balance_sheet,other non current liabilities::1,2016-12-31,1,1,single_source
unilever,balance_sheet,other non current liabilities::1,2017-12-31,1,1,single_source
unilever,balance_sheet,other non current liabilities::1,2018-01-01,1,1,single_source
unilever,balance_sheet,other non current liabilities::1,2018-12-31,1,1,single_source
unilever,balance_sheet,other non current liabilities::1,2019-12-31,1,1,single_source
unilever,balance_sheet,other non current liabilities::1,2020-12-31,1,1,single_source
unilever,balance_sheet,other non current liabilities::1,2021-12-31,1,1,single_source
unilever,balance_sheet,other non current liabilities::1,2022-12-31,1,1,single_source
unilever,balance_sheet,other non current liabilities::1,2023-12-31,1,1,single_source
unilever,balance_sheet,other non current liabilities::1,2024-12-31,1,1,single_source
unilever,balance_sheet,other non current liabilities::1,2025-12-31,1,1,single_source
unilever,balance_sheet,other reserves::1,2016-12-31,1,1,single_source
unilever,balance_sheet,other reserves::1,2017-12-31,1,1,single_source
unilever,balance_sheet,other reserves::1,2018-01-01,1,1,single_source
unilever,balance_sheet,other reserves::1,2018-12-31,1,1,single_source
unilever,balance_sheet,other reserves::1,2019-12-31,1,1,single_source
unilever,balance_sheet,pension asset for funded schemes in surplus::1,2016-12-31,1,1,single_source
unilever,balance_sheet,pension asset for funded schemes in surplus::1,2017-12-31,1,1,single_source
unilever,balance_sheet,pension asset for funded schemes in surplus::1,2018-01-01,1,1,single_source
unilever,balance_sheet,pension asset for funded schemes in surplus::1,2018-12-31,1,1,single_source
unilever,balance_sheet,pension asset for funded schemes in surplus::1,2019-12-31,1,1,single_source
unilever,balance_sheet,pension asset for funded schemes in surplus::1,2020-12-31,1,1,single_source
unilever,balance_sheet,pension asset for funded schemes in surplus::1,2021-12-31,1,1,single_source
unilever,balance_sheet,pension asset for funded schemes in surplus::1,2022-12-31,1,1,single_source
unilever,balance_sheet,pension asset for funded schemes in surplus::1,2023-12-31,1,1,single_source
unilever,balance_sheet,pension asset for funded schemes in surplus::1,2024-12-31,1,1,single_source
unilever,balance_sheet,pension asset for funded schemes in surplus::1,2025-12-31,1,1,single_source
unilever,balance_sheet,property plant and equipment::1,2016-12-31,1,1,single_source
unilever,balance_sheet,property plant and equipment::1,2017-12-31,1,1,single_source
unilever,balance_sheet,property plant and equipment::1,2018-01-01,1,1,single_source
unilever,balance_sheet,property plant and equipment::1,2018-12-31,1,1,single_source
unilever,balance_sheet,property plant and equipment::1,2019-12-31,1,1,single_source
unilever,balance_sheet,property plant and equipment::1,2020-12-31,1,1,single_source
unilever,balance_sheet,property plant and equipment::1,2021-12-31,1,1,single_source
unilever,balance_sheet,property plant and equipment::1,2022-12-31,1,1,single_source
unilever,balance_sheet,property plant and equipment::1,2023-12-31,1,1,single_source
unilever,balance_sheet,property plant and equipment::1,2024-12-31,1,1,single_source
unilever,balance_sheet,property plant and equipment::1,2025-12-31,1,1,single_source
unilever,balance_sheet,provisions::1,2016-12-31,1,1,single_source
unilever,balance_sheet,provisions::1,2017-12-31,1,1,single_source
unilever,balance_sheet,provisions::1,2018-01-01,1,1,single_source
unilever,balance_sheet,provisions::1,2018-12-31,1,1,single_source
unilever,balance_sheet,provisions::1,2019-12-31,1,1,single_source
unilever,balance_sheet,provisions::1,2020-12-31,1,1,single_source
unilever,balance_sheet,provisions::1,2021-12-31,1,1,single_source
unilever,balance_sheet,provisions::1,2022-12-31,1,1,single_source
unilever,balance_sheet,provisions::1,2023-12-31,1,1,single_source
unilever,balance_sheet,provisions::1,2024-12-31,1,1,single_source
unilever,balance_sheet,provisions::1,2025-12-31,1,1,single_source
unilever,balance_sheet,provisions::2,2016-12-31,1,1,single_source
unilever,balance_sheet,provisions::2,2017-12-31,1,1,single_source
unilever,balance_sheet,provisions::2,2018-01-01,1,1,single_source
unilever,balance_sheet,provisions::2,2018-12-31,1,1,single_source
unilever,balance_sheet,provisions::2,2019-12-31,1,1,single_source
unilever,balance_sheet,provisions::2,2020-12-31,1,1,single_source
unilever,balance_sheet,provisions::2,2021-12-31,1,1,single_source
unilever,balance_sheet,provisions::2,2022-12-31,1,1,single_source
unilever,balance_sheet,provisions::2,2023-12-31,1,1,single_source
unilever,balance_sheet,provisions::2,2024-12-31,1,1,single_source
unilever,balance_sheet,provisions::2,2025-12-31,1,1,single_source
unilever,balance_sheet,retained profit::1,2016-12-31,1,1,single_source
unilever,balance_sheet,retained profit::1,2017-12-31,1,1,single_source
unilever,balance_sheet,retained profit::1,2018-01-01,1,1,single_source
unilever,balance_sheet,retained profit::1,2018-12-31,1,1,single_source
unilever,balance_sheet,retained profit::1,2019-12-31,1,1,single_source
unilever,balance_sheet,share premium account::1,2016-12-31,1,1,single_source
unilever,balance_sheet,share premium account::1,2017-12-31,1,1,single_source
unilever,balance_sheet,share premium account::1,2018-01-01,1,1,single_source
unilever,balance_sheet,share premium account::1,2018-12-31,1,1,single_source
unilever,balance_sheet,share premium account::1,2019-12-31,1,1,single_source
unilever,balance_sheet,shareholders equity::1,2016-12-31,1,1,single_source
unilever,balance_sheet,shareholders equity::1,2017-12-31,1,1,single_source
unilever,balance_sheet,shareholders equity::1,2018-01-01,1,1,single_source
unilever,balance_sheet,shareholders equity::1,2018-12-31,1,1,single_source
unilever,balance_sheet,shareholders equity::1,2019-12-31,1,1,single_source
unilever,balance_sheet,shareholders equity::1,2020-12-31,1,1,single_source
unilever,balance_sheet,shareholders equity::1,2021-12-31,1,1,single_source
unilever,balance_sheet,shareholders equity::1,2022-12-31,1,1,single_source
unilever,balance_sheet,shareholders equity::1,2023-12-31,1,1,single_source
unilever,balance_sheet,shareholders equity::1,2024-12-31,1,1,single_source
unilever,balance_sheet,shareholders equity::1,2025-12-31,1,1,single_source
unilever,balance_sheet,total assets::1,2016-12-31,1,1,single_source
unilever,balance_sheet,total assets::1,2017-12-31,1,1,single_source
unilever,balance_sheet,total assets::1,2018-01-01,1,1,single_source
unilever,balance_sheet,total assets::1,2018-12-31,1,1,single_source
unilever,balance_sheet,total assets::1,2019-12-31,1,1,single_source
unilever,balance_sheet,total assets::1,2020-12-31,1,1,single_source
unilever,balance_sheet,total assets::1,2021-12-31,1,1,single_source
unilever,balance_sheet,total assets::1,2022-12-31,1,1,single_source
unilever,balance_sheet,total assets::1,2023-12-31,1,1,single_source
unilever,balance_sheet,total assets::1,2024-12-31,1,1,single_source
unilever,balance_sheet,total assets::1,2025-12-31,1,1,single_source
unilever,balance_sheet,total equity::1,2016-12-31,1,1,single_source
unilever,balance_sheet,total equity::1,2017-12-31,1,1,single_source
unilever,balance_sheet,total equity::1,2018-01-01,1,1,single_source
unilever,balance_sheet,total equity::1,2018-12-31,1,1,single_source
unilever,balance_sheet,total equity::1,2019-12-31,1,1,single_source
unilever,balance_sheet,total equity::1,2020-12-31,1,1,single_source
unilever,balance_sheet,total equity::1,2021-12-31,1,1,single_source
unilever,balance_sheet,total equity::1,2022-12-31,1,1,single_source
unilever,balance_sheet,total equity::1,2023-12-31,1,1,single_source
unilever,balance_sheet,total equity::1,2024-12-31,1,1,single_source
unilever,balance_sheet,total equity::1,2025-12-31,1,1,single_source
unilever,balance_sheet,total liabilities and equity::1,2016-12-31,1,1,single_source
unilever,balance_sheet,total liabilities and equity::1,2017-12-31,1,1,single_source
unilever,balance_sheet,total liabilities and equity::1,2018-01-01,1,1,single_source
unilever,balance_sheet,total liabilities and equity::1,2018-12-31,1,1,single_source
unilever,balance_sheet,total liabilities and equity::1,2019-12-31,1,1,single_source
unilever,balance_sheet,total liabilities and equity::1,2020-12-31,1,1,single_source
unilever,balance_sheet,total liabilities and equity::1,2021-12-31,1,1,single_source
unilever,balance_sheet,total liabilities and equity::1,2022-12-31,1,1,single_source
unilever,balance_sheet,total liabilities and equity::1,2023-12-31,1,1,single_source
unilever,balance_sheet,total liabilities and equity::1,2024-12-31,1,1,single_source
unilever,balance_sheet,total liabilities and equity::1,2025-12-31,1,1,single_source
unilever,balance_sheet,total liabilities::1,2016-12-31,1,1,single_source
unilever,balance_sheet,total liabilities::1,2017-12-31,1,1,single_source
unilever,balance_sheet,total liabilities::1,2018-01-01,1,1,single_source
unilever,balance_sheet,total liabilities::1,2018-12-31,1,1,single_source
unilever,balance_sheet,total liabilities::1,2019-12-31,1,1,single_source
unilever,balance_sheet,total liabilities::1,2020-12-31,1,1,single_source
unilever,balance_sheet,total liabilities::1,2021-12-31,1,1,single_source
unilever,balance_sheet,total liabilities::1,2022-12-31,1,1,single_source
unilever,balance_sheet,total liabilities::1,2023-12-31,1,1,single_source
unilever,balance_sheet,total liabilities::1,2024-12-31,1,1,single_source
unilever,balance_sheet,total liabilities::1,2025-12-31,1,1,single_source
unilever,balance_sheet,trade and other current receivables::1,2016-12-31,1,1,single_source
unilever,balance_sheet,trade and other current receivables::1,2017-12-31,1,1,single_source
unilever,balance_sheet,trade and other current receivables::1,2018-01-01,1,1,single_source
unilever,balance_sheet,trade and other current receivables::1,2018-12-31,1,1,single_source
unilever,balance_sheet,trade and other current receivables::1,2019-12-31,1,1,single_source
unilever,balance_sheet,trade and other current receivables::1,2020-12-31,1,1,single_source
unilever,balance_sheet,trade and other current receivables::1,2021-12-31,1,1,single_source
unilever,balance_sheet,trade and other current receivables::1,2022-12-31,1,1,single_source
unilever,balance_sheet,trade and other current receivables::1,2023-12-31,1,1,single_source
unilever,balance_sheet,trade and other current receivables::1,2024-12-31,1,1,single_source
unilever,balance_sheet,trade and other current receivables::1,2025-12-31,1,1,single_source
unilever,balance_sheet,trade payables and other current liabilities::1,2016-12-31,1,1,single_source
unilever,balance_sheet,trade payables and other current liabilities::1,2017-12-31,1,1,single_source
unilever,balance_sheet,trade payables and other current liabilities::1,2018-01-01,1,1,single_source
unilever,balance_sheet,trade payables and other current liabilities::1,2018-12-31,1,1,single_source
unilever,balance_sheet,trade payables and other current liabilities::1,2019-12-31,1,1,single_source
unilever,balance_sheet,trade payables and other current liabilities::1,2020-12-31,1,1,single_source
unilever,balance_sheet,trade payables and other current liabilities::1,2021-12-31,1,1,single_source
unilever,balance_sheet,trade payables and other current liabilities::1,2022-12-31,1,1,single_source
unilever,balance_sheet,trade payables and other current liabilities::1,2023-12-31,1,1,single_source
unilever,balance_sheet,trade payables and other current liabilities::1,2024-12-31,1,1,single_source
unilever,balance_sheet,trade payables and other current liabilities::1,2025-12-31,1,1,single_source
unilever,balance_sheet,unfunded schemes::1,2016-12-31,1,1,single_source
unilever,balance_sheet,unfunded schemes::1,2017-12-31,1,1,single_source
unilever,balance_sheet,unfunded schemes::1,2018-01-01,1,1,single_source
unilever,balance_sheet,unfunded schemes::1,2018-12-31,1,1,single_source
unilever,balance_sheet,unfunded schemes::1,2019-12-31,1,1,single_source
unilever,balance_sheet,unfunded schemes::1,2020-12-31,1,1,single_source
unilever,balance_sheet,unfunded schemes::1,2021-12-31,1,1,single_source
unilever,balance_sheet,unfunded schemes::1,2022-12-31,1,1,single_source
unilever,balance_sheet,unfunded schemes::1,2023-12-31,1,1,single_source
unilever,balance_sheet,unfunded schemes::1,2024-12-31,1,1,single_source
unilever,balance_sheet,unfunded schemes::1,2025-12-31,1,1,single_source
unilever,cash_flow,acquisition of businesses and investments in joint ventures and associates::1,2015-12-31,1,1,single_source
unilever,cash_flow,acquisition of businesses and investments in joint ventures and associates::1,2016-12-31,1,1,single_source
unilever,cash_flow,acquisition of businesses and investments in joint ventures and associates::1,2017-12-31,2,1,consistent
unilever,cash_flow,acquisition of businesses and investments in joint ventures and associates::1,2018-12-31,1,1,single_source
unilever,cash_flow,acquisition of businesses and investments in joint ventures and associates::1,2019-12-31,2,1,consistent
unilever,cash_flow,acquisition of businesses and investments in joint ventures and associates::1,2020-12-31,1,1,single_source
unilever,cash_flow,acquisition of businesses and investments in joint ventures and associates::1,2021-12-31,2,1,consistent
unilever,cash_flow,acquisition of businesses and investments in joint ventures and associates::1,2022-12-31,1,1,single_source
unilever,cash_flow,acquisition of businesses and investments in joint ventures and associates::1,2023-12-31,2,2,restated
unilever,cash_flow,acquisition of businesses and investments in joint ventures and associates::1,2024-12-31,1,1,single_source
unilever,cash_flow,acquisition of businesses and investments in joint ventures and associates::1,2025-12-31,1,1,single_source
unilever,cash_flow,acquisition of other non current investments::1,2015-12-31,1,1,single_source
unilever,cash_flow,acquisition of other non current investments::1,2016-12-31,1,1,single_source
unilever,cash_flow,acquisition of other non current investments::1,2017-12-31,2,1,consistent
unilever,cash_flow,acquisition of other non current investments::1,2018-12-31,1,1,single_source
unilever,cash_flow,acquisition of other non current investments::1,2019-12-31,2,1,consistent
unilever,cash_flow,acquisition of other non current investments::1,2020-12-31,1,1,single_source
unilever,cash_flow,acquisition of other non current investments::1,2021-12-31,2,1,consistent
unilever,cash_flow,acquisition of other non current investments::1,2022-12-31,1,1,single_source
unilever,cash_flow,acquisition of other non current investments::1,2023-12-31,2,1,consistent
unilever,cash_flow,acquisition of other non current investments::1,2024-12-31,1,1,single_source
unilever,cash_flow,acquisition of other non current investments::1,2025-12-31,1,1,single_source
unilever,cash_flow,additional financial liabilities::1,2015-12-31,1,1,single_source
unilever,cash_flow,additional financial liabilities::1,2016-12-31,1,1,single_source
unilever,cash_flow,additional financial liabilities::1,2017-12-31,2,1,consistent
unilever,cash_flow,additional financial liabilities::1,2018-12-31,1,1,single_source
unilever,cash_flow,additional financial liabilities::1,2019-12-31,2,1,consistent
unilever,cash_flow,additional financial liabilities::1,2020-12-31,1,1,single_source
unilever,cash_flow,additional financial liabilities::1,2021-12-31,2,1,consistent
unilever,cash_flow,additional financial liabilities::1,2022-12-31,1,1,single_source
unilever,cash_flow,additional financial liabilities::1,2023-12-31,2,2,restated
unilever,cash_flow,additional financial liabilities::1,2024-12-31,1,1,single_source
unilever,cash_flow,additional financial liabilities::1,2025-12-31,1,1,single_source
unilever,cash_flow,buyback of preference shares::1,2017-12-31,2,1,consistent
unilever,cash_flow,capital element of lease rental payments::1,2015-12-31,1,1,single_source
unilever,cash_flow,capital element of lease rental payments::1,2016-12-31,1,1,single_source
unilever,cash_flow,capital element of lease rental payments::1,2017-12-31,2,2,restated
unilever,cash_flow,capital element of lease rental payments::1,2018-12-31,1,1,single_source
unilever,cash_flow,capital element of lease rental payments::1,2019-12-31,2,1,consistent
unilever,cash_flow,capital element of lease rental payments::1,2020-12-31,1,1,single_source
unilever,cash_flow,capital element of lease rental payments::1,2021-12-31,2,1,consistent
unilever,cash_flow,capital element of lease rental payments::1,2022-12-31,1,1,single_source
unilever,cash_flow,capital element of lease rental payments::1,2023-12-31,2,2,restated
unilever,cash_flow,capital element of lease rental payments::1,2024-12-31,1,1,single_source
unilever,cash_flow,capital element of lease rental payments::1,2025-12-31,1,1,single_source
unilever,cash_flow,cash and cash equivalents at the beginning of the year::1,2015-12-31,1,1,single_source
unilever,cash_flow,cash and cash equivalents at the beginning of the year::1,2016-12-31,1,1,single_source
unilever,cash_flow,cash and cash equivalents at the beginning of the year::1,2017-12-31,2,1,consistent
unilever,cash_flow,cash and cash equivalents at the beginning of the year::1,2018-12-31,1,1,single_source
unilever,cash_flow,cash and cash equivalents at the beginning of the year::1,2019-12-31,2,1,consistent
unilever,cash_flow,cash and cash equivalents at the beginning of the year::1,2020-12-31,1,1,single_source
unilever,cash_flow,cash and cash equivalents at the beginning of the year::1,2021-12-31,2,1,consistent
unilever,cash_flow,cash and cash equivalents at the beginning of the year::1,2022-12-31,1,1,single_source
unilever,cash_flow,cash and cash equivalents at the beginning of the year::1,2023-12-31,2,1,consistent
unilever,cash_flow,cash and cash equivalents at the beginning of the year::1,2024-12-31,1,1,single_source
unilever,cash_flow,cash and cash equivalents at the beginning of the year::1,2025-12-31,1,1,single_source
unilever,cash_flow,cash and cash equivalents at the end of the year::1,2015-12-31,1,1,single_source
unilever,cash_flow,cash and cash equivalents at the end of the year::1,2016-12-31,1,1,single_source
unilever,cash_flow,cash and cash equivalents at the end of the year::1,2017-12-31,2,1,consistent
unilever,cash_flow,cash and cash equivalents at the end of the year::1,2018-12-31,1,1,single_source
unilever,cash_flow,cash and cash equivalents at the end of the year::1,2019-12-31,2,1,consistent
unilever,cash_flow,cash and cash equivalents at the end of the year::1,2020-12-31,1,1,single_source
unilever,cash_flow,cash and cash equivalents at the end of the year::1,2021-12-31,2,1,consistent
unilever,cash_flow,cash and cash equivalents at the end of the year::1,2022-12-31,1,1,single_source
unilever,cash_flow,cash and cash equivalents at the end of the year::1,2023-12-31,2,1,consistent
unilever,cash_flow,cash and cash equivalents at the end of the year::1,2024-12-31,1,1,single_source
unilever,cash_flow,cash and cash equivalents at the end of the year::1,2025-12-31,1,1,single_source
unilever,cash_flow,cash flow from continuing operating activities::1,2023-12-31,1,1,single_source
unilever,cash_flow,cash flow from continuing operating activities::1,2024-12-31,1,1,single_source
unilever,cash_flow,cash flow from continuing operating activities::1,2025-12-31,1,1,single_source
unilever,cash_flow,cash flow from operating activities::1,2015-12-31,1,1,single_source
unilever,cash_flow,cash flow from operating activities::1,2016-12-31,1,1,single_source
unilever,cash_flow,cash flow from operating activities::1,2017-12-31,2,2,restated
unilever,cash_flow,cash flow from operating activities::1,2018-12-31,1,1,single_source
unilever,cash_flow,cash flow from operating activities::1,2019-12-31,2,1,consistent
unilever,cash_flow,cash flow from operating activities::1,2020-12-31,1,1,single_source
unilever,cash_flow,cash flow from operating activities::1,2021-12-31,2,1,consistent
unilever,cash_flow,cash flow from operating activities::1,2022-12-31,1,1,single_source
unilever,cash_flow,cash flow from operating activities::1,2023-12-31,1,1,single_source
unilever,cash_flow,cash flow from operations attributable to discontinued operations::1,2023-12-31,1,1,single_source
unilever,cash_flow,cash flow from operations attributable to discontinued operations::1,2024-12-31,1,1,single_source
unilever,cash_flow,cash flow from operations attributable to discontinued operations::1,2025-12-31,1,1,single_source
unilever,cash_flow,changes in working capital::1,2015-12-31,1,1,single_source
unilever,cash_flow,changes in working capital::1,2016-12-31,1,1,single_source
unilever,cash_flow,changes in working capital::1,2017-12-31,2,1,consistent
unilever,cash_flow,changes in working capital::1,2018-12-31,1,1,single_source
unilever,cash_flow,changes in working capital::1,2019-12-31,2,1,consistent
unilever,cash_flow,changes in working capital::1,2020-12-31,1,1,single_source
unilever,cash_flow,changes in working capital::1,2021-12-31,2,1,consistent
unilever,cash_flow,changes in working capital::1,2022-12-31,1,1,single_source
unilever,cash_flow,changes in working capital::1,2023-12-31,2,2,restated
unilever,cash_flow,changes in working capital::1,2024-12-31,1,1,single_source
unilever,cash_flow,changes in working capital::1,2025-12-31,1,1,single_source
unilever,cash_flow,depreciation amortisation and impairment::1,2015-12-31,1,1,single_source
unilever,cash_flow,depreciation amortisation and impairment::1,2016-12-31,1,1,single_source
unilever,cash_flow,depreciation amortisation and impairment::1,2017-12-31,2,2,restated
unilever,cash_flow,depreciation amortisation and impairment::1,2018-12-31,1,1,single_source
unilever,cash_flow,depreciation amortisation and impairment::1,2019-12-31,2,1,consistent
unilever,cash_flow,depreciation amortisation and impairment::1,2020-12-31,1,1,single_source
unilever,cash_flow,depreciation amortisation and impairment::1,2021-12-31,2,1,consistent
unilever,cash_flow,depreciation amortisation and impairment::1,2022-12-31,1,1,single_source
unilever,cash_flow,depreciation amortisation and impairment::1,2023-12-31,2,2,restated
unilever,cash_flow,depreciation amortisation and impairment::1,2024-12-31,1,1,single_source
unilever,cash_flow,depreciation amortisation and impairment::1,2025-12-31,1,1,single_source
unilever,cash_flow,disposal of businesses joint ventures and associates::1,2015-12-31,1,1,single_source
unilever,cash_flow,disposal of businesses joint ventures and associates::1,2016-12-31,1,1,single_source
unilever,cash_flow,disposal of businesses joint ventures and associates::1,2017-12-31,2,1,consistent
unilever,cash_flow,disposal of businesses joint ventures and associates::1,2018-12-31,1,1,single_source
unilever,cash_flow,disposal of businesses joint ventures and associates::1,2019-12-31,2,1,consistent
unilever,cash_flow,disposal of businesses joint ventures and associates::1,2020-12-31,1,1,single_source
unilever,cash_flow,disposal of businesses joint ventures and associates::1,2021-12-31,2,1,consistent
unilever,cash_flow,disposal of businesses joint ventures and associates::1,2022-12-31,1,1,single_source
unilever,cash_flow,disposal of businesses joint ventures and associates::1,2023-12-31,2,1,consistent
unilever,cash_flow,disposal of businesses joint ventures and associates::1,2024-12-31,1,1,single_source
unilever,cash_flow,disposal of businesses joint ventures and associates::1,2025-12-31,1,1,single_source
unilever,cash_flow,disposal of other non current investments::1,2015-12-31,1,1,single_source
unilever,cash_flow,disposal of other non current investments::1,2016-12-31,1,1,single_source
unilever,cash_flow,disposal of other non current investments::1,2017-12-31,2,1,consistent
unilever,cash_flow,disposal of other non current investments::1,2018-12-31,1,1,single_source
unilever,cash_flow,disposal of other non current investments::1,2019-12-31,2,1,consistent
unilever,cash_flow,disposal of other non current investments::1,2020-12-31,1,1,single_source
unilever,cash_flow,disposal of other non current investments::1,2021-12-31,2,1,consistent
unilever,cash_flow,disposal of other non current investments::1,2022-12-31,1,1,single_source
unilever,cash_flow,disposal of other non current investments::1,2023-12-31,2,1,consistent
unilever,cash_flow,disposal of other non current investments::1,2024-12-31,1,1,single_source
unilever,cash_flow,disposal of other non current investments::1,2025-12-31,1,1,single_source
unilever,cash_flow,disposal of property plant and equipment::1,2015-12-31,1,1,single_source
unilever,cash_flow,disposal of property plant and equipment::1,2016-12-31,1,1,single_source
unilever,cash_flow,disposal of property plant and equipment::1,2017-12-31,2,1,consistent
unilever,cash_flow,disposal of property plant and equipment::1,2018-12-31,1,1,single_source
unilever,cash_flow,disposal of property plant and equipment::1,2019-12-31,2,1,consistent
unilever,cash_flow,disposal of property plant and equipment::1,2020-12-31,1,1,single_source
unilever,cash_flow,disposal of property plant and equipment::1,2021-12-31,2,1,consistent
unilever,cash_flow,disposal of property plant and equipment::1,2022-12-31,1,1,single_source
unilever,cash_flow,disposal of property plant and equipment::1,2023-12-31,2,2,restated
unilever,cash_flow,disposal of property plant and equipment::1,2024-12-31,1,1,single_source
unilever,cash_flow,disposal of property plant and equipment::1,2025-12-31,1,1,single_source
unilever,cash_flow,dividends from joint ventures associates and other non current investments::1,2015-12-31,1,1,single_source
unilever,cash_flow,dividends from joint ventures associates and other non current investments::1,2016-12-31,1,1,single_source
unilever,cash_flow,dividends from joint ventures associates and other non current investments::1,2017-12-31,2,1,consistent
unilever,cash_flow,dividends from joint ventures associates and other non current investments::1,2018-12-31,1,1,single_source
unilever,cash_flow,dividends from joint ventures associates and other non current investments::1,2019-12-31,2,1,consistent
unilever,cash_flow,dividends from joint ventures associates and other non current investments::1,2020-12-31,1,1,single_source
unilever,cash_flow,dividends from joint ventures associates and other non current investments::1,2021-12-31,2,1,consistent
unilever,cash_flow,dividends from joint ventures associates and other non current investments::1,2022-12-31,1,1,single_source
unilever,cash_flow,dividends from joint ventures associates and other non current investments::1,2023-12-31,2,1,consistent
unilever,cash_flow,dividends from joint ventures associates and other non current investments::1,2024-12-31,1,1,single_source
unilever,cash_flow,dividends from joint ventures associates and other non current investments::1,2025-12-31,1,1,single_source
unilever,cash_flow,dividends paid on ordinary share capital::1,2015-12-31,1,1,single_source
unilever,cash_flow,dividends paid on ordinary share capital::1,2016-12-31,1,1,single_source
unilever,cash_flow,dividends paid on ordinary share capital::1,2017-12-31,2,1,consistent
unilever,cash_flow,dividends paid on ordinary share capital::1,2018-12-31,1,1,single_source
unilever,cash_flow,dividends paid on ordinary share capital::1,2019-12-31,2,1,consistent
unilever,cash_flow,dividends paid on ordinary share capital::1,2020-12-31,1,1,single_source
unilever,cash_flow,dividends paid on ordinary share capital::1,2021-12-31,2,1,consistent
unilever,cash_flow,dividends paid on ordinary share capital::1,2022-12-31,1,1,single_source
unilever,cash_flow,dividends paid on ordinary share capital::1,2023-12-31,2,1,consistent
unilever,cash_flow,dividends paid on ordinary share capital::1,2024-12-31,1,1,single_source
unilever,cash_flow,dividends paid on ordinary share capital::1,2025-12-31,1,1,single_source
unilever,cash_flow,effect of foreign exchange rate changes::1,2015-12-31,1,1,single_source
unilever,cash_flow,effect of foreign exchange rate changes::1,2016-12-31,1,1,single_source
unilever,cash_flow,effect of foreign exchange rate changes::1,2017-12-31,2,1,consistent
unilever,cash_flow,effect of foreign exchange rate changes::1,2018-12-31,1,1,single_source
unilever,cash_flow,effect of foreign exchange rate changes::1,2019-12-31,2,1,consistent
unilever,cash_flow,effect of foreign exchange rate changes::1,2020-12-31,1,1,single_source
unilever,cash_flow,effect of foreign exchange rate changes::1,2021-12-31,2,1,consistent
unilever,cash_flow,effect of foreign exchange rate changes::1,2022-12-31,1,1,single_source
unilever,cash_flow,effect of foreign exchange rate changes::1,2023-12-31,2,1,consistent
unilever,cash_flow,effect of foreign exchange rate changes::1,2024-12-31,1,1,single_source
unilever,cash_flow,effect of foreign exchange rate changes::1,2025-12-31,1,1,single_source
unilever,cash_flow,elimination of losses profits on disposals::1,2015-12-31,1,1,single_source
unilever,cash_flow,elimination of losses profits on disposals::1,2016-12-31,1,1,single_source
unilever,cash_flow,elimination of losses profits on disposals::1,2017-12-31,2,1,consistent
unilever,cash_flow,elimination of losses profits on disposals::1,2018-12-31,1,1,single_source
unilever,cash_flow,elimination of losses profits on disposals::1,2019-12-31,2,1,consistent
unilever,cash_flow,elimination of losses profits on disposals::1,2020-12-31,1,1,single_source
unilever,cash_flow,elimination of losses profits on disposals::1,2021-12-31,2,1,consistent
unilever,cash_flow,elimination of losses profits on disposals::1,2022-12-31,1,1,single_source
unilever,cash_flow,elimination of losses profits on disposals::1,2023-12-31,2,2,restated
unilever,cash_flow,elimination of losses profits on disposals::1,2024-12-31,1,1,single_source
unilever,cash_flow,elimination of losses profits on disposals::1,2025-12-31,1,1,single_source
unilever,cash_flow,income tax paid from discontinued operation::1,2023-12-31,1,1,single_source
unilever,cash_flow,income tax paid from discontinued operation::1,2024-12-31,1,1,single_source
unilever,cash_flow,income tax paid from discontinued operation::1,2025-12-31,1,1,single_source
unilever,cash_flow,income tax paid on continuing operations::1,2023-12-31,1,1,single_source
unilever,cash_flow,income tax paid on continuing operations::1,2024-12-31,1,1,single_source
unilever,cash_flow,income tax paid on continuing operations::1,2025-12-31,1,1,single_source
unilever,cash_flow,income tax paid::1,2015-12-31,1,1,single_source
unilever,cash_flow,income tax paid::1,2016-12-31,1,1,single_source
unilever,cash_flow,income tax paid::1,2017-12-31,2,1,consistent
unilever,cash_flow,income tax paid::1,2018-12-31,1,1,single_source
unilever,cash_flow,income tax paid::1,2019-12-31,2,1,consistent
unilever,cash_flow,income tax paid::1,2020-12-31,1,1,single_source
unilever,cash_flow,income tax paid::1,2021-12-31,2,1,consistent
unilever,cash_flow,income tax paid::1,2022-12-31,1,1,single_source
unilever,cash_flow,income tax paid::1,2023-12-31,1,1,single_source
unilever,cash_flow,interest and preference dividends paid::1,2015-12-31,1,1,single_source
unilever,cash_flow,interest and preference dividends paid::1,2016-12-31,1,1,single_source
unilever,cash_flow,interest and preference dividends paid::1,2017-12-31,1,1,single_source
unilever,cash_flow,interest paid::1,2017-12-31,1,1,single_source
unilever,cash_flow,interest paid::1,2018-12-31,1,1,single_source
unilever,cash_flow,interest paid::1,2019-12-31,2,1,consistent
unilever,cash_flow,interest paid::1,2020-12-31,1,1,single_source
unilever,cash_flow,interest paid::1,2021-12-31,2,1,consistent
unilever,cash_flow,interest paid::1,2022-12-31,1,1,single_source
unilever,cash_flow,interest paid::1,2023-12-31,2,2,restated
unilever,cash_flow,interest paid::1,2024-12-31,1,1,single_source
unilever,cash_flow,interest paid::1,2025-12-31,1,1,single_source
unilever,cash_flow,interest received::1,2015-12-31,1,1,single_source
unilever,cash_flow,interest received::1,2016-12-31,1,1,single_source
unilever,cash_flow,interest received::1,2017-12-31,2,1,consistent
unilever,cash_flow,interest received::1,2018-12-31,1,1,single_source
unilever,cash_flow,interest received::1,2019-12-31,2,1,consistent
unilever,cash_flow,interest received::1,2020-12-31,1,1,single_source
unilever,cash_flow,interest received::1,2021-12-31,2,1,consistent
unilever,cash_flow,interest received::1,2022-12-31,1,1,single_source
unilever,cash_flow,interest received::1,2023-12-31,2,2,restated
unilever,cash_flow,interest received::1,2024-12-31,1,1,single_source
unilever,cash_flow,interest received::1,2025-12-31,1,1,single_source
unilever,cash_flow,inventories::1,2015-12-31,1,1,single_source
unilever,cash_flow,inventories::1,2016-12-31,1,1,single_source
unilever,cash_flow,inventories::1,2017-12-31,2,1,consistent
unilever,cash_flow,inventories::1,2018-12-31,1,1,single_source
unilever,cash_flow,inventories::1,2019-12-31,2,1,consistent
unilever,cash_flow,inventories::1,2020-12-31,1,1,single_source
unilever,cash_flow,inventories::1,2021-12-31,2,1,consistent
unilever,cash_flow,inventories::1,2022-12-31,1,1,single_source
unilever,cash_flow,inventories::1,2023-12-31,2,2,restated
unilever,cash_flow,inventories::1,2024-12-31,1,1,single_source
unilever,cash_flow,inventories::1,2025-12-31,1,1,single_source
unilever,cash_flow,net cash flow from continuing operating activities::1,2023-12-31,1,1,single_source
unilever,cash_flow,net cash flow from continuing operating activities::1,2024-12-31,1,1,single_source
unilever,cash_flow,net cash flow from continuing operating activities::1,2025-12-31,1,1,single_source
unilever,cash_flow,net cash flow used in continuing financing activities::1,2023-12-31,1,1,single_source
unilever,cash_flow,net cash flow used in continuing financing activities::1,2024-12-31,1,1,single_source
unilever,cash_flow,net cash flow used in continuing financing activities::1,2025-12-31,1,1,single_source
unilever,cash_flow,net cash flow used in continuing investing activities::1,2023-12-31,1,1,single_source
unilever,cash_flow,net cash flow used in continuing investing activities::1,2024-12-31,1,1,single_source
unilever,cash_flow,net cash flow used in continuing investing activities::1,2025-12-31,1,1,single_source
unilever,cash_flow,net change in short term borrowings::1,2015-12-31,1,1,single_source
unilever,cash_flow,net change in short term borrowings::1,2016-12-31,1,1,single_source
unilever,cash_flow,net change in short term borrowings::1,2017-12-31,2,1,consistent
unilever,cash_flow,net change in short term borrowings::1,2018-12-31,1,1,single_source
unilever,cash_flow,net change in short term borrowings::1,2019-12-31,2,1,consistent
unilever,cash_flow,net change in short term borrowings::1,2020-12-31,1,1,single_source
unilever,cash_flow,net change in short term borrowings::1,2021-12-31,2,1,consistent
unilever,cash_flow,net change in short term borrowings::1,2022-12-31,1,1,single_source
unilever,cash_flow,net change in short term borrowings::1,2023-12-31,2,2,restated
unilever,cash_flow,net change in short term borrowings::1,2024-12-31,1,1,single_source
unilever,cash_flow,net change in short term borrowings::1,2025-12-31,1,1,single_source
unilever,cash_flow,net finance costs::1,2015-12-31,1,1,single_source
unilever,cash_flow,net finance costs::1,2016-12-31,1,1,single_source
unilever,cash_flow,net finance costs::1,2017-12-31,2,2,restated
unilever,cash_flow,net finance costs::1,2018-12-31,1,1,single_source
unilever,cash_flow,net finance costs::1,2019-12-31,2,1,consistent
unilever,cash_flow,net finance costs::1,2020-12-31,1,1,single_source
unilever,cash_flow,net finance costs::1,2021-12-31,2,1,consistent
unilever,cash_flow,net finance costs::1,2022-12-31,1,1,single_source
unilever,cash_flow,net finance costs::1,2023-12-31,2,2,restated
unilever,cash_flow,net finance costs::1,2024-12-31,1,1,single_source
unilever,cash_flow,net finance costs::1,2025-12-31,1,1,single_source
unilever,cash_flow,net financing cash flows attributable to discontinued operations::1,2023-12-31,1,1,single_source
unilever,cash_flow,net financing cash flows attributable to discontinued operations::1,2024-12-31,1,1,single_source
unilever,cash_flow,net financing cash flows attributable to discontinued operations::1,2025-12-31,1,1,single_source
unilever,cash_flow,net increase decrease in cash and cash equivalents::1,2015-12-31,1,1,single_source
unilever,cash_flow,net increase decrease in cash and cash equivalents::1,2016-12-31,1,1,single_source
unilever,cash_flow,net increase decrease in cash and cash equivalents::1,2017-12-31,2,1,consistent
unilever,cash_flow,net increase decrease in cash and cash equivalents::1,2018-12-31,1,1,single_source
unilever,cash_flow,net increase decrease in cash and cash equivalents::1,2019-12-31,2,1,consistent
unilever,cash_flow,net increase decrease in cash and cash equivalents::1,2020-12-31,1,1,single_source
unilever,cash_flow,net increase decrease in cash and cash equivalents::1,2021-12-31,2,1,consistent
unilever,cash_flow,net increase decrease in cash and cash equivalents::1,2022-12-31,1,1,single_source
unilever,cash_flow,net increase decrease in cash and cash equivalents::1,2023-12-31,2,1,consistent
unilever,cash_flow,net increase decrease in cash and cash equivalents::1,2024-12-31,1,1,single_source
unilever,cash_flow,net increase decrease in cash and cash equivalents::1,2025-12-31,1,1,single_source
unilever,cash_flow,net investing cash flows attributable to discontinued operations::1,2023-12-31,1,1,single_source
unilever,cash_flow,net investing cash flows attributable to discontinued operations::1,2024-12-31,1,1,single_source
unilever,cash_flow,net investing cash flows attributable to discontinued operations::1,2025-12-31,1,1,single_source
unilever,cash_flow,net monetary loss arising from hyperinflationary economies::1,2018-12-31,1,1,single_source
unilever,cash_flow,net monetary loss arising from hyperinflationary economies::1,2019-12-31,2,1,consistent
unilever,cash_flow,net monetary loss arising from hyperinflationary economies::1,2020-12-31,1,1,single_source
unilever,cash_flow,net monetary loss arising from hyperinflationary economies::1,2021-12-31,2,1,consistent
unilever,cash_flow,net monetary loss arising from hyperinflationary economies::1,2022-12-31,1,1,single_source
unilever,cash_flow,net monetary loss arising from hyperinflationary economies::1,2023-12-31,2,2,restated
unilever,cash_flow,net monetary loss arising from hyperinflationary economies::1,2024-12-31,1,1,single_source
unilever,cash_flow,net monetary loss arising from hyperinflationary economies::1,2025-12-31,1,1,single_source
unilever,cash_flow,net operating cash flows attributable to discontinued operations::1,2023-12-31,1,1,single_source
unilever,cash_flow,net operating cash flows attributable to discontinued operations::1,2024-12-31,1,1,single_source
unilever,cash_flow,net operating cash flows attributable to discontinued operations::1,2025-12-31,1,1,single_source
unilever,cash_flow,net profit from continuing operations::1,2023-12-31,1,1,single_source
unilever,cash_flow,net profit from continuing operations::1,2024-12-31,1,1,single_source
unilever,cash_flow,net profit from continuing operations::1,2025-12-31,1,1,single_source
unilever,cash_flow,net profit::1,2015-12-31,1,1,single_source
unilever,cash_flow,net profit::1,2016-12-31,1,1,single_source
unilever,cash_flow,net profit::1,2017-12-31,2,2,restated
unilever,cash_flow,net profit::1,2018-12-31,1,1,single_source
unilever,cash_flow,net profit::1,2019-12-31,2,1,consistent
unilever,cash_flow,net profit::1,2020-12-31,1,1,single_source
unilever,cash_flow,net profit::1,2021-12-31,2,1,consistent
unilever,cash_flow,net profit::1,2022-12-31,1,1,single_source
unilever,cash_flow,net profit::1,2023-12-31,1,1,single_source
unilever,cash_flow,non cash charge for share based compensation::1,2015-12-31,1,1,single_source
unilever,cash_flow,non cash charge for share based compensation::1,2016-12-31,1,1,single_source
unilever,cash_flow,non cash charge for share based compensation::1,2017-12-31,2,1,consistent
unilever,cash_flow,non cash charge for share based compensation::1,2018-12-31,1,1,single_source
unilever,cash_flow,non cash charge for share based compensation::1,2019-12-31,2,1,consistent
unilever,cash_flow,non cash charge for share based compensation::1,2020-12-31,1,1,single_source
unilever,cash_flow,non cash charge for share based compensation::1,2021-12-31,2,1,consistent
unilever,cash_flow,non cash charge for share based compensation::1,2022-12-31,1,1,single_source
unilever,cash_flow,non cash charge for share based compensation::1,2023-12-31,2,2,restated
unilever,cash_flow,non cash charge for share based compensation::1,2024-12-31,1,1,single_source
unilever,cash_flow,non cash charge for share based compensation::1,2025-12-31,1,1,single_source
unilever,cash_flow,operating profit from continuing operations::1,2023-12-31,1,1,single_source
unilever,cash_flow,operating profit from continuing operations::1,2024-12-31,1,1,single_source
unilever,cash_flow,operating profit from continuing operations::1,2025-12-31,1,1,single_source
unilever,cash_flow,operating profit::1,2015-12-31,1,1,single_source
unilever,cash_flow,operating profit::1,2016-12-31,1,1,single_source
unilever,cash_flow,operating profit::1,2017-12-31,2,2,restated
unilever,cash_flow,operating profit::1,2018-12-31,1,1,single_source
unilever,cash_flow,operating profit::1,2019-12-31,2,1,consistent
unilever,cash_flow,operating profit::1,2020-12-31,1,1,single_source
unilever,cash_flow,operating profit::1,2021-12-31,2,1,consistent
unilever,cash_flow,operating profit::1,2022-12-31,1,1,single_source
unilever,cash_flow,operating profit::1,2023-12-31,1,1,single_source
unilever,cash_flow,other adjustments::1,2015-12-31,1,1,single_source
unilever,cash_flow,other adjustments::1,2016-12-31,1,1,single_source
unilever,cash_flow,other adjustments::1,2017-12-31,2,1,consistent
unilever,cash_flow,other adjustments::1,2018-12-31,1,1,single_source
unilever,cash_flow,other adjustments::1,2019-12-31,2,1,consistent
unilever,cash_flow,other adjustments::1,2020-12-31,1,1,single_source
unilever,cash_flow,other adjustments::1,2021-12-31,2,1,consistent
unilever,cash_flow,other adjustments::1,2022-12-31,1,1,single_source
unilever,cash_flow,other adjustments::1,2023-12-31,2,1,consistent
unilever,cash_flow,other adjustments::1,2024-12-31,1,1,single_source
unilever,cash_flow,other adjustments::1,2025-12-31,1,1,single_source
unilever,cash_flow,other financing activities c::1,2015-12-31,1,1,single_source
unilever,cash_flow,other financing activities c::1,2016-12-31,1,1,single_source
unilever,cash_flow,other financing activities c::1,2017-12-31,2,1,consistent
unilever,cash_flow,other financing activities c::1,2018-12-31,1,1,single_source
unilever,cash_flow,other financing activities c::1,2019-12-31,2,1,consistent
unilever,cash_flow,other financing activities c::1,2020-12-31,1,1,single_source
unilever,cash_flow,other financing activities c::1,2021-12-31,2,1,consistent
unilever,cash_flow,other financing activities c::1,2022-12-31,1,1,single_source
unilever,cash_flow,other financing activities c::1,2023-12-31,2,2,restated
unilever,cash_flow,other financing activities c::1,2024-12-31,1,1,single_source
unilever,cash_flow,other financing activities c::1,2025-12-31,1,1,single_source
unilever,cash_flow,other movements on treasury shares::1,2015-12-31,1,1,single_source
unilever,cash_flow,other movements on treasury shares::1,2016-12-31,1,1,single_source
unilever,cash_flow,other movements on treasury shares::1,2017-12-31,2,1,consistent
unilever,cash_flow,other movements on treasury shares::1,2018-12-31,1,1,single_source
unilever,cash_flow,other movements on treasury shares::1,2019-12-31,2,1,consistent
unilever,cash_flow,pensions and similar obligations less payments::1,2015-12-31,1,1,single_source
unilever,cash_flow,pensions and similar obligations less payments::1,2016-12-31,1,1,single_source
unilever,cash_flow,pensions and similar obligations less payments::1,2017-12-31,2,1,consistent
unilever,cash_flow,pensions and similar obligations less payments::1,2018-12-31,1,1,single_source
unilever,cash_flow,pensions and similar obligations less payments::1,2019-12-31,2,1,consistent
unilever,cash_flow,pensions and similar obligations less payments::1,2020-12-31,1,1,single_source
unilever,cash_flow,pensions and similar obligations less payments::1,2021-12-31,2,1,consistent
unilever,cash_flow,pensions and similar obligations less payments::1,2022-12-31,1,1,single_source
unilever,cash_flow,pensions and similar obligations less payments::1,2023-12-31,2,2,restated
unilever,cash_flow,pensions and similar obligations less payments::1,2024-12-31,1,1,single_source
unilever,cash_flow,pensions and similar obligations less payments::1,2025-12-31,1,1,single_source
unilever,cash_flow,provisions less payments::1,2015-12-31,1,1,single_source
unilever,cash_flow,provisions less payments::1,2016-12-31,1,1,single_source
unilever,cash_flow,provisions less payments::1,2017-12-31,2,1,consistent
unilever,cash_flow,provisions less payments::1,2018-12-31,1,1,single_source
unilever,cash_flow,provisions less payments::1,2019-12-31,2,1,consistent
unilever,cash_flow,provisions less payments::1,2020-12-31,1,1,single_source
unilever,cash_flow,provisions less payments::1,2021-12-31,2,1,consistent
unilever,cash_flow,provisions less payments::1,2022-12-31,1,1,single_source
unilever,cash_flow,provisions less payments::1,2023-12-31,2,2,restated
unilever,cash_flow,provisions less payments::1,2024-12-31,1,1,single_source
unilever,cash_flow,provisions less payments::1,2025-12-31,1,1,single_source
unilever,cash_flow,purchase of intangible assets::1,2015-12-31,1,1,single_source
unilever,cash_flow,purchase of intangible assets::1,2016-12-31,1,1,single_source
unilever,cash_flow,purchase of intangible assets::1,2017-12-31,2,1,consistent
unilever,cash_flow,purchase of intangible assets::1,2018-12-31,1,1,single_source
unilever,cash_flow,purchase of intangible assets::1,2019-12-31,2,1,consistent
unilever,cash_flow,purchase of intangible assets::1,2020-12-31,1,1,single_source
unilever,cash_flow,purchase of intangible assets::1,2021-12-31,2,1,consistent
unilever,cash_flow,purchase of intangible assets::1,2022-12-31,1,1,single_source
unilever,cash_flow,purchase of intangible assets::1,2023-12-31,2,2,restated
unilever,cash_flow,purchase of intangible assets::1,2024-12-31,1,1,single_source
unilever,cash_flow,purchase of intangible assets::1,2025-12-31,1,1,single_source
unilever,cash_flow,purchase of property plant and equipment::1,2015-12-31,1,1,single_source
unilever,cash_flow,purchase of property plant and equipment::1,2016-12-31,1,1,single_source
unilever,cash_flow,purchase of property plant and equipment::1,2017-12-31,2,1,consistent
unilever,cash_flow,purchase of property plant and equipment::1,2018-12-31,1,1,single_source
unilever,cash_flow,purchase of property plant and equipment::1,2019-12-31,2,1,consistent
unilever,cash_flow,purchase of property plant and equipment::1,2020-12-31,1,1,single_source
unilever,cash_flow,purchase of property plant and equipment::1,2021-12-31,2,1,consistent
unilever,cash_flow,purchase of property plant and equipment::1,2022-12-31,1,1,single_source
unilever,cash_flow,purchase of property plant and equipment::1,2023-12-31,2,2,restated
unilever,cash_flow,purchase of property plant and equipment::1,2024-12-31,1,1,single_source
unilever,cash_flow,purchase of property plant and equipment::1,2025-12-31,1,1,single_source
unilever,cash_flow,repayment of financial liabilities::1,2015-12-31,1,1,single_source
unilever,cash_flow,repayment of financial liabilities::1,2016-12-31,1,1,single_source
unilever,cash_flow,repayment of financial liabilities::1,2017-12-31,2,1,consistent
unilever,cash_flow,repayment of financial liabilities::1,2018-12-31,1,1,single_source
unilever,cash_flow,repayment of financial liabilities::1,2019-12-31,2,1,consistent
unilever,cash_flow,repayment of financial liabilities::1,2020-12-31,1,1,single_source
unilever,cash_flow,repayment of financial liabilities::1,2021-12-31,2,1,consistent
unilever,cash_flow,repayment of financial liabilities::1,2022-12-31,1,1,single_source
unilever,cash_flow,repayment of financial liabilities::1,2023-12-31,2,2,restated
unilever,cash_flow,repayment of financial liabilities::1,2024-12-31,1,1,single_source
unilever,cash_flow,repayment of financial liabilities::1,2025-12-31,1,1,single_source
unilever,cash_flow,repurchase of shares::1,2017-12-31,2,1,consistent
unilever,cash_flow,repurchase of shares::1,2018-12-31,1,1,single_source
unilever,cash_flow,repurchase of shares::1,2021-12-31,2,1,consistent
unilever,cash_flow,repurchase of shares::1,2022-12-31,1,1,single_source
unilever,cash_flow,repurchase of shares::1,2023-12-31,2,1,consistent
unilever,cash_flow,repurchase of shares::1,2024-12-31,1,1,single_source
unilever,cash_flow,repurchase of shares::1,2025-12-31,1,1,single_source
unilever,cash_flow,sale purchase of financial assets::1,2015-12-31,1,1,single_source
unilever,cash_flow,sale purchase of financial assets::1,2016-12-31,1,1,single_source
unilever,cash_flow,sale purchase of financial assets::1,2017-12-31,2,1,consistent
unilever,cash_flow,sale purchase of financial assets::1,2018-12-31,1,1,single_source
unilever,cash_flow,sale purchase of financial assets::1,2019-12-31,2,1,consistent
unilever,cash_flow,sale purchase of financial assets::1,2020-12-31,1,1,single_source
unilever,cash_flow,sale purchase of financial assets::1,2021-12-31,2,1,consistent
unilever,cash_flow,sale purchase of financial assets::1,2022-12-31,1,1,single_source
unilever,cash_flow,sale purchase of financial assets::1,2023-12-31,2,2,restated
unilever,cash_flow,sale purchase of financial assets::1,2024-12-31,1,1,single_source
unilever,cash_flow,sale purchase of financial assets::1,2025-12-31,1,1,single_source
unilever,cash_flow,share of net profit of joint ventures associates and other income loss from non current investments and associates::1,2015-12-31,1,1,single_source
unilever,cash_flow,share of net profit of joint ventures associates and other income loss from non current investments and associates::1,2016-12-31,1,1,single_source
unilever,cash_flow,share of net profit of joint ventures associates and other income loss from non current investments and associates::1,2017-12-31,1,1,single_source
unilever,cash_flow,share of net profit of joint ventures associates and other income loss from non current investments::1,2017-12-31,1,1,single_source
unilever,cash_flow,share of net profit of joint ventures associates and other income loss from non current investments::1,2018-12-31,1,1,single_source
unilever,cash_flow,share of net profit of joint ventures associates and other income loss from non current investments::1,2019-12-31,2,1,consistent
unilever,cash_flow,share of net profit of joint ventures associates and other income loss from non current investments::1,2020-12-31,1,1,single_source
unilever,cash_flow,share of net profit of joint ventures associates and other income loss from non current investments::1,2021-12-31,2,1,consistent
unilever,cash_flow,share of net profit of joint ventures associates and other income loss from non current investments::1,2022-12-31,1,1,single_source
unilever,cash_flow,share of net profit of joint ventures associates and other income loss from non current investments::1,2023-12-31,2,2,restated
unilever,cash_flow,share of net profit of joint ventures associates and other income loss from non current investments::1,2024-12-31,1,1,single_source
unilever,cash_flow,share of net profit of joint ventures associates and other income loss from non current investments::1,2025-12-31,1,1,single_source
unilever,cash_flow,taxation::1,2015-12-31,1,1,single_source
unilever,cash_flow,taxation::1,2016-12-31,1,1,single_source
unilever,cash_flow,taxation::1,2017-12-31,2,2,restated
unilever,cash_flow,taxation::1,2018-12-31,1,1,single_source
unilever,cash_flow,taxation::1,2019-12-31,2,1,consistent
unilever,cash_flow,taxation::1,2020-12-31,1,1,single_source
unilever,cash_flow,taxation::1,2021-12-31,2,1,consistent
unilever,cash_flow,taxation::1,2022-12-31,1,1,single_source
unilever,cash_flow,taxation::1,2023-12-31,2,2,restated
unilever,cash_flow,taxation::1,2024-12-31,1,1,single_source
unilever,cash_flow,taxation::1,2025-12-31,1,1,single_source
unilever,cash_flow,total cash flow used in financing activities::1,2015-12-31,1,1,single_source
unilever,cash_flow,total cash flow used in financing activities::1,2016-12-31,1,1,single_source
unilever,cash_flow,total cash flow used in financing activities::1,2017-12-31,2,2,restated
unilever,cash_flow,total cash flow used in financing activities::1,2018-12-31,1,1,single_source
unilever,cash_flow,total cash flow used in financing activities::1,2019-12-31,2,1,consistent
unilever,cash_flow,total cash flow used in financing activities::1,2020-12-31,1,1,single_source
unilever,cash_flow,total cash flow used in financing activities::1,2021-12-31,2,1,consistent
unilever,cash_flow,total cash flow used in financing activities::1,2022-12-31,1,1,single_source
unilever,cash_flow,total cash flow used in financing activities::1,2023-12-31,2,1,consistent
unilever,cash_flow,total cash flow used in financing activities::1,2024-12-31,1,1,single_source
unilever,cash_flow,total cash flow used in financing activities::1,2025-12-31,1,1,single_source
unilever,cash_flow,total cash flows from operating activities::1,2015-12-31,1,1,single_source
unilever,cash_flow,total cash flows from operating activities::1,2016-12-31,1,1,single_source
unilever,cash_flow,total cash flows from operating activities::1,2017-12-31,2,2,restated
unilever,cash_flow,total cash flows from operating activities::1,2018-12-31,1,1,single_source
unilever,cash_flow,total cash flows from operating activities::1,2019-12-31,2,1,consistent
unilever,cash_flow,total cash flows from operating activities::1,2020-12-31,1,1,single_source
unilever,cash_flow,total cash flows from operating activities::1,2021-12-31,2,1,consistent
unilever,cash_flow,total cash flows from operating activities::1,2022-12-31,1,1,single_source
unilever,cash_flow,total cash flows from operating activities::1,2023-12-31,2,1,consistent
unilever,cash_flow,total cash flows from operating activities::1,2024-12-31,1,1,single_source
unilever,cash_flow,total cash flows from operating activities::1,2025-12-31,1,1,single_source
unilever,cash_flow,total cash outflow used in investing activities::1,2015-12-31,1,1,single_source
unilever,cash_flow,total cash outflow used in investing activities::1,2016-12-31,1,1,single_source
unilever,cash_flow,total cash outflow used in investing activities::1,2017-12-31,2,1,consistent
unilever,cash_flow,total cash outflow used in investing activities::1,2018-12-31,1,1,single_source
unilever,cash_flow,total cash outflow used in investing activities::1,2019-12-31,2,1,consistent
unilever,cash_flow,total cash outflow used in investing activities::1,2020-12-31,1,1,single_source
unilever,cash_flow,total cash outflow used in investing activities::1,2021-12-31,2,1,consistent
unilever,cash_flow,total cash outflow used in investing activities::1,2022-12-31,1,1,single_source
unilever,cash_flow,total cash outflow used in investing activities::1,2023-12-31,2,1,consistent
unilever,cash_flow,total cash outflow used in investing activities::1,2024-12-31,1,1,single_source
unilever,cash_flow,total cash outflow used in investing activities::1,2025-12-31,1,1,single_source
unilever,cash_flow,trade and other receivables b::1,2015-12-31,1,1,single_source
unilever,cash_flow,trade and other receivables b::1,2016-12-31,1,1,single_source
unilever,cash_flow,trade and other receivables b::1,2017-12-31,2,1,consistent
unilever,cash_flow,trade and other receivables b::1,2018-12-31,1,1,single_source
unilever,cash_flow,trade and other receivables b::1,2019-12-31,2,1,consistent
unilever,cash_flow,trade and other receivables b::1,2020-12-31,1,1,single_source
unilever,cash_flow,trade and other receivables b::1,2021-12-31,2,1,consistent
unilever,cash_flow,trade and other receivables b::1,2022-12-31,1,1,single_source
unilever,cash_flow,trade and other receivables b::1,2023-12-31,2,2,restated
unilever,cash_flow,trade and other receivables b::1,2024-12-31,1,1,single_source
unilever,cash_flow,trade and other receivables b::1,2025-12-31,1,1,single_source
unilever,cash_flow,trade payables and other liabilities b::1,2015-12-31,1,1,single_source
unilever,cash_flow,trade payables and other liabilities b::1,2016-12-31,1,1,single_source
unilever,cash_flow,trade payables and other liabilities b::1,2017-12-31,2,1,consistent
unilever,cash_flow,trade payables and other liabilities b::1,2018-12-31,1,1,single_source
unilever,cash_flow,trade payables and other liabilities b::1,2019-12-31,2,1,consistent
unilever,cash_flow,trade payables and other liabilities b::1,2020-12-31,1,1,single_source
unilever,cash_flow,trade payables and other liabilities b::1,2021-12-31,2,1,consistent
unilever,cash_flow,trade payables and other liabilities b::1,2022-12-31,1,1,single_source
unilever,cash_flow,trade payables and other liabilities b::1,2023-12-31,2,2,restated
unilever,cash_flow,trade payables and other liabilities b::1,2024-12-31,1,1,single_source
unilever,cash_flow,trade payables and other liabilities b::1,2025-12-31,1,1,single_source
unilever,income_statement,after charging crediting non underlying items::1,2015-12-31,1,1,single_source
unilever,income_statement,after charging crediting non underlying items::1,2016-12-31,1,1,single_source
unilever,income_statement,after charging crediting non underlying items::1,2017-12-31,1,1,single_source
unilever,income_statement,after crediting tax impact of non underlying items::1,2015-12-31,1,1,single_source
unilever,income_statement,after crediting tax impact of non underlying items::1,2016-12-31,1,1,single_source
unilever,income_statement,after crediting tax impact of non underlying items::1,2017-12-31,1,1,single_source
unilever,income_statement,basic earnings per share from continuing operations::1,2023-12-31,1,1,single_source
unilever,income_statement,basic earnings per share from continuing operations::1,2024-12-31,1,1,single_source
unilever,income_statement,basic earnings per share from continuing operations::1,2025-12-31,1,1,single_source
unilever,income_statement,basic earnings per share from discontinued operations::1,2023-12-31,1,1,single_source
unilever,income_statement,basic earnings per share from discontinued operations::1,2024-12-31,1,1,single_source
unilever,income_statement,basic earnings per share from discontinued operations::1,2025-12-31,1,1,single_source
unilever,income_statement,basic earnings per share::1,2015-12-31,1,1,single_source
unilever,income_statement,basic earnings per share::1,2016-12-31,1,1,single_source
unilever,income_statement,basic earnings per share::1,2017-12-31,2,2,restated
unilever,income_statement,basic earnings per share::1,2018-12-31,1,1,single_source
unilever,income_statement,basic earnings per share::1,2019-12-31,2,1,consistent
unilever,income_statement,basic earnings per share::1,2020-12-31,1,1,single_source
unilever,income_statement,basic earnings per share::1,2021-12-31,2,1,consistent
unilever,income_statement,basic earnings per share::1,2022-12-31,1,1,single_source
unilever,income_statement,basic earnings per share::1,2023-12-31,2,2,restated
unilever,income_statement,basic earnings per share::1,2024-12-31,1,1,single_source
unilever,income_statement,basic earnings per share::1,2025-12-31,1,1,single_source
unilever,income_statement,continuing operations::1,2023-12-31,1,1,single_source
unilever,income_statement,continuing operations::1,2024-12-31,1,1,single_source
unilever,income_statement,continuing operations::1,2025-12-31,1,1,single_source
unilever,income_statement,continuing operations::2,2023-12-31,1,1,single_source
unilever,income_statement,continuing operations::2,2024-12-31,1,1,single_source
unilever,income_statement,continuing operations::2,2025-12-31,1,1,single_source
unilever,income_statement,diluted earnings per share from continuing operations::1,2023-12-31,1,1,single_source
unilever,income_statement,diluted earnings per share from continuing operations::1,2024-12-31,1,1,single_source
unilever,income_statement,diluted earnings per share from continuing operations::1,2025-12-31,1,1,single_source
unilever,income_statement,diluted earnings per share from discontinued operations::1,2023-12-31,1,1,single_source
unilever,income_statement,diluted earnings per share from discontinued operations::1,2024-12-31,1,1,single_source
unilever,income_statement,diluted earnings per share from discontinued operations::1,2025-12-31,1,1,single_source
unilever,income_statement,diluted earnings per share::1,2015-12-31,1,1,single_source
unilever,income_statement,diluted earnings per share::1,2016-12-31,1,1,single_source
unilever,income_statement,diluted earnings per share::1,2017-12-31,2,2,restated
unilever,income_statement,diluted earnings per share::1,2018-12-31,1,1,single_source
unilever,income_statement,diluted earnings per share::1,2019-12-31,2,1,consistent
unilever,income_statement,diluted earnings per share::1,2020-12-31,1,1,single_source
unilever,income_statement,diluted earnings per share::1,2021-12-31,2,1,consistent
unilever,income_statement,diluted earnings per share::1,2022-12-31,1,1,single_source
unilever,income_statement,diluted earnings per share::1,2023-12-31,2,2,restated
unilever,income_statement,diluted earnings per share::1,2024-12-31,1,1,single_source
unilever,income_statement,diluted earnings per share::1,2025-12-31,1,1,single_source
unilever,income_statement,discontinued operations::1,2023-12-31,1,1,single_source
unilever,income_statement,discontinued operations::1,2024-12-31,1,1,single_source
unilever,income_statement,discontinued operations::1,2025-12-31,1,1,single_source
unilever,income_statement,discontinued operations::2,2023-12-31,1,1,single_source
unilever,income_statement,discontinued operations::2,2024-12-31,1,1,single_source
unilever,income_statement,discontinued operations::2,2025-12-31,1,1,single_source
unilever,income_statement,finance costs::1,2015-12-31,1,1,single_source
unilever,income_statement,finance costs::1,2016-12-31,1,1,single_source
unilever,income_statement,finance costs::1,2017-12-31,2,2,restated
unilever,income_statement,finance costs::1,2018-12-31,1,1,single_source
unilever,income_statement,finance costs::1,2019-12-31,2,1,consistent
unilever,income_statement,finance costs::1,2020-12-31,1,1,single_source
unilever,income_statement,finance costs::1,2021-12-31,2,1,consistent
unilever,income_statement,finance costs::1,2022-12-31,1,1,single_source
unilever,income_statement,finance costs::1,2023-12-31,2,2,restated
unilever,income_statement,finance costs::1,2024-12-31,1,1,single_source
unilever,income_statement,finance costs::1,2025-12-31,1,1,single_source
unilever,income_statement,finance income::1,2015-12-31,1,1,single_source
unilever,income_statement,finance income::1,2016-12-31,1,1,single_source
unilever,income_statement,finance income::1,2017-12-31,2,1,consistent
unilever,income_statement,finance income::1,2018-12-31,1,1,single_source
unilever,income_statement,finance income::1,2019-12-31,2,1,consistent
unilever,income_statement,finance income::1,2020-12-31,1,1,single_source
unilever,income_statement,finance income::1,2021-12-31,2,1,consistent
unilever,income_statement,finance income::1,2022-12-31,1,1,single_source
unilever,income_statement,finance income::1,2023-12-31,2,2,restated
unilever,income_statement,finance income::1,2024-12-31,1,1,single_source
unilever,income_statement,finance income::1,2025-12-31,1,1,single_source
unilever,income_statement,gain on disposal of discontinued operations::1,2025-12-31,1,1,single_source
unilever,income_statement,gain on disposal of ekaterra::1,2022-12-31,1,1,single_source
unilever,income_statement,gain on disposal of suave::1,2023-12-31,1,1,single_source
unilever,income_statement,net finance cost non underlying items::1,2017-12-31,2,1,consistent
unilever,income_statement,net finance costs::1,2015-12-31,1,1,single_source
unilever,income_statement,net finance costs::1,2016-12-31,1,1,single_source
unilever,income_statement,net finance costs::1,2017-12-31,2,2,restated
unilever,income_statement,net finance costs::1,2018-12-31,1,1,single_source
unilever,income_statement,net finance costs::1,2019-12-31,2,1,consistent
unilever,income_statement,net finance costs::1,2020-12-31,1,1,single_source
unilever,income_statement,net finance costs::1,2021-12-31,2,1,consistent
unilever,income_statement,net finance costs::1,2022-12-31,1,1,single_source
unilever,income_statement,net finance costs::1,2023-12-31,2,2,restated
unilever,income_statement,net finance costs::1,2024-12-31,1,1,single_source
unilever,income_statement,net finance costs::1,2025-12-31,1,1,single_source
unilever,income_statement,net monetary gain loss arising from hyperinflationary economies::1,2021-12-31,1,1,single_source
unilever,income_statement,net monetary gain loss arising from hyperinflationary economies::1,2022-12-31,1,1,single_source
unilever,income_statement,net monetary gain loss arising from hyperinflationary economies::1,2023-12-31,1,1,single_source
unilever,income_statement,net monetary loss arising from hyperinflationary economies::1,2023-12-31,1,1,single_source
unilever,income_statement,net monetary loss arising from hyperinflationary economies::1,2024-12-31,1,1,single_source
unilever,income_statement,net monetary loss arising from hyperinflationary economies::1,2025-12-31,1,1,single_source
unilever,income_statement,net profit from continuing operations::1,2023-12-31,1,1,single_source
unilever,income_statement,net profit from continuing operations::1,2024-12-31,1,1,single_source
unilever,income_statement,net profit from continuing operations::1,2025-12-31,1,1,single_source
unilever,income_statement,net profit from discontinued operations::1,2023-12-31,1,1,single_source
unilever,income_statement,net profit from discontinued operations::1,2024-12-31,1,1,single_source
unilever,income_statement,net profit from discontinued operations::1,2025-12-31,1,1,single_source
unilever,income_statement,non controlling interests::1,2015-12-31,1,1,single_source
unilever,income_statement,non controlling interests::1,2016-12-31,1,1,single_source
unilever,income_statement,non controlling interests::1,2017-12-31,2,1,consistent
unilever,income_statement,non controlling interests::1,2018-12-31,1,1,single_source
unilever,income_statement,non controlling interests::1,2019-12-31,2,1,consistent
unilever,income_statement,non controlling interests::1,2020-12-31,1,1,single_source
unilever,income_statement,non controlling interests::1,2021-12-31,2,1,consistent
unilever,income_statement,non controlling interests::1,2022-12-31,1,1,single_source
unilever,income_statement,non controlling interests::1,2023-12-31,2,1,consistent
unilever,income_statement,non controlling interests::1,2024-12-31,1,1,single_source
unilever,income_statement,non controlling interests::1,2025-12-31,1,1,single_source
unilever,income_statement,non underlying item net monetary gain loss arising from hyperinflationary economies::1,2018-12-31,1,1,single_source
unilever,income_statement,non underlying item net monetary gain loss arising from hyperinflationary economies::1,2019-12-31,2,1,consistent
unilever,income_statement,non underlying item net monetary gain loss arising from hyperinflationary economies::1,2020-12-31,1,1,single_source
unilever,income_statement,non underlying item net monetary gain loss arising from hyperinflationary economies::1,2021-12-31,1,1,single_source
unilever,income_statement,of which loss gain on disposal of group companies b::1,2023-12-31,1,1,single_source
unilever,income_statement,of which loss gain on disposal of group companies b::1,2024-12-31,1,1,single_source
unilever,income_statement,of which loss gain on disposal of group companies b::1,2025-12-31,1,1,single_source
unilever,income_statement,operating profit::1,2015-12-31,1,1,single_source
unilever,income_statement,operating profit::1,2016-12-31,1,1,single_source
unilever,income_statement,operating profit::1,2017-12-31,2,2,restated
unilever,income_statement,operating profit::1,2018-12-31,1,1,single_source
unilever,income_statement,operating profit::1,2019-12-31,2,1,consistent
unilever,income_statement,operating profit::1,2020-12-31,1,1,single_source
unilever,income_statement,operating profit::1,2021-12-31,2,1,consistent
unilever,income_statement,operating profit::1,2022-12-31,1,1,single_source
unilever,income_statement,operating profit::1,2023-12-31,2,2,restated
unilever,income_statement,operating profit::1,2024-12-31,1,1,single_source
unilever,income_statement,operating profit::1,2025-12-31,1,1,single_source
unilever,income_statement,other income loss from non current investments and associates::1,2016-12-31,1,1,single_source
unilever,income_statement,other income loss from non current investments and associates::1,2017-12-31,2,2,restated
unilever,income_statement,other income loss from non current investments and associates::1,2018-12-31,1,1,single_source
unilever,income_statement,other income loss from non current investments and associates::1,2020-12-31,1,1,single_source
unilever,income_statement,other income loss from non current investments and associates::1,2021-12-31,2,1,consistent
unilever,income_statement,other income loss from non current investments and associates::1,2022-12-31,1,1,single_source
unilever,income_statement,other income loss from non current investments and associates::1,2023-12-31,2,1,consistent
unilever,income_statement,other income loss from non current investments and associates::1,2024-12-31,1,1,single_source
unilever,income_statement,other income loss from non current investments and associates::1,2025-12-31,1,1,single_source
unilever,income_statement,pensions and similar obligations::1,2015-12-31,1,1,single_source
unilever,income_statement,pensions and similar obligations::1,2016-12-31,1,1,single_source
unilever,income_statement,pensions and similar obligations::1,2017-12-31,2,1,consistent
unilever,income_statement,pensions and similar obligations::1,2018-12-31,1,1,single_source
unilever,income_statement,pensions and similar obligations::1,2019-12-31,2,1,consistent
unilever,income_statement,pensions and similar obligations::1,2020-12-31,1,1,single_source
unilever,income_statement,pensions and similar obligations::1,2021-12-31,2,1,consistent
unilever,income_statement,pensions and similar obligations::1,2022-12-31,1,1,single_source
unilever,income_statement,pensions and similar obligations::1,2023-12-31,2,2,restated
unilever,income_statement,pensions and similar obligations::1,2024-12-31,1,1,single_source
unilever,income_statement,pensions and similar obligations::1,2025-12-31,1,1,single_source
unilever,income_statement,profit after taxation from discontinued operations::1,2023-12-31,1,1,single_source
unilever,income_statement,profit after taxation from discontinued operations::1,2024-12-31,1,1,single_source
unilever,income_statement,profit after taxation from discontinued operations::1,2025-12-31,1,1,single_source
unilever,income_statement,profit before taxation from continuing operations::1,2023-12-31,1,1,single_source
unilever,income_statement,profit before taxation from continuing operations::1,2024-12-31,1,1,single_source
unilever,income_statement,profit before taxation from continuing operations::1,2025-12-31,1,1,single_source
unilever,income_statement,profit before taxation::1,2015-12-31,1,1,single_source
unilever,income_statement,profit before taxation::1,2016-12-31,1,1,single_source
unilever,income_statement,profit before taxation::1,2017-12-31,2,2,restated
unilever,income_statement,profit before taxation::1,2018-12-31,1,1,single_source
unilever,income_statement,profit before taxation::1,2019-12-31,2,1,consistent
unilever,income_statement,profit before taxation::1,2020-12-31,1,1,single_source
unilever,income_statement,profit before taxation::1,2021-12-31,2,1,consistent
unilever,income_statement,profit before taxation::1,2022-12-31,1,1,single_source
unilever,income_statement,profit before taxation::1,2023-12-31,1,1,single_source
unilever,income_statement,share of net profit of joint ventures and associates::1,2015-12-31,1,1,single_source
unilever,income_statement,share of net profit of joint ventures and associates::1,2016-12-31,1,1,single_source
unilever,income_statement,share of net profit of joint ventures and associates::1,2017-12-31,2,1,consistent
unilever,income_statement,share of net profit of joint ventures and associates::1,2018-12-31,1,1,single_source
unilever,income_statement,share of net profit of joint ventures and associates::1,2019-12-31,2,1,consistent
unilever,income_statement,share of net profit of joint ventures and associates::1,2020-12-31,1,1,single_source
unilever,income_statement,share of net profit of joint ventures and associates::1,2021-12-31,2,1,consistent
unilever,income_statement,share of net profit of joint ventures and associates::1,2022-12-31,1,1,single_source
unilever,income_statement,share of net profit of joint ventures and associates::1,2023-12-31,2,2,restated
unilever,income_statement,share of net profit of joint ventures and associates::1,2024-12-31,1,1,single_source
unilever,income_statement,share of net profit of joint ventures and associates::1,2025-12-31,1,1,single_source
unilever,income_statement,shareholders equity::1,2015-12-31,1,1,single_source
unilever,income_statement,shareholders equity::1,2016-12-31,1,1,single_source
unilever,income_statement,shareholders equity::1,2017-12-31,2,2,restated
unilever,income_statement,shareholders equity::1,2018-12-31,1,1,single_source
unilever,income_statement,shareholders equity::1,2019-12-31,2,1,consistent
unilever,income_statement,shareholders equity::1,2020-12-31,1,1,single_source
unilever,income_statement,shareholders equity::1,2021-12-31,2,1,consistent
unilever,income_statement,shareholders equity::1,2022-12-31,1,1,single_source
unilever,income_statement,shareholders equity::1,2023-12-31,2,1,consistent
unilever,income_statement,shareholders equity::1,2024-12-31,1,1,single_source
unilever,income_statement,shareholders equity::1,2025-12-31,1,1,single_source
unilever,income_statement,taxation::1,2015-12-31,1,1,single_source
unilever,income_statement,taxation::1,2016-12-31,1,1,single_source
unilever,income_statement,taxation::1,2017-12-31,2,2,restated
unilever,income_statement,taxation::1,2018-12-31,1,1,single_source
unilever,income_statement,taxation::1,2019-12-31,2,1,consistent
unilever,income_statement,taxation::1,2020-12-31,1,1,single_source
unilever,income_statement,taxation::1,2021-12-31,2,1,consistent
unilever,income_statement,taxation::1,2022-12-31,1,1,single_source
unilever,income_statement,taxation::1,2023-12-31,2,2,restated
unilever,income_statement,taxation::1,2024-12-31,1,1,single_source
unilever,income_statement,taxation::1,2025-12-31,1,1,single_source
unilever,income_statement,total net profit::1,2015-12-31,1,1,single_source
unilever,income_statement,total net profit::1,2016-12-31,1,1,single_source
unilever,income_statement,total net profit::1,2017-12-31,2,2,restated
unilever,income_statement,total net profit::1,2018-12-31,1,1,single_source
unilever,income_statement,total net profit::1,2019-12-31,2,1,consistent
unilever,income_statement,total net profit::1,2020-12-31,1,1,single_source
unilever,income_statement,total net profit::1,2021-12-31,2,1,consistent
unilever,income_statement,total net profit::1,2022-12-31,1,1,single_source
unilever,income_statement,total net profit::1,2023-12-31,2,1,consistent
unilever,income_statement,total net profit::1,2024-12-31,1,1,single_source
unilever,income_statement,total net profit::1,2025-12-31,1,1,single_source
unilever,income_statement,turnover::1,2015-12-31,1,1,single_source
unilever,income_statement,turnover::1,2016-12-31,1,1,single_source
unilever,income_statement,turnover::1,2017-12-31,2,1,consistent
unilever,income_statement,turnover::1,2018-12-31,1,1,single_source
unilever,income_statement,turnover::1,2019-12-31,2,1,consistent
unilever,income_statement,turnover::1,2020-12-31,1,1,single_source
unilever,income_statement,turnover::1,2021-12-31,2,1,consistent
unilever,income_statement,turnover::1,2022-12-31,1,1,single_source
unilever,income_statement,turnover::1,2023-12-31,2,2,restated
unilever,income_statement,turnover::1,2024-12-31,1,1,single_source
unilever,income_statement,turnover::1,2025-12-31,1,1,single_source
unilever,income_statement,which includes non underlying costs of::1,2020-12-31,1,1,single_source
unilever,income_statement,which includes non underlying costs of::1,2021-12-31,1,1,single_source
unilever,income_statement,which includes non underlying item credits charges of::1,2017-12-31,1,1,single_source
unilever,income_statement,which includes non underlying item credits charges of::1,2018-12-31,1,1,single_source
unilever,income_statement,which includes non underlying item credits charges of::1,2019-12-31,2,1,consistent
unilever,income_statement,which includes non underlying item credits charges of::1,2020-12-31,1,1,single_source
unilever,income_statement,which includes non underlying item credits charges of::1,2021-12-31,1,1,single_source
unilever,income_statement,which includes non underlying item credits charges of::2,2018-12-31,1,1,single_source
unilever,income_statement,which includes non underlying item credits charges of::2,2019-12-31,2,1,consistent
unilever,income_statement,which includes tax impact of non underlying items of::1,2017-12-31,1,1,single_source
unilever,income_statement,which includes tax impact of non underlying items of::1,2018-12-31,1,1,single_source
unilever,income_statement,which includes tax impact of non underlying items of::1,2019-12-31,2,1,consistent
unilever,income_statement,which includes tax impact of non underlying items of::1,2020-12-31,1,1,single_source
unilever,income_statement,which includes tax impact of non underlying items of::1,2021-12-31,1,1,single_source
